lei,institution_name,nmls_id,our_lender_slug,match_status,total_applications,total_originations,fl_originations,states_with_originations,priority_match
549300HW662MN1WU8550,,,,unmatched,316245,227778,49897,CA:57281;FL:49897;TX:42285;GA:17047;NC:13671;NY:11157;PA:9333;TN:8992,high
549300FGXN1K3HLB1R50,,,,unmatched,308528,214500,31530,CA:42202;FL:31530;TX:30579;GA:21182;NC:18462;PA:16043;NY:13729;NJ:12035,high
549300VZVN841I2ILS84,,,,unmatched,103347,67285,11987,FL:11987;CA:9599;PA:8399;TX:7734;NJ:7558;NY:5429;NC:4431;MA:3923,high
5493001SXWZ4OFP8Z903,,,,unmatched,69554,47561,11582,TX:17748;FL:11582;NC:5258;SC:4153;GA:2777;CA:2776;TN:2122;PA:612,high
549300H3IZO24NSOO931,,,,unmatched,56426,40735,10692,TX:15642;FL:10692;CA:6607;NC:2756;SC:2694;GA:816;TN:641;NJ:546,high
RVDPPPGHCGZ40J4VQ731,,,,unmatched,101509,52420,9704,CA:10749;FL:9704;TX:6849;GA:5272;PA:4488;NC:3751;NJ:3144;TN:2566,high
5493003GQDUH26DNNH17,,,,unmatched,93193,39919,8416,FL:8416;CA:6361;NC:5249;GA:5118;TX:4267;SC:2487;PA:2141;TN:1902,high
B4TYDEB6GKMZO031MB27,,,,unmatched,145167,58449,7938,CA:17758;FL:7938;TX:6141;NJ:5136;NC:4880;NY:3897;MA:3551;GA:3440,high
549300AG64NHILB7ZP05,,,,unmatched,83369,49757,7460,CA:9983;TX:8535;FL:7460;NJ:4334;GA:4168;NC:3969;SC:2670;NY:2612,high
7H6GLXDRUGQFU57RNE97,,,,unmatched,85842,52360,6131,CA:14032;TX:9775;NY:9163;FL:6131;NJ:3325;NC:2307;GA:2140;PA:1667,high
JJKC32MCHWDI71265Z06,,,,unmatched,57755,27554,6117,NC:7920;FL:6117;GA:4837;SC:2178;PA:2152;TN:2014;TX:1260;NJ:417,high
EQTWLK1G7ODGC2MGLV11,,,,unmatched,37774,16469,5826,FL:5826;TN:5322;GA:2869;TX:1252;SC:604;NC:544;PA:15;NJ:11,high
549300FNXYY540N23N64,,,,unmatched,97703,32624,5643,CA:5772;FL:5643;TX:4793;NY:3123;NC:2787;GA:2480;PA:2124;NJ:1951,high
549300DD5QQUHO6PCH70,,,,unmatched,76971,34380,5506,TX:6918;FL:5506;NC:4769;GA:4139;TN:3178;PA:2643;CA:2515;SC:2333,high
549300LYRWPSYPK6S325,,,,unmatched,79057,32573,5374,TX:5759;FL:5374;NC:4463;GA:3946;CA:3918;TN:2436;SC:2168;PA:1673,high
2549005SIVTHG14U2905,,,,unmatched,18315,10774,5245,FL:5245;CA:1446;TX:1050;NY:948;GA:471;NJ:453;PA:339;SC:296,high
254900DTLHVWQ7NP7R34,,,,unmatched,33354,21859,4627,CA:8432;FL:4627;TX:3502;GA:1055;NC:1029;NJ:918;PA:691;SC:669,high
549300GKFNPRWNS0GF29,,,,unmatched,53476,35702,4388,TX:10655;CA:4698;FL:4388;TN:3925;PA:2626;MA:2329;NJ:2257;NY:1410,high
5493004WMLN60ZJ2ON46,,,,unmatched,18211,12405,4200,FL:4200;TX:3108;NC:1555;SC:1148;CA:943;GA:803;TN:213;NJ:165,high
549300DD4R4SYK5RAQ92,,,,unmatched,45528,32390,4122,NC:8138;FL:4122;PA:3902;SC:2978;GA:2388;TX:2367;TN:2207;CA:1690,high
549300E2UX99HKDBR481,,,,unmatched,69444,28219,3881,TX:5508;CA:5105;GA:4063;FL:3881;PA:2148;NC:1619;TN:1519;NJ:1346,high
5493008CPTDVOS570626,,,,unmatched,19834,9698,3765,FL:3765;CA:2301;GA:772;NJ:746;NC:672;PA:392;NY:288;TN:248,high
254900ZFWS2106HWPH46,,,,unmatched,21650,14606,3741,CA:3975;FL:3741;TX:3136;NJ:1490;GA:977;PA:431;SC:230;NC:219,high
QFROUN1UWUYU0DVIWD51,,,,unmatched,18376,8501,3553,FL:3553;NC:2216;TN:971;SC:863;GA:691;CA:51;TX:47;PA:39,high
549300LBCBNR1OT00651,,,,unmatched,38219,24320,3546,CA:4657;TX:3609;FL:3546;GA:2560;NC:1949;PA:1746;NJ:1625;TN:1452,high
AD6GFRVSDT01YPT1CS68,,,,unmatched,62298,31644,3475,PA:11263;NJ:5755;FL:3475;TX:2930;CA:2688;NC:2361;GA:1096;SC:624,high
549300U3721PJGQZYY68,,,,unmatched,63434,33460,3204,CA:6248;NJ:4826;MA:4507;TX:3318;FL:3204;PA:3119;NC:2491;TN:1868,high
549300MGPZBLQDIL7538,,,,unmatched,39451,27933,3153,TX:7468;GA:3631;FL:3153;NC:2993;CA:2867;MA:1954;TN:1593;SC:1326,high
549300XWUSRVVOHPRY47,,,,unmatched,19139,11125,2938,FL:2938;TX:2750;GA:2402;CA:1342;NY:748;TN:425;NC:200;PA:105,high
5493005JPZ3LXXMB0S24,,,,unmatched,6640,4843,2916,FL:2916;SC:805;NC:313;TX:270;GA:262;CA:130;PA:75;MA:32,high
254900UL88QFG0E40516,,,,unmatched,36248,16262,2872,CA:5234;FL:2872;GA:1717;NC:1212;NJ:1197;PA:1075;TN:887;TX:825,high
549300AQ3T62GXDU7D76,,,,unmatched,40833,28518,2790,TX:6877;CA:4118;GA:3788;PA:3258;FL:2790;SC:2670;MA:2282;NC:1957,high
03D0JEWFDFUS0SEEKG89,,,,unmatched,38552,19327,2722,NJ:6695;NY:4324;FL:2722;MA:1975;PA:1803;SC:1143;NC:555;DC:110,high
549300PIL8LFAQ04XC20,,,,unmatched,60930,17434,2675,CA:6742;FL:2675;TX:1571;GA:1319;NJ:1279;NC:1116;PA:909;TN:821,high
KB1H1DSPRFMYMCUFXT09,,,,unmatched,49190,26714,2670,CA:9616;NY:2733;FL:2670;TX:2647;NC:2302;NJ:1716;PA:1628;GA:1509,high
549300MZ8VZJOVC63092,,,,unmatched,26578,16931,2662,CA:6409;TX:3781;FL:2662;GA:1421;PA:782;TN:597;NJ:556;NC:420,high
8I3UVGYULPJQIP7FQV10,,,,unmatched,13383,8702,2616,SC:2816;FL:2616;GA:1856;NC:928;TX:449;TN:30;PA:4;NJ:1,high
549300RPOGWJRH63HS39,,,,unmatched,20256,14564,2495,TX:3238;FL:2495;NC:2127;PA:1934;TN:1404;CA:942;GA:921;NJ:773,high
5493001WHVQBGRSWEU75,,,,unmatched,16610,11532,2433,CA:3155;FL:2433;NY:1590;TX:1135;NJ:989;GA:669;NC:461;TN:391,high
5493006VAGP3GQ8FJT49,,,,unmatched,24205,14724,2385,CA:3237;FL:2385;PA:1829;NC:1435;GA:1388;TX:1379;NJ:1139;TN:735,high
5493001GCBD5XGNIC815,,,,unmatched,46183,9437,2383,CA:3015;FL:2383;PA:1032;NC:962;NJ:811;TN:698;GA:536,high
DRMSV1Q0EKMEXLAU1P80,,,,unmatched,78889,44765,2297,NY:11000;PA:10441;MA:10235;NJ:7208;FL:2297;NC:931;GA:669;SC:603,high
6BYL5QZYBDK8S7L73M02,,,,unmatched,57421,28165,2279,CA:16135;FL:2279;TN:1844;TX:1599;NJ:1413;NY:1313;NC:1134;MA:876,high
984500U2F9A83N391A91,,,,unmatched,14050,8286,2262,FL:2262;CA:1367;TX:1262;NY:950;NJ:917;GA:409;PA:308;NC:293,high
549300XQVJ1XBNFA5536,,,,unmatched,85987,14961,2098,TX:6763;FL:2098;CA:1262;GA:1218;SC:1207;NC:810;TN:648;PA:443,high
54930049L5WINET09Q97,,,,unmatched,7517,4899,2049,FL:2049;TX:1245;NC:399;TN:377;GA:377;CA:203;SC:149;PA:67,high
549300MCIFZSDHUT8X63,,,,unmatched,9402,7243,2000,FL:2000;NC:1137;TX:1055;NJ:1051;GA:511;CA:416;PA:369;MA:248,high
549300KSOOZZVXCMA627,,,,unmatched,7499,4575,1936,FL:1936;CA:979;TX:491;GA:268;SC:250;NC:246;NJ:153;PA:147,high
IUGPUX5LWRZ3B6KIZ697,,,,unmatched,15436,10949,1846,GA:5627;SC:1857;FL:1846;NC:634;CA:484;TN:394;TX:58;DC:30,high
549300KJ8PAJ7E52HG32,,,,unmatched,7542,4461,1839,FL:1839;TX:1036;GA:407;CA:304;NC:298;PA:163;SC:149;TN:136,high
549300KIOYNU323LVJ37,,,,unmatched,14800,10525,1750,CA:3554;TX:1947;FL:1750;GA:1405;TN:854;SC:464;PA:282;NC:205,high
5493008NWHQT1R22C024,,,,unmatched,13237,7465,1724,FL:1724;CA:1554;TX:880;NY:827;GA:565;SC:484;NJ:425;TN:321,high
549300RN01LBYR8ZVX74,,,,unmatched,13627,8073,1721,TX:1752;FL:1721;SC:1492;NC:1047;GA:846;TN:332;CA:264;NJ:242,high
549300YIQ7S7Z8PIHE53,,,,unmatched,43094,11005,1667,FL:1667;CA:1635;NC:1353;GA:1343;TX:1068;PA:997;NJ:888;TN:839,high
549300O6Z0I6KYMESL47,,,,unmatched,15570,9475,1634,CA:4633;FL:1634;TX:1476;GA:546;NJ:281;PA:236;NC:208;MA:136,high
549300370QILXLFUWD20,,,,unmatched,10829,7678,1590,TX:1648;FL:1590;CA:1176;GA:1124;NC:1090;PA:394;SC:296;TN:142,high
549300J7I82PNDVU8H22,,,,unmatched,21093,11813,1580,CA:7327;FL:1580;TX:1270;GA:412;MA:335;PA:207;NC:201;TN:165,high
2549001SI0EMFPT39035,,,,unmatched,5718,3802,1568,FL:1568;CA:706;NJ:358;TX:357;GA:340;TN:128;NC:111;SC:99,high
549300Y5Y88FQLI7VE83,,,,unmatched,8938,5085,1549,FL:1549;CA:1010;TX:738;NC:355;GA:352;NJ:274;PA:231;TN:201,high
549300OPCWU6E72WUT29,,,,unmatched,18007,10459,1510,CA:1845;FL:1510;NC:1387;TX:1178;GA:1042;TN:821;NJ:713;SC:672,high
549300NOCASXPA34X033,,,,unmatched,38749,7907,1488,FL:1488;TX:1422;CA:1244;GA:829;NC:610;TN:495;NJ:495;PA:481,high
54930001NSTOD85LT125,,,,unmatched,13962,8944,1458,CA:1539;FL:1458;PA:1342;NJ:1110;TX:965;MA:816;GA:624;SC:396,high
549300RA3E0BUFO7YZ21,,,,unmatched,11393,5752,1457,FL:1457;CA:1424;TX:795;NY:714;NJ:302;GA:259;NC:179;PA:177,high
5493002Y5XYV7DV1ZV88,,,,unmatched,4366,2478,1346,FL:1346;TX:409;NC:308;PA:102;CA:81;GA:75;TN:55;SC:54,high
549300K4ZLGS7SRDTL86,,,,unmatched,14618,6291,1337,FL:1337;CA:1126;TX:988;GA:737;NC:500;TN:491;PA:425;SC:315,high
549300R77W0P105C3S50,,,,unmatched,8926,4897,1325,CA:1332;FL:1325;TX:930;GA:254;PA:201;NC:197;TN:196;NJ:183,high
5493004AS1SPBQOFDR49,,,,unmatched,10858,6459,1313,CA:2752;FL:1313;TX:1230;NJ:438;NC:195;TN:172;GA:157;SC:105,high
549300R9S3MVDV4MGF56,,,,unmatched,25341,6969,1296,FL:1296;CA:1022;GA:873;TX:848;NC:680;NY:576;TN:533;PA:441,high
5493009B17HXCVXTD608,,,,unmatched,5848,3874,1292,CA:1541;FL:1292;TX:353;NJ:208;GA:129;PA:106;MA:81;SC:78,high
549300JYXTZDSPJEPI44,,,,unmatched,13753,8093,1239,TX:1897;FL:1239;NY:1222;CA:1056;PA:866;NC:515;GA:456;SC:295,high
254900E6AIE4Z8YQM970,,,,unmatched,8001,4874,1222,CA:1470;FL:1222;TX:651;NY:357;NJ:278;GA:252;SC:197;NC:181,high
549300KBWX4NV5Q1E376,,,,unmatched,11231,7993,1211,NC:1829;SC:1514;PA:1502;FL:1211;TN:817;NJ:655;GA:287;NY:167,high
54930021WPEXNHYZUL09,,,,unmatched,9353,7029,1206,TX:1597;FL:1206;GA:1125;CA:1003;PA:597;NC:417;NY:290;SC:285,high
5493002B2WMHY23GFK92,,,,unmatched,7854,5550,1201,FL:1201;TX:938;NC:727;TN:529;SC:473;CA:440;GA:433;PA:422,high
549300VORTI31GZTJL53,,,,unmatched,10074,6676,1187,TX:2136;FL:1187;TN:697;NC:467;GA:453;PA:446;NY:375;SC:299,high
549300IFOE4SCP384147,,,,unmatched,1722,1383,1083,FL:1083;CA:67;NC:57;GA:47;TN:44;SC:43;PA:19;NY:7,high
COOWI3L2W9TPYR3WJX37,,,,unmatched,9280,5739,1045,TN:2513;FL:1045;TX:905;NC:690;GA:426;SC:108;NY:24;CA:12,high
54930054ET8KM4O1D485,,,,unmatched,28656,7934,1042,CA:1778;FL:1042;NC:865;TX:858;NJ:752;GA:704;PA:668;TN:408,high
549300XY701IELCE5Q08,,,,unmatched,24720,7581,1004,CA:1786;TX:1143;FL:1004;GA:685;NC:664;NJ:658;NY:445;PA:411,high
549300GCEP3NM7A1X491,,,,unmatched,4985,2779,991,NY:1749;FL:991;NJ:29;MA:9;NC:1,high
549300GS0W0TEUQS8571,,,,unmatched,9066,6730,990,CA:1957;FL:990;NY:947;TX:573;NJ:548;MA:449;GA:322;NC:301,high
549300FX7K8PTEQUU487,,,,unmatched,14628,5893,972,CA:1113;TX:1055;FL:972;GA:541;NC:517;NJ:449;PA:338;NY:281,high
549300VCMRO4ST680C11,,,,unmatched,16884,5496,935,TX:1052;FL:935;CA:770;GA:706;NC:705;SC:382;TN:349;NJ:259,high
549300ZIQ24V0C88AC41,,,,unmatched,2925,1603,933,FL:933;CA:430;TN:86;NC:59;GA:31;NJ:29;SC:27;PA:8,high
549300121SF0K2LN2804,,,,unmatched,18644,13646,931,TX:6358;SC:1561;NY:1278;CA:1208;FL:931;PA:746;GA:453;NC:393,high
Q708HHR4LD2B7XIZNO92,,,,unmatched,4374,2589,899,FL:899;GA:410;SC:336;NC:251;TX:177;NJ:117;CA:115;PA:100,high
25490066WMF8ZMQXQB18,,,,unmatched,8267,5687,885,CA:1076;TX:945;FL:885;PA:647;GA:617;NJ:614;NC:534;TN:369,high
549300GTVXJ2PGXNLM73,,,,unmatched,5670,4310,869,TX:1195;FL:869;NC:762;SC:592;PA:254;MA:228;GA:187;TN:151,high
549300F8C5JA44WNMI75,,,,unmatched,9313,5758,856,NJ:1899;FL:856;NY:768;MA:739;PA:397;TX:278;GA:227;NC:201,high
5493000YNV8IX4VD3X12,,,,unmatched,65476,11476,844,NC:2515;SC:2449;TX:2045;GA:1956;TN:1509;FL:844;PA:96;CA:59,high
549300GRGZDEH4ZGQS06,,,,unmatched,2304,1583,832,FL:832;TX:430;TN:55;SC:53;NC:53;PA:42;MA:40;CA:32,high
C5654JQHZUHN0772B561,,,,unmatched,12209,5099,825,TX:1101;FL:825;NC:681;GA:562;TN:407;PA:348;SC:332;CA:318,high
549300YN94MOAVYW0F52,,,,unmatched,10033,4562,819,CA:1030;FL:819;TX:667;GA:475;NC:468;TN:352;PA:325;SC:213,high
549300SUCQ1358EGVE89,,,,unmatched,19807,3363,805,FL:805;NC:548;GA:542;PA:367;SC:330;TN:325;CA:266;NJ:149,high
5493001GDRY0EL7VG372,,,,unmatched,10559,7982,795,TX:4151;FL:795;CA:751;SC:545;TN:524;GA:387;PA:380;NC:193,high
GDN5JXQ4P5NZE28ZRC90,,,,unmatched,1714,1133,788,FL:788;GA:292;NY:14;NC:11;SC:9;TN:5;CA:5;TX:3,high
549300S5YL3OH0IVCS62,,,,unmatched,8045,5506,786,CA:2527;FL:786;TX:524;NY:368;NJ:280;NC:254;GA:195;SC:153,high
549300CB67L6KPJLHE19,,,,unmatched,33927,6668,774,TX:2321;CA:1644;FL:774;PA:553;SC:363;NY:296;GA:248;NC:216,high
X05BVSK68TQ7YTOSNR22,,,,unmatched,38541,5000,771,CA:813;FL:771;TX:649;NY:467;GA:466;NJ:451;PA:392;NC:313,high
549300EMNDEK4BA8WB53,,,,unmatched,4773,3704,742,FL:742;PA:717;NJ:658;MA:523;GA:375;NC:314;SC:195;NY:78,high
549300NT030LXB2A8T82,,,,unmatched,1080,811,742,FL:742;NJ:28;TX:18;GA:11;NC:5;PA:4;DC:2;CA:1,high
SS1TRMSN6BRNMOREEV51,,,,unmatched,8696,4219,737,TX:943;CA:934;FL:737;NY:367;GA:351;NJ:204;PA:181;SC:171,high
5493009BD405QQTMXO12,,,,unmatched,5482,3145,715,FL:715;TX:681;GA:355;SC:304;NJ:263;PA:256;NC:249;CA:168,high
2549007JZSAICH4GZJ60,,,,unmatched,1445,1079,711,FL:711;CA:358;TX:4;SC:3;NJ:1;TN:1;GA:1,high
549300323EON4W3CCM44,,,,unmatched,4589,3038,702,CA:1108;FL:702;TX:527;SC:161;NC:158;GA:109;NJ:109;TN:83,high
549300R7HGHP2I754087,,,,unmatched,4168,3175,695,TX:784;FL:695;GA:640;SC:350;NC:279;PA:180;TN:143;CA:72,high
549300T9P3WXNMXX0I34,,,,unmatched,5073,3559,693,PA:1110;NC:765;FL:693;TN:333;TX:224;NY:108;GA:97;SC:96,high
549300RFLICNI75BG067,,,,unmatched,4584,3019,686,NJ:1069;FL:686;TX:244;SC:240;NY:198;GA:170;PA:111;TN:98,high
549300T94GSH3C4U5M59,,,,unmatched,7675,4160,679,CA:1937;FL:679;GA:331;NJ:280;PA:208;TX:189;NC:173;TN:117,high
549300EKFFG3BU8DNX74,,,,unmatched,7022,3829,672,CA:1752;FL:672;TX:565;GA:182;NJ:179;PA:142;NC:118;SC:101,high
549300HRLROF7PLJ6735,,,,unmatched,3638,2221,661,CA:898;FL:661;TX:286;GA:157;TN:59;PA:43;NJ:37;NC:32,high
549300SK2GVCQXPD4S58,,,,unmatched,9088,4865,658,CA:1697;TX:1058;FL:658;GA:358;NC:246;TN:239;NJ:169;SC:145,high
549300XQ7B5FIVUNFE29,,,,unmatched,1732,1108,652,FL:652;TN:202;NC:112;TX:54;GA:41;CA:28;SC:12;PA:3,high
2549005K0ZG1MFV3R260,,,,unmatched,1648,865,644,FL:644;TX:61;CA:44;NJ:38;GA:33;NC:11;SC:9;NY:8,high
2549004Z576VEJBK3N72,,,,unmatched,3299,2032,640,FL:640;CA:361;NY:343;NJ:236;TX:128;GA:98;PA:63;MA:60,high
54930043BMDE130FJ617,,,,unmatched,10189,6449,632,TX:1706;CA:1208;PA:892;NC:669;FL:632;GA:602;NJ:423;TN:179,high
213800QUAI2VH5YM6310,,,,unmatched,2789,2116,627,FL:627;NJ:599;NY:269;MA:257;PA:149;TN:68;DC:54;NC:31,high
254900O2K17TNH5CL873,,,,unmatched,4918,3857,624,TX:900;NJ:692;FL:624;PA:592;MA:433;NC:248;CA:177;GA:63,high
549300ZPSJZO10ZAX556,,,,unmatched,5638,2702,621,FL:621;TX:462;CA:274;NY:256;NC:214;GA:174;PA:172;SC:160,high
254900HA4DQWAE0W3342,,,,unmatched,8606,5158,619,TX:1692;GA:705;FL:619;CA:540;PA:524;TN:311;NJ:300;NC:253,high
549300QD5CQZ9PPP5B09,,,,unmatched,2235,1160,606,FL:606;CA:553;NJ:1,high
549300EM8ID8J7F8OM55,,,,unmatched,3994,3292,603,SC:1380;NC:691;FL:603;GA:452;DC:86;PA:46;MA:17;CA:5,high
254900DRSIZBQXDCJ875,,,,unmatched,2039,2039,590,FL:590;CA:463;TX:382;GA:205;NC:175;TN:85;PA:70;NJ:21,high
54930052M48FOD3CWA54,,,,unmatched,4245,2938,582,FL:582;NC:479;TX:475;CA:363;TN:283;PA:272;SC:184;MA:132,high
549300BEFX6JRSCS5N78,,,,unmatched,2875,1499,582,TX:904;FL:582;GA:5;NC:3;TN:3;MA:1;NJ:1,high
549300R0SXC1JU7ZU290,,,,unmatched,6654,5039,575,TN:2461;FL:575;GA:520;PA:402;NC:350;TX:228;MA:227;CA:126,high
E57ODZWZ7FF32TWEFA76,,,,unmatched,25870,12299,565,CA:5786;NY:3687;NJ:707;FL:565;TX:506;DC:281;MA:212;PA:148,high
NSGZD26XPW2CUM2JKU70,,,,unmatched,1296,767,538,FL:538;TX:209;GA:6;TN:5;NC:5;SC:2;PA:1;NJ:1,high
549300UXY7OP0IC38293,,,,unmatched,3696,2163,524,FL:524;MA:288;GA:219;TN:219;CA:205;NC:176;NJ:165;SC:133,high
5493000NYUJT9UC6G261,,,,unmatched,2176,1428,521,FL:521;CA:395;GA:191;TX:174;TN:92;PA:29;NC:12;SC:9,high
KI0VI4JRMCIJ329YTN75,,,,unmatched,4375,2902,507,NJ:1659;NY:656;FL:507;PA:40;CA:10;SC:9;NC:9;MA:5,high
549300UR5AOWTJJ7KZ64,,,,unmatched,3005,1961,505,FL:505;CA:468;TX:301;GA:129;MA:119;SC:118;NC:104;TN:66,high
549300TA4MQM8WN2XG31,,,,unmatched,5866,3089,504,FL:504;PA:494;NJ:395;CA:388;TX:381;NY:356;GA:185;NC:131,high
5493005PKOSG7MYX0B34,,,,unmatched,11586,8246,491,PA:2325;NC:1281;NJ:1060;GA:1024;CA:626;TX:551;FL:491;NY:237,high
549300INFJ8TYNZ1G568,,,,unmatched,4073,3775,485,CA:1748;FL:485;TX:359;NY:192;NJ:178;NC:172;MA:168;GA:146,high
PAOOWF3GUFM46FBSP561,,,,unmatched,10868,3703,485,CA:800;TX:669;FL:485;GA:309;NC:262;TN:247;NJ:236;MA:228,high
549300CLRXFVF83ZL806,,,,unmatched,5117,3511,463,NY:2070;NJ:486;FL:463;PA:182;NC:102;TX:57;GA:56;SC:37,high
54930030Z1JWTP3SVD16,,,,unmatched,2648,1470,458,FL:458;GA:334;NC:169;TN:155;PA:126;SC:82;CA:73;MA:60,high
5493000349C5XXDRQX28,,,,unmatched,3827,2072,451,CA:928;FL:451;TX:246;NY:139;PA:80;NJ:73;GA:53;TN:32,high
254900M2C4Q6DATP2889,,,,unmatched,7271,2397,448,CA:510;FL:448;NC:357;GA:286;PA:224;TN:199;NJ:191;SC:154,high
549300DE8TS4EYTPX729,,,,unmatched,4528,3359,445,NJ:1545;PA:992;FL:445;TX:171;MA:141;SC:30;GA:15;NC:15,high
254900TG14TB8RKS3U42,,,,unmatched,3534,1719,435,FL:435;PA:345;TX:260;CA:165;NC:159;GA:127;TN:83;NJ:75,high
254900RUCO27MVGTO768,,,,unmatched,12102,5350,432,NY:1687;NJ:1215;PA:540;FL:432;GA:317;TX:281;NC:251;CA:195,high
549300VMX06UV1F7NS76,,,,unmatched,2637,1944,429,FL:429;PA:390;GA:343;TX:255;TN:237;NC:159;NJ:92;CA:20,high
549300VYK2WBD7SST478,,,,unmatched,3085,1606,429,GA:707;FL:429;NC:284;TX:160;TN:15;SC:8;PA:1;NJ:1,high
5493003V40VGM7YDFM54,,,,unmatched,5399,3158,427,CA:772;NJ:570;FL:427;PA:374;TX:278;GA:253;TN:189;MA:130,high
549300PQLK8E48ILXV41,,,,unmatched,3679,1965,421,CA:533;FL:421;TX:213;GA:156;NC:154;NJ:135;PA:115;TN:96,high
549300PL267CW8182203,,,,unmatched,6373,2311,416,TX:477;FL:416;GA:412;CA:409;NC:157;TN:157;SC:100;PA:96,high
5493001XKL0FTNOJ0866,,,,unmatched,2355,1526,414,FL:414;TX:386;GA:260;CA:114;NJ:97;SC:85;MA:64;TN:45,high
549300BX448ALT10FI43,,,,unmatched,8964,3641,397,NY:620;NJ:552;NC:413;FL:397;PA:379;GA:356;CA:265;TN:199,high
549300MHH03ICJYEPE85,,,,unmatched,4763,2979,396,CA:1040;FL:396;TX:315;NY:235;MA:191;TN:179;NC:147;NJ:138,high
549300Q50XCC0473FG63,,,,unmatched,6257,3051,389,CA:1243;NY:460;FL:389;NJ:308;NC:137;TN:136;GA:121;MA:98,high
549300A5HHOL2ED18C72,,,,unmatched,4764,2297,389,CA:1372;FL:389;TX:211;NC:58;GA:52;PA:51;NJ:44;SC:43,high
2549002VH9C0PKB8K153,,,,unmatched,4700,2606,388,CA:933;NY:575;FL:388;NJ:317;TX:139;PA:69;MA:49;GA:47,high
213800XR2TCBQJSF1X93,,,,unmatched,5098,2820,383,TX:518;FL:383;NC:354;CA:313;GA:257;PA:203;NJ:179;SC:177,high
549300PBTV7FCWLSMM53,,,,unmatched,5069,3284,380,TX:1363;GA:446;NC:404;FL:380;CA:260;SC:190;TN:148;PA:64,high
54930048P8RWCQHQM310,,,,unmatched,3885,2188,380,CA:504;NY:503;FL:380;TX:240;NJ:231;MA:110;PA:83;NC:39,high
5493003BXKRGHQHRJV38,,,,unmatched,1089,620,375,FL:375;GA:200;NC:14;MA:11;TX:5;TN:4;NY:3;CA:2,high
5493001X0T84TYRJ5Y59,,,,unmatched,2795,1743,372,CA:1029;FL:372;TX:130;GA:83;NC:36;TN:27;PA:23;SC:18,high
254900HEJ9F73IMPX887,,,,unmatched,5221,1978,364,TX:453;FL:364;CA:232;NC:211;GA:210;NJ:181;PA:135;TN:95,high
549300GE8KIGZVQV1223,,,,unmatched,1252,1004,363,MA:431;FL:363;SC:113;PA:61;NC:23;GA:5;TX:3;NJ:2,high
549300KTR1JGH3K6LU06,,,,unmatched,14586,6031,358,NY:4085;CA:552;FL:358;NJ:336;GA:195;NC:136;PA:113;SC:89,high
254900CTT87ZKAUTIJ37,,,,unmatched,3750,2258,354,PA:577;TX:373;FL:354;CA:261;GA:217;NC:185;TN:154;SC:72,high
UPMVBH3EU3LS6P1KR697,,,,unmatched,660,356,351,FL:351;NJ:3;NY:1;GA:1,high
549300EQED7LF41GHV46,,,,unmatched,558,355,344,FL:344;TX:2;TN:2;GA:2;NC:2;PA:1;MA:1;NJ:1,high
5493004N9PMBSLEZOF16,,,,unmatched,3388,2406,343,TX:820;CA:686;FL:343;NJ:331;SC:150;GA:73;PA:3,high
WWB2V0FCW3A0EE3ZJN75,,,,unmatched,24867,14477,342,NY:7073;PA:3099;MA:1690;NJ:1501;FL:342;DC:172;CA:139;TX:134,high
254900TTZ395IC926125,,,,unmatched,6086,4217,341,CA:2290;TX:605;FL:341;MA:268;TN:243;PA:156;GA:120;NC:72,high
549300D4ZYLSQ5LMTV35,,,,unmatched,3991,2731,338,NJ:1569;PA:399;FL:338;NY:298;SC:49;TN:30;NC:21;GA:16,high
549300DMYENRV818D594,,,,unmatched,4895,3637,329,TX:1607;GA:638;TN:631;FL:329;PA:299;NC:54;DC:50;SC:21,high
549300GWD9H4FQ2VR805,,,,unmatched,2798,2069,316,CA:552;FL:316;NY:308;TX:200;NJ:139;MA:124;NC:111;TN:86,high
254900BMXWPEHXG4LF21,,,,unmatched,1186,801,302,CA:361;FL:302;TX:72;PA:25;GA:12;NJ:12;TN:6;SC:6,high
ZXMJHJK466PBZTM5F379,,,,unmatched,1278,1048,298,FL:298;TX:142;CA:122;NC:99;NY:75;TN:69;GA:58;SC:54,high
984500D61DCEC4E2B661,,,,unmatched,504,356,297,FL:297;NC:13;GA:13;MA:12;TX:10;NJ:4;SC:3;TN:2,high
549300VQUTI5IU7GXT57,,,,unmatched,3752,2100,286,TX:1288;FL:286;GA:253;CA:127;TN:43;NC:33;SC:32;PA:21,high
3Y4U8VZURTYWI1W2K376,,,,unmatched,10754,4278,285,CA:3818;FL:285;TX:35;NY:26;TN:25;SC:18;NC:17;NJ:16,high
254900QNIR86GUIRYH95,,,,unmatched,5344,2744,284,CA:1861;TX:290;FL:284;NC:89;GA:80;NJ:36;PA:29;TN:26,high
5493004RLLKTQS8K7U51,,,,unmatched,2746,1428,282,TX:639;FL:282;NC:127;NY:78;CA:78;NJ:51;MA:42;SC:42,high
54930091JQKCU3Z6IP44,,,,unmatched,14557,1402,276,GA:284;FL:276;TX:151;NC:128;NY:123;PA:118;TN:101;NJ:100,high
549300NWBS6MQJX15N44,,,,unmatched,5032,3672,275,CA:1262;TX:1171;GA:488;FL:275;PA:169;TN:103;NC:91;MA:47,high
549300ALNLUNS3Y53T24,,,,unmatched,11375,1905,274,GA:491;TX:304;FL:274;NC:168;CA:163;PA:147;TN:111;SC:84,high
254900FBWEZ3YUPOBN33,,,,unmatched,2237,1298,269,FL:269;NC:262;SC:137;GA:131;TN:130;TX:120;PA:108;NJ:60,high
549300QKL5FUBZ8LSF50,,,,unmatched,3942,2681,268,CA:840;PA:570;MA:314;FL:268;NJ:191;TX:184;GA:149;SC:88,high
L9VVX1KT5TFTKS0MLF66,,,,unmatched,19810,13127,266,NC:6984;SC:3577;CA:1383;GA:442;FL:266;MA:197;TN:106;TX:92,high
CKVBED0S4DMLKJJ5XH28,,,,unmatched,1770,1547,265,CA:364;FL:265;TX:142;NY:138;NC:122;NJ:119;GA:115;TN:91,high
549300LROQOOQU77WS20,,,,unmatched,6354,2765,263,CA:537;TX:435;NC:318;GA:291;FL:263;NJ:234;PA:186;TN:172,high
549300W45D2J6BT4LX65,,,,unmatched,1069,1054,260,FL:260;CA:195;TX:184;NJ:175;GA:65;NC:63;SC:46;PA:29,high
C398JSK21YCXWM603F55,,,,unmatched,2695,1598,252,CA:371;FL:252;NY:179;TX:179;NC:174;GA:138;PA:96;SC:79,high
XC7Z0BA39TU7L1AKOJ12,,,,unmatched,540,292,246,FL:246;CA:16;GA:10;TN:6;SC:6;NC:4;NJ:2;PA:1,high
549300C8GOC4OYUV0Z32,,,,unmatched,2202,1165,244,FL:244;TX:183;PA:140;GA:128;NC:127;NY:90;TN:67;NJ:63,high
549300RYTR2RVL4SFJ90,,,,unmatched,1960,1187,241,TX:242;FL:241;NC:142;NJ:131;GA:121;PA:72;CA:65;TN:59,high
549300T7HRS5DVBUPQ06,,,,unmatched,2311,1839,235,GA:1234;FL:235;NC:142;SC:55;PA:42;CA:41;NJ:33;TX:32,high
2549008X67CV1MNM7747,,,,unmatched,2034,1137,235,NY:744;FL:235;NJ:85;PA:27;NC:12;GA:12;SC:10;TX:5,high
549300JI0UWY4QIWDV89,,,,unmatched,1393,1179,233,SC:469;MA:445;FL:233;NC:15;GA:11;NJ:4;PA:2,high
5493008ZTV4S0W9DCX64,,,,unmatched,2958,1231,229,CA:461;TX:305;FL:229;GA:85;NC:54;TN:39;SC:30;PA:16,high
254900LTD432L5CHIZ48,,,,unmatched,2865,1424,228,CA:920;FL:228;TX:100;GA:64;NJ:39;PA:22;TN:15;MA:13,high
984500F6E6940CCB6A60,,,,unmatched,3623,2372,227,NY:532;TX:458;CA:403;NJ:403;FL:227;GA:76;TN:75;PA:70,high
5493008VVXQIDO1EZ460,,,,unmatched,4088,2620,225,CA:951;TX:471;TN:425;GA:378;FL:225;NC:83;PA:41;SC:21,high
549300NFPC3Y4W3Y7R87,,,,unmatched,4350,2197,225,TX:623;SC:342;NC:297;CA:292;GA:272;FL:225;TN:73;MA:38,high
54930034MNPILHP25H80,,,,unmatched,5377,3844,223,TX:2178;SC:653;NJ:337;FL:223;TN:194;NC:193;PA:52;GA:12,high
5493000EUC3MM52PJV85,,,,unmatched,4301,2797,223,CA:2354;FL:223;TX:92;NJ:46;GA:25;PA:14;TN:14;NC:11,high
5493005PD34O8ZT7QT17,,,,unmatched,3928,2653,222,PA:757;NJ:321;TX:319;GA:244;NY:241;TN:224;FL:222;NC:182,high
549300RWXUAFD1WAE410,,,,unmatched,10472,8070,221,NC:6049;SC:955;GA:731;FL:221;TN:63;DC:27;PA:14;TX:8,high
254900V6GCDMRQZ34D96,,,,unmatched,1545,865,217,CA:302;FL:217;NY:176;NJ:67;TX:30;PA:22;MA:18;TN:11,high
254900F9ZTVTX763V835,,,,unmatched,2964,2280,210,NJ:1831;FL:210;PA:148;NY:29;CA:19;NC:17;SC:14;MA:6,high
549300RM1IZYGQDSNL85,,,,unmatched,2927,815,206,FL:206;TX:167;TN:152;NC:60;NY:56;GA:49;CA:32;SC:26,high
549300J4330IBZ0BBI43,,,,unmatched,586,266,206,FL:206;GA:32;SC:9;CA:8;TN:6;NJ:4;MA:1,high
2WHM8VNJH63UN14OL754,,,,unmatched,4978,2897,204,PA:1812;NC:245;FL:204;TX:169;SC:129;NJ:106;TN:74;GA:64,high
549300VJQJVZKJBDWS17,,,,unmatched,2909,2144,201,MA:1361;FL:201;NY:185;PA:117;NJ:112;SC:92;NC:33;GA:21,high
5493001JT9MT3Z3Y3M39,,,,unmatched,798,508,201,FL:201;TX:95;CA:62;GA:31;NC:28;NY:23;TN:19;MA:16,high
254900WEP08K7U7S3A80,,,,unmatched,2357,1849,199,TX:709;FL:199;CA:177;NJ:167;TN:167;NC:126;GA:91;SC:74,high
5493001YIUWLFRXQUO81,,,,unmatched,694,507,191,FL:191;PA:159;NC:117;CA:20;SC:10;TX:6;NJ:4,high
254900WT4HAMDFWH3048,,,,unmatched,2588,969,188,TX:190;FL:188;CA:164;NC:118;GA:93;PA:66;NJ:65;TN:47,high
N8T7HW55LK5D2ORCKP39,,,,unmatched,18085,11808,187,PA:5819;NC:5046;SC:598;FL:187;DC:96;NJ:27;GA:15;NY:12,high
54930021DZJ9CEN11D61,,,,unmatched,1231,699,185,FL:185;GA:184;TN:124;NJ:39;MA:33;NC:32;CA:31;TX:26,high
549300LLKEKXL2RM1F61,,,,unmatched,3942,2605,183,NY:1919;PA:226;FL:183;NJ:142;TX:53;SC:26;NC:21;GA:13,high
549300UG7QXKM7KGV847,,,,unmatched,4406,2467,183,TX:943;NY:318;GA:245;PA:211;FL:183;NC:170;SC:146;TN:124,high
549300PL8ER6H23P0Z91,,,,unmatched,2473,1587,180,CA:426;TX:302;FL:180;NC:147;MA:121;PA:120;GA:88;NJ:85,high
54930091CYUK2SDZ6D37,,,,unmatched,1220,724,180,CA:343;FL:180;TX:106;NJ:20;TN:19;NY:15;NC:14;GA:10,high
254900ACUWEGW702BR80,,,,unmatched,2524,1690,179,NY:882;NJ:526;FL:179;TX:51;PA:42;CA:5;MA:4;TN:1,high
549300YW2UBCMDRMBT48,,,,unmatched,3217,2546,177,NY:644;NC:562;PA:364;TN:272;GA:180;FL:177;SC:160;NJ:91,high
549300KX4S1573HISS22,,,,unmatched,1934,850,177,CA:417;FL:177;TX:73;GA:33;PA:32;NJ:26;MA:26;NC:24,high
549300BLL6VL7AXWYP56,,,,unmatched,3909,2198,167,TN:627;TX:609;CA:189;NC:178;FL:167;GA:121;SC:104;PA:101,high
2549005FUF02T1IFCA22,,,,unmatched,761,490,165,FL:165;CA:134;TX:58;NJ:47;PA:18;GA:18;NC:16;SC:14,high
549300PEWJWBNEOSS013,,,,unmatched,641,411,163,FL:163;NJ:71;NC:62;TX:30;PA:27;GA:21;SC:21;TN:10,high
549300RYBJHWWDENV610,,,,unmatched,3695,2841,158,NC:1682;SC:399;GA:219;PA:168;FL:158;TX:123;TN:74;DC:16,high
5493005ICQ3QGEIWV618,,,,unmatched,2902,1946,157,NY:956;NJ:297;PA:296;FL:157;TX:101;GA:42;SC:42;TN:21,high
54930078TNN7GKZ7NU89,,,,unmatched,1989,1457,157,GA:678;NC:215;FL:157;SC:110;TN:86;NY:62;NJ:49;PA:44,high
549300TK6RZQSFXZHV09,,,,unmatched,1064,533,157,FL:157;PA:110;CA:108;NC:75;TX:32;TN:19;GA:13;SC:12,high
549300XCVBRR56D08F03,,,,unmatched,6771,1143,152,CA:454;FL:152;NJ:102;GA:94;NC:85;MA:66;PA:59;SC:56,high
549300OPB0G5OMY0SM65,,,,unmatched,4626,3221,151,CA:2430;TX:253;GA:163;FL:151;NJ:70;PA:44;NC:38;TN:23,high
549300G5DVGM0ZHRQC33,,,,unmatched,1352,888,151,TX:185;FL:151;NC:141;GA:106;CA:98;SC:68;TN:61;PA:49,high
5493002GI63WHHUTUD85,,,,unmatched,2235,1862,150,PA:1018;MA:193;NJ:166;NC:153;FL:150;GA:75;TX:38;TN:25,high
549300S8SHBRCI7UU819,,,,unmatched,1856,950,150,CA:229;FL:150;NC:115;GA:88;TN:75;TX:68;MA:55;NJ:53,high
549300ZWNETGFXTBBY03,,,,unmatched,5337,3363,149,GA:1431;TX:724;TN:330;NC:313;CA:255;FL:149;SC:129;MA:21,high
549300WHVRE44NRBU558,,,,unmatched,604,395,148,FL:148;NC:97;TX:86;CA:30;TN:16;SC:7;PA:5;NJ:3,high
254900VELJPWWT51WN03,,,,unmatched,4373,3506,142,CA:1623;TX:314;GA:307;MA:300;NC:289;NY:229;FL:142;NJ:123,high
549300REENMLD2RN3W58,,,,unmatched,2322,1690,142,GA:741;SC:204;TX:153;FL:142;TN:90;CA:83;NY:79;NC:62,high
254900WTZC5SSKIN2M11,,,,unmatched,2178,1391,142,NC:235;TX:181;GA:169;FL:142;CA:124;SC:111;MA:107;NJ:97,high
549300TMY3OACQC9U777,,,,unmatched,1502,735,140,CA:407;FL:140;TX:112;NJ:27;GA:19;MA:9;NC:8;PA:7,high
549300KHXD7JSQUZIJ22,,,,unmatched,6945,5053,138,TX:3092;NC:1185;TN:487;FL:138;GA:83;SC:52;PA:5;CA:5,high
254900QRD0ZXHH08TX87,,,,unmatched,3812,2288,138,TX:2019;FL:138;SC:102;MA:15;PA:5;GA:4;NC:2;TN:2,high
254900HL2VMAYA3J5494,,,,unmatched,297,165,136,FL:136;GA:6;TN:6;CA:5;NC:3;SC:3;PA:2;TX:2,high
1IE8VN30JCEQV1H4R804,,,,unmatched,3838,2522,134,CA:1526;NY:538;NJ:144;FL:134;TX:60;MA:25;NC:24;PA:21,high
549300FVD3YHE65PKH97,,,,unmatched,1665,982,134,TX:274;CA:216;NJ:193;FL:134;GA:117;NC:37;PA:7;SC:3,high
549300ZCR1XCLNEEI724,,,,unmatched,1528,556,131,CA:191;FL:131;TX:73;NY:59;NJ:31;PA:23;SC:14;TN:12,high
254900NZOY3XB2DNSZ34,,,,unmatched,1644,1169,130,CA:437;NJ:170;FL:130;MA:120;NY:99;GA:61;PA:51;NC:48,high
9845005BP6974AE5D838,,,,unmatched,1261,596,130,CA:201;FL:130;TX:78;GA:43;TN:37;PA:32;SC:25;NC:20,high
549300I0ICF6REKHOC74,,,,unmatched,920,681,129,SC:234;PA:137;FL:129;TX:80;NC:48;DC:39;NJ:5;CA:4,high
254900J2RKTTDJSUWD76,,,,unmatched,711,552,128,TX:250;FL:128;CA:88;GA:38;NJ:18;TN:16;NC:4;SC:4,high
254900IEGKUDRDS23V26,,,,unmatched,2381,1698,126,CA:1161;TX:181;FL:126;GA:80;PA:29;NC:28;MA:26;NY:23,high
549300A68YW07V5R5G22,,,,unmatched,1583,779,125,CA:536;FL:125;TX:47;GA:26;NC:14;SC:12;TN:9;NJ:6,high
549300Q6YL1SFVPEGV90,,,,unmatched,1729,540,122,CA:167;FL:122;TX:74;GA:64;NJ:42;MA:25;PA:21;TN:15,high
254900VE4XTOQUE8NZ77,,,,unmatched,3245,1208,118,NY:330;NJ:271;PA:189;FL:118;TX:105;GA:82;NC:46;MA:25,high
549300HVW3AI97UKTO72,,,,unmatched,484,290,118,FL:118;GA:64;CA:25;TN:25;NC:24;TX:10;NJ:6;NY:6,high
2549005Z23HAAZ6QDM98,,,,unmatched,175,137,115,FL:115;TN:8;GA:4;TX:3;MA:2;NY:2;NC:2;NJ:1,high
549300FK3AFCFVAPH234,,,,unmatched,6557,5368,114,MA:4926;FL:114;CA:58;TX:53;NC:51;NJ:37;NY:35;GA:29,high
549300T5QSL6MC8M4D04,,,,unmatched,2169,1403,112,NY:927;NJ:182;FL:112;MA:68;PA:22;CA:19;SC:19;TX:18,high
549300HTMO7FGRKRLV06,,,,unmatched,1680,1120,112,NY:842;FL:112;NJ:84;TX:28;PA:26;GA:10;NC:7;SC:6,high
549300ZZME37MXI1EF14,,,,unmatched,1544,1144,110,TX:571;CA:112;FL:110;TN:96;PA:96;GA:86;MA:36;NC:15,high
549300G4ESSS6M0MEG51,,,,unmatched,3642,2174,109,CA:1252;TX:299;NC:292;FL:109;DC:65;SC:47;TN:35;MA:35,high
2549004XJQQPBYQSMT39,,,,unmatched,1774,1002,108,NY:550;NJ:112;FL:108;CA:87;TX:50;MA:29;PA:25;GA:20,high
549300CDOC4F7XSRG390,,,,unmatched,7230,4804,107,TN:2808;NC:1222;SC:417;GA:200;FL:107;TX:18;CA:13;DC:10,high
5493005JF6BKCN6OY689,,,,unmatched,177,148,107,FL:107;SC:19;TX:10;GA:4;NJ:2;NY:2;CA:1;MA:1,high
5493004T9SQFCNRQ2L76,,,,unmatched,920,660,106,SC:255;TN:142;FL:106;NC:83;TX:28;CA:15;GA:14;PA:9,high
549300J6N77Q8OHYNF23,,,,unmatched,2824,1952,105,TX:419;CA:416;NC:341;GA:188;MA:176;PA:141;FL:105;SC:68,high
549300ISCZS1R0CJMO47,,,,unmatched,1074,857,104,TX:255;NC:107;FL:104;GA:77;TN:70;PA:67;SC:66;CA:39,high
549300ZIXM1VUXPG4D03,,,,unmatched,799,565,102,TX:329;FL:102;CA:88;PA:28;NC:8;GA:4;SC:3;NJ:2,high
54930025XJJO3T0M1A92,,,,unmatched,4540,1762,101,GA:1374;FL:101;MA:88;NJ:66;SC:40;PA:38;CA:32;NC:16,high
549300QIUZLVR1OLDH55,,,,unmatched,579,396,99,CA:132;FL:99;PA:39;GA:35;NC:34;NJ:30;TN:20;SC:6,high
549300RD5IG88VPO6P22,,,,unmatched,2262,1456,98,TX:379;NY:250;CA:187;NJ:151;PA:100;FL:98;NC:82;MA:80,high
549300LZUXCJFE5ONM48,,,,unmatched,1000,741,98,CA:317;TX:110;FL:98;SC:53;GA:53;TN:45;PA:42;NJ:16,high
98450087981AP406JG03,,,,unmatched,2236,1831,97,CA:1294;FL:97;TX:94;NY:70;GA:70;TN:57;NC:49;NJ:47,high
549300LI3FDGO7UKFF39,,,,unmatched,2157,1335,97,NY:808;NJ:146;SC:102;FL:97;PA:93;GA:24;TX:21;NC:19,high
2549007G9V4FYWWWDZ31,,,,unmatched,899,691,96,NJ:334;PA:199;FL:96;GA:26;TX:21;NC:12;SC:3,high
549300DCGBXW5FJMV921,,,,unmatched,2652,2652,94,CA:2145;TX:163;GA:124;FL:94;NJ:49;NC:33;TN:31;SC:7,high
549300JPGMCMBEJEK584,,,,unmatched,5743,2650,94,MA:1769;GA:184;NJ:153;CA:148;FL:94;TX:89;PA:51;NC:49,high
254900DSZI6CJXJL6Z14,,,,unmatched,929,566,93,TX:168;FL:93;GA:66;NC:60;PA:46;NY:32;TN:29;CA:22,high
549300CK7U1WMTIG6687,,,,unmatched,916,607,92,CA:466;FL:92;TX:29;NJ:5;GA:4;NC:4;PA:3;TN:2,high
54930080168VA6Z8UX21,,,,unmatched,1613,934,91,NJ:223;PA:190;NC:101;FL:91;SC:87;DC:67;GA:60;CA:49,high
5493005R34FLBMCPWB41,,,,unmatched,1083,777,91,PA:305;SC:187;NC:141;FL:91;NJ:47;TN:3;DC:2;GA:1,high
5493000IIYWBLONJVJ30,,,,unmatched,1221,703,91,CA:173;TX:112;FL:91;NC:78;GA:50;PA:46;SC:42;NJ:40,high
549300UF3FPC7U6RFC59,,,,unmatched,849,489,91,NC:269;FL:91;TX:35;CA:25;GA:23;TN:13;SC:12;NJ:10,high
549300OSZK2W0WJYS771,,,,unmatched,524,285,91,FL:91;NC:62;SC:32;GA:21;PA:20;DC:14;TN:14;CA:9,high
HUX2X73FUCYHUVH1BK78,,,,unmatched,5858,3373,90,NY:2485;PA:597;FL:90;MA:58;CA:34;NC:23;SC:23;TX:20,high
25490018IFQOT83Q7H49,,,,unmatched,958,685,90,PA:174;SC:161;CA:98;FL:90;TX:56;NC:34;GA:27;NJ:15,high
549300GQDT484LGI9C04,,,,unmatched,5198,414,89,CA:130;FL:89;TX:80;NJ:52;NC:40;PA:9;NY:6;SC:4,high
549300H12E7AUMUHP294,,,,unmatched,1498,923,88,NJ:374;PA:297;FL:88;NC:59;NY:25;TX:21;TN:18;SC:16,high
549300RYWXR8TL5LIK35,,,,unmatched,2884,1564,87,PA:518;NJ:483;CA:116;NY:109;FL:87;NC:66;MA:66;GA:33,high
254900RM3T6WAVE6SA24,,,,unmatched,1646,1226,84,TX:892;NC:100;FL:84;GA:54;CA:36;NJ:23;PA:17;TN:9,high
254900114YHTRFBALC74,,,,unmatched,903,888,84,CA:628;FL:84;NJ:44;TX:33;NC:31;GA:27;NY:14;SC:9,high
KD3XUN7C6T14HNAYLU02,,,,unmatched,1085,642,83,CA:220;NY:91;FL:83;TX:82;MA:49;NJ:25;GA:21;NC:20,high
9845006YE04B346EC919,,,,unmatched,1416,362,83,FL:83;CA:62;NC:55;GA:53;TN:43;SC:28;PA:22;NJ:13,high
5493003NV9L53LK1XI52,,,,unmatched,3341,2005,82,CA:1753;FL:82;TX:73;NJ:27;GA:21;NC:14;TN:13;PA:11,high
549300KWKWPEKL40WD44,,,,unmatched,1536,859,82,NJ:442;PA:144;FL:82;TX:42;NC:40;GA:40;NY:27;SC:21,high
5493001141Z7CINOSB62,,,,unmatched,355,186,82,FL:82;TX:29;NJ:22;GA:16;CA:14;NC:14;TN:9,high
549300JZD4L02YZI3Z50,,,,unmatched,1586,1187,80,NJ:840;NY:180;FL:80;PA:38;GA:28;NC:9;SC:5;TX:4,high
549300Q10M1VXBG2H889,,,,unmatched,4108,997,79,GA:457;NC:175;TN:124;FL:79;PA:59;SC:46;MA:30;NJ:26,high
549300GY4NTTEM7WWB64,,,,unmatched,380,243,79,FL:79;GA:41;NC:35;TX:28;PA:21;TN:20;SC:10;NY:4,high
549300AG10BX85DF5S49,,,,unmatched,2613,1983,77,CA:805;NJ:554;TX:155;MA:150;PA:83;FL:77;NC:54;NY:37,high
254900O28OG3UMHXQY81,,,,unmatched,903,413,77,TX:92;FL:77;CA:66;NC:56;PA:34;SC:28;NJ:19;GA:18,high
549300E0WPRCJMXMUM09,,,,unmatched,294,195,75,NY:104;FL:75;NJ:11;TX:2;PA:2;GA:1,high
254900XN7UWEWK13RO81,,,,unmatched,5942,5187,74,NY:5094;FL:74;SC:6;TX:5;PA:4;NJ:2;MA:2,high
5493004T38NMC864VL66,,,,unmatched,402,293,74,TX:112;FL:74;TN:44;NC:26;GA:23;SC:9;NY:2;PA:2,high
549300T3F9S1MKFKHC53,,,,unmatched,6036,4972,72,NY:4005;PA:479;MA:154;NC:95;FL:72;TN:42;SC:40;TX:29,high
549300VGMMXKSX821O69,,,,unmatched,846,474,72,NY:339;FL:72;NJ:24;PA:12;SC:7;NC:7;TX:6;CA:2,high
549300K3VE61PXPZDV51,,,,unmatched,125,84,72,FL:72;NJ:11;TN:1,high
549300YX5RPSSMR88K92,,,,unmatched,1244,1058,71,CA:834;FL:71;TX:50;NC:18;GA:15;PA:14;MA:14;NY:13,high
54930059GZZ7G4G40O53,,,,unmatched,3466,2535,69,TN:1004;NC:922;TX:376;SC:117;FL:69;GA:21;MA:11;CA:9,high
549300B4IYL7TZT8FA34,,,,unmatched,2745,1771,69,CA:637;GA:512;TX:184;TN:130;SC:110;NC:100;FL:69;MA:26,high
254900BBWJ82FQDQ6823,,,,unmatched,1378,920,69,NJ:262;TN:132;TX:94;PA:71;SC:70;FL:69;NY:68;MA:61,high
984500F03B9034CQB904,,,,unmatched,2997,377,69,TX:79;FL:69;NC:60;CA:45;GA:38;PA:35;TN:29;MA:13,high
549300Q02LGIN9AXKP98,,,,unmatched,2016,1236,66,CA:824;TX:97;FL:66;GA:63;NC:48;NJ:42;NY:33;MA:24,high
549300WH9FMXOC63ZV77,,,,unmatched,430,375,66,CA:169;NY:98;FL:66;NJ:27;TX:8;PA:3;SC:3;DC:1,high
549300YMIOLU51FSTO86,,,,unmatched,1406,1028,64,PA:346;NJ:322;NY:108;TX:98;FL:64;GA:45;NC:19;TN:15,high
549300XED7IBK9VVQH70,,,,unmatched,1212,859,64,TX:273;PA:136;NY:114;CA:75;NC:70;SC:69;FL:64;NJ:45,high
254900SUZ313OILKVD67,,,,unmatched,190,161,64,FL:64;SC:58;MA:9;CA:8;NC:6;NJ:6;PA:4;GA:4,high
549300PC4MFWQBNVKG88,,,,unmatched,2616,1824,63,TX:1080;CA:169;PA:165;NC:139;TN:130;FL:63;SC:37;GA:23,high
9845007CY0EC0F59W414,,,,unmatched,1085,704,62,CA:391;TX:104;GA:81;FL:62;PA:36;NJ:14;SC:6;TN:4,high
5493007CLWQN2S6IZK91,,,,unmatched,896,464,61,TX:115;NC:67;FL:61;GA:55;CA:48;TN:25;SC:22;NJ:22,high
984500CD6F0743B8F530,,,,unmatched,544,424,61,GA:124;PA:74;FL:61;TN:49;NC:48;NY:24;TX:16;NJ:11,high
549300YPBBHUEKV1YC68,,,,unmatched,613,377,61,TX:159;SC:64;FL:61;CA:32;GA:30;NJ:14;NC:11;PA:3,high
549300UVOSI4XZZGUE14,,,,unmatched,813,318,61,NC:67;FL:61;GA:52;CA:43;SC:43;TN:27;NJ:25,high
549300AT7EB9FJAF0E61,,,,unmatched,1788,1174,59,TN:999;FL:59;TX:33;SC:18;PA:16;CA:16;NC:13;GA:12,high
549300GPO6DWUZR4UY30,,,,unmatched,1421,1108,59,NC:347;DC:280;MA:155;SC:127;PA:119;FL:59;TN:9;NJ:7,high
4EP6JBYBTPTQ47LZOB67,,,,unmatched,439,345,59,CA:66;FL:59;MA:51;NY:40;GA:27;NC:22;TX:20;SC:18,high
549300N3JBQ15RQ7AV97,,,,unmatched,1117,760,58,CA:603;FL:58;TX:45;NC:34;GA:12;PA:3;NJ:3;TN:2,high
549300O7SGM8FH65GQ47,,,,unmatched,104,66,58,FL:58;CA:2;GA:2;SC:1;TX:1;TN:1;NJ:1,high
549300DNWSJUNAWUM003,,,,unmatched,1221,674,57,NC:247;PA:92;SC:63;NY:60;FL:57;DC:34;CA:33;GA:23,high
54930063XGNMIXS57091,,,,unmatched,12659,6165,56,PA:3973;NJ:2136;FL:56,high
54930095UWUUXAWASB02,,,,unmatched,1764,1346,56,NC:673;SC:369;DC:148;FL:56;PA:53;GA:13;TX:12;TN:11,high
254900JZN2V0PWFMW808,,,,unmatched,1482,781,56,CA:615;FL:56;NC:52;TX:46;TN:8;SC:1;NY:1;PA:1,high
254900YA1AQXNM8QVZ06,,,,unmatched,501,386,56,CA:85;TX:59;FL:56;NY:34;GA:32;NC:29;TN:27;MA:21,high
549300AENO88GEUWCZ39,,,,unmatched,326,198,56,FL:56;CA:52;TX:34;SC:25;NC:12;TN:7;NJ:6;GA:4,high
549300R8VPSFM828B312,,,,unmatched,3737,2148,55,NY:1805;CA:177;FL:55;NJ:33;NC:19;PA:15;TX:13;TN:11,high
549300BXWU32AYWT1A56,,,,unmatched,1324,845,55,TX:257;NY:161;NJ:90;PA:86;CA:70;FL:55;GA:53;NC:28,high
98450058D88OE4463626,,,,unmatched,240,172,55,CA:60;FL:55;TX:22;NC:13;NJ:12;PA:5;GA:3;SC:1,high
6PTKHDJ8HDUF78PFWH30,,,,unmatched,183,151,55,FL:55;CA:35;TX:20;GA:8;NJ:7;NC:5;MA:5;NY:5,high
549300QVGK8WC4HQ3C28,,,,unmatched,1041,647,54,PA:185;TN:124;GA:109;NJ:99;FL:54;NC:31;SC:19;TX:12,high
549300AOB4S7B0DB7863,,,,unmatched,351,179,54,FL:54;NJ:20;GA:20;CA:18;DC:17;TX:16;NC:15;NY:10,high
5493005DKMV1IHIM8E20,,,,unmatched,3562,2453,52,PA:1700;NJ:555;FL:52;CA:47;NC:28;GA:26;SC:18;TN:10,high
549300BOXNV8VLRBDT24,,,,unmatched,1396,640,51,CA:220;TX:86;NC:59;FL:51;GA:45;TN:44;NJ:36;SC:35,high
5493004UNRG4PWDF2K60,,,,unmatched,3127,1780,49,NJ:1476;NY:106;PA:60;FL:49;NC:25;CA:19;SC:13;MA:10,high
549300KQHWNSVCE2MY88,,,,unmatched,785,540,49,TX:125;TN:91;NC:65;CA:58;GA:53;FL:49;SC:32;PA:20,high
549300LLESTPOVRG3X73,,,,unmatched,1155,409,49,CA:88;TX:55;FL:49;NC:47;NY:40;GA:28;TN:25;MA:23,high
549300GCEUZLVML1J263,,,,unmatched,2047,1612,48,MA:908;PA:474;NC:74;GA:66;FL:48;TX:26;SC:11;TN:3,high
54930039IUN6515TBG78,,,,unmatched,1662,1206,47,GA:517;NY:292;TX:167;NJ:103;CA:52;FL:47;PA:13;SC:5,high
254900YPPMV9UM5FUW09,,,,unmatched,903,624,47,NC:334;DC:91;GA:80;FL:47;TX:15;PA:15;TN:15;CA:11,high
549300UB5TJ0YPVPT503,,,,unmatched,2013,1352,46,CA:903;TX:215;TN:127;NC:48;FL:46;GA:9;SC:3;NJ:1,high
COINQMNIM6RBU631DD85,,,,unmatched,527,271,46,TX:71;FL:46;CA:32;TN:26;NC:26;GA:18;SC:17;PA:14,high
549300K6K2IS7FRS7S09,,,,unmatched,402,241,46,FL:46;TX:42;CA:31;NC:31;GA:20;SC:19;NJ:13;PA:13,high
549300TB3TMP4RV5T078,,,,unmatched,1255,974,45,MA:652;TX:189;FL:45;SC:33;PA:24;NJ:15;NC:14;TN:2,high
549300R4F5COFJE0DN81,,,,unmatched,1255,651,44,CA:531;FL:44;TX:33;TN:14;GA:9;NC:8;NJ:5;SC:4,high
5493000H6DFDDJRORG89,,,,unmatched,1568,501,44,CA:208;TX:79;NJ:60;FL:44;NC:43;SC:25;TN:22;MA:16,high
5493007L4GYNO2PUBS09,,,,unmatched,1340,486,44,TX:156;GA:146;PA:65;FL:44;NJ:35;CA:17;NC:13;SC:6,high
549300FFVDRROF85IC57,,,,unmatched,6081,468,43,TX:149;NY:106;PA:95;SC:54;FL:43;GA:12;NJ:9,high
254900P7WLDQD9IUL038,,,,unmatched,861,404,43,MA:184;FL:43;GA:41;NC:32;CA:29;SC:20;TN:13;TX:12,high
5493002N5168AC238149,,,,unmatched,3428,2499,42,NJ:2071;PA:289;FL:42;TX:26;NY:25;NC:17;SC:12;TN:9,high
549300HIVO8XPBPNVG69,,,,unmatched,397,254,42,CA:131;TX:57;FL:42;PA:12;NC:5;TN:5;NJ:1;SC:1,high
5493003X6Y6JGJKHPA25,,,,unmatched,1081,729,41,NY:609;FL:41;NJ:25;CA:16;PA:16;NC:8;SC:5;TN:4,high
549300T61O0X0RJMQ375,,,,unmatched,510,293,41,CA:55;TX:47;FL:41;NJ:39;NC:32;MA:20;TN:19;GA:16,high
549300MQEDQYDJR8CP22,,,,unmatched,622,268,41,FL:41;TX:41;GA:36;TN:27;CA:24;NJ:22;NY:22;PA:20,high
549300ASFUWYQO0RW077,,,,unmatched,354,277,40,NY:51;TX:49;FL:40;NJ:31;NC:26;PA:21;SC:19;GA:17,high
549300WK15ESCDNJ5M35,,,,unmatched,3114,2177,38,NC:1002;NY:787;PA:214;SC:112;FL:38;NJ:12;MA:7;TN:4,high
984500RF83EA742B5589,,,,unmatched,529,315,38,TX:49;TN:49;NJ:46;FL:38;CA:33;PA:28;NY:26;NC:20,high
549300DAUXQ2DCY4H838,,,,unmatched,1116,795,37,MA:674;NJ:68;FL:37;NC:8;PA:5;SC:3,high
5493009D2COWW65B8673,,,,unmatched,704,315,37,CA:250;FL:37;TX:7;SC:4;NY:4;TN:3;PA:3;DC:2,high
254900TM81D0YC1B9584,,,,unmatched,1308,1161,35,NY:576;PA:215;GA:204;NJ:60;FL:35;TX:29;NC:14;SC:12,high
549300HCNXMTNGIMAR91,,,,unmatched,1291,934,34,NY:244;NJ:232;MA:167;NC:67;GA:44;CA:41;DC:35;FL:34,high
2549009X2AG1P20YAJ63,,,,unmatched,1435,479,34,CA:299;NY:38;FL:34;TX:23;NJ:19;NC:13;GA:13;TN:13,high
254900378RFGMBEKAF12,,,,unmatched,538,315,34,NC:109;GA:38;TX:37;FL:34;SC:33;TN:32;CA:19;PA:7,high
549300JRDGV1559XM376,,,,unmatched,381,228,34,TX:59;TN:59;CA:45;FL:34;NC:21;GA:5;SC:3;NJ:2,high
549300ZOBXG0DT4I6U54,,,,unmatched,430,278,33,NJ:176;NY:45;FL:33;PA:16;TX:4;GA:1;NC:1;SC:1,high
593C3GZG957YOJPS2Z63,,,,unmatched,4770,2957,32,CA:2576;NY:146;TN:73;NJ:35;FL:32;TX:23;MA:16;GA:14,high
2549004CU9LAM5CYA280,,,,unmatched,960,668,32,NJ:315;TX:84;NC:80;PA:40;CA:40;FL:32;GA:29;SC:17,high
635400IW1QMK3FNFF894,,,,unmatched,1267,976,31,PA:652;NJ:226;FL:31;NC:22;SC:11;GA:10;DC:9;NY:5,high
549300YD7XJM19TH5O82,,,,unmatched,497,290,31,CA:124;TX:42;TN:38;FL:31;NC:25;GA:16;SC:6;MA:3,high
QGPGHQ1ENZOOLJRFTH41,,,,unmatched,1089,749,30,PA:657;FL:30;TN:22;DC:17;SC:10;NC:5;GA:3;TX:2,high
5493002QRULT2T40BH09,,,,unmatched,742,317,30,CA:186;TX:51;FL:30;TN:14;GA:10;NC:8;NJ:8;MA:3,high
549300I1HK1BBZLKOB84,,,,unmatched,396,275,30,TX:111;CA:55;FL:30;NY:27;NJ:17;NC:8;GA:8;SC:6,high
984500P059VACEAAFA22,,,,unmatched,625,372,28,TX:127;NC:111;CA:38;FL:28;GA:24;SC:19;TN:12;PA:10,high
549300OYEKEORA1GI088,,,,unmatched,1168,910,27,NC:659;TX:92;SC:80;TN:27;FL:27;GA:18;PA:4;CA:2,high
549300E4YLQ3BVQ4GW30,,,,unmatched,649,401,27,NY:182;CA:134;NJ:51;FL:27;MA:3;TX:2;GA:1;TN:1,high
5493002JA8HUVL2CRT33,,,,unmatched,431,289,27,NJ:87;PA:76;NC:56;FL:27;NY:19;TX:18;SC:3;GA:1,high
5493008VCYW25D52ZC98,,,,unmatched,1533,1018,26,NY:595;NJ:351;PA:43;FL:26;CA:3,high
549300VVH8HHFMWL8536,,,,unmatched,1662,1122,25,TX:529;CA:513;FL:25;TN:12;SC:9;NC:9;GA:9;PA:8,high
VNOO6EITDJ2YUEBMSZ83,,,,unmatched,413,200,25,TX:102;CA:52;FL:25;TN:5;NC:5;SC:4;MA:3;PA:2,high
549300BHPLBG0CXKTL06,,,,unmatched,2160,1466,24,PA:1409;FL:24;NC:17;CA:4;NJ:4;GA:3;SC:2;MA:1,high
HIDXEG9BLUJZKBGUT764,,,,unmatched,463,331,24,DC:220;FL:24;CA:20;NC:12;MA:11;PA:10;TX:8;NJ:8,high
549300EL87GZMCVX0Q34,,,,unmatched,887,646,23,NJ:563;NY:28;FL:23;PA:16;SC:5;TX:4;MA:3;NC:3,high
549300WRDGBHKR1BXL98,,,,unmatched,304,236,23,MA:146;FL:23;TX:13;NY:10;GA:10;TN:10;CA:10;NC:7,high
549300EFCZM6KD6B8K69,,,,unmatched,1491,1055,22,NJ:593;PA:165;TX:120;TN:32;NC:30;NY:30;FL:22;GA:20,high
5493006RIR31ORKYB608,,,,unmatched,889,617,22,CA:395;TX:133;TN:28;GA:27;FL:22;NC:3;SC:2;MA:2,high
549300ZTT08EKQRVTR15,,,,unmatched,746,502,22,NC:317;DC:96;FL:22;SC:20;PA:18;GA:11;TN:11;TX:3,high
549300RUKY2I2HQ2AI44,,,,unmatched,530,291,22,NJ:146;NY:86;PA:37;FL:22,high
254900I68BOSEM149Q58,,,,unmatched,756,534,21,TX:354;NC:85;CA:49;FL:21;GA:10;SC:5;NJ:5;DC:2,high
549300F1COXL6UBFCP55,,,,unmatched,553,498,21,NY:448;FL:21;NJ:19;TX:5;PA:3;NC:1;MA:1,high
2549005Q4HZ55QX7YC64,,,,unmatched,646,496,21,CA:249;TX:151;FL:21;NC:18;MA:14;DC:10;NJ:8;PA:7,high
549300SY0ZRUCS4CSY07,,,,unmatched,516,336,21,NY:86;NJ:63;CA:40;PA:33;DC:30;GA:25;FL:21;NC:16,high
5493006VCMZ998IGOO33,,,,unmatched,2297,1769,20,NJ:1223;SC:362;PA:115;NC:28;FL:20;GA:14;MA:3;TX:3,high
549300BRR67NLTQSBT29,,,,unmatched,1240,1091,20,NY:1062;FL:20;SC:4;NC:2;NJ:1;TX:1;DC:1,high
549300U4FBW37LFHW771,,,,unmatched,691,464,20,NY:258;NJ:165;FL:20;PA:6;CA:5;SC:4;TX:2;NC:2,high
549300S5FVOSK5DQJN30,,,,unmatched,423,310,20,CA:224;NC:33;TX:24;FL:20;TN:5;GA:3;NJ:1,high
254900U1OBL1MC6M6518,,,,unmatched,616,516,19,PA:364;NJ:82;TX:19;FL:19;NC:10;SC:6;TN:5;MA:4,high
2549001NJY765EZWDI06,,,,unmatched,683,432,19,NY:325;NJ:32;PA:20;MA:19;FL:19;TX:7;SC:5;NC:3,high
549300PXIFIEPL7D7R86,,,,unmatched,430,290,19,TN:123;NJ:66;TX:40;FL:19;GA:13;NC:8;SC:8;NY:7,high
5493008SP1FN4D81IS17,,,,unmatched,277,222,19,TX:79;CA:49;NC:30;FL:19;NJ:10;NY:8;TN:8;GA:6,high
549300MSU5WVAU4ZN645,,,,unmatched,4704,3327,18,PA:3102;SC:71;GA:59;NC:50;FL:18;TN:13;MA:8;NJ:3,high
549300IPUHFA5O769M51,,,,unmatched,924,712,18,CA:437;DC:125;TX:87;FL:18;TN:10;NC:8;GA:7;PA:6,high
5493009OLY1HC3F0SB77,,,,unmatched,405,256,18,MA:166;NY:67;FL:18;SC:3;NJ:2,high
549300N5GF79IZ5Y7G10,,,,unmatched,4324,2297,17,PA:1847;NJ:415;FL:17;SC:7;NY:5;NC:4;CA:2,high
549300IKS3MMB5YK6T18,,,,unmatched,1961,1386,17,CA:1195;NY:116;FL:17;NJ:12;GA:10;TX:9;NC:9;TN:8,high
2549003GSJF52BBIBW81,,,,unmatched,548,417,17,PA:365;NJ:35;FL:17,high
549300QY4UCP33T94N09,,,,unmatched,457,313,17,NY:240;PA:32;FL:17;NJ:15;SC:7;NC:1;MA:1,high
54930044OSTKOJMHF287,,,,unmatched,396,284,17,DC:145;PA:37;NC:31;FL:17;SC:13;NJ:9;NY:9;TX:6,high
FU7RSW4CQQY98A2O7J66,,,,unmatched,2615,1192,16,TX:1139;FL:16;CA:12;NC:10;GA:4;SC:3;TN:2;MA:2,high
549300MKOZ81ZWTNKB12,,,,unmatched,1561,1043,16,NC:419;SC:220;GA:197;DC:110;PA:77;FL:16;NJ:2;TX:2,high
337KMNHEWWWR6B7Q7W10,,,,unmatched,1283,1018,16,CA:535;TX:385;NY:24;FL:16;TN:14;NC:12;GA:11;PA:8,high
549300A0SVCQJPHVGV20,,,,unmatched,1020,713,16,TX:361;TN:309;FL:16;NJ:13;GA:7;PA:4;NC:3,high
549300XOOL3OJTITCV30,,,,unmatched,4331,2365,15,PA:2255;NJ:93;FL:15;SC:1;NC:1,high
549300NBFK4GO76FTE84,,,,unmatched,1970,1582,15,PA:1227;NY:320;FL:15;SC:12;TN:3;NC:3;NJ:2,high
549300PRAPL43XPYR044,,,,unmatched,1659,1057,15,CA:758;TX:212;GA:59;FL:15;NC:6;SC:3;NJ:3;DC:1,high
549300TCY9QY8BRDQJ12,,,,unmatched,1124,753,15,NY:546;NJ:85;TN:53;GA:16;FL:15;PA:14;NC:11;TX:6,high
2549008TT6UNYR7AXF54,,,,unmatched,1073,677,15,TX:487;CA:113;NC:33;FL:15;NJ:8;GA:8;TN:8;PA:3,high
549300FOXIQQV5UZD367,,,,unmatched,807,622,15,NC:467;SC:130;FL:15;DC:3;TN:3;GA:2;PA:1;NJ:1,high
WV0OVGBTLUP1XIUJE722,,,,unmatched,2559,1435,14,MA:616;NY:564;NJ:215;PA:21;FL:14;CA:3;SC:1;DC:1,high
254900L0MIAM922ZEC34,,,,unmatched,1338,872,14,PA:773;NJ:82;FL:14;NC:1;SC:1;TN:1,high
254900IRE136HFEI2562,,,,unmatched,393,254,14,NY:188;NJ:22;CA:17;FL:14;MA:4;NC:3;PA:3;TN:2,high
549300TQWW6MLVH6KY61,,,,unmatched,2680,1678,13,NC:1562;GA:46;SC:33;FL:13;PA:11;NJ:10;CA:2;DC:1,high
549300LBK5BTNFKZJD14,,,,unmatched,2275,1622,13,PA:1531;NJ:66;FL:13;SC:6;NC:3;NY:2;GA:1,high
549300SYR11CYON0JE74,,,,unmatched,821,619,13,MA:597;FL:13;SC:4;NJ:2;NC:2;PA:1,high
549300DW87L2IZ7ZHF47,,,,unmatched,745,438,13,NJ:283;NY:78;PA:37;TX:17;FL:13;NC:5;GA:2;SC:2,high
549300R22XCNNGVXRO22,,,,unmatched,494,393,13,PA:211;NY:117;NJ:50;FL:13;TX:1;DC:1,high
VN1JLT1F3FLLVN3FZG89,,,,unmatched,5429,3244,12,PA:3223;FL:12;NC:3;GA:2;TX:1;TN:1;NJ:1;SC:1,high
549300DMHEHNYZ2OLB41,,,,unmatched,4106,2647,12,TX:2615;FL:12;CA:6;TN:2;SC:2;GA:2;MA:2;PA:2,high
549300NZ2IPWRMLAYZ30,,,,unmatched,459,319,12,NY:256;MA:35;FL:12;NJ:6;SC:4;NC:3;PA:2;GA:1,high
254900ZELVKWROFNEC29,,,,unmatched,599,384,11,PA:297;NJ:53;GA:11;FL:11;NC:6;MA:2;CA:2;TN:1,high
549300NWYTCEH9RSSW54,,,,unmatched,2322,1197,10,NY:1182;FL:10;NC:4;NJ:1,high
549300MUTFJQGRZJH019,,,,unmatched,783,549,10,MA:530;FL:10;SC:5;NC:2;NJ:1;CA:1,high
5493000OM9RKJW8W5K82,,,,unmatched,3811,2739,9,CA:2287;GA:196;TN:176;SC:33;TX:18;NC:16;FL:9;PA:3,high
54930062IKKOJW3K8L94,,,,unmatched,4283,2486,9,PA:2241;NJ:236;FL:9,high
549300BTTR873E71L054,,,,unmatched,1877,1442,9,NC:752;SC:311;PA:187;TX:172;FL:9;GA:7;TN:3;NJ:1,high
549300LR1ZETOWYE9Z89,,,,unmatched,978,628,9,MA:530;NY:84;FL:9;NJ:4;SC:1,high
5493004NH61PL6YYNH25,,,,unmatched,2439,1293,8,NJ:1180;NY:56;PA:48;FL:8;TN:1,high
5493001CM06UK2XY3I18,,,,unmatched,1724,1023,8,PA:949;NJ:63;FL:8;SC:1;NY:1;GA:1,high
5493009Y8ROUG903AQ21,,,,unmatched,1198,906,8,CA:849;TX:9;NY:8;FL:8;PA:7;GA:6;MA:5;NC:5,high
R7JQ9JTCFHXBQU4XIT26,,,,unmatched,1144,719,8,PA:628;NJ:78;FL:8;GA:2;NC:1;TX:1;TN:1,high
5493003B2LEGQHDWRN55,,,,unmatched,1178,696,8,MA:652;NJ:9;CA:9;FL:8;NC:8;SC:5;GA:3;PA:1,high
549300DT7WZ1SOTNFJ62,,,,unmatched,750,414,8,CA:379;TX:14;FL:8;TN:3;NC:3;GA:3;PA:2;SC:1,high
549300BTFTXJ72LSIY30,,,,unmatched,256,256,8,NJ:197;PA:51;FL:8,high
549300DYB1ZT3UOGPL20,,,,unmatched,2431,1347,7,PA:1161;NJ:176;FL:7;SC:2;NC:1,high
54930002O9LLXKR6TF11,,,,unmatched,1398,849,7,CA:774;TX:21;GA:20;TN:12;FL:7;PA:5;NC:5;SC:3,high
549300F570XAWYN8Z237,,,,unmatched,1060,748,7,NY:494;CA:111;NJ:71;GA:16;PA:14;TX:13;NC:9;FL:7,high
549300YM15OICCNPH537,,,,unmatched,349,248,7,NJ:171;NY:45;PA:12;FL:7;NC:4;GA:4;SC:3;TN:2,high
DZC62HF6UIZYJ08V1J90,,,,unmatched,6952,4550,6,PA:3211;NJ:1233;DC:70;NC:24;FL:6;SC:4;NY:1;TN:1,high
MCXHCL35UUWDZK7NCQ61,,,,unmatched,3855,2469,6,PA:2442;NJ:15;FL:6;SC:2;GA:2;MA:1;TN:1,high
549300ZGZ9WQMJLEPH17,,,,unmatched,2087,1766,6,NY:1691;NJ:61;PA:8;FL:6,high
5493006KQF5UKZ3Y9N07,,,,unmatched,1432,1107,6,TX:1094;FL:6;GA:3;TN:2;SC:1;NJ:1,high
5493002PR22PLR6S8J02,,,,unmatched,978,761,6,PA:743;NJ:9;FL:6;NC:2;NY:1,high
5493005ZSV53K4M63M18,,,,unmatched,505,439,6,NY:351;PA:61;NJ:15;FL:6;NC:3;SC:2;CA:1,high
549300FNQXUCMCVLKL76,,,,unmatched,515,379,6,NJ:325;PA:27;NY:20;FL:6;MA:1,high
5493009RSCJ6Y7LUWJ31,,,,unmatched,242,242,6,PA:192;CA:11;NJ:9;TX:8;NC:7;FL:6;GA:4;TN:3,high
549300SWKVL60SKWK981,,,,unmatched,10931,6402,5,PA:6367;NJ:18;SC:5;NC:5;FL:5;GA:1;NY:1,high
5493000GQ5D5YW5QID32,,,,unmatched,1727,1420,5,PA:1400;NJ:14;FL:5;SC:1,high
54930089Y8VTOF8RPD25,,,,unmatched,898,679,5,NJ:538;PA:132;FL:5;NC:2;SC:2,high
5493004F7BXDIUFVPV87,,,,unmatched,2530,1576,4,CA:1531;TX:20;NC:11;FL:4;NJ:2;GA:2;PA:2;TN:2,high
549300OTLWFQPOOSC346,,,,unmatched,649,513,4,MA:496;NY:5;NJ:5;FL:4;PA:3,high
549300KRHOMDHAKS8L29,,,,unmatched,1081,469,4,NC:292;SC:153;NJ:12;GA:6;FL:4;PA:2,high
549300N6U5XCH70TOK35,,,,unmatched,610,458,4,NJ:424;NY:15;PA:8;NC:5;FL:4;TN:1;MA:1,high
6UHRKD73G36IZYN3FC43,,,,unmatched,379,316,4,PA:231;NY:63;NJ:11;CA:4;FL:4;SC:2;NC:1,high
5493005CFFMKTUKLO381,,,,unmatched,1538,1195,3,PA:1188;NJ:3;FL:3;SC:1,high
549300PJX0ZHPQ614C72,,,,unmatched,1505,1019,3,PA:915;NJ:84;NY:16;FL:3;DC:1,high
54930060KLIQD8MMSB55,,,,unmatched,1222,888,3,PA:880;FL:3;NJ:2;NY:1;DC:1;SC:1,high
2549006MTEQ1VE0AAQ20,,,,unmatched,1221,845,3,GA:763;SC:74;NC:4;FL:3;NJ:1,high
254900PQLW7K91KOVU18,,,,unmatched,789,472,3,PA:431;NJ:37;FL:3;NY:1,high
549300GMP8EYQD4U6Z40,,,,unmatched,465,384,3,PA:350;NJ:30;FL:3;NY:1,high
549300D3LYUX1NJVC329,,,,unmatched,574,369,3,CA:356;TN:5;FL:3;TX:3;NJ:1;PA:1,high
549300DT7CCDCC7O6Z60,,,,unmatched,493,341,3,CA:314;TX:10;TN:5;SC:5;FL:3;NJ:1;MA:1;GA:1,high
549300S70UD2GFALPM46,,,,unmatched,392,303,3,NJ:275;PA:16;NY:8;FL:3;SC:1,high
549300W20M87S246SZ26,,,,unmatched,335,262,3,PA:234;NJ:15;NC:4;SC:3;FL:3;TX:1;GA:1;TN:1,high
549300IRXW9RSZM2B951,,,,unmatched,366,253,3,TN:173;MA:29;NY:22;TX:10;CA:7;NC:4;FL:3;DC:2,high
984500B659A36CF0D469,,,,unmatched,314,246,3,NJ:208;NY:31;PA:3;FL:3;TX:1,high
549300KPHGEE40YQXO21,,,,unmatched,459,244,3,CA:148;TX:52;NJ:11;TN:10;NY:7;GA:5;FL:3;PA:3,high
549300E0S1LZYZ9QNX81,,,,unmatched,412,242,3,TN:218;GA:19;FL:3;NJ:1;NC:1,high
254900SK7KTN4QNPHP32,,,,unmatched,1162,886,2,PA:781;NY:94;NJ:9;FL:2,high
549300GZN0GWYE1KDB94,,,,unmatched,861,699,2,PA:617;NJ:68;NY:11;FL:2;GA:1,high
549300VACYYK343SKH92,,,,unmatched,852,648,2,NJ:643;SC:2;FL:2;NY:1,high
549300TR6MWKSIOP3B72,,,,unmatched,972,605,2,MA:528;NY:73;FL:2;NJ:1;GA:1,high
5493003B20KZ3DEZGB43,,,,unmatched,877,574,2,NY:297;CA:239;NJ:34;FL:2;NC:1;GA:1,high
5493001GAASLCSP1PB64,,,,unmatched,675,486,2,NY:315;CA:125;DC:34;NJ:7;MA:3;FL:2,high
549300QPD4M26VIOFU53,,,,unmatched,543,468,2,NY:260;CA:120;NJ:82;TX:3;FL:2;MA:1,high
254900FMBXF85WQYV433,,,,unmatched,349,263,2,NY:223;NJ:12;CA:11;DC:5;MA:4;PA:2;NC:2;FL:2,high
549300SI3EZ7U02L5E39,,,,unmatched,313,211,2,NJ:135;NC:58;PA:6;GA:3;CA:2;TN:2;SC:2;FL:2,high
549300GMXZWXNOS1US34,,,,unmatched,333,206,2,NJ:195;PA:4;FL:2;GA:2;NY:2;SC:1,high
5493005RDTT7HVODH436,,,,unmatched,6564,4498,1,NY:3851;PA:591;MA:54;FL:1;NJ:1,high
549300Q9TCZDLU48CG18,,,,unmatched,1478,984,1,PA:943;NJ:40;FL:1,high
549300PBL633P0UGLP11,,,,unmatched,1072,816,1,PA:813;NJ:2;FL:1,high
549300L3C3LKXG2XBS96,,,,unmatched,1023,786,1,PA:739;NJ:46;FL:1,high
549300DQW5P73YGBL063,,,,unmatched,830,753,1,PA:750;NJ:2;FL:1,high
549300I3LFY4G7F9CE90,,,,unmatched,895,605,1,SC:580;NC:13;GA:10;NJ:1;FL:1,high
254900C44LTMSEGQ5K05,,,,unmatched,988,537,1,NY:532;NJ:2;NC:1;MA:1;FL:1,high
549300A4SPX2JOQ71791,,,,unmatched,551,524,1,PA:493;NJ:26;SC:2;NC:2;FL:1,high
549300S5NLOTO329NX77,,,,unmatched,551,493,1,NY:409;NJ:56;MA:22;PA:5;FL:1,high
5493001E3OD1D4Y8KX63,,,,unmatched,455,380,1,PA:356;NJ:20;NY:1;SC:1;FL:1;NC:1,high
254900VXX8ZL7L9EX282,,,,unmatched,428,374,1,PA:357;NJ:16;FL:1,high
549300YYJWBT2GH5DS80,,,,unmatched,483,294,1,NJ:286;PA:7;FL:1,high
549300J0CKZA0PR2DX58,,,,unmatched,288,208,1,PA:197;NJ:5;DC:3;SC:2;FL:1,high
549300RMEQJVNY2YH756,,,,unmatched,202,200,1,PA:179;NJ:20;FL:1,high
F28JOQ8OBWCFUYM0UX93,,,,unmatched,6740,4803,0,CA:3261;NY:799;MA:268;GA:247;TX:225;NJ:2;NC:1,high
549300TDVGWRELEO5F50,,,,unmatched,3883,2068,0,NY:1022;NJ:825;PA:221,high
549300T7DF901BR7V258,,,,unmatched,3654,1842,0,NY:1841;NJ:1,high
549300ASIS4D2QDWH380,,,,unmatched,2764,1808,0,TX:1806;TN:1;NJ:1,high
254900Q6YS0NMCYAH669,,,,unmatched,2087,1555,0,NY:1209;PA:342;NJ:4,high
FT6J43S06X6CLJ0R0B48,,,,unmatched,2014,1480,0,NY:757;CA:616;NJ:50;MA:31;TX:26,high
2549006T9J2DMLJVRS64,,,,unmatched,3063,1170,0,NY:867;NJ:281;PA:22,high
254900641GGR26VXNC67,,,,unmatched,1493,1069,0,NY:1061;PA:7;NJ:1,high
5493005LKFCLR81TSN28,,,,unmatched,1557,867,0,NJ:850;PA:17,high
25490053H6JWQDX4RM47,,,,unmatched,1291,849,0,PA:846;NJ:3,high
5493008E3WZYM5146L29,,,,unmatched,855,610,0,PA:606;NJ:2;NC:1;SC:1,high
549300IYKILIU506KA05,,,,unmatched,825,573,0,MA:571;NJ:1;PA:1,high
5493007ZNQ6MSZ2J3966,,,,unmatched,942,528,0,PA:521;NJ:6;GA:1,high
549300BN4MNW5KE16X83,,,,unmatched,862,480,0,NJ:292;NY:178;PA:10,high
5493001K7B4W8IPMZ254,,,,unmatched,419,419,0,CA:397;NJ:18;TX:3;GA:1,high
549300JNYMHRVCGKK706,,,,unmatched,548,379,0,PA:337;NJ:42,high
5493006F1L6NRWMNY260,,,,unmatched,510,374,0,NY:358;NJ:16,high
5493002P6EVQ94HFYF14,,,,unmatched,816,362,0,NJ:358;PA:4,high
5493001FKX0BM8GN6P73,,,,unmatched,497,356,0,NY:126;NJ:79;CA:74;PA:50;GA:17;TX:10,high
PINLJ7T7GLTF48NFP863,,,,unmatched,444,350,0,MA:293;NY:40;CA:13;DC:3;NJ:1,high
549300GJHCU3PV11PY25,,,,unmatched,420,337,0,PA:334;NJ:2;NC:1,high
5493005LWLLN6G3XQP35,,,,unmatched,493,324,0,CA:242;NY:76;NJ:6,high
549300APYWQYO3RLT772,,,,unmatched,417,316,0,NJ:316,high
5493008HV53MEILG2D59,,,,unmatched,332,307,0,PA:274;NJ:25;NY:7;NC:1,high
549300I8I7EBXHMYYW54,,,,unmatched,438,305,0,PA:300;NJ:4;CA:1,high
549300UWA74T8PF7KY34,,,,unmatched,451,276,0,NY:271;NJ:5,high
549300NP3DNB1K9Z8513,,,,unmatched,579,261,0,NJ:244;PA:17,high
549300RXD00V454J4078,,,,unmatched,316,221,0,PA:211;NY:9;NJ:1,high
7G95BGMCIZTO8KTOM640,,,,unmatched,330,207,0,NJ:183;NY:23;PA:1,high
549300B201Z415GE5E85,,,,unmatched,242,201,0,NJ:201,high
FDXQ75GPEQKRPWABYN63,,,,unmatched,192,153,49,FL:49;CA:36;TX:15;GA:11;MA:10;NY:8;NC:8;SC:5,medium
549300BKWR5OM8PWIN62,,,,unmatched,251,193,48,NC:91;FL:48;PA:26;DC:15;NJ:9;SC:4,medium
549300YDBNK66R6ZES34,,,,unmatched,271,140,43,FL:43;TX:23;GA:18;CA:17;NY:12;NJ:11;NC:7;SC:3,medium
549300ID4RCRD8BXYH30,,,,unmatched,217,171,41,CA:95;FL:41;TX:16;DC:8;PA:4;NJ:3;GA:2;MA:1,medium
549300HINJH60UG3KG47,,,,unmatched,223,191,38,NC:41;FL:38;GA:28;TX:25;CA:21;PA:10;NY:10;SC:6,medium
5493004K0Z4RFJSPYT52,,,,unmatched,231,127,38,FL:38;GA:16;NC:14;CA:13;PA:12;TN:12;TX:12;SC:6,medium
54930053KPO7OG48FP72,,,,unmatched,292,186,34,PA:146;FL:34;CA:3;TN:1;NJ:1;GA:1,medium
WKN6AF1FCL7BBYGTGI83,,,,unmatched,372,167,34,FL:34;CA:31;GA:24;NC:22;TN:20;SC:13;NJ:11;PA:6,medium
549300W4FT4H1UWPGU95,,,,unmatched,160,98,31,FL:31;TN:14;TX:13;CA:8;NC:7;SC:6;GA:6;NJ:4,medium
254900HO9WPE4LTLQU96,,,,unmatched,278,117,26,TX:51;FL:26;CA:11;TN:7;GA:7;NC:5;PA:4;MA:4,medium
2549007AU24FVDMNUB40,,,,unmatched,840,172,25,CA:43;GA:29;FL:25;NC:19;NJ:16;NY:14;SC:8;PA:8,medium
984500FAD1FB7FEGTE82,,,,unmatched,390,172,25,NC:30;TX:27;GA:25;FL:25;CA:23;TN:12;MA:10;NJ:9,medium
549300F6Y1YO2YXN6135,,,,unmatched,184,178,24,CA:44;TX:32;FL:24;MA:18;GA:15;TN:14;NJ:11;NC:10,medium
549300NZWZUYUWEOA562,,,,unmatched,177,97,24,FL:24;NC:16;GA:10;TX:7;NY:7;SC:7;MA:6;CA:6,medium
254900HIDMT4ZG09RP47,,,,unmatched,187,130,23,TX:26;GA:24;FL:23;NC:20;TN:13;PA:9;CA:8;NJ:6,medium
7DMUJTL9FFTVIAG9H788,,,,unmatched,125,75,22,TX:23;FL:22;CA:12;PA:5;SC:3;NY:3;NC:2;NJ:2,medium
549300DQLGJ1YQRRHH73,,,,unmatched,299,193,21,TX:133;FL:21;CA:13;GA:10;TN:8;MA:2;PA:2;NC:2,medium
549300TULDV69V2XKY60,,,,unmatched,237,161,21,CA:55;DC:21;FL:21;NC:12;PA:11;GA:11;NJ:8;SC:8,medium
549300C04BJ0G297NC13,,,,unmatched,313,143,21,TX:26;FL:21;CA:18;PA:16;NC:15;NY:13;NJ:10;TN:7,medium
549300JGMQJ4R419LR70,,,,unmatched,248,185,19,TX:45;CA:44;FL:19;PA:18;NY:15;NJ:12;GA:9;SC:7,medium
549300X6ESK4SUBRYL85,,,,unmatched,63,48,19,FL:19;TX:12;GA:4;CA:3;NY:2;NJ:2;NC:2;DC:2,medium
3T5M8FX6V6B82KVKOB17,,,,unmatched,32,32,19,FL:19;NY:12;NJ:1,medium
254900EZRN0CBEP77K34,,,,unmatched,421,190,18,DC:38;CA:31;FL:18;NC:17;TX:15;SC:14;GA:12;NJ:12,medium
549300YIBRM1ZYA6GT07,,,,unmatched,257,173,18,MA:150;FL:18;SC:2;NY:1;NC:1;NJ:1,medium
54930032OCUOR526IR93,,,,unmatched,188,111,18,GA:24;PA:21;FL:18;TN:10;NC:9;CA:7;TX:7;MA:5,medium
9845006DE3H5E9VA4012,,,,unmatched,122,41,18,FL:18;TX:8;CA:6;GA:2;NY:2;TN:2;NJ:1;PA:1,medium
549300XAJENHWRM32Z86,,,,unmatched,39,34,18,FL:18;GA:4;SC:3;TX:3;NJ:2;CA:1;NC:1;PA:1,medium
549300C1ICNCM0V37Y02,,,,unmatched,56,56,17,FL:17;TX:14;TN:9;CA:4;NC:3;GA:3;SC:2;NJ:2,medium
2549008G9SP4WM32NN96,,,,unmatched,55,39,17,FL:17;NJ:12;CA:6;GA:2;TX:1;NC:1,medium
5493004XJV6Y8XQYPX87,,,,unmatched,196,104,16,PA:72;FL:16;NC:8;SC:5;NJ:3,medium
549300B2JJHSM77T5Y41,,,,unmatched,214,104,16,GA:50;FL:16;TX:10;SC:9;TN:6;CA:4;NJ:3;NC:2,medium
5493002WVA17MT4UFH84,,,,unmatched,218,96,16,TX:26;CA:19;FL:16;PA:8;GA:7;TN:4;NC:4;SC:4,medium
5493004R423PBPM6A173,,,,unmatched,234,157,15,TX:37;GA:23;TN:20;NJ:19;FL:15;NC:14;SC:9;CA:8,medium
549300ZD18AVSD0OG331,,,,unmatched,146,122,15,NJ:105;FL:15;PA:2,medium
549300SQKZC6HESYGO25,,,,unmatched,344,103,15,CA:27;FL:15;NJ:12;NC:11;PA:9;NY:9;GA:8;TN:4,medium
5493007BX4I89K17ZM64,,,,unmatched,82,57,15,CA:25;FL:15;TX:9;NC:3;PA:2;NJ:2;GA:1,medium
549300LLQD0X2OTG0Y27,,,,unmatched,398,170,14,MA:77;NC:16;TX:15;SC:15;FL:14;PA:12;CA:7;TN:6,medium
549300TTPRGSP8DGY569,,,,unmatched,214,146,14,DC:55;CA:20;FL:14;NC:11;NJ:10;PA:8;TX:7;GA:7,medium
549300X08QKYUH256I80,,,,unmatched,158,144,14,GA:77;TX:38;FL:14;CA:5;TN:5;SC:2;PA:1;NC:1,medium
549300X03SL4SM0F3U87,,,,unmatched,154,122,14,NJ:82;NY:21;FL:14;PA:5,medium
549300D2OYT7VTDY6Z20,,,,unmatched,193,110,14,NJ:48;FL:14;GA:11;NC:11;CA:8;PA:6;DC:4;NY:3,medium
549300RJ5S2V4F8C4H36,,,,unmatched,71,65,14,NY:44;FL:14;NJ:3;PA:2;DC:1;SC:1,medium
549300337GB2P1WP7003,,,,unmatched,45,38,14,FL:14;GA:7;TX:6;NC:4;SC:3;DC:1;NJ:1;CA:1,medium
549300NLJI4QKZ3D0G94,,,,unmatched,271,156,13,CA:125;FL:13;TX:11;NC:2;GA:2;TN:2;NJ:1,medium
549300IBT3SCF2K09D58,,,,unmatched,135,120,13,CA:34;GA:16;TX:15;FL:13;PA:10;NC:10;TN:8;MA:5,medium
B94HV8SXGDD3J5XESU08,,,,unmatched,110,43,13,NY:15;FL:13;PA:4;SC:3;NJ:3;TN:2;CA:1;TX:1,medium
5493008E4KBJCB6UKR64,,,,unmatched,312,198,12,CA:123;GA:24;FL:12;TX:12;NC:7;PA:7;TN:6;SC:5,medium
5493007Z7FTUKQGFMZ98,,,,unmatched,262,170,12,TX:44;NY:30;GA:28;FL:12;NJ:11;NC:11;PA:10;CA:9,medium
549300S347HTLHLOC775,,,,unmatched,1303,114,12,NY:38;PA:28;NJ:28;FL:12;SC:5;NC:1;GA:1;MA:1,medium
B2S31CFVSWTN3FR00Q90,,,,unmatched,58,57,12,NJ:13;FL:12;CA:9;TX:5;NY:4;GA:3;MA:3;TN:3,medium
254900T8N4RLS6G3BF64,,,,unmatched,191,97,11,CA:35;TX:28;FL:11;NY:6;NJ:4;SC:4;TN:4;DC:2,medium
5493001QR7MEE12WC276,,,,unmatched,144,90,11,NY:63;FL:11;NJ:9;PA:5;NC:2,medium
549300I43FC7P0IJMR13,,,,unmatched,138,87,11,GA:24;CA:19;FL:11;TX:11;PA:11;NC:4;SC:4;NJ:3,medium
549300KR4ZW8KJC82O47,,,,unmatched,102,77,11,TX:27;TN:13;FL:11;NC:6;GA:5;NY:4;NJ:3;CA:3,medium
549300I3HDJ5QJNFPZ87,,,,unmatched,116,60,11,TX:16;CA:13;FL:11;NJ:8;GA:7;NC:5,medium
5493000WAJ1FMTFL5D75,,,,unmatched,798,41,11,FL:11;GA:8;PA:6;TX:5;NJ:4;TN:4;CA:3,medium
549300C4J510S9L1RF98,,,,unmatched,51,40,11,FL:11;CA:10;TX:6;GA:3;SC:3;PA:2;NC:2;MA:1,medium
549300FZJCP0WM3QJH15,,,,unmatched,213,189,10,NJ:110;NY:59;FL:10;PA:7;SC:2;NC:1,medium
549300KT5OWPGQKWUN86,,,,unmatched,204,163,10,MA:99;PA:22;TX:16;NJ:14;FL:10;CA:1;NY:1,medium
549300O5WDIJU8S7OI05,,,,unmatched,115,86,10,TX:48;FL:10;GA:9;SC:5;PA:3;NJ:3;TN:2;DC:2,medium
254900BDGU9FU91PQA51,,,,unmatched,70,37,10,FL:10;GA:9;PA:6;MA:5;TN:2;NJ:2;TX:1;NC:1,medium
549300FKEPZ2QELUY416,,,,unmatched,96,31,10,FL:10;TX:7;NC:4;CA:4;SC:1;PA:1;DC:1;GA:1,medium
549300OGIGNKGO2DX942,,,,unmatched,268,174,9,TN:89;CA:17;GA:14;PA:13;NC:11;NJ:9;FL:9;TX:9,medium
5493000JFVFQFL816N45,,,,unmatched,228,102,9,TX:63;NC:10;FL:9;SC:6;CA:5;TN:3;GA:3;NY:2,medium
54930063578UDYE3JR69,,,,unmatched,187,90,9,NC:32;PA:29;TN:14;FL:9;SC:4;NJ:2,medium
549300ELLMUEKP1JHB70,,,,unmatched,87,82,9,TX:27;CA:16;NJ:16;GA:9;FL:9;NC:2;DC:2;SC:1,medium
549300KUIZTYQRC0R888,,,,unmatched,95,52,9,TX:12;FL:9;NY:6;GA:5;PA:4;MA:4;NC:3;NJ:3,medium
549300DH8EI64ITBY388,,,,unmatched,168,147,8,CA:26;TX:25;NC:17;PA:16;NY:13;SC:11;TN:10;GA:9,medium
254900KI7219LQKCI772,,,,unmatched,107,74,8,TX:24;CA:17;FL:8;NC:6;SC:6;TN:4;NY:3;NJ:2,medium
549300JQALY53TH22D13,,,,unmatched,90,74,8,TX:21;CA:13;FL:8;TN:7;NC:7;PA:4;SC:3;NY:3,medium
254900IU2EZH8TXNXE23,,,,unmatched,85,71,8,NY:41;TX:9;FL:8;CA:6;NJ:6;PA:1,medium
5493002QP2ONO47G5R24,,,,unmatched,179,147,7,PA:116;FL:7;TX:6;NJ:4;CA:4;GA:3;TN:2;NC:2,medium
549300217ZPIHWEYT887,,,,unmatched,141,131,7,MA:100;NY:8;FL:7;NC:7;NJ:5;TN:1;PA:1;GA:1,medium
549300NWKILSNQAIG053,,,,unmatched,248,107,7,NC:45;TX:38;FL:7;GA:7;TN:3;PA:2;NJ:2;SC:2,medium
254900CX4A85W20A2X77,,,,unmatched,114,61,7,CA:37;FL:7;NJ:7;NC:5;GA:2;TX:2;NY:1,medium
549300KJKBXR3PD3QQ56,,,,unmatched,189,133,6,NC:54;SC:31;PA:27;GA:14;FL:6;NJ:1,medium
984500C6D3DC0BE5E321,,,,unmatched,120,97,6,GA:37;PA:16;NC:13;TN:13;FL:6;SC:5;TX:4;NJ:2,medium
5493002G4JO4BZ22MC13,,,,unmatched,144,87,6,PA:17;TN:11;CA:10;TX:10;GA:9;NC:8;NJ:8;FL:6,medium
549300RFPLMCMJL7BS81,,,,unmatched,87,78,6,NC:17;GA:15;CA:14;TX:10;TN:6;FL:6;SC:3;PA:3,medium
549300VMVKSQE1B7DD43,,,,unmatched,88,61,6,MA:46;FL:6;NC:4;SC:3;NJ:1;TX:1,medium
5493005OOIYF660YQO46,,,,unmatched,158,130,5,NJ:73;PA:41;NY:11;FL:5,medium
549300VGZHXNY2T0G559,,,,unmatched,156,101,5,PA:83;NJ:11;FL:5;SC:1;GA:1,medium
254900KKWIJLOTNP7667,,,,unmatched,102,94,5,NY:43;TX:16;CA:12;MA:6;FL:5;NJ:4;SC:3;NC:2,medium
549300LP0CV2MNC1GV68,,,,unmatched,67,54,5,GA:20;TX:10;TN:6;FL:5;PA:3;SC:3;CA:2;NJ:2,medium
549300AEULLVYD8L9B04,,,,unmatched,86,76,4,NY:15;CA:15;PA:9;TX:8;NJ:8;GA:8;FL:4;MA:3,medium
549300YS4CB1171BRJ08,,,,unmatched,92,63,4,NJ:46;PA:13;FL:4,medium
254900MWCJLSHMSYCL19,,,,unmatched,290,197,3,NY:192;FL:3;PA:1;NJ:1,medium
549300GJ4HU1Z8P2M254,,,,unmatched,239,190,3,PA:170;NJ:17;FL:3,medium
549300P1347BFCBHJV60,,,,unmatched,260,171,3,MA:138;CA:13;TX:5;GA:4;FL:3;NJ:3;NY:2;PA:2,medium
254900ZPR9P3OI95VG04,,,,unmatched,188,150,3,NY:146;FL:3;NJ:1,medium
549300US45HOXL30J494,,,,unmatched,183,121,2,NJ:89;PA:14;CA:7;NC:5;FL:2;SC:1;NY:1;GA:1,medium
549300V4GRCFGZBVVZ73,,,,unmatched,267,121,2,NJ:116;FL:2;NY:2;PA:1,medium
54930047YMR4VOMFGS35,,,,unmatched,168,118,2,PA:112;NJ:2;FL:2;NC:2,medium
549300GIVX5W7UETD809,,,,unmatched,178,103,2,CA:99;FL:2;NJ:1;TX:1,medium
549300RKVDUINI2A8Y77,,,,unmatched,155,86,2,NJ:71;PA:8;NC:3;FL:2;CA:1;MA:1,medium
549300YQJU3WVKMRXR40,,,,unmatched,110,85,2,NY:77;NJ:6;FL:2,medium
5493003XLOX5FDT9R120,,,,unmatched,108,79,2,NJ:71;PA:3;FL:2;SC:1;NY:1;NC:1,medium
549300GK8CWYLPIWOV65,,,,unmatched,89,53,2,NY:47;NJ:4;FL:2,medium
549300AX5UMUZ61L1X54,,,,unmatched,263,189,1,PA:152;NJ:14;NY:9;NC:5;SC:5;GA:1;TX:1;FL:1,medium
5493000SW5GLNL7VNX12,,,,unmatched,199,182,1,PA:164;NJ:14;NC:1;SC:1;FL:1;NY:1,medium
549300D2IR01BV6NPA49,,,,unmatched,149,111,1,NJ:106;PA:4;FL:1,medium
5493004LYI6NSVMGYH15,,,,unmatched,113,90,1,GA:61;NY:16;NC:3;TX:3;PA:2;NJ:2;TN:1;FL:1,medium
549300K0ZDYG8YJZ3L95,,,,unmatched,129,87,1,NY:58;NJ:25;PA:3;FL:1,medium
549300L7OFUBO6FHY884,,,,unmatched,72,66,1,PA:54;NJ:9;GA:2;FL:1,medium
549300HG6U7GIJKDOO88,,,,unmatched,95,60,1,NY:53;NJ:6;FL:1,medium
254900BD5NFQPLWIEE89,,,,unmatched,55,55,1,NJ:48;NY:3;PA:3;FL:1,medium
549300EZ060LDD77JC03,,,,unmatched,245,198,0,NY:163;CA:14;NJ:14;GA:4;TX:3,medium
549300CGVVMPTCK0QG77,,,,unmatched,344,192,0,NJ:190;PA:2,medium
9845001ADACA7A75EE02,,,,unmatched,339,183,0,PA:162;NC:12;NJ:9,medium
549300W2DSERWC01YR18,,,,unmatched,223,169,0,NY:167;PA:1;NJ:1,medium
549300J1354ZHZC8JP58,,,,unmatched,201,163,0,NJ:151;PA:11;TX:1,medium
5493006VI8ZWLFWG2K57,,,,unmatched,214,154,0,NJ:154,medium
2549000UEC0BWG8F1402,,,,unmatched,237,143,0,NJ:143,medium
549300E5GFWPFRJR4I76,,,,unmatched,197,142,0,PA:141;NJ:1,medium
5493003DHZPFGQQJCU86,,,,unmatched,166,138,0,NJ:138,medium
54930072UFREQ9ZZRG80,,,,unmatched,156,137,0,CA:133;NY:3;NJ:1,medium
549300AAWFEC6CRH6N89,,,,unmatched,134,134,0,CA:133;NJ:1,medium
549300TR6SGFPJQYJS20,,,,unmatched,154,118,0,NJ:118,medium
549300JD1162QW84ZO34,,,,unmatched,146,113,0,NY:53;MA:24;PA:20;NJ:12;SC:4,medium
549300TZDKJ07KL8T621,,,,unmatched,167,106,0,NY:100;NJ:4;MA:2,medium
549300VW4CUMQW09U139,,,,unmatched,107,106,0,NJ:99;PA:7,medium
254900CUWSNZ9IXV1Z27,,,,unmatched,109,102,0,NY:87;NJ:15,medium
254900TW0BIDE6JENM80,,,,unmatched,124,101,0,NJ:100;PA:1,medium
2549006803O7LX222108,,,,unmatched,117,100,0,PA:61;NJ:39,medium
549300UIU6ZMTZ7XEW62,,,,unmatched,114,92,0,CA:61;NJ:10;NY:9;TX:9;MA:2;GA:1,medium
549300YV77ZZ5ADLO929,,,,unmatched,92,92,0,NY:67;NJ:15;CA:9;PA:1,medium
549300IE8IEY5YINFE12,,,,unmatched,111,90,0,NJ:86;PA:4,medium
549300QQ8FVN501MZL94,,,,unmatched,123,88,0,PA:85;NJ:3,medium
5493004N6GEASXJ2A896,,,,unmatched,98,87,0,NY:86;NJ:1,medium
549300YOGGZET04TZM44,,,,unmatched,123,82,0,NY:75;PA:5;NJ:2,medium
549300VFH2IXM3I18P78,,,,unmatched,99,79,0,NJ:79,medium
549300YV3F7WA813QL95,,,,unmatched,82,78,0,PA:76;NJ:2,medium
549300I7SKMG274G2Y20,,,,unmatched,169,77,0,NJ:71;NY:4;PA:2,medium
549300DSSN04C7ZJJD51,,,,unmatched,100,73,0,NJ:71;PA:2,medium
549300HOPKX8O1S8MJ63,,,,unmatched,89,72,0,NJ:63;PA:9,medium
549300QVXT6121Q7E798,,,,unmatched,105,71,0,NY:68;NJ:3,medium
549300Z1HPXY3UYVL049,,,,unmatched,114,71,0,NJ:70;PA:1,medium
5493000V0CXKSOK29E51,,,,unmatched,76,70,0,PA:69;NJ:1,medium
549300WI4N6NVVJ1DV85,,,,unmatched,94,70,0,NJ:70,medium
549300YDTDBXLK67CF48,,,,unmatched,102,67,0,NJ:67,medium
9845007O1D13CFQBBT22,,,,unmatched,67,67,0,NJ:64;PA:3,medium
549300D992SE497KXK81,,,,unmatched,92,66,0,NJ:66,medium
549300L4I0NP22SUIE86,,,,unmatched,94,66,0,PA:60;NJ:6,medium
549300GWE4NILBIKKI92,,,,unmatched,76,63,0,PA:62;NJ:1,medium
549300JH5DMYH0O5TM77,,,,unmatched,84,63,0,PA:61;NJ:2,medium
254900OVHD0ZZK65EQ86,,,,unmatched,78,62,0,NY:36;MA:19;NJ:7,medium
549300U001ZTHCHO4196,,,,unmatched,112,62,0,PA:58;NJ:4,medium
5493004D0Z2WQR26VL57,,,,unmatched,122,60,0,NJ:59;NY:1,medium
549300O3C6Y0X1FKZJ98,,,,unmatched,84,60,0,NJ:60,medium
549300LE8FCN6UKPSQ83,,,,unmatched,110,57,0,NJ:54;PA:3,medium
549300SXHTIGZ7X3CS43,,,,unmatched,78,57,0,NJ:57,medium
5493008RQ8SRLTLRWX62,,,,unmatched,85,54,0,NJ:54,medium
254900BQENI8J22AJ557,,,,unmatched,61,53,0,NJ:53,medium
5493008Z9PO9T4H9CM50,,,,unmatched,72,53,0,NJ:53,medium
549300MJ0Y817D63DD96,,,,unmatched,62,51,0,PA:45;NJ:5;NY:1,medium
2549004XDCE3LGQW7H72,,,,unmatched,64,42,9,FL:9;CA:8;TX:6;PA:5;TN:4;NC:3;NJ:2;GA:2,low
549300EHWBP6UP4Y8J37,,,,unmatched,50,35,9,FL:9;TX:8;CA:6;NC:3;GA:3;NJ:2;SC:2;PA:1,low
549300VIZR4H7AB15496,,,,unmatched,23,19,8,FL:8;SC:3;NC:2;GA:2;TN:1;CA:1;TX:1;NJ:1,low
549300D0H09HSURFXA20,,,,unmatched,384,46,7,CA:17;TX:8;FL:7;GA:5;NC:4;PA:3;NJ:2,low
984500DB378C704F4610,,,,unmatched,22,14,7,FL:7;TN:2;GA:2;TX:1;PA:1;NJ:1,low
549300C5GU86M1X2DG56,,,,unmatched,13,12,7,FL:7;SC:1;TN:1;NC:1;GA:1;NJ:1,low
549300RIPPSJXAQKZ383,,,,unmatched,61,36,6,NJ:14;MA:7;FL:6;TN:3;TX:2;SC:2;PA:1;GA:1,low
549300WW4OBT30G5DK23,,,,unmatched,59,32,6,FL:6;GA:5;CA:5;PA:4;TX:4;SC:3;NJ:3;TN:1,low
LDVFX8JEECFFE8HRWA73,,,,unmatched,132,32,5,TX:12;FL:5;NJ:5;CA:2;NC:2;PA:2;SC:2;NY:1,low
549300SQH6MBVMMRRA85,,,,unmatched,64,26,5,NC:8;CA:6;FL:5;GA:3;NJ:2;SC:2,low
549300XZ4R55J9UKB235,,,,unmatched,27,25,5,NJ:14;FL:5;NY:3;MA:2;PA:1,low
5493002N5OA6GM61AC70,,,,unmatched,16,14,5,TN:6;FL:5;NJ:1;GA:1;SC:1,low
549300W6UP8EY0KSBG85,,,,unmatched,19,19,4,GA:5;NC:4;FL:4;MA:2;TX:2;NJ:1;CA:1,low
549300T2FOBK6WY4B349,,,,unmatched,33,18,4,NY:8;FL:4;NC:2;PA:1;MA:1;NJ:1;SC:1,low
549300YS7PW1Y7DQZG40,,,,unmatched,18,14,4,FL:4;CA:3;NC:3;TX:1;MA:1;NJ:1;NY:1,low
5493001850NMVU84ZW56,,,,unmatched,71,49,3,NJ:33;NY:13;FL:3,low
549300HMKAPEK7YMHY76,,,,unmatched,54,44,3,NY:24;NJ:12;FL:3;PA:2;TX:2;CA:1,low
549300AN5V81GRYDJ823,,,,unmatched,82,29,3,PA:9;DC:6;NJ:4;NC:3;FL:3;TX:1;SC:1;NY:1,low
549300L8ZRL1FNUUOA59,,,,unmatched,74,29,3,TX:13;NY:4;FL:3;NJ:3;GA:2;CA:1;DC:1;MA:1,low
549300OBJRCHJ0G6XU24,,,,unmatched,33,27,3,TX:9;MA:5;TN:4;FL:3;NJ:3;CA:1;GA:1;PA:1,low
549300PPKM4YL2GY3713,,,,unmatched,28,21,3,DC:6;FL:3;NC:3;NY:2;SC:2;PA:2;MA:1;GA:1,low
549300P5JG6WBCSZ7M53,,,,unmatched,32,16,3,DC:5;FL:3;GA:2;NC:2;PA:2;SC:1;NJ:1,low
5493002W52M3SYLFEX32,,,,unmatched,18,13,3,TX:5;NY:3;FL:3;MA:1;NJ:1,low
54930010ZG6EHTCJ1L21,,,,unmatched,48,39,2,CA:34;FL:2;NC:1;NJ:1;MA:1,low
549300Q1YFRSB8UEGH03,,,,unmatched,64,38,2,TX:29;GA:2;NC:2;FL:2;NJ:1;TN:1;PA:1,low
984500CBWD5B079K2C86,,,,unmatched,54,37,2,GA:9;NJ:8;NC:5;PA:4;TX:3;SC:3;CA:2;FL:2,low
549300H68PK1CZUVUQ73,,,,unmatched,33,26,2,NY:11;PA:7;GA:3;FL:2;NJ:1;SC:1;TN:1,low
984500F12EF9DCACA497,,,,unmatched,26,26,2,NY:21;FL:2;NJ:2;PA:1,low
AM9FLTUTLEC73M6N7I37,,,,unmatched,24,24,2,CA:5;NC:3;GA:3;TN:3;MA:2;FL:2;NJ:2;TX:2,low
254900EKE4KU163TA318,,,,unmatched,21,21,2,NY:10;NJ:4;SC:2;CA:2;FL:2;PA:1,low
549300XA6P3X1GTJEY80,,,,unmatched,20,19,2,PA:8;TX:2;FL:2;CA:1;TN:1;MA:1;GA:1;DC:1,low
5493002CAA1SKNHHUI24,,,,unmatched,78,18,2,NY:7;PA:5;NJ:4;FL:2,low
54930065B0NVUO52TY13,,,,unmatched,52,14,2,NJ:5;PA:4;TN:3;FL:2,low
549300R0CN5YKL3VTP86,,,,unmatched,13,13,2,NY:9;FL:2;NJ:2,low
549300UG1DH7RQL41718,,,,unmatched,21,13,2,CA:3;MA:3;FL:2;NJ:2;NC:2;NY:1,low
5493002Z2Z7DV758IU60,,,,unmatched,15,10,2,FL:2;DC:2;NJ:1;TX:1;NC:1;PA:1;NY:1;GA:1,low
254900TNWPAJO9ECH811,,,,unmatched,55,42,1,PA:40;FL:1;NJ:1,low
549300F2GDWKJH3GMB47,,,,unmatched,68,22,1,DC:7;SC:4;PA:4;NJ:2;NC:2;TX:1;FL:1;CA:1,low
549300I7G0WB7Z0BCX80,,,,unmatched,22,18,1,TX:11;PA:3;FL:1;TN:1;NJ:1;MA:1,low
549300XRGNVNCISU8Q79,,,,unmatched,16,7,1,DC:2;NC:2;NJ:1;PA:1;FL:1,low
549300L7IR85QJ3SOP77,,,,unmatched,7,6,1,TX:3;NY:1;FL:1;NJ:1,low
984500AE53C2CD1BA542,,,,unmatched,6,6,1,NJ:3;PA:1;FL:1;TX:1,low
549300FUMS21JPQM1N03,,,,unmatched,8,5,1,TN:2;FL:1;GA:1;NJ:1,low
549300AQ83ZR1PW5DB53,,,,unmatched,4,3,1,TX:1;NJ:1;FL:1,low
549300U8DCOOTG96YM89,,,,unmatched,2,2,1,NJ:1;FL:1,low
5493001VQLW8QLFMIH76,,,,unmatched,49,49,0,NJ:49,low
549300SUW02WEKP4OP52,,,,unmatched,62,48,0,PA:45;NJ:3,low
2549004X2N6JAS9Z3C97,,,,unmatched,55,47,0,NJ:47,low
549300S6QGHHFR78KR45,,,,unmatched,54,44,0,NJ:44,low
25490040IBIKTOL1DJ85,,,,unmatched,41,41,0,PA:33;NJ:8,low
254900Q8CQK28JPFK147,,,,unmatched,46,41,0,PA:40;NJ:1,low
254900SBY94JVYQ1Y131,,,,unmatched,47,41,0,PA:38;NJ:3,low
549300VFP60F9IJ2SQ62,,,,unmatched,64,41,0,NJ:41,low
549300B7GCPQ437Y5E78,,,,unmatched,44,38,0,PA:32;NJ:6,low
549300YQIT31SHVP5K64,,,,unmatched,51,37,0,PA:29;NJ:8,low
2549000BVJ73CTA1IZ30,,,,unmatched,63,36,0,NJ:35;PA:1,low
549300K9D373DH6LF245,,,,unmatched,45,32,0,NJ:30;NC:1;NY:1,low
894500LIN378M3LLE796,,,,unmatched,78,32,0,NJ:32,low
5493008TK613NXC2EN84,,,,unmatched,43,29,0,NJ:29,low
549300XVCHXNN8R67U29,,,,unmatched,34,29,0,NY:28;NJ:1,low
254900PFOL1KDTRYWV11,,,,unmatched,41,28,0,NY:24;NJ:4,low
549300G86QJ4YLR90O89,,,,unmatched,35,28,0,NY:26;NJ:2,low
254900P44XJB3CPZ4V05,,,,unmatched,45,27,0,NJ:27,low
254900TZKHQ9DT85IC97,,,,unmatched,47,26,0,NJ:26,low
549300VQSHPYTNCOP496,,,,unmatched,38,25,0,NY:20;NJ:3;PA:1;CA:1,low
549300EMC7T53UNNNA58,,,,unmatched,30,24,0,NJ:22;NY:1;TX:1,low
549300J8HNLGP2HYNE66,,,,unmatched,71,24,0,DC:22;NJ:2,low
549300LFHSPQF8FQR548,,,,unmatched,36,22,0,NY:12;NJ:4;PA:2;SC:2;GA:1;CA:1,low
549300C1SBZVJTL6WB07,,,,unmatched,20,20,0,NJ:20,low
54930020CYU37Y05PR58,,,,unmatched,19,19,0,NJ:19,low
5493009TOEDMWVNG1442,,,,unmatched,54,19,0,PA:17;NJ:2,low
549300CJDUFKEK0WMB04,,,,unmatched,19,19,0,NY:11;NJ:6;GA:1;PA:1,low
549300L6BONVKN6UXC26,,,,unmatched,34,19,0,SC:11;NJ:4;GA:2;PA:2,low
549300P1ORVTMT2T7756,,,,unmatched,23,19,0,DC:16;TX:1;PA:1;NJ:1,low
NJ1Z0LLF4RLDWG2WCN80,,,,unmatched,17,17,0,CA:6;PA:3;GA:2;SC:2;TN:2;TX:1;NJ:1,low
254900KI0CM65KPBM547,,,,unmatched,15,12,0,NY:10;MA:1;NJ:1,low
549300FOO7XNZ1564N12,,,,unmatched,13,10,0,CA:8;NC:1;NJ:1,low
549300KGMXCXMVC0BO47,,,,unmatched,14,8,0,NC:5;NJ:1;TN:1;SC:1,low
254900CXHYTQMHXRX530,,,,unmatched,5,5,0,PA:3;NJ:2,low
254900O2VYWY7LKZ6T60,,,,unmatched,7,5,0,PA:3;NJ:2,low
5493002Z4GZF8C2F3T27,,,,unmatched,14,4,0,NC:1;SC:1;NY:1;NJ:1,low
98450057E3K708X9HP12,,,,unmatched,4,3,0,PA:2;NJ:1,low
254900SKRYMF38M2P535,,,,unmatched,1,1,0,NJ:1,low
