lei,institution_name_hmda,nmls_id,our_lender_slug,legal_name,match_confidence,match_method,ohio_originations,florida_originations,total_originations,priority_match,notes
2WHM8VNJH63UN14OL754,The Huntington National Bank,402436,huntington-national-bank,The Huntington National Bank,high,reuse_prior_state_curated_lei+pa_curated+gleif+huntington_nmls,24819,0,24819,high,reuse_prior_state_curated_lei map for OH activity (24819 OH originations); slug=huntington-national-bank.
549300FGXN1K3HLB1R50,"Rocket Mortgage, LLC",3030,rocket-mortgage,"Rocket Mortgage, LLC",high,reuse_prior_state_curated_lei+curated_lei_public_nmls,16656,31530,16656,high,reuse_prior_state_curated_lei map for OH activity (16656 OH originations); slug=rocket-mortgage.
QFROUN1UWUYU0DVIWD51,"Eagle Home Mortgage, LLC",2925,eagle-home-mortgage,"Eagle Home Mortgage, LLC",high,reuse_prior_state_curated_lei+curated_lei_public_nmls,12389,3553,12389,high,reuse_prior_state_curated_lei map for OH activity (12389 OH originations); slug=eagle-home-mortgage.
549300VZVN841I2ILS84,Freedom Mortgage Corporation,2767,freedom-mortgage,Freedom Mortgage Corporation,high,reuse_prior_state_curated_lei+curated_lei_public_nmls,11011,11987,11011,high,reuse_prior_state_curated_lei map for OH activity (11011 OH originations); slug=freedom-mortgage.
549300HW662MN1WU8550,"United Wholesale Mortgage, LLC",3038,united-wholesale-mortgage,"United Wholesale Mortgage, LLC",high,reuse_prior_state_curated_lei+curated_lei_public_nmls,10425,49897,10425,high,reuse_prior_state_curated_lei map for OH activity (10425 OH originations); slug=united-wholesale-mortgage.
5493008CPTDVOS570626,"Primary Residential Mortgage, Inc.",3094,prmi-aaron-swenson,Primary Residential Mortgage (Aaron Swenson Branch),high,reuse_prior_state_curated_lei+curated_lei+directory_name,7970,3765,7970,high,reuse_prior_state_curated_lei map for OH activity (7970 OH originations); slug=prmi-aaron-swenson.
AD6GFRVSDT01YPT1CS68,"PNC Bank, National Association",446038,pnc-bank,"PNC Bank, National Association",high,reuse_prior_state_curated_lei+curated_lei_public_nmls,6725,3475,6725,high,reuse_prior_state_curated_lei map for OH activity (6725 OH originations); slug=pnc-bank.
549300HFBEONQN2CK447,Union Savings Bank,446047,union-savings-bank,Union Savings Bank,high,il_oh_curated+il_oh_curated_gleif+public_nmls,5594,0,5594,high,il_oh_curated map for OH activity (5594 OH originations); slug=union-savings-bank.
549300RPOGWJRH63HS39,UNION HOME MORTGAGE CORP.,1904,union-home-mortgage-reeves-team,Union Home Mortgage Corp.,high,reuse_prior_state_curated_lei+reuse_fl_tx_ga_ca_curated_lei+reuse_fl_tx_ga_curated_lei+ga_curated_gleif+company_nmls+ga_directory,5380,0,5380,high,reuse_prior_state_curated_lei map for OH activity (5380 OH originations); slug=union-home-mortgage-reeves-team.
549300N1YEXP02MHBR47,"WRIGHT-PATT CREDIT UNION, INC.",510034,wright-patt-credit-union,"Wright-Patt Credit Union, Inc.",high,il_oh_curated+il_oh_curated_gleif+public_nmls,5207,0,5207,high,il_oh_curated map for OH activity (5207 OH originations); slug=wright-patt-credit-union.
DRMSV1Q0EKMEXLAU1P80,"Citizens Bank, National Association",433960,citizens-bank,"Citizens Bank, National Association",high,reuse_prior_state_curated_lei+curated_lei_public_nmls,4732,2297,4732,high,reuse_prior_state_curated_lei map for OH activity (4732 OH originations); slug=citizens-bank.
7H6GLXDRUGQFU57RNE97,"JPMorgan Chase Bank, National Association",399798,jpmorgan-chase-bank,"JPMorgan Chase Bank, National Association",high,reuse_prior_state_curated_lei+curated_lei_public_nmls,4171,6131,4171,high,reuse_prior_state_curated_lei map for OH activity (4171 OH originations); slug=jpmorgan-chase-bank.
6BYL5QZYBDK8S7L73M02,U.S. Bank National Association,402216,us-bank,U.S. Bank National Association,high,reuse_prior_state_curated_lei+curated_lei_public_nmls,3965,2279,3965,high,reuse_prior_state_curated_lei map for OH activity (3965 OH originations); slug=us-bank.
549300AG64NHILB7ZP05,"PennyMac Loan Services, LLC",35953,pennymac,"PennyMac Loan Services, LLC",high,reuse_prior_state_curated_lei+curated_lei_public_nmls,3505,7460,3505,high,reuse_prior_state_curated_lei map for OH activity (3505 OH originations); slug=pennymac.
549300MCIFZSDHUT8X63,"NFM, INC.",2893,nfm-lending,"NFM, Inc. (dba NFM Lending)",high,reuse_prior_state_curated_lei+reuse_prior_state_curated_lei+reuse_prior_state_curated_lei+nj_curated+nj_curated_gleif+public_nmls,3308,0,3308,high,reuse_prior_state_curated_lei map for OH activity (3308 OH originations); slug=nfm-lending.
549300DD5QQUHO6PCH70,"Movement Mortgage, LLC",39179,movement-mortgage-myrtle-beach,Movement Mortgage — Myrtle Beach,high,reuse_prior_state_curated_lei+curated_lei+directory_name,3302,5506,3302,high,reuse_prior_state_curated_lei map for OH activity (3302 OH originations); slug=movement-mortgage-myrtle-beach.
RVDPPPGHCGZ40J4VQ731,Fairway Independent Mortgage Corporation,2909,fairway-mortgage-augusta-sheppard,Fairway Independent Mortgage — Augusta (Sheppard Team),high,reuse_prior_state_curated_lei+curated_lei+directory_name,2964,9704,2964,high,reuse_prior_state_curated_lei map for OH activity (2964 OH originations); slug=fairway-mortgage-augusta-sheppard.
549300U3721PJGQZYY68,Nationstar Mortgage LLC,2104,mr-cooper,Nationstar Mortgage LLC,high,reuse_prior_state_curated_lei+curated_lei_public_nmls,2795,3204,2795,high,reuse_prior_state_curated_lei map for OH activity (2795 OH originations); slug=mr-cooper.
549300MGPZBLQDIL7538,"PrimeLending, a PlainsCapital Company",1921,primelending-columbus,PrimeLending — Columbus Team,high,reuse_prior_state_curated_lei+curated_lei+directory_name,2685,3153,2685,high,reuse_prior_state_curated_lei map for OH activity (2685 OH originations); slug=primelending-columbus.
549300LYRWPSYPK6S325,Guild Mortgage Company LLC,3274,guild-mortgage-metrowest,Guild Mortgage (West Valley Branches),high,reuse_prior_state_curated_lei+curated_lei+directory_name,2477,5374,2477,high,reuse_prior_state_curated_lei map for OH activity (2477 OH originations); slug=guild-mortgage-metrowest.
549300FNXYY540N23N64,Newrez LLC,2289,newrez,Newrez LLC,high,reuse_prior_state_curated_lei+curated_lei_public_nmls,2258,5643,2258,high,reuse_prior_state_curated_lei map for OH activity (2258 OH originations); slug=newrez.
HUX2X73FUCYHUVH1BK78,KeyBank National Association,,keybank,KeyBank National Association,high,il_oh_curated+il_oh_curated_gleif+lei_identity,2071,0,2071,high,il_oh_curated map for OH activity (2071 OH originations); slug=keybank.
5493003GQDUH26DNNH17,Navy Federal Credit Union,399807,navy-federal-jacksonville,Navy Federal Credit Union (Jacksonville Area),high,reuse_prior_state_curated_lei+curated_lei+directory_name,1830,8416,1830,high,reuse_prior_state_curated_lei map for OH activity (1830 OH originations); slug=navy-federal-jacksonville.
549300KBWX4NV5Q1E376,"NVR Mortgage Finance, Inc.",1127,nvr-mortgage,"NVR Mortgage Finance, Inc.",high,reuse_prior_state_curated_lei+reuse_prior_state_curated_lei+reuse_prior_state_curated_lei+sc_curated+sc_curated_gleif+public_nmls,1817,0,1817,high,reuse_prior_state_curated_lei map for OH activity (1817 OH originations); slug=nvr-mortgage.
549300GSCUJKJINRJ980,"RUOFF MORTGAGE COMPANY, INC.",141868,ruoff-mortgage,"Ruoff Mortgage Company, Inc.",high,il_oh_curated+il_oh_curated_gleif+public_nmls,1793,0,1793,high,il_oh_curated map for OH activity (1793 OH originations); slug=ruoff-mortgage.
549300LBCBNR1OT00651,NATIONSTAR MORTGAGE LLC,2104,mr-cooper,Nationstar Mortgage LLC,high,reuse_prior_state_curated_lei+curated_lei_public_nmls,1768,3546,1768,high,reuse_prior_state_curated_lei map for OH activity (1768 OH originations); slug=mr-cooper.
549300RN01LBYR8ZVX74,"LOWER, LLC",1124061,lower,"Lower, LLC",high,reuse_prior_state_curated_lei+sc_curated+sc_curated_gleif+public_nmls,1641,0,1641,high,reuse_prior_state_curated_lei map for OH activity (1641 OH originations); slug=lower.
549300E2UX99HKDBR481,"Broker Solutions, Inc.",6606,new-american-funding,"Broker Solutions, Inc.",high,reuse_prior_state_curated_lei+curated_lei_public_nmls,1553,3881,1553,high,reuse_prior_state_curated_lei map for OH activity (1553 OH originations); slug=new-american-funding.
N8T7HW55LK5D2ORCKP39,First National Bank of Pennsylvania,766529,first-national-bank-of-pennsylvania,First National Bank of Pennsylvania,high,reuse_prior_state_curated_lei+pa_curated+gleif+fnb_online_nmls,1491,0,1491,high,reuse_prior_state_curated_lei map for OH activity (1491 OH originations); slug=first-national-bank-of-pennsylvania.
VN1JLT1F3FLLVN3FZG89,First Commonwealth Bank,479240,first-commonwealth-bank,First Commonwealth Bank,high,reuse_prior_state_curated_lei+pa_curated+gleif+fcbanking_nmls,1386,0,1386,high,reuse_prior_state_curated_lei map for OH activity (1386 OH originations); slug=first-commonwealth-bank.
549300OPCWU6E72WUT29,"MUTUAL OF OMAHA MORTGAGE, INC.",1025894,mutual-of-omaha-mortgage,"Mutual of Omaha Mortgage, Inc.",high,reuse_prior_state_curated_lei+reuse_fl_tx_ga_curated_lei+ga_curated_gleif+public_nmls,1270,0,1270,high,reuse_prior_state_curated_lei map for OH activity (1270 OH originations); slug=mutual-of-omaha-mortgage.
549300R0SXC1JU7ZU290,"FIRST COMMUNITY MORTGAGE, INC.",629700,first-community-mortgage,"First Community Mortgage, Inc.",high,reuse_prior_state_curated_lei+tn_curated+tn_curated_gleif+public_nmls,1167,0,1167,high,reuse_prior_state_curated_lei map for OH activity (1167 OH originations); slug=first-community-mortgage.
549300121SF0K2LN2804,"PRIMELENDING, A PLAINSCAPITAL COMPANY",1921,primelending-columbus,PrimeLending — Columbus Team,high,reuse_prior_state_curated_lei+gleif_name_to_directory,1134,931,1134,high,reuse_prior_state_curated_lei map for OH activity (1134 OH originations); slug=primelending-columbus.
5493004WMLN60ZJ2ON46,"Paramount Residential Mortgage Group, Inc.",75243,prmg,Paramount Residential Mortgage Group (PRMG),high,reuse_prior_state_curated_lei+curated_lei+directory_name,1064,4200,1064,high,reuse_prior_state_curated_lei map for OH activity (1064 OH originations); slug=prmg.
549300YIQ7S7Z8PIHE53,AMERISAVE MORTGAGE CORPORATION,1168,amerisave,AmeriSave Mortgage Corporation,high,reuse_prior_state_curated_lei+curated_lei_public_nmls,991,1667,991,high,reuse_prior_state_curated_lei map for OH activity (991 OH originations); slug=amerisave.
5493001SXWZ4OFP8Z903,"CrossCountry Mortgage, LLC",3029,crosscountry-mortgage-metrowest,CrossCountry Mortgage (West Valley),high,reuse_prior_state_curated_lei+curated_lei+directory_name,933,11582,933,high,reuse_prior_state_curated_lei map for OH activity (933 OH originations); slug=crosscountry-mortgage-metrowest.
549300KIOYNU323LVJ37,AMERICAN PACIFIC MORTGAGE CORPORATION,1850,american-pacific-mortgage-inland-empire,American Pacific Mortgage (Inland Empire),medium,reuse_prior_state_curated_lei+gleif_name_to_directory,854,1750,854,high,reuse_prior_state_curated_lei map for OH activity (854 OH originations); slug=american-pacific-mortgage-inland-empire.
549300PIL8LFAQ04XC20,Better Mortgage Corporation,330511,better-mortgage,Better Mortgage Corporation,high,reuse_prior_state_curated_lei+curated_lei_public_nmls,845,2675,845,high,reuse_prior_state_curated_lei map for OH activity (845 OH originations); slug=better-mortgage.
B4TYDEB6GKMZO031MB27,"Guaranteed Rate, Inc.",2611,guaranteed-rate,"Guaranteed Rate, Inc.",high,reuse_prior_state_curated_lei+curated_lei_public_nmls,810,7938,810,high,reuse_prior_state_curated_lei map for OH activity (810 OH originations); slug=guaranteed-rate.
5493000YNV8IX4VD3X12,"VANDERBILT MORTGAGE AND FINANCE, INC.",1561,silverton-mortgage-myrtle-beach,"Vanderbilt Mortgage and Finance, Inc. (dba Silverton Mortgage)",high,reuse_prior_state_curated_lei+sc_curated+sc_curated_gleif+public_nmls+silverton_dba,738,0,738,high,reuse_prior_state_curated_lei map for OH activity (738 OH originations); slug=silverton-mortgage-myrtle-beach.
254900ZFWS2106HWPH46,"PARAMOUNT RESIDENTIAL MORTGAGE GROUP, INC.",75243,prmg,Paramount Residential Mortgage Group (PRMG),medium,reuse_prior_state_curated_lei+gleif_name_to_directory,688,3741,688,high,reuse_prior_state_curated_lei map for OH activity (688 OH originations); slug=prmg.
54930001NSTOD85LT125,"GUARANTEED RATE AFFINITY, LLC",1598647,guaranteed-rate-affinity,"Guaranteed Rate Affinity, LLC",high,reuse_prior_state_curated_lei+reuse_fl_tx_ga_ca_nc_sc_nj_ny_curated_lei+reuse_fl_tx_ga_ca_nc_sc_curated_lei+sc_curated+sc_curated_gleif+public_nmls,676,0,676,high,reuse_prior_state_curated_lei map for OH activity (676 OH originations); slug=guaranteed-rate-affinity.
549300R9S3MVDV4MGF56,"CARRINGTON MORTGAGE SERVICES, LLC",2250,carrington-mortgage,"Carrington Mortgage Services, LLC",high,reuse_prior_state_curated_lei+reuse_fl_tx_ga_curated_lei+ga_curated_alt_lei+company_nmls,675,0,675,high,reuse_prior_state_curated_lei map for OH activity (675 OH originations); slug=carrington-mortgage.
549300XQVJ1XBNFA5536,21ST MORTGAGE CORPORATION,2280,21st-mortgage,21st Mortgage Corporation,medium,reuse_prior_state_curated_lei+curated_public_nmls+directory_profile,647,2098,647,high,reuse_prior_state_curated_lei map for OH activity (647 OH originations); slug=21st-mortgage.
254900DTLHVWQ7NP7R34,"CMG Mortgage, Inc.",2458338,cmg-home-loans-dennis-vo,CMG Home Loans (Dennis Vo Team),high,reuse_prior_state_curated_lei+curated_lei+directory_name,586,4627,586,high,reuse_prior_state_curated_lei map for OH activity (586 OH originations); slug=cmg-home-loans-dennis-vo.
54930054ET8KM4O1D485,"SOFI BANK, NATIONAL ASSOCIATION",1121636,sofi-bank,"SoFi Bank, National Association",high,reuse_prior_state_curated_lei+curated_lei_public_nmls,585,1042,585,high,reuse_prior_state_curated_lei map for OH activity (585 OH originations); slug=sofi-bank.
549300F8C5JA44WNMI75,AMERICAN NEIGHBORHOOD MORTGAGE ACCEPTANCE COMPANY LLC,338923,anniemac-home-mortgage,American Neighborhood Mortgage Acceptance Company LLC (dba AnnieMac),high,reuse_prior_state_curated_lei+reuse_prior_state_curated_lei+reuse_prior_state_curated_lei+nj_curated+nj_curated_gleif+public_nmls,544,0,544,high,reuse_prior_state_curated_lei map for OH activity (544 OH originations); slug=anniemac-home-mortgage.
549300370QILXLFUWD20,"ZILLOW HOME LOANS, LLC",1027871,zillow-home-loans,"Zillow Home Loans, LLC",high,reuse_prior_state_curated_lei+reuse_fl_tx_ga_curated_lei+ga_curated_gleif+public_nmls,481,0,481,medium,reuse_prior_state_curated_lei map for OH activity (481 OH originations); slug=zillow-home-loans.
549300SUCQ1358EGVE89,"NEW DAY FINANCIAL, LLC",1043,new-day-financial,"New Day Financial, LLC",high,reuse_prior_state_curated_lei+reuse_prior_state_curated_lei+reuse_prior_state_curated_lei+reuse_fl_tx_ga_ca_nc_sc_nj_ny_curated_lei+sc_curated+sc_curated_gleif+public_nmls,452,0,452,medium,reuse_prior_state_curated_lei map for OH activity (452 OH originations); slug=new-day-financial.
549300NOCASXPA34X033,"LAKEVIEW LOAN SERVICING, LLC",4095,lakeview-loan-servicing,"Lakeview Loan Servicing, LLC",high,reuse_prior_state_curated_lei+curated_public_nmls+directory_profile,446,1488,446,medium,reuse_prior_state_curated_lei map for OH activity (446 OH originations); slug=lakeview-loan-servicing.
549300DD4R4SYK5RAQ92,"Cardinal Financial Company, Limited Partnership",66247,cardinal-financial,"Cardinal Financial Company, Limited Partnership",high,reuse_prior_state_curated_lei+curated_lei_public_nmls,417,4122,417,medium,reuse_prior_state_curated_lei map for OH activity (417 OH originations); slug=cardinal-financial.
54930021WPEXNHYZUL09,"PLANET HOME LENDING, LLC",17022,planet-home-lending,"Planet Home Lending, LLC",high,reuse_prior_state_curated_lei+ga_curated_gleif+public_nmls,417,0,417,medium,reuse_prior_state_curated_lei map for OH activity (417 OH originations); slug=planet-home-lending.
549300GKFNPRWNS0GF29,"AmeriHome Mortgage Company, LLC",1120271,amerihome-mortgage,"AmeriHome Mortgage Company, LLC",high,reuse_prior_state_curated_lei+curated_lei_public_nmls,414,4388,414,medium,reuse_prior_state_curated_lei map for OH activity (414 OH originations); slug=amerihome-mortgage.
C5654JQHZUHN0772B561,USAA Federal Savings Bank,399809,usaa-federal-savings-bank,USAA Federal Savings Bank,high,reuse_prior_state_curated_lei+curated_lei_public_nmls,397,825,397,medium,reuse_prior_state_curated_lei map for OH activity (397 OH originations); slug=usaa-federal-savings-bank.
254900HA4DQWAE0W3342,"AMERIHOME MORTGAGE COMPANY, LLC",1120271,amerihome-mortgage,"AmeriHome Mortgage Company, LLC",high,reuse_prior_state_curated_lei+ga_curated_alt_lei+company_nmls,396,0,396,medium,reuse_prior_state_curated_lei map for OH activity (396 OH originations); slug=amerihome-mortgage.
KB1H1DSPRFMYMCUFXT09,"Wells Fargo Bank, National Association",399801,wells-fargo-bank,"Wells Fargo Bank, National Association",high,reuse_prior_state_curated_lei+curated_lei_public_nmls,373,2670,373,medium,reuse_prior_state_curated_lei map for OH activity (373 OH originations); slug=wells-fargo-bank.
549300AQ3T62GXDU7D76,Ally Bank,181005,ally-bank,Ally Bank,high,reuse_prior_state_curated_lei+curated_lei_public_nmls,327,2790,327,medium,reuse_prior_state_curated_lei map for OH activity (327 OH originations); slug=ally-bank.
5493001WHVQBGRSWEU75,"HOMEBRIDGE FINANCIAL SERVICES, INC.",6521,homebridge-financial,"Homebridge Financial Services, Inc.",high,reuse_prior_state_curated_lei+curated_public_nmls+directory_profile,309,2433,309,medium,reuse_prior_state_curated_lei map for OH activity (309 OH originations); slug=homebridge-financial.
SS1TRMSN6BRNMOREEV51,"Flagstar Bank, National Association",399797,flagstar-bank,"Flagstar Bank, National Association",high,reuse_prior_state_curated_lei+curated_lei_public_nmls,300,737,300,medium,reuse_prior_state_curated_lei map for OH activity (300 OH originations); slug=flagstar-bank.
549300XY701IELCE5Q08,BETTER MORTGAGE CORPORATION,330511,better-mortgage,Better Mortgage Corporation,high,reuse_prior_state_curated_lei+curated_lei_public_nmls,299,1004,299,medium,reuse_prior_state_curated_lei map for OH activity (299 OH originations); slug=better-mortgage.
549300SK2GVCQXPD4S58,"SUN WEST MORTGAGE COMPANY, INC.",3277,sun-west-mortgage,"Sun West Mortgage Company, Inc.",high,reuse_prior_state_curated_lei+ca_curated+ca_curated_gleif+public_nmls,247,0,247,medium,reuse_prior_state_curated_lei map for OH activity (247 OH originations); slug=sun-west-mortgage.
5493004N9PMBSLEZOF16,"K. HOVNANIAN AMERICAN MORTGAGE, L.L.C.",3259,k-hovnanian-american-mortgage,"K. Hovnanian American Mortgage, L.L.C.",high,reuse_prior_state_curated_lei+de_dc_curated+de_dc_curated_gleif+public_nmls,247,0,247,medium,reuse_prior_state_curated_lei map for OH activity (247 OH originations); slug=k-hovnanian-american-mortgage.
LVR1UQE8OOCO93IHEB52,Northwest Bank,419814,northwest-bank,Northwest Bank,high,reuse_prior_state_curated_lei+pa_curated+gleif+public_nmls_company,223,0,223,medium,reuse_prior_state_curated_lei map for OH activity (223 OH originations); slug=northwest-bank.
5493008NWHQT1R22C024,"AMERICAN FINANCIAL NETWORK, INC.",237341,american-financial-network,"American Financial Network, Inc.",high,reuse_prior_state_curated_lei+ca_curated+ca_curated_gleif+public_nmls,221,0,221,medium,reuse_prior_state_curated_lei map for OH activity (221 OH originations); slug=american-financial-network.
5493005PKOSG7MYX0B34,"Prosperity Home Mortgage, LLC",75164,prosperity-home-mortgage,"Prosperity Home Mortgage, LLC",high,reuse_prior_state_curated_lei+reuse_fl_tx_ga_ca_nc_sc_nj_ny_curated_lei+nj_curated+nj_curated_gleif+public_nmls,204,0,204,medium,reuse_prior_state_curated_lei map for OH activity (204 OH originations); slug=prosperity-home-mortgage.
549300JYXTZDSPJEPI44,"PLAZA HOME MORTGAGE, INC.",2113,plaza-home-mortgage,"Plaza Home Mortgage, Inc.",high,reuse_prior_state_curated_lei+ny_curated+ny_curated_gleif+public_nmls,201,0,201,medium,reuse_prior_state_curated_lei map for OH activity (201 OH originations); slug=plaza-home-mortgage.
549300MZ8VZJOVC63092,"KIND LENDING, LLC",3925,kind-lending,"Kind Lending, LLC",high,reuse_prior_state_curated_lei+ca_curated+ca_curated_gleif+public_nmls,194,0,194,medium,reuse_prior_state_curated_lei map for OH activity (194 OH originations); slug=kind-lending.
549300FX7K8PTEQUU487,PENTAGON FEDERAL CREDIT UNION,401822,penfed-dc-mid-city,Pentagon Federal Credit Union,high,reuse_prior_state_curated_lei+gleif_name_to_directory,194,972,194,medium,reuse_prior_state_curated_lei map for OH activity (194 OH originations); slug=penfed-dc-mid-city.
54930052M48FOD3CWA54,"PRIMARY RESIDENTIAL MORTGAGE, INC.",3094,primary-residential-mortgage,"Primary Residential Mortgage, Inc.",high,reuse_prior_state_curated_lei+reuse_prior_state_curated_lei+reuse_prior_state_curated_lei+ne_curated+ne_curated_gleif+public_nmls,160,0,160,medium,reuse_prior_state_curated_lei map for OH activity (160 OH originations); slug=primary-residential-mortgage.
JJKC32MCHWDI71265Z06,Truist Bank,405457,truist-bank,Truist Bank,high,reuse_prior_state_curated_lei+curated_lei_public_nmls,156,6117,156,medium,reuse_prior_state_curated_lei map for OH activity (156 OH originations); slug=truist-bank.
54930034MNPILHP25H80,Gateway First Bank,7233,gateway-mortgage-myrtle-beach,Gateway First Bank,high,reuse_prior_state_curated_lei+sc_curated+sc_curated_gleif+public_nmls+sc_directory,144,0,144,medium,reuse_prior_state_curated_lei map for OH activity (144 OH originations); slug=gateway-mortgage-myrtle-beach.
549300RYBJHWWDENV610,Alcova Mortgage LLC,40508,alcova-mortgage,Alcova Mortgage LLC,high,reuse_prior_state_curated_lei+reuse_prior_state_curated_lei+va_md_curated+va_md_curated_gleif+public_nmls,144,0,144,medium,reuse_prior_state_curated_lei map for OH activity (144 OH originations); slug=alcova-mortgage.
549300XWUSRVVOHPRY47,Academy Mortgage Corporation,3113,academy-mortgage,Academy Mortgage Corporation,high,reuse_prior_state_curated_lei+curated_lei_public_nmls,130,2938,130,medium,reuse_prior_state_curated_lei map for OH activity (130 OH originations); slug=academy-mortgage.
549300O6Z0I6KYMESL47,AMWEST FUNDING CORP.,167441,amwest-funding,AmWest Funding Corp.,high,reuse_prior_state_curated_lei+ca_curated+ca_curated_gleif+public_nmls,110,0,110,medium,reuse_prior_state_curated_lei map for OH activity (110 OH originations); slug=amwest-funding.
549300EMNDEK4BA8WB53,EMM LOANS LLC,2926,emm-loans,EMM Loans LLC,high,reuse_prior_state_curated_lei+reuse_prior_state_curated_lei+pa_curated+gleif+emm_loans_nmls,103,0,103,medium,reuse_prior_state_curated_lei map for OH activity (103 OH originations); slug=emm-loans.
549300D4ZYLSQ5LMTV35,ABSOLUTE HOME MORTGAGE CORPORATION,176743,absolute-home-mortgage,Absolute Home Mortgage Corporation,high,reuse_prior_state_curated_lei+nj_curated+nj_curated_gleif+public_nmls,85,0,85,medium,reuse_prior_state_curated_lei map for OH activity (85 OH originations); slug=absolute-home-mortgage.
549300CLRXFVF83ZL806,"NATIONWIDE MORTGAGE BANKERS, INC.",819382,nationwide-mortgage-bankers,"Nationwide Mortgage Bankers, Inc. (NMB / NMBNOW)",high,reuse_prior_state_curated_lei+ny_curated+ny_curated_gleif+public_nmls,63,0,63,medium,reuse_prior_state_curated_lei map for OH activity (63 OH originations); slug=nationwide-mortgage-bankers.
WWB2V0FCW3A0EE3ZJN75,Manufacturers and Traders Trust Company,381076,mt-bank,Manufacturers and Traders Trust Company (M&T Bank),high,reuse_prior_state_curated_lei+reuse_prior_state_curated_lei+reuse_fl_tx_ga_ca_nc_sc_nj_ny_curated_lei+reuse_fl_tx_ga_ca_nc_sc_nj_curated_lei+nj_curated+nj_curated_gleif+public_nmls,62,0,62,medium,reuse_prior_state_curated_lei map for OH activity (62 OH originations); slug=mt-bank.
549300W4FT4H1UWPGU95,GREENSTATE Credit Union,1495,greenstate-credit-union,GreenState Credit Union,high,il_oh_curated+il_oh_curated_gleif+public_nmls,48,0,48,medium,il_oh_curated map for OH activity (48 OH originations); slug=greenstate-credit-union.
E57ODZWZ7FF32TWEFA76,"Citibank, National Association",412915,citibank,"Citibank, National Association",high,reuse_prior_state_curated_lei+reuse_prior_state_curated_lei+nj_curated+nj_curated_gleif+public_nmls,41,0,41,medium,reuse_prior_state_curated_lei map for OH activity (41 OH originations); slug=citibank.
549300I0ICF6REKHOC74,"DIRECT MORTGAGE LOANS, LLC",832799,direct-mortgage-loans,"Direct Mortgage Loans, LLC",high,reuse_prior_state_curated_lei+va_md_curated+va_md_deepen_gleif+public_nmls,35,0,35,medium,reuse_prior_state_curated_lei map for OH activity (35 OH originations); slug=direct-mortgage-loans.
549300XED7IBK9VVQH70,"PIKE CREEK MORTGAGE SERVICES, INC.",130829,pike-creek-mortgage,"Pike Creek Mortgage Services, Inc.",high,reuse_prior_state_curated_lei+de_dc_curated+de_dc_curated_gleif+public_nmls,29,0,29,medium,reuse_prior_state_curated_lei map for OH activity (29 OH originations); slug=pike-creek-mortgage.
549300FK3AFCFVAPH234,"Leader Bank, National Association",449250,leader-bank,"Leader Bank, National Association",high,reuse_prior_state_curated_lei+ma_curated+ma_curated_gleif+public_nmls,28,0,28,medium,reuse_prior_state_curated_lei map for OH activity (28 OH originations); slug=leader-bank.
EQTWLK1G7ODGC2MGLV11,Regions Bank,467341,regions-bank,Regions Bank,high,reuse_prior_state_curated_lei+curated_lei_public_nmls,27,5826,27,medium,reuse_prior_state_curated_lei map for OH activity (27 OH originations); slug=regions-bank.
549300DE8TS4EYTPX729,"AFFORDABLE MORTGAGE ADVISORS, LLC",139164,hma-mortgage,"Affordable Mortgage Advisors, LLC dba HMA Mortgage",high,reuse_prior_state_curated_lei+pa_curated+gleif+hma_mortgage_nmls,26,0,26,medium,reuse_prior_state_curated_lei map for OH activity (26 OH originations); slug=hma-mortgage.
549300CDOC4F7XSRG390,Pinnacle Bank,418535,pinnacle-bank,Pinnacle Bank,high,reuse_prior_state_curated_lei+tn_curated+tn_curated_gleif+public_nmls,22,0,22,medium,reuse_prior_state_curated_lei map for OH activity (22 OH originations); slug=pinnacle-bank.
549300AT7EB9FJAF0E61,Old National Bank,459308,old-national-bank,Old National Bank,high,il_oh_curated+il_oh_curated_gleif+public_nmls,19,0,19,medium,il_oh_curated map for OH activity (19 OH originations); slug=old-national-bank.
54930080168VA6Z8UX21,TOWER Federal Credit Union,586147,tower-federal-credit-union,Tower Federal Credit Union,high,reuse_prior_state_curated_lei+reuse_prior_state_curated_lei+va_md_curated+va_md_curated_gleif+public_nmls,16,0,16,medium,reuse_prior_state_curated_lei map for OH activity (16 OH originations); slug=tower-federal-credit-union.
IUGPUX5LWRZ3B6KIZ697,Ameris Bank,405455,ameris-bank,Ameris Bank,high,reuse_prior_state_curated_lei+curated_lei_public_nmls,15,1846,15,medium,reuse_prior_state_curated_lei map for OH activity (15 OH originations); slug=ameris-bank.
549300MKOZ81ZWTNKB12,United Bank,522399,united-bank,United Bank,high,reuse_prior_state_curated_lei+va_md_curated+va_md_deepen_gleif+public_nmls,14,0,14,medium,reuse_prior_state_curated_lei map for OH activity (14 OH originations); slug=united-bank.
5493005DKMV1IHIM8E20,"Wilmington Savings Fund Society, FSB",417673,wsfs-bank,"Wilmington Savings Fund Society, FSB",high,reuse_prior_state_curated_lei+pa_curated+gleif+wsfs_nmls,13,0,13,medium,reuse_prior_state_curated_lei map for OH activity (13 OH originations); slug=wsfs-bank.
549300BM4NS8HDJT3X28,"INTERCOASTAL MORTGAGE, LLC",56323,intercoastal-mortgage,"Intercoastal Mortgage, LLC",high,reuse_prior_state_curated_lei+va_md_curated+va_md_deepen_gleif+public_nmls,12,0,12,medium,reuse_prior_state_curated_lei map for OH activity (12 OH originations); slug=intercoastal-mortgage.
549300YD7XJM19TH5O82,CITIZENS EQUITY FIRST CREDIT UNION,407798,cefcu,Citizens Equity First Credit Union (CEFCU),high,il_oh_curated+il_oh_curated_gleif+public_nmls,9,0,9,medium,il_oh_curated map for OH activity (9 OH originations); slug=cefcu.
5493005JPZ3LXXMB0S24,"Carrington Mortgage Services, LLC",2250,carrington-mortgage,"Carrington Mortgage Services, LLC",high,reuse_prior_state_curated_lei+curated_lei_public_nmls,8,2916,8,medium,reuse_prior_state_curated_lei map for OH activity (8 OH originations); slug=carrington-mortgage.
COOWI3L2W9TPYR3WJX37,First Horizon Bank,405456,first-horizon-bank,First Horizon Bank,high,reuse_prior_state_curated_lei+curated_lei_public_nmls,8,1045,8,medium,reuse_prior_state_curated_lei map for OH activity (8 OH originations); slug=first-horizon-bank.
549300T3F9S1MKFKHC53,HOMESTEAD FUNDING CORP.,3232,homestead-funding,Homestead Funding Corp.,high,reuse_prior_state_curated_lei+ny_curated+ny_curated_gleif+public_nmls,8,0,8,medium,reuse_prior_state_curated_lei map for OH activity (8 OH originations); slug=homestead-funding.
5493002N5168AC238149,"OceanFirst Bank, National Association",409701,oceanfirst-bank,"OceanFirst Bank, National Association",high,reuse_prior_state_curated_lei+nj_curated+nj_curated_gleif+public_nmls,8,0,8,medium,reuse_prior_state_curated_lei map for OH activity (8 OH originations); slug=oceanfirst-bank.
254900XN7UWEWK13RO81,PREMIUM MORTGAGE CORPORATION,3254,premium-mortgage,Premium Mortgage Corporation,high,reuse_prior_state_curated_lei+ny_curated+ny_curated_gleif+public_nmls,7,0,7,medium,reuse_prior_state_curated_lei map for OH activity (7 OH originations); slug=premium-mortgage.
54930095UWUUXAWASB02,"Atlantic Coast Mortgage, LLC",643114,atlantic-coast-mortgage,"Atlantic Coast Mortgage, LLC",high,reuse_prior_state_curated_lei+reuse_prior_state_curated_lei+va_md_curated+va_md_curated_gleif+public_nmls,7,0,7,medium,reuse_prior_state_curated_lei map for OH activity (7 OH originations); slug=atlantic-coast-mortgage.
254900ACUWEGW702BR80,"FM Home Loans, LLC",2212,fm-home-loans,"FM Home Loans, LLC",high,reuse_prior_state_curated_lei+ny_curated+ny_curated_gleif+public_nmls,6,0,6,medium,reuse_prior_state_curated_lei map for OH activity (6 OH originations); slug=fm-home-loans.
549300LLKEKXL2RM1F61,CONTOUR MORTGAGE CORPORATION,34384,contour-mortgage,Contour Mortgage Corporation,high,reuse_prior_state_curated_lei+ny_curated+ny_curated_gleif+public_nmls,6,0,6,medium,reuse_prior_state_curated_lei map for OH activity (6 OH originations); slug=contour-mortgage.
254900P7WLDQD9IUL038,Service Federal Credit Union,491588,service-credit-union,Service Credit Union (Service Federal Credit Union),high,reuse_prior_state_curated_lei+ct_nh_curated+ct_nh_curated_gleif+public_nmls,6,0,6,medium,reuse_prior_state_curated_lei map for OH activity (6 OH originations); slug=service-credit-union.
L9VVX1KT5TFTKS0MLF66,First-Citizens Bank & Trust Company,503941,first-citizens-bank,First-Citizens Bank & Trust Company,high,reuse_prior_state_curated_lei+sc_curated+sc_curated_gleif+public_nmls,6,0,6,medium,reuse_prior_state_curated_lei map for OH activity (6 OH originations); slug=first-citizens-bank.
549300N5GF79IZ5Y7G10,AMERICAN HERITAGE FCU,433838,american-heritage-federal-credit-union,American Heritage Federal Credit Union,high,reuse_prior_state_curated_lei+pa_curated+gleif+ahfcu_nmls,6,0,6,medium,reuse_prior_state_curated_lei map for OH activity (6 OH originations); slug=american-heritage-federal-credit-union.
549300OBO7DOF2KOP535,FirstBank,472433,firstbank-tennessee,FirstBank,high,reuse_prior_state_curated_lei+tn_curated+tn_curated_gleif+public_nmls,6,0,6,medium,reuse_prior_state_curated_lei map for OH activity (6 OH originations); slug=firstbank-tennessee.
635400IW1QMK3FNFF894,MERIDIAN BANK,462854,meridian-bank,Meridian Bank,high,reuse_prior_state_curated_lei+de_dc_curated+de_dc_curated_gleif+public_nmls,5,0,5,medium,reuse_prior_state_curated_lei map for OH activity (5 OH originations); slug=meridian-bank.
213800QUAI2VH5YM6310,"EMBRACE HOME LOANS, INC.",2184,embrace-home-loans,"Embrace Home Loans, Inc.",high,reuse_prior_state_curated_lei+reuse_prior_state_curated_lei+reuse_prior_state_curated_lei+nj_curated+nj_curated_gleif+public_nmls,4,0,4,medium,reuse_prior_state_curated_lei map for OH activity (4 OH originations); slug=embrace-home-loans.
HIDXEG9BLUJZKBGUT764,Bank-Fund Staff Federal Credit Union,283762,bank-fund-staff-federal-credit-union,Bank-Fund Staff Federal Credit Union,high,reuse_prior_state_curated_lei+de_dc_curated+de_dc_curated_gleif+public_nmls,4,0,4,medium,reuse_prior_state_curated_lei map for OH activity (4 OH originations); slug=bank-fund-staff-federal-credit-union.
549300LXKO1O7CSK5J52,"FLAT BRANCH MORTGAGE, INC.",224149,flat-branch-mortgage,"Flat Branch Mortgage, Inc.",high,il_oh_curated+il_oh_curated_gleif+public_nmls,4,0,4,medium,il_oh_curated map for OH activity (4 OH originations); slug=flat-branch-mortgage.
5493009LKZIV63KY6458,VIRGINIA FEDERAL CREDIT UNION,407552,virginia-credit-union,Virginia Credit Union (Virginia Federal Credit Union),high,reuse_prior_state_curated_lei+va_md_curated+va_md_deepen_gleif+public_nmls,3,0,3,medium,reuse_prior_state_curated_lei map for OH activity (3 OH originations); slug=virginia-credit-union.
8I3UVGYULPJQIP7FQV10,"SouthState Bank, National Association",405461,southstate-bank,"SouthState Bank, National Association",high,reuse_prior_state_curated_lei+curated_lei_public_nmls,2,2616,2,medium,reuse_prior_state_curated_lei map for OH activity (2 OH originations); slug=southstate-bank.
549300VJQJVZKJBDWS17,"TOTAL MORTGAGE SERVICES, LLC",2764,total-mortgage-services,"Total Mortgage Services, LLC",high,reuse_prior_state_curated_lei+reuse_prior_state_curated_lei+ma_curated+ma_curated_gleif+public_nmls,2,0,2,medium,reuse_prior_state_curated_lei map for OH activity (2 OH originations); slug=total-mortgage-services.
549300GPO6DWUZR4UY30,FIRST HOME MORTGAGE CORPORATION,71603,first-home-mortgage,First Home Mortgage Corporation,high,reuse_prior_state_curated_lei+reuse_prior_state_curated_lei+va_md_curated+va_md_curated_gleif+public_nmls,2,0,2,medium,reuse_prior_state_curated_lei map for OH activity (2 OH originations); slug=first-home-mortgage.
549300PP6R8WIOP60124,Southern First Bank,754127,southern-first-bank,Southern First Bank,high,reuse_prior_state_curated_lei+sc_curated+sc_curated_gleif+public_nmls,2,0,2,medium,reuse_prior_state_curated_lei map for OH activity (2 OH originations); slug=southern-first-bank.
KI0VI4JRMCIJ329YTN75,Valley National Bank,411254,valley-national-bank,Valley National Bank,high,reuse_prior_state_curated_lei+nj_curated+nj_curated_gleif+public_nmls,1,0,1,medium,reuse_prior_state_curated_lei map for OH activity (1 OH originations); slug=valley-national-bank.
254900F9ZTVTX763V835,"Advisors Mortgage Group, L.L.C.",33041,advisors-mortgage-group,"Advisors Mortgage Group, L.L.C.",high,reuse_prior_state_curated_lei+nj_curated+nj_curated_gleif+public_nmls,1,0,1,medium,reuse_prior_state_curated_lei map for OH activity (1 OH originations); slug=advisors-mortgage-group.
54930039UO39UJGI7078,TowneBank,512138,townebank,TowneBank / TowneBank Mortgage,high,reuse_prior_state_curated_lei+reuse_prior_state_curated_lei+va_md_curated+va_md_curated_gleif+public_nmls,1,0,1,medium,reuse_prior_state_curated_lei map for OH activity (1 OH originations); slug=townebank.
549300LBK5BTNFKZJD14,Univest Bank and Trust Co.,415882,univest-bank,Univest Bank and Trust Co.,high,reuse_prior_state_curated_lei+pa_curated+gleif+univest_nmls,1,0,1,medium,reuse_prior_state_curated_lei map for OH activity (1 OH originations); slug=univest-bank.
549300BWFA5UY7H4WJ62,C & F Mortgage Corporation,147312,cf-mortgage,C&F Mortgage Corporation,high,reuse_prior_state_curated_lei+va_md_curated+va_md_deepen_gleif+public_nmls,1,0,1,medium,reuse_prior_state_curated_lei map for OH activity (1 OH originations); slug=cf-mortgage.
Q7C315HKI8VX0SSKBS64,Cadence Bank,402436,cadence-bank,Cadence Bank,high,reuse_prior_state_curated_lei+tn_curated+tn_curated_gleif+public_nmls,1,0,1,medium,reuse_prior_state_curated_lei map for OH activity (1 OH originations); slug=cadence-bank.
5493007669OVCSCATP45,TENNESSEE VALLEY FCU,460298,tennessee-valley-federal-credit-union,Tennessee Valley Federal Credit Union,high,reuse_prior_state_curated_lei+tn_curated+tn_curated_gleif+public_nmls,1,0,1,medium,reuse_prior_state_curated_lei map for OH activity (1 OH originations); slug=tennessee-valley-federal-credit-union.
