lei,institution_name_hmda,nmls_id,our_lender_slug,legal_name,match_confidence,match_method,colorado_originations,florida_originations,total_originations,priority_match,notes
549300HW662MN1WU8550,"United Wholesale Mortgage, LLC",3038,united-wholesale-mortgage,"United Wholesale Mortgage, LLC",high,reuse_prior_state_curated_lei+curated_lei_public_nmls,18178,49897,18178,high,reuse_prior_state_curated_lei map for CO activity (18178 CO originations); slug=united-wholesale-mortgage.
6GK3WNTSHBNJOVP1LV97,WINGS CREDIT UNION,405466,wings-credit-union,Wings Credit Union (merged with Ent Credit Union brand footprint),high,co_curated+co_curated_gleif+public_nmls,8715,0,8715,high,co_curated map for CO activity (8715 CO originations); slug=wings-credit-union.
549300FGXN1K3HLB1R50,"Rocket Mortgage, LLC",3030,rocket-mortgage,"Rocket Mortgage, LLC",high,reuse_prior_state_curated_lei+curated_lei_public_nmls,8433,31530,8433,high,reuse_prior_state_curated_lei map for CO activity (8433 CO originations); slug=rocket-mortgage.
549300AQ3T62GXDU7D76,Ally Bank,181005,ally-bank,Ally Bank,high,reuse_prior_state_curated_lei+curated_lei_public_nmls,4338,2790,4338,high,reuse_prior_state_curated_lei map for CO activity (4338 CO originations); slug=ally-bank.
5493009V3WNJX9V2GZ85,FirstBank,,firstbank-colorado,FirstBank (Colorado / efirstbank),high,co_curated+co_curated_gleif+lei_identity,3041,0,3041,high,co_curated map for CO activity (3041 CO originations); slug=firstbank-colorado.
54930067MGJBFNEN1P47,ELEVATIONS,717246,elevations-credit-union,Elevations Credit Union,high,co_curated+co_curated_gleif+public_nmls,2960,0,2960,high,co_curated map for CO activity (2960 CO originations); slug=elevations-credit-union.
549300E3QJQLKVB40W93,CANVAS CREDIT UNION,410592,canvas-credit-union,Canvas Credit Union,high,co_curated+co_curated_gleif+public_nmls,2939,0,2939,high,co_curated map for CO activity (2939 CO originations); slug=canvas-credit-union.
5493008L9O5NV7EAK360,BELLCO,,bellco-credit-union,Bellco Credit Union,high,co_curated+co_curated_gleif+lei_identity,2818,0,2818,high,co_curated map for CO activity (2818 CO originations); slug=bellco-credit-union.
549300VZVN841I2ILS84,Freedom Mortgage Corporation,2767,freedom-mortgage,Freedom Mortgage Corporation,high,reuse_prior_state_curated_lei+curated_lei_public_nmls,2472,11987,2472,high,reuse_prior_state_curated_lei map for CO activity (2472 CO originations); slug=freedom-mortgage.
RVDPPPGHCGZ40J4VQ731,Fairway Independent Mortgage Corporation,2909,fairway-mortgage-augusta-sheppard,Fairway Independent Mortgage — Augusta (Sheppard Team),high,reuse_prior_state_curated_lei+curated_lei+directory_name,2360,9704,2360,high,reuse_prior_state_curated_lei map for CO activity (2360 CO originations); slug=fairway-mortgage-augusta-sheppard.
549300MGPZBLQDIL7538,"PrimeLending, a PlainsCapital Company",1921,primelending-columbus,PrimeLending — Columbus Team,high,reuse_prior_state_curated_lei+curated_lei+directory_name,2297,3153,2297,high,reuse_prior_state_curated_lei map for CO activity (2297 CO originations); slug=primelending-columbus.
6BYL5QZYBDK8S7L73M02,U.S. Bank National Association,402216,us-bank,U.S. Bank National Association,high,reuse_prior_state_curated_lei+curated_lei_public_nmls,2277,2279,2277,high,reuse_prior_state_curated_lei map for CO activity (2277 CO originations); slug=us-bank.
549300U3721PJGQZYY68,Nationstar Mortgage LLC,2104,mr-cooper,Nationstar Mortgage LLC,high,reuse_prior_state_curated_lei+curated_lei_public_nmls,2143,3204,2143,high,reuse_prior_state_curated_lei map for CO activity (2143 CO originations); slug=mr-cooper.
549300GKFNPRWNS0GF29,"AmeriHome Mortgage Company, LLC",1120271,amerihome-mortgage,"AmeriHome Mortgage Company, LLC",high,reuse_prior_state_curated_lei+curated_lei_public_nmls,1930,4388,1930,high,reuse_prior_state_curated_lei map for CO activity (1930 CO originations); slug=amerihome-mortgage.
7H6GLXDRUGQFU57RNE97,"JPMorgan Chase Bank, National Association",399798,jpmorgan-chase-bank,"JPMorgan Chase Bank, National Association",high,reuse_prior_state_curated_lei+curated_lei_public_nmls,1880,6131,1880,high,reuse_prior_state_curated_lei map for CO activity (1880 CO originations); slug=jpmorgan-chase-bank.
549300AG64NHILB7ZP05,"PennyMac Loan Services, LLC",35953,pennymac,"PennyMac Loan Services, LLC",high,reuse_prior_state_curated_lei+curated_lei_public_nmls,1864,7460,1864,high,reuse_prior_state_curated_lei map for CO activity (1864 CO originations); slug=pennymac.
254900DTLHVWQ7NP7R34,"CMG Mortgage, Inc.",2458338,cmg-home-loans-dennis-vo,CMG Home Loans (Dennis Vo Team),high,reuse_prior_state_curated_lei+curated_lei+directory_name,1646,4627,1646,high,reuse_prior_state_curated_lei map for CO activity (1646 CO originations); slug=cmg-home-loans-dennis-vo.
549300LYRWPSYPK6S325,Guild Mortgage Company LLC,3274,guild-mortgage-metrowest,Guild Mortgage (West Valley Branches),high,reuse_prior_state_curated_lei+curated_lei+directory_name,1594,5374,1594,high,reuse_prior_state_curated_lei map for CO activity (1594 CO originations); slug=guild-mortgage-metrowest.
549300FNXYY540N23N64,Newrez LLC,2289,newrez,Newrez LLC,high,reuse_prior_state_curated_lei+curated_lei_public_nmls,1561,5643,1561,high,reuse_prior_state_curated_lei map for CO activity (1561 CO originations); slug=newrez.
549300E2UX99HKDBR481,"Broker Solutions, Inc.",6606,new-american-funding,"Broker Solutions, Inc.",high,reuse_prior_state_curated_lei+curated_lei_public_nmls,1551,3881,1551,high,reuse_prior_state_curated_lei map for CO activity (1551 CO originations); slug=new-american-funding.
5493003GQDUH26DNNH17,Navy Federal Credit Union,399807,navy-federal-jacksonville,Navy Federal Credit Union (Jacksonville Area),high,reuse_prior_state_curated_lei+curated_lei+directory_name,1547,8416,1547,high,reuse_prior_state_curated_lei map for CO activity (1547 CO originations); slug=navy-federal-jacksonville.
OYWNLMHNBQQ7BAH3EE86,Alpine Bank,414674,alpine-bank,Alpine Bank,high,co_curated+co_curated_gleif+public_nmls,1490,0,1490,high,co_curated map for CO activity (1490 CO originations); slug=alpine-bank.
549300ALNLUNS3Y53T24,AMERICAN FINANCING CORPORATION,182334,american-financing,American Financing Corporation,high,co_curated+co_curated_gleif+public_nmls,1398,0,1398,high,co_curated map for CO activity (1398 CO originations); slug=american-financing.
549300ABEFRFKC9S8368,"CREDIT UNION OF COLORADO, A FEDERAL CREDIT UNION",,credit-union-of-colorado,"Credit Union of Colorado, a Federal Credit Union",high,co_curated+co_deepen_gleif+lei_identity,1364,0,1364,high,co_curated map for CO activity (1364 CO originations); slug=credit-union-of-colorado.
549300R0DP2GXAIMGB41,Bank of Colorado,,bank-of-colorado,Bank of Colorado,high,co_curated+co_deepen_gleif+lei_identity,1334,0,1334,high,co_curated map for CO activity (1334 CO originations); slug=bank-of-colorado.
549300DD5QQUHO6PCH70,"Movement Mortgage, LLC",39179,movement-mortgage-myrtle-beach,Movement Mortgage — Myrtle Beach,high,reuse_prior_state_curated_lei+curated_lei+directory_name,1301,5506,1301,high,reuse_prior_state_curated_lei map for CO activity (1301 CO originations); slug=movement-mortgage-myrtle-beach.
549300H3IZO24NSOO931,"loanDepot.com, LLC",174457,loandepot,"loanDepot.com, LLC",high,reuse_prior_state_curated_lei+curated_lei_public_nmls,1283,10692,1283,high,reuse_prior_state_curated_lei map for CO activity (1283 CO originations); slug=loandepot.
549300LBCBNR1OT00651,NATIONSTAR MORTGAGE LLC,2104,mr-cooper,Nationstar Mortgage LLC,high,reuse_prior_state_curated_lei+curated_lei_public_nmls,1221,3546,1221,high,reuse_prior_state_curated_lei map for CO activity (1221 CO originations); slug=mr-cooper.
549300RN01LBYR8ZVX74,"LOWER, LLC",1124061,lower,"Lower, LLC",high,reuse_prior_state_curated_lei+reuse_prior_state_curated_lei+reuse_prior_state_curated_lei+sc_curated+sc_curated_gleif+public_nmls,1189,0,1189,high,reuse_prior_state_curated_lei map for CO activity (1189 CO originations); slug=lower.
549300PC4MFWQBNVKG88,"V.I.P. MORTGAGE, INC.",145502,vip-mortgage,"V.I.P. Mortgage, Inc.",high,co_curated+co_curated_gleif+public_nmls,1153,0,1153,high,co_curated map for CO activity (1153 CO originations); slug=vip-mortgage.
5493001HHBUTXHS7TZ96,HOMEAMERICAN MORTGAGE CORPORATION,130676,homeamerican-mortgage,HomeAmerican Mortgage Corporation,high,co_curated+co_curated_gleif+public_nmls,1121,0,1121,high,co_curated map for CO activity (1121 CO originations); slug=homeamerican-mortgage.
8WH0EE09O9V05QJZ3V89,"Zions Bancorporation, N.A.",467014,zions-bank,"Zions Bancorporation, N.A. (includes Vectra Bank Colorado brand)",high,co_curated+co_deepen_gleif+public_nmls,1057,0,1057,high,co_curated map for CO activity (1057 CO originations); slug=zions-bank.
5493001SXWZ4OFP8Z903,"CrossCountry Mortgage, LLC",3029,crosscountry-mortgage-metrowest,CrossCountry Mortgage (West Valley),high,reuse_prior_state_curated_lei+curated_lei+directory_name,1014,11582,1014,high,reuse_prior_state_curated_lei map for CO activity (1014 CO originations); slug=crosscountry-mortgage-metrowest.
B4TYDEB6GKMZO031MB27,"Guaranteed Rate, Inc.",2611,guaranteed-rate,"Guaranteed Rate, Inc.",high,reuse_prior_state_curated_lei+curated_lei_public_nmls,965,7938,965,high,reuse_prior_state_curated_lei map for CO activity (965 CO originations); slug=guaranteed-rate.
549300PIL8LFAQ04XC20,Better Mortgage Corporation,330511,better-mortgage,Better Mortgage Corporation,high,reuse_prior_state_curated_lei+curated_lei_public_nmls,963,2675,963,high,reuse_prior_state_curated_lei map for CO activity (963 CO originations); slug=better-mortgage.
549300DD4R4SYK5RAQ92,"Cardinal Financial Company, Limited Partnership",66247,cardinal-financial,"Cardinal Financial Company, Limited Partnership",high,reuse_prior_state_curated_lei+curated_lei_public_nmls,935,4122,935,high,reuse_prior_state_curated_lei map for CO activity (935 CO originations); slug=cardinal-financial.
549300GYQ8ZT1NUXRM52,WESTERRA CREDIT UNION,421606,westerra-credit-union,Westerra Credit Union,high,co_curated+co_deepen_gleif+public_nmls,931,0,931,high,co_curated map for CO activity (931 CO originations); slug=westerra-credit-union.
5493001GDRY0EL7VG372,"ARK-LA-TEX FINANCIAL SERVICES, LLC.",2143,benchmark-mortgage,"Ark-La-Tex Financial Services, LLC dba Benchmark Mortgage",high,co_curated+co_deepen_gleif+public_nmls,914,0,914,high,co_curated map for CO activity (914 CO originations); slug=benchmark-mortgage.
549300748YYU6VG08N83,"Loan Simple, Inc.",3032,loan-simple,"Loan Simple, Inc.",high,co_curated+co_deepen_gleif+public_nmls,911,0,911,high,co_curated map for CO activity (911 CO originations); slug=loan-simple.
5493008N1D96CHCTQC27,SECURITY SERVICE FEDERAL CREDIT UNION,458903,security-service-federal-credit-union,Security Service Federal Credit Union,high,co_curated+co_deepen_gleif+public_nmls,857,0,857,high,co_curated map for CO activity (857 CO originations); slug=security-service-federal-credit-union.
FU7RSW4CQQY98A2O7J66,"BOKF, National Association",403501,bok-financial,"BOKF, National Association (BOK Financial)",high,co_curated+co_deepen_gleif+public_nmls,853,0,853,high,co_curated map for CO activity (853 CO originations); slug=bok-financial.
549300RWXIW3CFTANH88,SOOPER CU DBA CLIMB CU,422866,climb-credit-union,Climb Credit Union (formerly Sooper Credit Union),high,co_curated+co_deepen_gleif+public_nmls,774,0,774,high,co_curated map for CO activity (774 CO originations); slug=climb-credit-union.
3Y4U8VZURTYWI1W2K376,BMO Bank National Association,401052,bmo-bank,BMO Bank National Association,high,reuse_prior_state_curated_lei+il_oh_curated+il_oh_deepen_gleif+public_nmls,755,0,755,high,reuse_prior_state_curated_lei map for CO activity (755 CO originations); slug=bmo-bank.
254900ZFWS2106HWPH46,"PARAMOUNT RESIDENTIAL MORTGAGE GROUP, INC.",75243,prmg,Paramount Residential Mortgage Group (PRMG),medium,reuse_prior_state_curated_lei+gleif_name_to_directory,741,3741,741,high,reuse_prior_state_curated_lei map for CO activity (741 CO originations); slug=prmg.
549300RPOGWJRH63HS39,UNION HOME MORTGAGE CORP.,1904,union-home-mortgage-reeves-team,Union Home Mortgage Corp.,high,reuse_prior_state_curated_lei+reuse_prior_state_curated_lei+reuse_prior_state_curated_lei+reuse_fl_tx_ga_ca_curated_lei+reuse_fl_tx_ga_curated_lei+ga_curated_gleif+company_nmls+ga_directory,693,0,693,high,reuse_prior_state_curated_lei map for CO activity (693 CO originations); slug=union-home-mortgage-reeves-team.
2WHM8VNJH63UN14OL754,The Huntington National Bank,402436,huntington-national-bank,The Huntington National Bank,high,reuse_prior_state_curated_lei+reuse_prior_state_curated_lei+reuse_prior_state_curated_lei+pa_curated+gleif+huntington_nmls,675,0,675,high,reuse_prior_state_curated_lei map for CO activity (675 CO originations); slug=huntington-national-bank.
549300MCIFZSDHUT8X63,"NFM, INC.",2893,nfm-lending,"NFM, Inc. (dba NFM Lending)",high,reuse_prior_state_curated_lei+reuse_prior_state_curated_lei+reuse_prior_state_curated_lei+reuse_prior_state_curated_lei+reuse_prior_state_curated_lei+nj_curated+nj_curated_gleif+public_nmls,659,0,659,high,reuse_prior_state_curated_lei map for CO activity (659 CO originations); slug=nfm-lending.
KB1H1DSPRFMYMCUFXT09,"Wells Fargo Bank, National Association",399801,wells-fargo-bank,"Wells Fargo Bank, National Association",high,reuse_prior_state_curated_lei+curated_lei_public_nmls,653,2670,653,high,reuse_prior_state_curated_lei map for CO activity (653 CO originations); slug=wells-fargo-bank.
549300OPCWU6E72WUT29,"MUTUAL OF OMAHA MORTGAGE, INC.",1025894,mutual-of-omaha-mortgage,"Mutual of Omaha Mortgage, Inc.",high,reuse_prior_state_curated_lei+reuse_fl_tx_ga_curated_lei+ga_curated_gleif+public_nmls,651,0,651,high,reuse_prior_state_curated_lei map for CO activity (651 CO originations); slug=mutual-of-omaha-mortgage.
549300370QILXLFUWD20,"ZILLOW HOME LOANS, LLC",1027871,zillow-home-loans,"Zillow Home Loans, LLC",high,reuse_prior_state_curated_lei+reuse_fl_tx_ga_curated_lei+ga_curated_gleif+public_nmls,635,0,635,high,reuse_prior_state_curated_lei map for CO activity (635 CO originations); slug=zillow-home-loans.
AD6GFRVSDT01YPT1CS68,"PNC Bank, National Association",446038,pnc-bank,"PNC Bank, National Association",high,reuse_prior_state_curated_lei+curated_lei_public_nmls,603,3475,603,high,reuse_prior_state_curated_lei map for CO activity (603 CO originations); slug=pnc-bank.
549300MZ8VZJOVC63092,"KIND LENDING, LLC",3925,kind-lending,"Kind Lending, LLC",high,reuse_prior_state_curated_lei+ca_curated+ca_curated_gleif+public_nmls,589,0,589,high,reuse_prior_state_curated_lei map for CO activity (589 CO originations); slug=kind-lending.
549300NOCASXPA34X033,"LAKEVIEW LOAN SERVICING, LLC",4095,lakeview-loan-servicing,"Lakeview Loan Servicing, LLC",high,reuse_prior_state_curated_lei+curated_public_nmls+directory_profile,583,1488,583,high,reuse_prior_state_curated_lei map for CO activity (583 CO originations); slug=lakeview-loan-servicing.
54930001NSTOD85LT125,"GUARANTEED RATE AFFINITY, LLC",1598647,guaranteed-rate-affinity,"Guaranteed Rate Affinity, LLC",high,reuse_prior_state_curated_lei+reuse_fl_tx_ga_ca_nc_sc_nj_ny_curated_lei+reuse_fl_tx_ga_ca_nc_sc_curated_lei+sc_curated+sc_curated_gleif+public_nmls,529,0,529,high,reuse_prior_state_curated_lei map for CO activity (529 CO originations); slug=guaranteed-rate-affinity.
549300XY701IELCE5Q08,BETTER MORTGAGE CORPORATION,330511,better-mortgage,Better Mortgage Corporation,high,reuse_prior_state_curated_lei+curated_lei_public_nmls,512,1004,512,high,reuse_prior_state_curated_lei map for CO activity (512 CO originations); slug=better-mortgage.
5493002GI63WHHUTUD85,"KEYSTONE FUNDING, INC.",144760,keystone-funding,"Keystone Funding, Inc.",high,reuse_prior_state_curated_lei+de_dc_curated+de_dc_curated_gleif+public_nmls,463,0,463,medium,reuse_prior_state_curated_lei map for CO activity (463 CO originations); slug=keystone-funding.
549300HIVO8XPBPNVG69,NOVA FINANCIAL & INVESTMENT CORPORATION,3089,nova-home-loans-west-valley,Nova Home Loans (Nova Financial & Investment Corporation),high,reuse_prior_state_curated_lei+az_curated+az_deepen_gleif+public_nmls,460,0,460,medium,reuse_prior_state_curated_lei map for CO activity (460 CO originations); slug=nova-home-loans-west-valley.
549300XWUSRVVOHPRY47,Academy Mortgage Corporation,3113,academy-mortgage,Academy Mortgage Corporation,high,reuse_prior_state_curated_lei+curated_lei_public_nmls,448,2938,448,medium,reuse_prior_state_curated_lei map for CO activity (448 CO originations); slug=academy-mortgage.
54930054ET8KM4O1D485,"SOFI BANK, NATIONAL ASSOCIATION",1121636,sofi-bank,"SoFi Bank, National Association",high,reuse_prior_state_curated_lei+curated_lei_public_nmls,438,1042,438,medium,reuse_prior_state_curated_lei map for CO activity (438 CO originations); slug=sofi-bank.
5493001WHVQBGRSWEU75,"HOMEBRIDGE FINANCIAL SERVICES, INC.",6521,homebridge-financial,"Homebridge Financial Services, Inc.",high,reuse_prior_state_curated_lei+curated_public_nmls+directory_profile,424,2433,424,medium,reuse_prior_state_curated_lei map for CO activity (424 CO originations); slug=homebridge-financial.
54930021WPEXNHYZUL09,"PLANET HOME LENDING, LLC",17022,planet-home-lending,"Planet Home Lending, LLC",high,reuse_prior_state_curated_lei+ga_curated_gleif+public_nmls,396,0,396,medium,reuse_prior_state_curated_lei map for CO activity (396 CO originations); slug=planet-home-lending.
5493008CPTDVOS570626,"Primary Residential Mortgage, Inc.",3094,prmi-aaron-swenson,Primary Residential Mortgage (Aaron Swenson Branch),high,reuse_prior_state_curated_lei+curated_lei+directory_name,392,3765,392,medium,reuse_prior_state_curated_lei map for CO activity (392 CO originations); slug=prmi-aaron-swenson.
54930052M48FOD3CWA54,"PRIMARY RESIDENTIAL MORTGAGE, INC.",3094,primary-residential-mortgage,"Primary Residential Mortgage, Inc.",high,reuse_prior_state_curated_lei+reuse_prior_state_curated_lei+reuse_prior_state_curated_lei+ne_curated+ne_curated_gleif+public_nmls,384,0,384,medium,reuse_prior_state_curated_lei map for CO activity (384 CO originations); slug=primary-residential-mortgage.
549300YIQ7S7Z8PIHE53,AMERISAVE MORTGAGE CORPORATION,1168,amerisave,AmeriSave Mortgage Corporation,high,reuse_prior_state_curated_lei+curated_lei_public_nmls,371,1667,371,medium,reuse_prior_state_curated_lei map for CO activity (371 CO originations); slug=amerisave.
549300XQVJ1XBNFA5536,21ST MORTGAGE CORPORATION,2280,21st-mortgage,21st Mortgage Corporation,medium,reuse_prior_state_curated_lei+curated_public_nmls+directory_profile,344,2098,344,medium,reuse_prior_state_curated_lei map for CO activity (344 CO originations); slug=21st-mortgage.
549300LXKO1O7CSK5J52,"FLAT BRANCH MORTGAGE, INC.",224149,flat-branch-mortgage,"Flat Branch Mortgage, Inc.",high,reuse_prior_state_curated_lei+il_oh_curated+il_oh_curated_gleif+public_nmls,311,0,311,medium,reuse_prior_state_curated_lei map for CO activity (311 CO originations); slug=flat-branch-mortgage.
549300121SF0K2LN2804,"PRIMELENDING, A PLAINSCAPITAL COMPANY",1921,primelending-columbus,PrimeLending — Columbus Team,high,reuse_prior_state_curated_lei+gleif_name_to_directory,299,931,299,medium,reuse_prior_state_curated_lei map for CO activity (299 CO originations); slug=primelending-columbus.
549300R9S3MVDV4MGF56,"CARRINGTON MORTGAGE SERVICES, LLC",2250,carrington-mortgage,"Carrington Mortgage Services, LLC",high,reuse_prior_state_curated_lei+reuse_fl_tx_ga_curated_lei+ga_curated_alt_lei+company_nmls,291,0,291,medium,reuse_prior_state_curated_lei map for CO activity (291 CO originations); slug=carrington-mortgage.
549300JYXTZDSPJEPI44,"PLAZA HOME MORTGAGE, INC.",2113,plaza-home-mortgage,"Plaza Home Mortgage, Inc.",high,reuse_prior_state_curated_lei+ny_curated+ny_curated_gleif+public_nmls,269,0,269,medium,reuse_prior_state_curated_lei map for CO activity (269 CO originations); slug=plaza-home-mortgage.
549300SK2GVCQXPD4S58,"SUN WEST MORTGAGE COMPANY, INC.",3277,sun-west-mortgage,"Sun West Mortgage Company, Inc.",high,reuse_prior_state_curated_lei+ca_curated+ca_curated_gleif+public_nmls,229,0,229,medium,reuse_prior_state_curated_lei map for CO activity (229 CO originations); slug=sun-west-mortgage.
HUX2X73FUCYHUVH1BK78,KeyBank National Association,,keybank,KeyBank National Association,high,reuse_prior_state_curated_lei+il_oh_curated+il_oh_curated_gleif+lei_identity,227,0,227,medium,reuse_prior_state_curated_lei map for CO activity (227 CO originations); slug=keybank.
C5654JQHZUHN0772B561,USAA Federal Savings Bank,399809,usaa-federal-savings-bank,USAA Federal Savings Bank,high,reuse_prior_state_curated_lei+curated_lei_public_nmls,221,825,221,medium,reuse_prior_state_curated_lei map for CO activity (221 CO originations); slug=usaa-federal-savings-bank.
5493005PKOSG7MYX0B34,"Prosperity Home Mortgage, LLC",75164,prosperity-home-mortgage,"Prosperity Home Mortgage, LLC",high,reuse_prior_state_curated_lei+reuse_fl_tx_ga_ca_nc_sc_nj_ny_curated_lei+nj_curated+nj_curated_gleif+public_nmls,219,0,219,medium,reuse_prior_state_curated_lei map for CO activity (219 CO originations); slug=prosperity-home-mortgage.
549300FX7K8PTEQUU487,PENTAGON FEDERAL CREDIT UNION,401822,penfed-dc-mid-city,Pentagon Federal Credit Union,high,reuse_prior_state_curated_lei+gleif_name_to_directory,196,972,196,medium,reuse_prior_state_curated_lei map for CO activity (196 CO originations); slug=penfed-dc-mid-city.
54930034MNPILHP25H80,Gateway First Bank,7233,gateway-mortgage-myrtle-beach,Gateway First Bank,high,reuse_prior_state_curated_lei+sc_curated+sc_curated_gleif+public_nmls+sc_directory,188,0,188,medium,reuse_prior_state_curated_lei map for CO activity (188 CO originations); slug=gateway-mortgage-myrtle-beach.
8I3UVGYULPJQIP7FQV10,"SouthState Bank, National Association",405461,southstate-bank,"SouthState Bank, National Association",high,reuse_prior_state_curated_lei+curated_lei_public_nmls,184,2616,184,medium,reuse_prior_state_curated_lei map for CO activity (184 CO originations); slug=southstate-bank.
5493004WMLN60ZJ2ON46,"Paramount Residential Mortgage Group, Inc.",75243,prmg,Paramount Residential Mortgage Group (PRMG),high,reuse_prior_state_curated_lei+curated_lei+directory_name,173,4200,173,medium,reuse_prior_state_curated_lei map for CO activity (173 CO originations); slug=prmg.
E57ODZWZ7FF32TWEFA76,"Citibank, National Association",412915,citibank,"Citibank, National Association",high,reuse_prior_state_curated_lei+reuse_prior_state_curated_lei+nj_curated+nj_curated_gleif+public_nmls,155,0,155,medium,reuse_prior_state_curated_lei map for CO activity (155 CO originations); slug=citibank.
549300KIOYNU323LVJ37,AMERICAN PACIFIC MORTGAGE CORPORATION,1850,american-pacific-mortgage-inland-empire,American Pacific Mortgage (Inland Empire),medium,reuse_prior_state_curated_lei+gleif_name_to_directory,153,1750,153,medium,reuse_prior_state_curated_lei map for CO activity (153 CO originations); slug=american-pacific-mortgage-inland-empire.
54930072OCHTUJOZQB56,Liberty Credit Union,518136,liberty-federal-credit-union,Liberty Federal Credit Union,high,reuse_prior_state_curated_lei+mi_in_curated+mi_in_deepen_gleif+public_nmls,151,0,151,medium,reuse_prior_state_curated_lei map for CO activity (151 CO originations); slug=liberty-federal-credit-union.
5493008NWHQT1R22C024,"AMERICAN FINANCIAL NETWORK, INC.",237341,american-financial-network,"American Financial Network, Inc.",high,reuse_prior_state_curated_lei+ca_curated+ca_curated_gleif+public_nmls,134,0,134,medium,reuse_prior_state_curated_lei map for CO activity (134 CO originations); slug=american-financial-network.
549300O6Z0I6KYMESL47,AMWEST FUNDING CORP.,167441,amwest-funding,AmWest Funding Corp.,high,reuse_prior_state_curated_lei+ca_curated+ca_curated_gleif+public_nmls,131,0,131,medium,reuse_prior_state_curated_lei map for CO activity (131 CO originations); slug=amwest-funding.
549300SUCQ1358EGVE89,"NEW DAY FINANCIAL, LLC",1043,new-day-financial,"New Day Financial, LLC",high,reuse_prior_state_curated_lei+reuse_prior_state_curated_lei+reuse_prior_state_curated_lei+reuse_prior_state_curated_lei+reuse_prior_state_curated_lei+reuse_fl_tx_ga_ca_nc_sc_nj_ny_curated_lei+sc_curated+sc_curated_gleif+public_nmls,109,0,109,medium,reuse_prior_state_curated_lei map for CO activity (109 CO originations); slug=new-day-financial.
254900HA4DQWAE0W3342,"AMERIHOME MORTGAGE COMPANY, LLC",1120271,amerihome-mortgage,"AmeriHome Mortgage Company, LLC",high,reuse_prior_state_curated_lei+ga_curated_alt_lei+company_nmls,105,0,105,medium,reuse_prior_state_curated_lei map for CO activity (105 CO originations); slug=amerihome-mortgage.
549300XED7IBK9VVQH70,"PIKE CREEK MORTGAGE SERVICES, INC.",130829,pike-creek-mortgage,"Pike Creek Mortgage Services, Inc.",high,reuse_prior_state_curated_lei+de_dc_curated+de_dc_curated_gleif+public_nmls,105,0,105,medium,reuse_prior_state_curated_lei map for CO activity (105 CO originations); slug=pike-creek-mortgage.
SS1TRMSN6BRNMOREEV51,"Flagstar Bank, National Association",399797,flagstar-bank,"Flagstar Bank, National Association",high,reuse_prior_state_curated_lei+curated_lei_public_nmls,98,737,98,medium,reuse_prior_state_curated_lei map for CO activity (98 CO originations); slug=flagstar-bank.
WWB2V0FCW3A0EE3ZJN75,Manufacturers and Traders Trust Company,381076,mt-bank,Manufacturers and Traders Trust Company (M&T Bank),high,reuse_prior_state_curated_lei+reuse_prior_state_curated_lei+reuse_fl_tx_ga_ca_nc_sc_nj_ny_curated_lei+reuse_fl_tx_ga_ca_nc_sc_nj_curated_lei+nj_curated+nj_curated_gleif+public_nmls,77,0,77,medium,reuse_prior_state_curated_lei map for CO activity (77 CO originations); slug=mt-bank.
549300R0SXC1JU7ZU290,"FIRST COMMUNITY MORTGAGE, INC.",629700,first-community-mortgage,"First Community Mortgage, Inc.",high,reuse_prior_state_curated_lei+tn_curated+tn_curated_gleif+public_nmls,67,0,67,medium,reuse_prior_state_curated_lei map for CO activity (67 CO originations); slug=first-community-mortgage.
L9VVX1KT5TFTKS0MLF66,First-Citizens Bank & Trust Company,503941,first-citizens-bank,First-Citizens Bank & Trust Company,high,reuse_prior_state_curated_lei+sc_curated+sc_curated_gleif+public_nmls,64,0,64,medium,reuse_prior_state_curated_lei map for CO activity (64 CO originations); slug=first-citizens-bank.
5493000YNV8IX4VD3X12,"VANDERBILT MORTGAGE AND FINANCE, INC.",1561,silverton-mortgage-myrtle-beach,"Vanderbilt Mortgage and Finance, Inc. (dba Silverton Mortgage)",high,reuse_prior_state_curated_lei+sc_curated+sc_curated_gleif+public_nmls+silverton_dba,56,0,56,medium,reuse_prior_state_curated_lei map for CO activity (56 CO originations); slug=silverton-mortgage-myrtle-beach.
JJKC32MCHWDI71265Z06,Truist Bank,405457,truist-bank,Truist Bank,high,reuse_prior_state_curated_lei+curated_lei_public_nmls,44,6117,44,medium,reuse_prior_state_curated_lei map for CO activity (44 CO originations); slug=truist-bank.
DRMSV1Q0EKMEXLAU1P80,"Citizens Bank, National Association",433960,citizens-bank,"Citizens Bank, National Association",high,reuse_prior_state_curated_lei+curated_lei_public_nmls,42,2297,42,medium,reuse_prior_state_curated_lei map for CO activity (42 CO originations); slug=citizens-bank.
5493005JPZ3LXXMB0S24,"Carrington Mortgage Services, LLC",2250,carrington-mortgage,"Carrington Mortgage Services, LLC",high,reuse_prior_state_curated_lei+curated_lei_public_nmls,35,2916,35,medium,reuse_prior_state_curated_lei map for CO activity (35 CO originations); slug=carrington-mortgage.
C398JSK21YCXWM603F55,"Barrington Bank & Trust Company, National Association",449042,wintrust-mortgage,Wintrust Mortgage (division of Barrington Bank & Trust),high,reuse_prior_state_curated_lei+il_oh_curated+il_oh_deepen_gleif+public_nmls,34,0,34,medium,reuse_prior_state_curated_lei map for CO activity (34 CO originations); slug=wintrust-mortgage.
549300W4FT4H1UWPGU95,GREENSTATE Credit Union,1495,greenstate-credit-union,GreenState Credit Union,high,reuse_prior_state_curated_lei+il_oh_curated+il_oh_curated_gleif+public_nmls,33,0,33,medium,reuse_prior_state_curated_lei map for CO activity (33 CO originations); slug=greenstate-credit-union.
QFROUN1UWUYU0DVIWD51,"Eagle Home Mortgage, LLC",2925,eagle-home-mortgage,"Eagle Home Mortgage, LLC",high,reuse_prior_state_curated_lei+reuse_prior_state_curated_lei+reuse_prior_state_curated_lei+curated_lei_public_nmls,30,3553,30,medium,reuse_prior_state_curated_lei map for CO activity (30 CO originations); slug=eagle-home-mortgage.
IUGPUX5LWRZ3B6KIZ697,Ameris Bank,405455,ameris-bank,Ameris Bank,high,reuse_prior_state_curated_lei+curated_lei_public_nmls,27,1846,27,medium,reuse_prior_state_curated_lei map for CO activity (27 CO originations); slug=ameris-bank.
549300FK3AFCFVAPH234,"Leader Bank, National Association",449250,leader-bank,"Leader Bank, National Association",high,reuse_prior_state_curated_lei+ma_curated+ma_curated_gleif+public_nmls,23,0,23,medium,reuse_prior_state_curated_lei map for CO activity (23 CO originations); slug=leader-bank.
549300QIUZLVR1OLDH55,Genisys Credit Union,409008,genisys-credit-union,Genisys Credit Union,high,reuse_prior_state_curated_lei+mi_in_curated+mi_in_curated_gleif+public_nmls,23,0,23,medium,reuse_prior_state_curated_lei map for CO activity (23 CO originations); slug=genisys-credit-union.
54930080168VA6Z8UX21,TOWER Federal Credit Union,586147,tower-federal-credit-union,Tower Federal Credit Union,high,reuse_prior_state_curated_lei+reuse_prior_state_curated_lei+va_md_curated+va_md_curated_gleif+public_nmls,22,0,22,medium,reuse_prior_state_curated_lei map for CO activity (22 CO originations); slug=tower-federal-credit-union.
EQTWLK1G7ODGC2MGLV11,Regions Bank,467341,regions-bank,Regions Bank,high,reuse_prior_state_curated_lei+curated_lei_public_nmls,20,5826,20,medium,reuse_prior_state_curated_lei map for CO activity (20 CO originations); slug=regions-bank.
Q7C315HKI8VX0SSKBS64,Cadence Bank,402436,cadence-bank,Cadence Bank,high,reuse_prior_state_curated_lei+tn_curated+tn_curated_gleif+public_nmls,20,0,20,medium,reuse_prior_state_curated_lei map for CO activity (20 CO originations); slug=cadence-bank.
COOWI3L2W9TPYR3WJX37,First Horizon Bank,405456,first-horizon-bank,First Horizon Bank,high,reuse_prior_state_curated_lei+curated_lei_public_nmls,18,1045,18,medium,reuse_prior_state_curated_lei map for CO activity (18 CO originations); slug=first-horizon-bank.
549300AT7EB9FJAF0E61,Old National Bank,459308,old-national-bank,Old National Bank,high,reuse_prior_state_curated_lei+reuse_prior_state_curated_lei+reuse_prior_state_curated_lei+il_oh_curated+il_oh_curated_gleif+public_nmls,13,0,13,medium,reuse_prior_state_curated_lei map for CO activity (13 CO originations); slug=old-national-bank.
5493005DKMV1IHIM8E20,"Wilmington Savings Fund Society, FSB",417673,wsfs-bank,"Wilmington Savings Fund Society, FSB",high,reuse_prior_state_curated_lei+pa_curated+gleif+wsfs_nmls,12,0,12,medium,reuse_prior_state_curated_lei map for CO activity (12 CO originations); slug=wsfs-bank.
254900P7WLDQD9IUL038,Service Federal Credit Union,491588,service-credit-union,Service Credit Union (Service Federal Credit Union),high,reuse_prior_state_curated_lei+ct_nh_curated+ct_nh_curated_gleif+public_nmls,12,0,12,medium,reuse_prior_state_curated_lei map for CO activity (12 CO originations); slug=service-credit-union.
549300YD7XJM19TH5O82,CITIZENS EQUITY FIRST CREDIT UNION,407798,cefcu,Citizens Equity First Credit Union (CEFCU),high,reuse_prior_state_curated_lei+il_oh_curated+il_oh_curated_gleif+public_nmls,10,0,10,medium,reuse_prior_state_curated_lei map for CO activity (10 CO originations); slug=cefcu.
HIDXEG9BLUJZKBGUT764,Bank-Fund Staff Federal Credit Union,283762,bank-fund-staff-federal-credit-union,Bank-Fund Staff Federal Credit Union,high,reuse_prior_state_curated_lei+de_dc_curated+de_dc_curated_gleif+public_nmls,10,0,10,medium,reuse_prior_state_curated_lei map for CO activity (10 CO originations); slug=bank-fund-staff-federal-credit-union.
549300EMNDEK4BA8WB53,EMM LOANS LLC,2926,emm-loans,EMM Loans LLC,high,reuse_prior_state_curated_lei+reuse_prior_state_curated_lei+pa_curated+gleif+emm_loans_nmls,9,0,9,medium,reuse_prior_state_curated_lei map for CO activity (9 CO originations); slug=emm-loans.
549300T3F9S1MKFKHC53,HOMESTEAD FUNDING CORP.,3232,homestead-funding,Homestead Funding Corp.,high,reuse_prior_state_curated_lei+ny_curated+ny_curated_gleif+public_nmls,9,0,9,medium,reuse_prior_state_curated_lei map for CO activity (9 CO originations); slug=homestead-funding.
549300CLRXFVF83ZL806,"NATIONWIDE MORTGAGE BANKERS, INC.",819382,nationwide-mortgage-bankers,"Nationwide Mortgage Bankers, Inc. (NMB / NMBNOW)",high,reuse_prior_state_curated_lei+ny_curated+ny_curated_gleif+public_nmls,8,0,8,medium,reuse_prior_state_curated_lei map for CO activity (8 CO originations); slug=nationwide-mortgage-bankers.
5493004K0Z4RFJSPYT52,CONSUMERS COOPERATIVE CREDIT UNION,692733,consumers-credit-union-illinois,Consumers Credit Union (Illinois),high,reuse_prior_state_curated_lei+il_oh_curated+il_oh_deepen_gleif+public_nmls,8,0,8,medium,reuse_prior_state_curated_lei map for CO activity (8 CO originations); slug=consumers-credit-union-illinois.
549300I0ICF6REKHOC74,"DIRECT MORTGAGE LOANS, LLC",832799,direct-mortgage-loans,"Direct Mortgage Loans, LLC",high,reuse_prior_state_curated_lei+va_md_curated+va_md_deepen_gleif+public_nmls,5,0,5,medium,reuse_prior_state_curated_lei map for CO activity (5 CO originations); slug=direct-mortgage-loans.
5493008P6YO2KM3EO556,The Dart Bank,406384,dart-bank,Dart Bank,high,reuse_prior_state_curated_lei+mi_in_curated+mi_in_deepen_gleif+public_nmls,5,0,5,medium,reuse_prior_state_curated_lei map for CO activity (5 CO originations); slug=dart-bank.
S0Q3AHZRL5K6VQE35M07,First Merchants Bank,,first-merchants-bank,First Merchants Bank,high,reuse_prior_state_curated_lei+mi_in_curated+mi_in_curated_gleif+lei_identity,5,0,5,medium,reuse_prior_state_curated_lei map for CO activity (5 CO originations); slug=first-merchants-bank.
54930095UWUUXAWASB02,"Atlantic Coast Mortgage, LLC",643114,atlantic-coast-mortgage,"Atlantic Coast Mortgage, LLC",high,reuse_prior_state_curated_lei+reuse_prior_state_curated_lei+va_md_curated+va_md_curated_gleif+public_nmls,5,0,5,medium,reuse_prior_state_curated_lei map for CO activity (5 CO originations); slug=atlantic-coast-mortgage.
549300GSCUJKJINRJ980,"RUOFF MORTGAGE COMPANY, INC.",141868,ruoff-mortgage,"Ruoff Mortgage Company, Inc.",high,reuse_prior_state_curated_lei+reuse_prior_state_curated_lei+reuse_prior_state_curated_lei+il_oh_curated+il_oh_curated_gleif+public_nmls,5,0,5,medium,reuse_prior_state_curated_lei map for CO activity (5 CO originations); slug=ruoff-mortgage.
549300DE8TS4EYTPX729,"AFFORDABLE MORTGAGE ADVISORS, LLC",139164,hma-mortgage,"Affordable Mortgage Advisors, LLC dba HMA Mortgage",high,reuse_prior_state_curated_lei+pa_curated+gleif+hma_mortgage_nmls,5,0,5,medium,reuse_prior_state_curated_lei map for CO activity (5 CO originations); slug=hma-mortgage.
549300EM8ID8J7F8OM55,"First Heritage Mortgage, LLC",86548,first-heritage-mortgage,"First Heritage Mortgage, LLC",high,reuse_prior_state_curated_lei+reuse_prior_state_curated_lei+reuse_prior_state_curated_lei+sc_curated+sc_curated_gleif+public_nmls,5,0,5,medium,reuse_prior_state_curated_lei map for CO activity (5 CO originations); slug=first-heritage-mortgage.
549300CDOC4F7XSRG390,Pinnacle Bank,418535,pinnacle-bank,Pinnacle Bank,high,reuse_prior_state_curated_lei+tn_curated+tn_curated_gleif+public_nmls,4,0,4,medium,reuse_prior_state_curated_lei map for CO activity (4 CO originations); slug=pinnacle-bank.
213800QUAI2VH5YM6310,"EMBRACE HOME LOANS, INC.",2184,embrace-home-loans,"Embrace Home Loans, Inc.",high,reuse_prior_state_curated_lei+reuse_prior_state_curated_lei+reuse_prior_state_curated_lei+nj_curated+nj_curated_gleif+public_nmls,4,0,4,medium,reuse_prior_state_curated_lei map for CO activity (4 CO originations); slug=embrace-home-loans.
549300BM4NS8HDJT3X28,"INTERCOASTAL MORTGAGE, LLC",56323,intercoastal-mortgage,"Intercoastal Mortgage, LLC",high,reuse_prior_state_curated_lei+va_md_curated+va_md_deepen_gleif+public_nmls,4,0,4,medium,reuse_prior_state_curated_lei map for CO activity (4 CO originations); slug=intercoastal-mortgage.
549300F8C5JA44WNMI75,AMERICAN NEIGHBORHOOD MORTGAGE ACCEPTANCE COMPANY LLC,338923,anniemac-home-mortgage,American Neighborhood Mortgage Acceptance Company LLC (dba AnnieMac),high,reuse_prior_state_curated_lei+reuse_prior_state_curated_lei+reuse_prior_state_curated_lei+nj_curated+nj_curated_gleif+public_nmls,3,0,3,medium,reuse_prior_state_curated_lei map for CO activity (3 CO originations); slug=anniemac-home-mortgage.
549300OBO7DOF2KOP535,FirstBank,472433,firstbank-tennessee,FirstBank,high,reuse_prior_state_curated_lei+tn_curated+tn_curated_gleif+public_nmls,3,0,3,medium,reuse_prior_state_curated_lei map for CO activity (3 CO originations); slug=firstbank-tennessee.
549300VJQJVZKJBDWS17,"TOTAL MORTGAGE SERVICES, LLC",2764,total-mortgage-services,"Total Mortgage Services, LLC",high,reuse_prior_state_curated_lei+reuse_prior_state_curated_lei+ma_curated+ma_curated_gleif+public_nmls,2,0,2,medium,reuse_prior_state_curated_lei map for CO activity (2 CO originations); slug=total-mortgage-services.
549300HFBEONQN2CK447,Union Savings Bank,446047,union-savings-bank,Union Savings Bank,high,reuse_prior_state_curated_lei+il_oh_curated+il_oh_curated_gleif+public_nmls,2,0,2,medium,reuse_prior_state_curated_lei map for CO activity (2 CO originations); slug=union-savings-bank.
254900F9ZTVTX763V835,"Advisors Mortgage Group, L.L.C.",33041,advisors-mortgage-group,"Advisors Mortgage Group, L.L.C.",high,reuse_prior_state_curated_lei+nj_curated+nj_curated_gleif+public_nmls,2,0,2,medium,reuse_prior_state_curated_lei map for CO activity (2 CO originations); slug=advisors-mortgage-group.
549300D4ZYLSQ5LMTV35,ABSOLUTE HOME MORTGAGE CORPORATION,176743,absolute-home-mortgage,Absolute Home Mortgage Corporation,high,reuse_prior_state_curated_lei+nj_curated+nj_curated_gleif+public_nmls,2,0,2,medium,reuse_prior_state_curated_lei map for CO activity (2 CO originations); slug=absolute-home-mortgage.
54930077D8KXQADF5Q23,"GVC MORTGAGE, INC.",2334,gvc-mortgage,"GVC Mortgage, Inc.",high,reuse_prior_state_curated_lei+mi_in_curated+mi_in_curated_gleif+public_nmls,2,0,2,medium,reuse_prior_state_curated_lei map for CO activity (2 CO originations); slug=gvc-mortgage.
549300RYBJHWWDENV610,Alcova Mortgage LLC,40508,alcova-mortgage,Alcova Mortgage LLC,high,reuse_prior_state_curated_lei+reuse_prior_state_curated_lei+va_md_curated+va_md_curated_gleif+public_nmls,2,0,2,medium,reuse_prior_state_curated_lei map for CO activity (2 CO originations); slug=alcova-mortgage.
254900ACUWEGW702BR80,"FM Home Loans, LLC",2212,fm-home-loans,"FM Home Loans, LLC",high,reuse_prior_state_curated_lei+ny_curated+ny_curated_gleif+public_nmls,1,0,1,medium,reuse_prior_state_curated_lei map for CO activity (1 CO originations); slug=fm-home-loans.
54930053SM8COVIPIY54,MICHIGAN STATE UNIVERSITY Federal Credit Union,405297,msufcu,Michigan State University Federal Credit Union (MSUFCU),high,reuse_prior_state_curated_lei+mi_in_curated+mi_in_curated_gleif+public_nmls,1,0,1,medium,reuse_prior_state_curated_lei map for CO activity (1 CO originations); slug=msufcu.
MV4O55SH8HO6KQSGW013,First Financial Bank,619717,first-financial-bank-ohio,First Financial Bank (Ohio),high,reuse_prior_state_curated_lei+il_oh_curated+il_oh_deepen_gleif+public_nmls,1,0,1,medium,reuse_prior_state_curated_lei map for CO activity (1 CO originations); slug=first-financial-bank-ohio.
549300VMVKSQE1B7DD43,The Camden National Bank,486887,camden-national-bank,Camden National Bank,high,reuse_prior_state_curated_lei+ne_curated+ne_curated_gleif+public_nmls,1,0,1,medium,reuse_prior_state_curated_lei map for CO activity (1 CO originations); slug=camden-national-bank.
549300LLKEKXL2RM1F61,CONTOUR MORTGAGE CORPORATION,34384,contour-mortgage,Contour Mortgage Corporation,high,reuse_prior_state_curated_lei+ny_curated+ny_curated_gleif+public_nmls,1,0,1,medium,reuse_prior_state_curated_lei map for CO activity (1 CO originations); slug=contour-mortgage.
549300GCEUZLVML1J263,RADIUS FINANCIAL GROUP INC.,1846,radius-financial-group,Radius Financial Group Inc.,high,reuse_prior_state_curated_lei+ma_curated+ma_curated_gleif+public_nmls,1,0,1,medium,reuse_prior_state_curated_lei map for CO activity (1 CO originations); slug=radius-financial-group.
5493002N5168AC238149,"OceanFirst Bank, National Association",409701,oceanfirst-bank,"OceanFirst Bank, National Association",high,reuse_prior_state_curated_lei+nj_curated+nj_curated_gleif+public_nmls,1,0,1,medium,reuse_prior_state_curated_lei map for CO activity (1 CO originations); slug=oceanfirst-bank.
549300PP6R8WIOP60124,Southern First Bank,754127,southern-first-bank,Southern First Bank,high,reuse_prior_state_curated_lei+sc_curated+sc_curated_gleif+public_nmls,1,0,1,medium,reuse_prior_state_curated_lei map for CO activity (1 CO originations); slug=southern-first-bank.
QGPGHQ1ENZOOLJRFTH41,"WesBanco Bank, Inc.",399836,wesbanco-bank,"WesBanco Bank, Inc.",high,reuse_prior_state_curated_lei+il_oh_curated+il_oh_deepen_gleif+public_nmls,1,0,1,medium,reuse_prior_state_curated_lei map for CO activity (1 CO originations); slug=wesbanco-bank.
549300SXT4VBB68QCC26,EVERWISE CREDIT UNION,686706,everwise-credit-union,Everwise Credit Union,high,reuse_prior_state_curated_lei+mi_in_curated+mi_in_deepen_gleif+public_nmls,1,0,1,medium,reuse_prior_state_curated_lei map for CO activity (1 CO originations); slug=everwise-credit-union.
5493007LUU2DLS755O60,Centra Credit Union,409733,centra-credit-union,Centra Credit Union,high,reuse_prior_state_curated_lei+mi_in_curated+mi_in_deepen_gleif+public_nmls,1,0,1,medium,reuse_prior_state_curated_lei map for CO activity (1 CO originations); slug=centra-credit-union.
5493002JDOI3GTNVUD76,German American Bank,446859,german-american-bank,German American Bank,high,reuse_prior_state_curated_lei+mi_in_curated+mi_in_curated_gleif+public_nmls,1,0,1,medium,reuse_prior_state_curated_lei map for CO activity (1 CO originations); slug=german-american-bank.
254900ARL5FDX2OOH702,"SUPERIOR CREDIT UNION, INC.",746357,superior-credit-union-ohio,"Superior Credit Union, Inc.",high,reuse_prior_state_curated_lei+il_oh_curated+il_oh_deepen_gleif+public_nmls,1,0,1,medium,reuse_prior_state_curated_lei map for CO activity (1 CO originations); slug=superior-credit-union-ohio.
5493007669OVCSCATP45,TENNESSEE VALLEY FCU,460298,tennessee-valley-federal-credit-union,Tennessee Valley Federal Credit Union,high,reuse_prior_state_curated_lei+tn_curated+tn_curated_gleif+public_nmls,1,0,1,medium,reuse_prior_state_curated_lei map for CO activity (1 CO originations); slug=tennessee-valley-federal-credit-union.
549300VNBQD8FDHF7563,"MORTGAGE INVESTORS GROUP, INC.",34391,mortgage-investors-group-knoxville,"Mortgage Investors Group, Inc.",high,reuse_prior_state_curated_lei+tn_curated+tn_curated_gleif+public_nmls,1,0,1,medium,reuse_prior_state_curated_lei map for CO activity (1 CO originations); slug=mortgage-investors-group-knoxville.
