lei,institution_name,nmls_id,our_lender_slug,match_status,total_applications,total_originations,nh_originations,states_with_originations,priority_match
DRMSV1Q0EKMEXLAU1P80,,,,unmatched,119620,68902,3194,NY:11000;PA:10441;MA:10235;NJ:7208;OH:4732;RI:3762;MI:3697;NH:3194;CT:3030;FL:2297,high
549300GKFNPRWNS0GF29,,,,unmatched,102677,70098,2466,TX:10655;WA:5796;CA:4698;FL:4388;TN:3925;PA:2626;NH:2466;MA:2329;VA:2325;NJ:2257,high
254900P7WLDQD9IUL038,,,,unmatched,3882,2074,1321,NH:1321;MA:184;ME:126;FL:43;GA:41;VT:36;NC:32;CA:29;VA:25;WA:24,medium
03D0JEWFDFUS0SEEKG89,,,,unmatched,46634,23499,997,NJ:6695;NY:4324;FL:2722;MA:1975;PA:1803;SC:1143;CT:1002;NH:997;ME:699;NC:555,high
549300YKOCNDPE0N7X40,,,,unmatched,1540,976,967,NH:967;MA:6;ME:3,medium
549300EMNDEK4BA8WB53,,,,unmatched,8399,6547,806,NH:806;FL:742;PA:717;NJ:658;VT:644;MA:523;GA:375;VA:364;NC:314;MD:228,high
54930070JV4STJJ0XS74,,,,unmatched,1973,1031,676,NH:676;ME:327;MA:15;VT:12;VA:1,medium
549300JPGMCMBEJEK584,,,,unmatched,8289,3877,651,MA:1769;NH:651;GA:184;NJ:153;CA:148;FL:94;TX:89;VA:64;IL:52;PA:51,high
549300EWO1QALFC6LE98,,,,unmatched,935,646,620,NH:620;ME:23;MA:2;VT:1,medium
254900JKWAH734HBIE78,,,,unmatched,1310,927,417,VT:500;NH:417;ME:9;MA:1,medium
549300VMVKSQE1B7DD43,,,,unmatched,3241,2224,344,ME:1794;NH:344;MA:46;VT:18;FL:6;NC:4;SC:3;NJ:1;VA:1;CO:1,medium
254900O6ESF124P8HR04,,,,unmatched,545,326,324,NH:324;MA:1;ME:1,low
549300VJQJVZKJBDWS17,,,,unmatched,9038,6553,320,CT:3299;MA:1361;NH:320;ME:313;FL:201;NY:185;RI:148;MD:119;PA:117;NJ:112,high
549300DAUXQ2DCY4H838,,,,unmatched,1928,1386,317,MA:674;NH:317;RI:159;ME:90;NJ:68;FL:37;CT:15;VT:10;NC:8;PA:5,high
549300XKIMAP8O4OS123,,,,unmatched,505,335,317,NH:317;MA:18,low
X8V2II80XTQHRH7NCB19,,,,unmatched,6794,3969,294,MA:3620;NH:294;RI:47;CT:7;ME:1,high
549300VR3QTN4GZYUR03,,,,unmatched,972,579,282,NH:282;ME:223;VT:65;MA:7;FL:2,medium
549300JEBULFT3BSU682,,,,unmatched,5270,3701,277,ME:3199;NH:277;MA:181;FL:24;VT:8;NC:5;CT:3;RI:2;SC:2,medium
5493000JBDASEOSXCI67,,,,unmatched,406,298,263,NH:263;ME:34;MA:1,low
549300FK3AFCFVAPH234,,,,unmatched,7697,6274,248,MA:4926;NH:248;CT:177;RI:124;FL:114;ME:60;CA:58;TX:53;NC:51;NJ:37,high
549300JI0UWY4QIWDV89,,,,unmatched,2399,1972,248,SC:469;MA:445;ME:343;NH:248;FL:233;CT:136;RI:39;MD:22;NC:15;GA:11,high
549300YV7HFY5MTM2Z65,,,,unmatched,366,214,206,NH:206;ME:5;MA:2;VT:1,low
549300J6N77Q8OHYNF23,,,,unmatched,7828,5501,193,TX:419;CA:416;WA:388;NC:341;IL:291;MD:267;MO:214;NH:193;GA:188;MA:176,high
5493002GI63WHHUTUD85,,,,unmatched,4325,3598,188,PA:1018;DE:564;CO:463;MA:193;NH:188;MD:177;NJ:166;NC:153;FL:150;VA:95,high
549300I3PFIO81O8JD40,,,,unmatched,842,700,165,VT:533;NH:165;RI:1;ME:1,medium
549300KGE82WIZC87Y08,,,,unmatched,1065,837,154,MA:680;NH:154;ME:3,high
549300F6OBLSYWXXKH16,,,,unmatched,1655,1021,140,MA:881;NH:140,high
549300L4PTYXDMX1GS50,,,,unmatched,877,646,140,MA:495;NH:140;ME:6;CT:3;RI:2,medium
213800QUAI2VH5YM6310,,,,unmatched,5973,4493,133,MD:856;FL:627;NJ:599;VA:582;NY:269;MA:257;AL:256;DE:215;PA:149;NH:133,high
549300H8H31LPYGJEW50,,,,unmatched,1728,1342,105,MA:1194;NH:105;ME:20;RI:17;FL:6,high
254900MSO8KVQ05D2J27,,,,unmatched,1795,1233,103,MA:1127;NH:103;RI:2;CT:1,high
549300DK2AEMKCO4JZ92,,,,unmatched,416,337,94,ME:238;NH:94;MA:5,low
549300GE8KIGZVQV1223,,,,unmatched,1969,1593,93,MA:431;FL:363;MD:162;CT:157;RI:137;SC:113;NH:93;PA:61;NC:23;DE:14,high
549300MUCZWG8XJCW607,,,,unmatched,173,95,89,NH:89;MA:6,low
5493003V0VOGJ2CI8520,,,,unmatched,579,353,89,ME:264;NH:89,low
TKT6FH38184ZYBTPKS77,,,,unmatched,6320,3419,86,MA:3239;NH:86;RI:53;ME:22;FL:19,high
549300TB3TMP4RV5T078,,,,unmatched,1534,1198,79,MA:652;TX:189;NH:79;OK:59;FL:45;SC:33;RI:29;DE:28;PA:24;NJ:15,high
254900BLW96EF9AADU93,,,,unmatched,110,77,77,NH:77,low
5493009BOQDC6PCFR785,,,,unmatched,4244,2740,74,NY:1922;PA:480;CT:113;MA:85;NH:74;VT:57;ME:7;FL:2,high
5493003B2LEGQHDWRN55,,,,unmatched,1477,885,72,MA:652;NH:72;VA:35;CT:17;RI:14;ME:12;MD:10;NJ:9;CA:9;FL:8,high
549300GCEUZLVML1J263,,,,unmatched,2393,1885,71,MA:908;PA:474;MD:101;NC:74;NH:71;GA:66;FL:48;RI:42;TX:26;ME:23,high
549300JXG84BHZE66C26,,,,unmatched,223,174,63,MA:103;NH:63;ME:7;VT:1,medium
549300KUBRH1GICTLI84,,,,unmatched,141,61,61,NH:61,low
549300F0QYLUOR9SYB86,,,,unmatched,390,369,56,VT:310;NH:56;MA:3,low
549300O2WI1UYPLRU579,,,,unmatched,124,71,55,NH:55;MA:16,low
5493001QVY14BXG42N39,,,,unmatched,695,477,51,MA:423;NH:51;ME:3,medium
549300MYAXFDGEI4NZ65,,,,unmatched,236,175,49,MA:118;NH:49;RI:4;CT:2;SC:1;FL:1,medium
254900J6JRSKHU1Y0F98,,,,unmatched,70,54,49,NH:49;MA:4;SC:1,low
54930061YDWSR567KC82,,,,unmatched,148,112,47,MA:64;NH:47;ME:1,medium
549300TLGCPJTEG3WN76,,,,unmatched,3686,2737,43,VT:2632;NH:43;MI:43;MA:19,medium
549300IAYBMO4VREUX25,,,,unmatched,73,47,42,NH:42;ME:5,low
549300XYJEJCSZHWWM52,,,,unmatched,465,280,41,MA:235;NH:41;ME:4,medium
549300N38Q5YKSSV1106,,,,unmatched,2035,1618,40,MA:1399;CT:99;RI:55;NH:40;ME:10;FL:10;VT:5,high
549300DQMFK1KT7KEB48,,,,unmatched,734,631,38,VT:458;ME:68;MA:59;NH:38;CT:8,medium
5493006NTCY0P06JR884,,,,unmatched,1543,979,37,MA:930;NH:37;ME:9;RI:3,high
549300KO4HWF5JO6UV73,,,,unmatched,148,116,37,VT:79;NH:37,low
549300QHFDNFAMLATM94,,,,unmatched,84,48,35,NH:35;ME:13,low
5493008ZK5SW6NTWB533,,,,unmatched,217,162,33,MA:125;NH:33;ME:4,medium
254900F213LCBO4VGA06,,,,unmatched,226,174,32,MA:139;NH:32;FL:2;ME:1,medium
549300T92XVMWQW75772,,,,unmatched,90,69,32,MA:36;NH:32;ME:1,low
549300HI3FIGFR7SU483,,,,unmatched,62,40,32,NH:32;ME:8,low
549300LLQD0X2OTG0Y27,,,,unmatched,1196,581,31,RI:205;MA:77;NH:31;DE:20;LA:17;OH:16;NC:16;TX:15;SC:15;FL:14,medium
549300BUIG4G67S5O712,,,,unmatched,821,466,31,RI:346;CT:50;ME:32;NH:31;MA:7,low
5493008PQSMR41Y70C36,,,,unmatched,502,319,28,MA:104;FL:66;MO:38;NH:28;CT:13;VT:12;CO:11;PA:9;RI:8;AZ:6,medium
984500D61DCEC4E2B661,,,,unmatched,945,686,26,FL:297;NM:239;CO:34;NH:26;ME:15;NC:13;GA:13;MA:12;TX:10;MO:6,medium
5493000EO85W8IS2FR22,,,,unmatched,4672,3078,24,CA:2989;NV:32;NH:24;AZ:19;MA:5;VA:4;MD:3;ME:1;TX:1,high
549300FHGNOLF14HHS09,,,,unmatched,1320,1060,23,MA:1037;NH:23,high
549300S32ZDD67D2FB46,,,,unmatched,964,640,22,ME:618;NH:22,medium
549300OITV2T766YLP15,,,,unmatched,126,87,21,RI:49;NH:21;MA:8;ME:5;CT:4,low
549300L0OVX5O63S8C68,,,,unmatched,1050,678,19,MA:464;CT:110;RI:85;NH:19,medium
549300EE39SNC5DXTC46,,,,unmatched,276,216,18,MA:194;NH:18;ME:1;FL:1;MT:1;VT:1,medium
549300SYR11CYON0JE74,,,,unmatched,1455,1119,17,MA:597;RI:429;CT:51;NH:17;FL:13;SC:4;VA:2;NJ:2;NC:2;MD:1,high
5493008XQDQ2YZPQKX53,,,,unmatched,630,494,17,RI:284;CT:127;MA:63;NH:17;FL:3,medium
549300GBPH5PK1AIGV76,,,,unmatched,20,19,17,NH:17;ME:1;RI:1,low
549300S5NLOTO329NX77,,,,unmatched,648,571,16,NY:409;NJ:56;VT:28;MA:22;CT:19;NH:16;ME:12;PA:5;RI:3;FL:1,medium
549300GTJL0LGX444G33,,,,unmatched,262,228,16,MA:199;NH:16;FL:6;ME:4;RI:2;CT:1,medium
549300P1347BFCBHJV60,,,,unmatched,318,209,16,MA:138;NH:16;CA:13;TX:5;GA:4;OR:4;FL:3;NJ:3;WI:2;ME:2,medium
549300LR1ZETOWYE9Z89,,,,unmatched,1309,829,14,MA:530;CT:109;NY:84;RI:49;VT:24;NH:14;FL:9;ME:5;NJ:4;SC:1,high
549300E0KRXI8PZWAO17,,,,unmatched,767,312,14,MA:227;RI:69;NH:14;ME:1;CT:1,medium
5493005HTCBH4TWCVM82,,,,unmatched,801,523,14,CT:332;MA:152;NH:14;ME:12;RI:6;FL:5;MD:1;VT:1,medium
5493005RDTT7HVODH436,,,,unmatched,7187,4913,13,NY:3851;PA:591;VT:402;MA:54;NH:13;FL:1;NJ:1,high
254900AD895KKZTSFT42,,,,unmatched,831,618,12,GA:406;SC:63;NC:58;FL:26;IN:25;NH:12;IL:9;TN:6;ME:4;VA:4,high
5493008Q2ZM3OTLTQH25,,,,unmatched,736,445,12,MA:425;NH:12;RI:8,medium
549300E4I5AJ7XJ4DL31,,,,unmatched,208,164,12,MA:152;NH:12,medium
WV0OVGBTLUP1XIUJE722,,,,unmatched,5566,3106,11,CT:1541;MA:616;NY:564;NJ:215;RI:105;PA:21;FL:14;NH:11;ME:9;CA:3,high
549300TR6MWKSIOP3B72,,,,unmatched,1280,797,11,MA:528;RI:127;NY:73;CT:40;VT:14;NH:11;FL:2;NJ:1;GA:1,high
254900PRB9DTJAHMMZ45,,,,unmatched,171,134,11,MA:113;NH:11;CT:4;ME:3;NC:1;FL:1;RI:1,medium
254900ZT04J7Z9KHMJ73,,,,unmatched,71,49,11,MA:38;NH:11,low
549300YIBRM1ZYA6GT07,,,,unmatched,3216,2076,9,RI:1833;MA:150;CT:57;FL:18;NH:9;ME:3;SC:2;NY:1;NC:1;NJ:1,medium
549300UXQYBOU2E10G39,,,,unmatched,59,56,9,MA:46;NH:9;ME:1,low
254900PJVECT3YD6KY88,,,,unmatched,19,18,9,NH:9;MA:3;NC:3;ME:2;NY:1,low
549300OQ3UC55Y6EPP22,,,,unmatched,318,271,9,VT:262;NH:9,low
549300LI67PLCC1Z3P80,,,,unmatched,512,330,8,MA:296;CT:14;RI:10;NH:8;VT:1;FL:1,medium
5493006Q43B8FBFUVL12,,,,unmatched,184,146,8,MA:138;NH:8,medium
549300BNF48S5Z88UL34,,,,unmatched,184,127,8,MA:119;NH:8,medium
549300T2FOBK6WY4B349,,,,unmatched,1197,771,8,VT:740;NY:8;NH:8;FL:4;NC:2;MD:2;PA:1;MA:1;KY:1;NJ:1,medium
549300XTSMAC5DOX6447,,,,unmatched,494,382,7,MA:357;RI:9;NH:7;CT:5;ME:3;VT:1,medium
549300J8Y8IPQFMMIT88,,,,unmatched,369,253,7,MA:231;RI:8;NH:7;IL:2;NC:1;ME:1;IN:1;MI:1;FL:1,medium
549300HRKD2IJSOPRA57,,,,unmatched,293,255,7,MA:184;CT:37;RI:11;FL:8;NH:7;ME:5;SC:2;NY:1,medium
549300SZBQMYMAL3OM08,,,,unmatched,245,187,7,MA:169;NH:7;RI:6;CT:2;ME:2;FL:1,medium
549300P4KO88PZ6HZH66,,,,unmatched,36,29,7,MA:22;NH:7,low
254900LKAJBFGO0IIP75,,,,unmatched,2115,1702,6,TX:1171;KY:285;NC:99;OH:81;MA:45;GA:8;NH:6;FL:3;CT:2;ME:1,high
549300MUTFJQGRZJH019,,,,unmatched,823,576,6,MA:530;CT:10;FL:10;NH:6;ME:5;SC:5;VT:3;NC:2;RI:2;NJ:1,high
549300OTLWFQPOOSC346,,,,unmatched,936,717,6,MA:496;RI:164;CT:14;NH:6;NY:5;NJ:5;AZ:5;ID:4;FL:4;PA:3,high
549300KWXO8FUM7L0E14,,,,unmatched,3885,3060,6,CT:2765;MA:269;RI:18;NH:6;FL:1;PA:1,medium
2549006A34A1F1ZGTT81,,,,unmatched,209,178,6,MA:168;NH:6;CT:2;ME:1;RI:1,medium
549300KT5OWPGQKWUN86,,,,unmatched,523,415,6,RI:212;MA:99;CT:29;PA:22;TX:16;NJ:14;FL:10;NH:6;CA:1;NY:1,medium
549300BN61BPY0L0H441,,,,unmatched,118,74,6,MA:68;NH:6,medium
254900YEG6LSF1BFA422,,,,unmatched,94,72,6,MA:66;NH:6,medium
549300MN2NONI4E6X341,,,,unmatched,67,43,6,ME:34;NH:6;FL:1;NY:1;CT:1,low
5493000FSTFO9AWR2J40,,,,unmatched,1266,777,5,MA:761;RI:11;NH:5,high
5493004LN4GS7BNXIO13,,,,unmatched,560,370,5,MA:361;NH:5;CT:2;ME:1;FL:1,medium
549300C2GTHMQQJ5CS20,,,,unmatched,240,200,5,MA:191;NH:5;ME:2;FL:1;VT:1,medium
549300HKYBSATM44Q425,,,,unmatched,2241,1290,5,RI:1040;MA:158;CT:83;NH:5;ME:4,medium
549300B1DHIVKN5DEJ29,,,,unmatched,100,81,5,MA:76;NH:5,medium
549300Q61S3IBOJITT02,,,,unmatched,1510,1079,4,MA:801;RI:261;CT:8;NH:4;FL:4;ME:1,high
549300SIZ5KBISEZE503,,,,unmatched,694,470,4,MA:441;RI:13;CT:8;NH:4;ME:4,medium
549300CHBB3GN7JFXU86,,,,unmatched,655,474,4,MA:394;FL:35;VT:33;NH:4;RI:3;ME:2;CT:1;AL:1;TX:1,medium
549300RS5LTZ0JDZYI59,,,,unmatched,373,311,4,MA:300;NH:4;RI:4;ME:3,medium
5493009OLY1HC3F0SB77,,,,unmatched,1220,834,4,CT:569;MA:166;NY:67;FL:18;RI:5;NH:4;SC:3;NJ:2,medium
5493000GDQJIBPCUBG13,,,,unmatched,111,57,4,MA:50;NH:4;ME:1;FL:1;VT:1,medium
2549007JFUKTY2NW6090,,,,unmatched,25,19,4,MA:15;NH:4,low
5493000NZZZU3GFIYL71,,,,unmatched,860,562,3,MA:552;RI:3;NH:3;ME:1;AL:1;CT:1;FL:1,high
549300NZ2IPWRMLAYZ30,,,,unmatched,494,343,3,NY:256;MA:35;FL:12;VA:9;MD:7;NJ:6;SC:4;CT:3;NC:3;NH:3,medium
5493007Y306QGNH6J842,,,,unmatched,159,121,3,MA:117;NH:3;RI:1,medium
549300N16X2LRUQEUQ50,,,,unmatched,80,60,3,MA:57;NH:3,medium
54930067K4Z4NIZ4W068,,,,unmatched,58,55,3,MA:49;NH:3;FL:2;RI:1,medium
549300CPZ5G5IZWT7878,,,,unmatched,88,52,3,MA:49;NH:3,low
549300UWBYWOAZYM9C07,,,,unmatched,68,47,3,MA:43;NH:3;ME:1,low
549300DDRY04AJC3ZZ52,,,,unmatched,459,378,3,ME:375;NH:3,low
5493007XQ02VMXYJYJ21,,,,unmatched,2842,1957,2,MA:1955;NH:2,high
549300KV83NH6PNL5E48,,,,unmatched,1124,875,2,MA:744;CT:123;VT:3;FL:2;NH:2;SC:1,high
5493005DJAOTPGS83Z81,,,,unmatched,998,679,2,MA:640;CT:22;RI:8;FL:3;ME:3;NH:2;SC:1,high
5493008H38W2EPJ8ZQ43,,,,unmatched,740,492,2,MA:488;NH:2;RI:2,medium
549300UK3Z5PC7V71K69,,,,unmatched,2281,1572,2,RI:1317;MA:238;CT:6;FL:4;SC:2;ME:2;NH:2;NC:1,medium
5493007H0KZ81N1H6352,,,,unmatched,275,216,2,MA:185;CT:17;VT:4;SC:2;FL:2;NH:2;ME:2;NY:1;PA:1,medium
549300V8UCJTLZZT4M32,,,,unmatched,156,92,2,MA:86;ME:3;NH:2;CT:1,medium
5493008ZGR745OCU3U41,,,,unmatched,94,67,2,MA:65;NH:2,medium
254900X2A1JXHHUB4J39,,,,unmatched,50,36,2,MA:33;NH:2;RI:1,low
54930040WE4NGYGGO143,,,,unmatched,31,22,2,MA:20;NH:2,low
549300DRZGISDSL1BX02,,,,unmatched,148,80,2,CT:71;MA:3;NH:2;LA:2;FL:1;RI:1,low
5493009JEKX81THMLH86,,,,unmatched,663,396,2,ME:394;NH:2,low
549300H89M6KDLFKMQ19,,,,unmatched,486,331,2,ME:329;NH:2,low
5493004NH61PL6YYNH25,,,,unmatched,2441,1294,1,NJ:1180;NY:56;PA:48;FL:8;NH:1;TN:1,high
549300IYKILIU506KA05,,,,unmatched,1150,811,1,MA:571;CT:229;RI:6;ME:2;NH:1;NJ:1;PA:1,high
5493001HBUA9JSUEWO16,,,,unmatched,663,529,1,SC:467;GA:40;NC:17;TN:1;NH:1;OH:1;NV:1;FL:1,high
549300FNQXUCMCVLKL76,,,,unmatched,523,384,1,NJ:325;PA:27;NY:20;FL:6;CT:1;VA:1;AZ:1;MD:1;MA:1;NH:1,medium
549300SE1WZDU07WPD35,,,,unmatched,136,103,1,MA:99;CT:3;NH:1,medium
54930021FWO6J6IYPZ85,,,,unmatched,120,99,1,MA:98;NH:1,medium
549300BOX0L2YKKXKO38,,,,unmatched,110,85,1,MA:77;RI:7;NH:1,medium
549300M2W1M6WRAK9S59,,,,unmatched,116,78,1,MA:71;RI:6;NH:1,medium
549300TXFI7UH4GDK877,,,,unmatched,79,69,1,MA:67;RI:1;NH:1,medium
549300T5T60SK9MMCD03,,,,unmatched,65,54,1,MA:51;RI:2;NH:1,medium
549300P0GXZAWI355052,,,,unmatched,840,554,1,ME:551;FL:2;NH:1,medium
54930064FQE21RHEG647,,,,unmatched,758,543,1,ME:542;NH:1,medium
5493003VEEM09F16U659,,,,unmatched,110,43,1,MA:42;NH:1,low
549300GS4TO8CL1SR344,,,,unmatched,47,41,1,MA:40;NH:1,low
54930083CVF047DLXL67,,,,unmatched,43,26,1,MA:25;NH:1,low
5493005H0NK3SWWY4384,,,,unmatched,318,279,1,VA:223;MD:24;NC:9;DC:7;FL:3;WV:2;CO:2;OH:1;NH:1;PA:1,low
549300JH0WD7YX0UUZ21,,,,unmatched,30,19,1,MA:18;NH:1,low
549300UG1DH7RQL41718,,,,unmatched,120,81,1,CT:59;RI:6;CA:3;MA:3;FL:2;NJ:2;NC:2;ME:1;NY:1;NH:1,low
54930001LYHHRVGJ6B97,,,,unmatched,139,124,1,IL:108;WI:7;TX:3;FL:2;IN:1;SC:1;NH:1;NC:1,low
254900QY5ST0J7P6M123,,,,unmatched,333,209,1,CT:192;RI:10;FL:4;MA:2;NH:1,low
2549003KE4TBG4N5AY60,,,,unmatched,70,44,1,MI:43;NH:1,low
549300HW662MN1WU8550,,,,unmatched,576697,422119,0,CA:57281;FL:49897;TX:42285;MI:22015;AZ:19328;CO:18178;GA:17047;NC:13671;IL:11397;NY:11157,high
549300FGXN1K3HLB1R50,,,,unmatched,609400,429332,0,CA:42202;FL:31530;TX:30579;MI:22693;GA:21182;NC:18462;OH:16656;PA:16043;VA:14489;NY:13729,high
549300VZVN841I2ILS84,,,,unmatched,190472,125099,0,FL:11987;OH:11011;CA:9599;PA:8399;TX:7734;NJ:7558;IL:5600;NY:5429;AZ:4945;WA:4877,high
B4TYDEB6GKMZO031MB27,,,,unmatched,217492,88530,0,CA:17758;FL:7938;TX:6141;NJ:5136;NC:4880;NY:3897;MA:3551;GA:3440;WA:3420;IL:2889,high
RVDPPPGHCGZ40J4VQ731,,,,unmatched,193807,100816,0,CA:10749;FL:9704;TX:6849;GA:5272;PA:4488;VA:4338;NC:3751;AZ:3232;NJ:3144;OH:2964,high
7H6GLXDRUGQFU57RNE97,,,,unmatched,152415,94243,0,CA:14032;TX:9775;NY:9163;IL:8778;FL:6131;OH:4171;NJ:3325;MI:2995;AZ:2864;IN:2857,high
549300AG64NHILB7ZP05,,,,unmatched,155159,91730,0,CA:9983;TX:8535;FL:7460;NJ:4334;IL:4241;GA:4168;AZ:4138;NC:3969;OH:3505;SC:2670,high
5493003GQDUH26DNNH17,,,,unmatched,179597,80547,0,VA:9684;FL:8416;CA:6361;NC:5249;MD:5163;GA:5118;TX:4267;SC:2487;WA:2289;PA:2141,high
549300DD5QQUHO6PCH70,,,,unmatched,178189,82764,0,TX:6918;FL:5506;NC:4769;VA:4500;GA:4139;OH:3302;TN:3178;IL:2965;MO:2901;PA:2643,high
549300U3721PJGQZYY68,,,,unmatched,129086,70579,0,IL:10217;CA:6248;NJ:4826;MA:4507;TX:3318;FL:3204;PA:3119;OH:2795;NC:2491;CO:2143,high
549300FNXYY540N23N64,,,,unmatched,187594,66567,0,CA:5772;FL:5643;TX:4793;NY:3123;NC:2787;WA:2702;GA:2480;OH:2258;VA:2175;PA:2124,high
549300LYRWPSYPK6S325,,,,unmatched,165453,69982,0,TX:5759;FL:5374;NC:4463;GA:3946;CA:3918;VA:3646;IN:2580;OH:2477;TN:2436;SC:2168,high
549300DD4R4SYK5RAQ92,,,,unmatched,81084,57781,0,NC:8138;WA:5559;VA:4339;FL:4122;PA:3902;SC:2978;GA:2388;TX:2367;TN:2207;CA:1690,high
AD6GFRVSDT01YPT1CS68,,,,unmatched,116536,61280,0,PA:11263;OH:6725;NJ:5755;IL:3711;FL:3475;MD:2948;TX:2930;MI:2885;IN:2802;CA:2688,high
549300AQ3T62GXDU7D76,,,,unmatched,121724,86111,0,TX:6877;WA:5691;MO:5462;CO:4338;OR:4218;CA:4118;UT:3981;NV:3882;GA:3788;AZ:3467,high
549300E2UX99HKDBR481,,,,unmatched,140816,57460,0,TX:5508;CA:5105;GA:4063;FL:3881;IL:3581;MO:2619;PA:2148;MN:1842;WA:1680;NC:1619,high
6BYL5QZYBDK8S7L73M02,,,,unmatched,151786,74632,0,CA:16135;IL:4571;MN:4538;OH:3965;MO:3622;WA:3524;WI:2785;KY:2645;OR:2465;FL:2279,high
549300MGPZBLQDIL7538,,,,unmatched,103697,74450,0,TX:7468;AZ:4724;IL:4215;IN:3665;GA:3631;FL:3153;NC:2993;WI:2947;CA:2867;OH:2685,high
JJKC32MCHWDI71265Z06,,,,unmatched,83470,41001,0,NC:7920;VA:6374;FL:6117;GA:4837;MD:3245;SC:2178;PA:2152;TN:2014;TX:1260;KY:1026,high
KB1H1DSPRFMYMCUFXT09,,,,unmatched,76304,41562,0,CA:9616;NY:2733;FL:2670;TX:2647;NC:2302;NJ:1716;PA:1628;WA:1514;GA:1509;MN:1496,high
549300LBCBNR1OT00651,,,,unmatched,79599,52217,0,CA:4657;TX:3609;FL:3546;GA:2560;IL:1982;NC:1949;OH:1768;VA:1764;PA:1746;AZ:1744,high
254900DTLHVWQ7NP7R34,,,,unmatched,58895,40038,0,CA:8432;FL:4627;TX:3502;AZ:2579;UT:1917;IL:1746;CO:1646;MI:1407;WA:1253;GA:1055,high
549300PIL8LFAQ04XC20,,,,unmatched,108788,32174,0,CA:6742;FL:2675;AZ:1610;TX:1571;GA:1319;NJ:1279;NC:1116;WA:1086;VA:1024;CO:963,high
549300MZ8VZJOVC63092,,,,unmatched,45691,29401,0,CA:6409;TX:3781;FL:2662;UT:2249;GA:1421;OR:864;PA:782;WA:727;AZ:672;TN:597,high
254900UL88QFG0E40516,,,,unmatched,72355,33415,0,CA:5234;FL:2872;GA:1717;OH:1553;IL:1432;AZ:1416;NC:1212;NJ:1197;VA:1180;MI:1090,high
549300XQVJ1XBNFA5536,,,,unmatched,157783,28058,0,TX:6763;FL:2098;MI:1623;AL:1274;CA:1262;GA:1218;SC:1207;LA:1097;MS:1068;OK:888,high
5493006VAGP3GQ8FJT49,,,,unmatched,45169,25528,0,CA:3237;FL:2385;OH:1967;PA:1829;NC:1435;GA:1388;TX:1379;NJ:1139;MI:1128;MO:909,high
254900ZFWS2106HWPH46,,,,unmatched,34318,23410,0,CA:3975;FL:3741;TX:3136;NJ:1490;AZ:1127;GA:977;CO:741;WA:701;OH:688;OR:635,high
549300RPOGWJRH63HS39,,,,unmatched,51423,37767,0,OH:5380;MI:4118;TX:3238;FL:2495;IN:2257;NC:2127;PA:1934;IL:1655;TN:1404;KY:1069,high
WWB2V0FCW3A0EE3ZJN75,,,,unmatched,40592,23443,0,NY:7073;MD:3115;PA:3099;CT:2398;MA:1690;NJ:1501;VA:901;DE:767;VT:352;FL:342,high
549300121SF0K2LN2804,,,,unmatched,33320,24706,0,TX:6358;SC:1561;MO:1496;NY:1278;CA:1208;OH:1134;FL:931;PA:746;WA:716;AZ:610,high
L9VVX1KT5TFTKS0MLF66,,,,unmatched,21831,14381,0,NC:6984;SC:3577;CA:1383;VA:664;GA:442;FL:266;MA:197;TN:106;AZ:95;TX:92,high
E57ODZWZ7FF32TWEFA76,,,,unmatched,33959,15812,0,CA:5786;NY:3687;IL:1251;NJ:707;FL:565;TX:506;MD:400;WA:317;VA:311;DC:281,high
549300J7I82PNDVU8H22,,,,unmatched,29739,16337,0,CA:7327;FL:1580;TX:1270;MD:564;IL:454;AZ:439;GA:412;NV:368;MA:335;VA:312,high
5493001WHVQBGRSWEU75,,,,unmatched,25005,17312,0,CA:3155;FL:2433;NY:1590;TX:1135;NJ:989;GA:669;AZ:590;VA:485;NC:461;CO:424,high
549300XWUSRVVOHPRY47,,,,unmatched,28287,16190,0,FL:2938;TX:2750;GA:2402;CA:1342;MN:915;NY:748;MI:631;KY:499;CO:448;TN:425,high
549300YIQ7S7Z8PIHE53,,,,unmatched,94427,24298,0,FL:1667;CA:1635;NC:1353;GA:1343;TX:1068;PA:997;OH:991;VA:957;NJ:888;IL:882,high
IUGPUX5LWRZ3B6KIZ697,,,,unmatched,18359,13184,0,GA:5627;SC:1857;FL:1846;VA:724;NC:634;CA:484;MD:455;TN:394;AL:363;IL:140,high
2549005SIVTHG14U2905,,,,unmatched,24436,14692,0,FL:5245;CA:1446;TX:1050;NY:948;IL:550;GA:471;AZ:471;NJ:453;PA:339;SC:296,high
549300KIOYNU323LVJ37,,,,unmatched,34217,24774,0,CA:3554;IL:2402;TX:1947;WA:1911;FL:1750;AZ:1562;GA:1405;OR:860;TN:854;OH:854,high
549300OPCWU6E72WUT29,,,,unmatched,41778,24192,0,CA:1845;FL:1510;NC:1387;OH:1270;IL:1245;TX:1178;GA:1042;AZ:855;VA:839;TN:821,high
5493008CPTDVOS570626,,,,unmatched,39368,21298,0,OH:7970;FL:3765;CA:2301;GA:772;NJ:746;NC:672;IL:535;VA:526;WA:395;PA:392,high
549300O6Z0I6KYMESL47,,,,unmatched,19692,12091,0,CA:4633;FL:1634;TX:1476;GA:546;UT:295;NJ:281;AZ:251;VA:241;PA:236;IL:224,high
5493001GCBD5XGNIC815,,,,unmatched,93158,21244,0,CA:3015;FL:2383;OH:1359;IL:1213;PA:1032;NC:962;VA:824;NJ:811;AZ:786;MI:772,high
54930001NSTOD85LT125,,,,unmatched,24645,15934,0,CA:1539;FL:1458;PA:1342;NJ:1110;IL:970;TX:965;MA:816;MO:782;MN:709;OH:676,high
8I3UVGYULPJQIP7FQV10,,,,unmatched,15329,9966,0,SC:2816;FL:2616;GA:1856;NC:928;AL:918;TX:449;CO:184;VA:129;TN:30;MO:4,high
QFROUN1UWUYU0DVIWD51,,,,unmatched,75426,39534,0,OH:12389;MI:6106;IN:4817;IL:4111;FL:3553;KY:3150;NC:2216;TN:971;SC:863;GA:691,high
984500U2F9A83N391A91,,,,unmatched,18971,11067,0,FL:2262;CA:1367;TX:1262;NY:950;NJ:917;GA:409;AZ:367;PA:308;CT:294;NC:293,high
5493005PKOSG7MYX0B34,,,,unmatched,28926,20869,0,PA:2325;VA:2141;MN:1746;NC:1281;MD:1233;NJ:1060;GA:1024;CT:862;WI:782;AZ:775,high
549300JYXTZDSPJEPI44,,,,unmatched,23886,14594,0,TX:1897;FL:1239;NY:1222;CA:1056;PA:866;MN:713;MI:555;NC:515;IN:489;IL:475,high
549300RN01LBYR8ZVX74,,,,unmatched,29643,17905,0,TX:1752;FL:1721;OH:1641;SC:1492;IL:1191;CO:1189;NC:1047;GA:846;VA:635;MD:581,high
5493001GDRY0EL7VG372,,,,unmatched,20194,15382,0,TX:4151;KY:1179;CO:914;FL:795;CA:751;SC:545;TN:524;MI:399;GA:387;AZ:384,high
54930054ET8KM4O1D485,,,,unmatched,55546,16189,0,CA:1778;FL:1042;NC:865;TX:858;NJ:752;IL:709;GA:704;PA:668;OH:585;VA:529,high
549300NOCASXPA34X033,,,,unmatched,69562,16372,0,FL:1488;TX:1422;CA:1244;GA:829;AZ:635;NC:610;VA:600;CO:583;WA:518;TN:495,high
549300370QILXLFUWD20,,,,unmatched,20147,14357,0,TX:1648;FL:1590;CA:1176;GA:1124;NC:1090;CO:635;AZ:603;MI:599;OH:481;VA:436,high
549300XY701IELCE5Q08,,,,unmatched,45682,14567,0,CA:1786;TX:1143;FL:1004;GA:685;NC:664;NJ:658;CO:512;OK:493;WA:480;IL:476,high
5493008NWHQT1R22C024,,,,unmatched,22722,13125,0,FL:1724;CA:1554;VA:897;TX:880;NY:827;AZ:698;MI:616;GA:565;SC:484;IN:429,high
549300MCIFZSDHUT8X63,,,,unmatched,24275,18920,0,OH:3308;MD:2255;FL:2000;VA:1310;NC:1137;TX:1055;NJ:1051;AZ:897;WA:843;CO:659,high
54930021WPEXNHYZUL09,,,,unmatched,18947,14467,0,TX:1597;FL:1206;GA:1125;CA:1003;PA:597;LA:585;VA:490;NC:417;OH:417;ID:411,high
549300R9S3MVDV4MGF56,,,,unmatched,52143,15089,0,FL:1296;CA:1022;GA:873;TX:848;IN:732;NC:680;OH:675;NY:576;MI:570;TN:533,high
549300GS0W0TEUQS8571,,,,unmatched,14182,10740,0,CA:1957;FL:990;NY:947;TX:573;NJ:548;MA:449;CO:427;IL:381;WA:350;GA:322,high
549300VORTI31GZTJL53,,,,unmatched,18123,12305,0,TX:2136;FL:1187;IN:791;TN:697;WI:497;NC:467;GA:453;MN:448;PA:446;NY:375,high
5493004AS1SPBQOFDR49,,,,unmatched,14858,8804,0,CA:2752;FL:1313;TX:1230;NJ:438;CO:244;AZ:210;NC:195;MI:195;VA:193;TN:172,high
549300K4ZLGS7SRDTL86,,,,unmatched,28384,12086,0,FL:1337;CA:1126;TX:988;GA:737;LA:646;AZ:508;NC:500;TN:491;OH:431;PA:425,high
549300KTR1JGH3K6LU06,,,,unmatched,17668,7240,0,NY:4085;CA:552;FL:358;NJ:336;GA:195;NC:136;CT:119;PA:113;IL:112;WA:111,high
549300FX7K8PTEQUU487,,,,unmatched,26508,11278,0,VA:1455;CA:1113;TX:1055;FL:972;MD:652;GA:541;NC:517;NJ:449;PA:338;AZ:290,high
549300F8C5JA44WNMI75,,,,unmatched,18919,12172,0,VA:2520;NJ:1899;FL:856;NY:768;CT:755;MA:739;OH:544;IN:489;PA:397;RI:334,high
549300RA3E0BUFO7YZ21,,,,unmatched,14901,7540,0,FL:1457;CA:1424;TX:795;NY:714;NJ:302;GA:259;NC:179;PA:177;AZ:172;TN:151,high
5493002B2WMHY23GFK92,,,,unmatched,15900,11444,0,FL:1201;TX:938;NC:727;AZ:557;MO:535;TN:529;SC:473;OH:451;CA:440;GA:433,high
549300S5YL3OH0IVCS62,,,,unmatched,12584,8696,0,CA:2527;FL:786;TX:524;AZ:401;NY:368;WA:337;CO:303;NJ:280;NC:254;GA:195,high
549300VCMRO4ST680C11,,,,unmatched,32888,10858,0,TX:1052;FL:935;CA:770;GA:706;NC:705;VA:580;MO:413;SC:382;OH:351;TN:349,high
254900RUCO27MVGTO768,,,,unmatched,20166,9270,0,NY:1687;NJ:1215;IL:1106;OH:564;PA:540;FL:432;CT:324;GA:317;TX:281;IN:258,high
254900HA4DQWAE0W3342,,,,unmatched,15379,9160,0,TX:1692;GA:705;FL:619;CA:540;PA:524;IL:452;IN:431;OH:396;AL:335;TN:311,high
C5654JQHZUHN0772B561,,,,unmatched,26635,11693,0,TX:1101;FL:825;NC:681;GA:562;VA:488;TN:407;OH:397;PA:348;MO:340;SC:332,high
549300Y5Y88FQLI7VE83,,,,unmatched,14122,8066,0,FL:1549;CA:1010;TX:738;NC:355;GA:352;NJ:274;OH:265;PA:231;VA:205;IL:205,high
549300R0SXC1JU7ZU290,,,,unmatched,13447,10308,0,TN:2461;OH:1167;MI:696;FL:575;GA:520;VA:503;AL:495;PA:402;KY:386;IN:376,high
X05BVSK68TQ7YTOSNR22,,,,unmatched,68974,9711,0,CA:813;FL:771;TX:649;IL:493;NY:467;GA:466;NJ:451;OH:397;PA:392;VA:317,high
549300T3F9S1MKFKHC53,,,,unmatched,6908,5674,0,NY:4005;PA:479;CT:407;MA:154;NC:95;FL:72;WI:49;TN:42;SC:40;MI:39,high
54930049L5WINET09Q97,,,,unmatched,16126,10736,0,FL:2049;TX:1245;AZ:1032;OH:780;AR:515;MO:431;NC:399;TN:377;GA:377;NM:339,high
549300R77W0P105C3S50,,,,unmatched,14377,7980,0,CA:1332;FL:1325;TX:930;AZ:254;GA:254;OH:210;PA:201;NC:197;TN:196;AL:188,high
254900E6AIE4Z8YQM970,,,,unmatched,11513,6978,0,CA:1470;FL:1222;TX:651;NY:357;NJ:278;AZ:267;GA:252;HI:244;SC:197;NC:181,high
549300SK2GVCQXPD4S58,,,,unmatched,16278,8918,0,CA:1697;TX:1058;FL:658;AZ:538;GA:358;IL:304;PR:289;OH:247;NC:246;VA:245,high
5493005JPZ3LXXMB0S24,,,,unmatched,8168,6000,0,FL:2916;SC:805;AL:319;NC:313;TX:270;GA:262;KY:208;AZ:206;CA:130;IN:98,high
549300CDOC4F7XSRG390,,,,unmatched,8293,5548,0,TN:2808;NC:1222;SC:417;VA:248;AL:224;GA:200;FL:107;MD:82;KY:51;MS:51,high
549300KSOOZZVXCMA627,,,,unmatched,10229,6232,0,FL:1936;CA:979;TX:491;GA:268;SC:250;NC:246;VA:201;NJ:153;PA:147;AZ:137,high
549300KJ8PAJ7E52HG32,,,,unmatched,20196,12504,0,FL:1839;SD:1570;AZ:1203;TX:1036;UT:934;CO:484;GA:407;MN:377;NE:357;CA:304,high
549300GTVXJ2PGXNLM73,,,,unmatched,12024,9307,0,TX:1195;FL:869;NC:762;OH:610;SC:592;KY:592;CT:447;VA:334;IL:302;AR:278,high
3Y4U8VZURTYWI1W2K376,,,,unmatched,35659,16529,0,IL:3906;CA:3818;WI:2970;IN:1029;AZ:962;CO:755;MN:487;MO:324;NE:297;FL:285,high
SS1TRMSN6BRNMOREEV51,,,,unmatched,19117,9656,0,MI:2677;TX:943;CA:934;FL:737;IN:410;NY:367;GA:351;AZ:303;OH:300;NJ:204,high
254900TTZ395IC926125,,,,unmatched,10564,7434,0,CA:2290;TX:605;OR:449;KS:368;FL:341;AZ:307;MA:268;CO:267;TN:243;MD:215,high
549300T94GSH3C4U5M59,,,,unmatched,14981,8359,0,CA:1937;IL:777;FL:679;WA:593;AZ:482;CO:385;OR:353;GA:331;NJ:280;VA:212,high
5493009B17HXCVXTD608,,,,unmatched,8061,5353,0,CA:1541;FL:1292;TX:353;AZ:252;NJ:208;IL:199;UT:153;GA:129;WA:129;CO:111,high
254900O2K17TNH5CL873,,,,unmatched,8594,6766,0,TX:900;OH:776;NJ:692;FL:624;PA:592;IL:565;MA:433;MD:311;NC:248;MI:202,high
549300EKFFG3BU8DNX74,,,,unmatched,10644,5793,0,CA:1752;FL:672;TX:565;AZ:358;WA:190;GA:182;NJ:179;IL:168;PA:142;CO:119,high
2549001SI0EMFPT39035,,,,unmatched,10748,7401,0,FL:1568;WA:861;CA:706;OH:605;NJ:358;TX:357;GA:340;AZ:316;MI:262;AL:162,high
549300INFJ8TYNZ1G568,,,,unmatched,6522,6065,0,CA:1748;FL:485;TX:359;CO:314;WA:265;AZ:233;IL:200;NY:192;NJ:178;NC:172,high
PAOOWF3GUFM46FBSP561,,,,unmatched,20501,7655,0,CA:800;TX:669;FL:485;VA:355;GA:309;AL:289;AZ:265;NC:262;TN:247;CO:244,high
549300NWBS6MQJX15N44,,,,unmatched,7805,5717,0,CA:1262;TX:1171;GA:488;AZ:284;FL:275;WA:270;IL:229;PA:169;CO:168;MN:127,high
549300BX448ALT10FI43,,,,unmatched,20909,8296,0,IL:809;NY:620;NJ:552;VA:437;NC:413;OH:408;FL:397;PA:379;GA:356;CA:265,high
549300DMYENRV818D594,,,,unmatched,8506,6441,0,TX:1607;GA:638;TN:631;CO:511;MN:476;VA:456;MD:424;AR:355;FL:329;PA:299,high
549300T9P3WXNMXX0I34,,,,unmatched,11998,8425,0,WI:1245;PA:1110;OH:1044;NC:765;FL:693;IL:563;IN:394;TN:333;VA:290;TX:224,high
549300CLRXFVF83ZL806,,,,unmatched,5839,3929,0,NY:2070;NJ:486;FL:463;PA:182;NC:102;MD:98;CT:83;OH:63;TX:57;GA:56,high
254900VELJPWWT51WN03,,,,unmatched,5625,4489,0,CA:1623;WA:364;TX:314;GA:307;MA:300;NC:289;NY:229;FL:142;NJ:123;OH:104,high
LVR1UQE8OOCO93IHEB52,,,,unmatched,5915,4158,0,PA:2412;NY:1021;IN:480;OH:223;MI:6;FL:6;WV:2;TN:2;MD:2;KY:1,high
HUX2X73FUCYHUVH1BK78,,,,unmatched,15640,8717,0,NY:2485;OH:2071;WA:869;PA:597;IN:489;OR:470;CT:299;CO:227;ME:223;ID:180,high
549300ZWNETGFXTBBY03,,,,unmatched,13173,8449,0,GA:1431;AL:1135;WA:886;TX:724;UT:506;ID:413;OK:337;TN:330;NC:313;NV:293,high
549300SUCQ1358EGVE89,,,,unmatched,45543,8395,0,FL:805;NC:548;GA:542;OH:452;AL:393;VA:372;PA:367;SC:330;TN:325;MI:311,high
549300DE8TS4EYTPX729,,,,unmatched,5588,4153,0,NJ:1545;PA:992;FL:445;IL:355;TX:171;MA:141;ME:133;LA:87;MD:64;VA:39,high
549300MSU5WVAU4ZN645,,,,unmatched,7196,4961,0,PA:3102;OH:1229;VA:228;MD:75;SC:71;GA:59;NC:50;MN:25;FL:18;TN:13,high
549300OPB0G5OMY0SM65,,,,unmatched,5481,3822,0,CA:2430;TX:253;GA:163;FL:151;IL:149;NV:127;MD:73;VA:71;NJ:70;PA:44,high
549300R7HGHP2I754087,,,,unmatched,9404,7331,0,IL:1045;TX:784;FL:695;GA:640;AL:618;MI:430;SC:350;LA:296;NC:279;CO:224,high
5493003V40VGM7YDFM54,,,,unmatched,13160,8831,0,UT:2983;WI:802;CA:772;NJ:570;FL:427;ID:415;PA:374;TX:278;GA:253;TN:189,high
549300TA4MQM8WN2XG31,,,,unmatched,9454,5106,0,FL:504;PA:494;NJ:395;CA:388;TX:381;NY:356;IL:278;OH:277;MI:227;GA:185,high
549300Q50XCC0473FG63,,,,unmatched,10408,5048,0,CA:1243;NY:460;FL:389;NJ:308;AZ:246;WA:207;VA:171;NC:137;TN:136;IL:123,high
549300323EON4W3CCM44,,,,unmatched,8059,5418,0,CA:1108;FL:702;IL:626;TX:527;CO:377;MN:244;AZ:204;WA:202;UT:167;SC:161,high
549300RFLICNI75BG067,,,,unmatched,12136,8416,0,MN:1356;NJ:1069;FL:686;CO:543;IN:517;KY:435;DE:277;WA:265;TX:244;SC:240,high
549300MHH03ICJYEPE85,,,,unmatched,8187,5120,0,CA:1040;FL:396;TX:315;NY:235;AZ:220;UT:193;MA:191;TN:179;CO:166;NC:147,high
593C3GZG957YOJPS2Z63,,,,unmatched,5359,3375,0,CA:2576;WA:175;NY:146;TN:73;NJ:35;FL:32;NV:27;CO:25;AZ:24;TX:23,high
54930052M48FOD3CWA54,,,,unmatched,13770,9570,0,MD:1466;NM:1071;RI:690;FL:582;NC:479;TX:475;CO:384;CA:363;UT:355;TN:283,high
2WHM8VNJH63UN14OL754,,,,unmatched,90347,51203,0,OH:24819;MI:10932;IL:4352;IN:2547;PA:1812;MN:1707;WV:1148;KY:903;CO:675;WI:664,high
213800XR2TCBQJSF1X93,,,,unmatched,11823,6849,0,MO:523;TX:518;KS:430;FL:383;NC:354;WA:335;CA:313;GA:257;VA:252;IL:206,high
5493000EUC3MM52PJV85,,,,unmatched,4889,3122,0,CA:2354;FL:223;TX:92;AZ:81;NV:64;NJ:46;WA:28;GA:25;CO:20;VA:17,high
549300LROQOOQU77WS20,,,,unmatched,12661,5807,0,CA:537;TX:435;NC:318;WA:301;GA:291;FL:263;NJ:234;VA:233;CO:195;IL:189,high
549300D4ZYLSQ5LMTV35,,,,unmatched,4352,2965,0,NJ:1569;PA:399;FL:338;NY:298;OH:85;DE:75;SC:49;TN:30;MD:29;CT:23,high
549300ZPSJZO10ZAX556,,,,unmatched,9325,4494,0,FL:621;TX:462;CA:274;NY:256;OH:253;NC:214;GA:174;PA:172;SC:160;NJ:156,high
549300QKL5FUBZ8LSF50,,,,unmatched,8223,5926,0,OR:1427;CA:840;PA:570;WA:435;MA:314;FL:268;NJ:191;IL:190;TX:184;OH:183,high
5493005PD34O8ZT7QT17,,,,unmatched,10284,7256,0,OH:1513;PA:757;IL:469;MI:431;MO:365;NJ:321;TX:319;AL:292;GA:244;NY:241,high
5493008VVXQIDO1EZ460,,,,unmatched,8405,5759,0,CA:951;OR:805;TX:471;TN:425;GA:378;ID:300;WA:299;MO:295;IL:264;NV:241,high
2549002VH9C0PKB8K153,,,,unmatched,5687,3056,0,CA:933;NY:575;FL:388;NJ:317;TX:139;CT:89;PA:69;MA:49;GA:47;IL:45,high
549300LLKEKXL2RM1F61,,,,unmatched,4309,2839,0,NY:1919;PA:226;FL:183;NJ:142;AL:69;TX:53;CT:49;MI:29;SC:26;NC:21,high
Q708HHR4LD2B7XIZNO92,,,,unmatched,7944,4687,0,FL:899;GA:410;SC:336;NC:251;TX:177;WI:176;IL:163;MO:154;VA:147;MN:131,high
549300YW2UBCMDRMBT48,,,,unmatched,4966,3953,0,NY:644;OH:587;NC:562;PA:364;TN:272;VA:190;GA:180;FL:177;SC:160;IN:99,high
1IE8VN30JCEQV1H4R804,,,,unmatched,4645,3065,0,CA:1526;NY:538;WA:358;NJ:144;FL:134;TX:60;CT:37;MA:25;NC:24;IL:22,high
5493002N5168AC238149,,,,unmatched,3613,2638,0,NJ:2071;PA:289;FL:42;VA:35;MD:26;TX:26;NY:25;NC:17;CT:13;SC:12,high
5493005DKMV1IHIM8E20,,,,unmatched,5671,3884,0,PA:1700;DE:1210;NJ:555;MD:64;FL:52;CA:47;NC:28;GA:26;VA:25;SC:18,high
2549004FXPNKCLIN8250,,,,unmatched,11752,8115,0,OH:1310;TX:1261;CA:797;LA:765;CO:652;WA:606;ID:550;OR:532;IL:348;MT:180,high
984500F6E6940CCB6A60,,,,unmatched,4550,2966,0,NY:532;TX:458;CA:403;NJ:403;FL:227;IL:112;GA:76;TN:75;PA:70;MO:58,high
549300PL267CW8182203,,,,unmatched,11290,4203,0,TX:477;FL:416;GA:412;CA:409;VA:330;AZ:273;CO:169;NC:157;TN:157;WA:110,high
549300A5HHOL2ED18C72,,,,unmatched,6706,3194,0,CA:1372;FL:389;TX:211;LA:85;WI:71;MD:62;OH:61;NC:58;MI:55;IL:55,high
549300N5GF79IZ5Y7G10,,,,unmatched,4469,2353,0,PA:1847;NJ:415;DE:30;FL:17;SC:7;MD:7;OH:6;NY:5;VA:4;NC:4,high
254900F9ZTVTX763V835,,,,unmatched,3196,2432,0,NJ:1831;FL:210;PA:148;VT:61;IN:53;NY:29;CA:19;NC:17;SC:14;CT:8,high
254900CTT87ZKAUTIJ37,,,,unmatched,7767,4886,0,PA:577;OH:524;TX:373;FL:354;MD:352;CA:261;MI:219;GA:217;MO:208;OK:194,high
549300HRLROF7PLJ6735,,,,unmatched,4575,2742,0,CA:898;FL:661;TX:286;GA:157;WA:61;TN:59;AZ:57;UT:47;MD:46;NV:44,high
549300BLL6VL7AXWYP56,,,,unmatched,9652,6052,0,TN:627;TX:609;NE:513;MI:454;WA:351;ID:234;OR:219;OH:218;MD:194;CA:189,high
549300NFPC3Y4W3Y7R87,,,,unmatched,7552,4267,0,VA:747;TX:623;SC:342;NC:297;CA:292;GA:272;IN:240;NM:234;FL:225;MT:168,high
54930048P8RWCQHQM310,,,,unmatched,5439,3131,0,CA:504;NY:503;FL:380;TX:240;NJ:231;AZ:117;MA:110;CT:108;MD:89;CO:86,high
549300G4ESSS6M0MEG51,,,,unmatched,9605,5971,0,IL:1723;CA:1252;WA:895;CO:383;TX:299;NC:292;MD:261;FL:109;IN:85;WY:70,high
549300UXY7OP0IC38293,,,,unmatched,10377,6396,0,KY:1184;MI:572;FL:524;CO:486;MA:288;GA:219;TN:219;IN:218;UT:207;CA:205,high
549300GWD9H4FQ2VR805,,,,unmatched,4480,3386,0,CA:552;FL:316;NY:308;TX:200;CO:163;NJ:139;WA:130;MA:124;NC:111;AZ:98,high
254900DRSIZBQXDCJ875,,,,unmatched,2409,2409,0,FL:590;CA:463;TX:382;GA:205;NC:175;TN:85;PA:70;VA:61;OH:53;MD:28,high
2549004Z576VEJBK3N72,,,,unmatched,4063,2542,0,FL:640;CA:361;NY:343;NJ:236;TX:128;GA:98;AZ:69;PA:63;IL:63;MA:60,high
549300AG10BX85DF5S49,,,,unmatched,6424,4978,0,IL:1069;CA:805;OK:712;NJ:554;WA:321;WI:169;TX:155;MA:150;DE:122;IA:90,high
549300PQLK8E48ILXV41,,,,unmatched,7850,4388,0,CA:533;FL:421;MI:227;TX:213;LA:192;AZ:190;MO:161;GA:156;NC:154;IL:149,high
549300UR5AOWTJJ7KZ64,,,,unmatched,5432,3529,0,FL:505;CA:468;TX:301;UT:146;AZ:133;GA:129;MA:119;SC:118;WA:111;IL:106,high
5493005ICQ3QGEIWV618,,,,unmatched,3357,2224,0,NY:956;NJ:297;PA:296;FL:157;TX:101;OH:52;CT:50;GA:42;SC:42;MI:24,high
549300VMX06UV1F7NS76,,,,unmatched,5690,4240,0,MI:955;FL:429;PA:390;GA:343;TX:255;TN:237;KY:231;OK:184;NC:159;WV:155,high
549300ALNLUNS3Y53T24,,,,unmatched,26611,5416,0,CO:1398;GA:491;TX:304;FL:274;OH:189;NC:168;CA:163;PA:147;IN:122;MI:111,high
254900WEP08K7U7S3A80,,,,unmatched,8177,6568,0,WI:943;TX:709;OH:658;AZ:564;MO:385;OR:304;IN:252;NV:222;IL:210;MS:209,high
549300T7HRS5DVBUPQ06,,,,unmatched,3766,3018,0,GA:1234;FL:235;CO:226;IN:182;AZ:181;NC:142;OH:137;AL:121;SC:55;WA:50,high
98450087981AP406JG03,,,,unmatched,3264,2642,0,CA:1294;WA:138;HI:134;FL:97;UT:96;TX:94;NY:70;GA:70;CO:64;TN:57,high
549300PC4MFWQBNVKG88,,,,unmatched,9475,7248,0,AZ:2321;CO:1153;TX:1080;NM:272;OK:264;CT:235;NV:227;IN:218;CA:169;PA:165,high
5493004UNRG4PWDF2K60,,,,unmatched,3434,1920,0,NJ:1476;NY:106;PA:60;CT:53;FL:49;NC:25;CA:19;VA:16;SC:13;MD:11,high
549300B4IYL7TZT8FA34,,,,unmatched,8795,6038,0,ID:1793;WA:655;CA:637;GA:512;NV:349;OR:242;MO:196;UT:193;TX:184;IL:180,high
54930025XJJO3T0M1A92,,,,unmatched,5373,2316,0,GA:1374;WA:128;FL:101;OR:90;MA:88;AZ:71;NJ:66;ID:44;SC:40;CO:39,high
5493001X0T84TYRJ5Y59,,,,unmatched,3372,2086,0,CA:1029;FL:372;TX:130;GA:83;WA:40;AZ:37;NC:36;MI:31;TN:27;OH:26,high
254900IEGKUDRDS23V26,,,,unmatched,3353,2352,0,CA:1161;NV:182;TX:181;FL:126;GA:80;VA:70;MD:62;WA:60;AZ:52;HI:44,high
549300REENMLD2RN3W58,,,,unmatched,5575,4097,0,KY:757;GA:741;MS:426;AL:214;SC:204;IN:198;TX:153;FL:142;TN:90;CA:83,high
549300ZIQ24V0C88AC41,,,,unmatched,3616,2102,0,FL:933;CA:430;WA:89;TN:86;AZ:78;MD:69;OR:65;NC:59;GA:31;NJ:29,high
C398JSK21YCXWM603F55,,,,unmatched,11708,7752,0,IL:2719;WI:1224;CA:371;IA:328;FL:252;MN:237;MI:223;NY:179;TX:179;NC:174,high
549300PL8ER6H23P0Z91,,,,unmatched,6554,4443,0,WA:476;IL:470;CA:426;MD:368;TX:302;CO:257;VA:190;FL:180;OR:180;KY:166,high
549300GRGZDEH4ZGQS06,,,,unmatched,9623,7079,0,NM:2064;FL:832;OK:493;TX:430;VA:402;WI:395;AZ:386;ID:349;MO:235;MD:195,high
549300RYWXR8TL5LIK35,,,,unmatched,4057,2151,0,PA:518;NJ:483;NV:151;CA:116;NY:109;FL:87;OH:75;NC:66;MA:66;CO:50,high
CKVBED0S4DMLKJJ5XH28,,,,unmatched,5127,4497,0,MO:1522;CA:364;FL:265;IL:150;TX:142;NY:138;NC:122;NJ:119;GA:115;CO:104,high
5493001XKL0FTNOJ0866,,,,unmatched,8198,5554,0,AZ:794;MO:589;FL:414;TX:386;IN:359;OH:291;GA:260;IL:215;LA:188;NM:163,high
5493007XAKU2Q6LGXD23,,,,unmatched,2217,1540,0,TX:1306;NC:135;TN:19;FL:12;SC:9;OH:9;VA:8;GA:7;CO:5;OK:5,high
549300BHPLBG0CXKTL06,,,,unmatched,2265,1531,0,PA:1409;FL:24;OH:24;NC:17;MD:10;VA:10;WV:6;CA:4;NJ:4;CT:3,high
54930072OCHTUJOZQB56,,,,unmatched,7424,5784,0,IN:1919;KY:1771;TN:641;GA:214;FL:211;CO:151;NC:94;SC:94;MS:90;IL:86,high
54930078TNN7GKZ7NU89,,,,unmatched,3985,3063,0,VA:809;GA:678;MD:395;NC:215;FL:157;SC:110;TN:86;ND:80;AL:75;NY:62,high
549300G2LV8W3C1G3762,,,,unmatched,4176,2917,0,OH:1027;PA:723;NC:439;MD:183;CT:125;SC:103;FL:98;MA:75;MI:61;VA:43,high
5493000NYUJT9UC6G261,,,,unmatched,8132,5519,0,MO:1526;IL:660;FL:521;CA:395;KS:382;WA:233;AL:224;IN:223;ME:215;GA:191,high
5493004RLLKTQS8K7U51,,,,unmatched,3878,2099,0,TX:639;FL:282;OK:185;NC:127;IL:104;AZ:96;NY:78;CA:78;NJ:51;MA:42,high
549300T5QSL6MC8M4D04,,,,unmatched,3181,1954,0,NY:927;CT:403;NJ:182;FL:112;MA:68;IL:37;PA:22;CA:19;SC:19;TX:18,high
54930091JQKCU3Z6IP44,,,,unmatched,25603,2519,0,GA:284;FL:276;OH:189;TX:151;NC:128;NY:123;VA:120;PA:118;TN:101;NJ:100,high
254900WTZC5SSKIN2M11,,,,unmatched,4245,2709,0,NC:235;IL:187;TX:181;GA:169;MD:143;FL:142;CA:124;CT:119;SC:111;MA:107,high
549300IKS3MMB5YK6T18,,,,unmatched,2180,1523,0,CA:1195;NY:116;AZ:21;FL:17;NV:16;WA:14;NJ:12;VA:10;OR:10;GA:10,high
549300IFOE4SCP384147,,,,unmatched,2997,2426,0,FL:1083;MI:505;IN:245;CA:67;NC:57;GA:47;TN:44;SC:43;AL:27;AZ:25,high
549300LI3FDGO7UKFF39,,,,unmatched,2628,1602,0,NY:808;NJ:146;SC:102;FL:97;PA:93;OH:83;CT:53;MD:28;GA:24;VA:22,high
254900FBWEZ3YUPOBN33,,,,unmatched,3876,2305,0,FL:269;NC:262;VA:149;SC:137;GA:131;TN:130;TX:120;OH:114;PA:108;IN:101,high
549300Q02LGIN9AXKP98,,,,unmatched,6401,4168,0,OR:1545;WA:857;CA:824;CO:174;AZ:110;TX:97;ID:92;FL:66;GA:63;NC:48,high
5493008ZTV4S0W9DCX64,,,,unmatched,4502,1893,0,CA:461;TX:305;FL:229;AZ:106;GA:85;WA:78;NC:54;NV:53;OR:40;TN:39,high
254900VE4XTOQUE8NZ77,,,,unmatched,4109,1447,0,NY:330;NJ:271;PA:189;FL:118;TX:105;GA:82;CT:65;NC:46;OH:39;MA:25,high
FU7RSW4CQQY98A2O7J66,,,,unmatched,11003,5995,0,OK:2384;TX:1139;CO:853;NM:772;AZ:237;KS:200;MO:147;AR:125;FL:16;OH:13,high
549300RYTR2RVL4SFJ90,,,,unmatched,3013,1893,0,TX:242;FL:241;NC:142;NJ:131;GA:121;MO:113;HI:95;PA:72;CA:65;OH:62,high
254900NZOY3XB2DNSZ34,,,,unmatched,2542,1799,0,CA:437;NJ:170;FL:130;MA:120;NY:99;WA:95;IL:89;CT:63;GA:61;PA:51,high
549300C8GOC4OYUV0Z32,,,,unmatched,4824,2639,0,MD:270;OH:262;FL:244;TX:183;PA:140;GA:128;NC:127;MO:105;IN:98;MI:96,high
549300ZZME37MXI1EF14,,,,unmatched,9985,7562,0,MO:3201;OH:849;TX:571;MD:440;MI:357;IL:283;AR:269;WA:192;KY:166;ME:116,high
549300XCVBRR56D08F03,,,,unmatched,12867,2293,0,CA:454;FL:152;NV:108;NJ:102;GA:94;AZ:91;NC:85;OH:82;WA:74;CO:70,high
549300VVH8HHFMWL8536,,,,unmatched,2187,1457,0,TX:529;CA:513;LA:62;CO:52;MS:51;AL:25;FL:25;UT:24;AZ:17;OR:13,high
549300GPO6DWUZR4UY30,,,,unmatched,6727,5283,0,MD:3559;VA:448;NC:347;DC:280;MA:155;SC:127;PA:119;DE:74;FL:59;RI:57,high
ZXMJHJK466PBZTM5F379,,,,unmatched,2077,1712,0,FL:298;TX:142;CA:122;NC:99;NY:75;CO:74;TN:69;GA:58;SC:54;NJ:49,high
549300YMIOLU51FSTO86,,,,unmatched,2052,1588,0,PA:346;NJ:322;DE:136;NY:108;TX:98;OH:89;MI:69;WV:66;FL:64;GA:45,high
337KMNHEWWWR6B7Q7W10,,,,unmatched,3253,2416,0,OK:728;CA:535;TX:385;AZ:281;CO:152;NV:72;UT:42;NY:24;NM:18;FL:16,high
2549004XJQQPBYQSMT39,,,,unmatched,2114,1190,0,NY:550;NJ:112;FL:108;CA:87;TX:50;CT:31;MA:29;PA:25;GA:20;IL:17,high
635400IW1QMK3FNFF894,,,,unmatched,3346,2560,0,MD:838;PA:652;DE:640;NJ:226;VA:47;FL:31;NC:22;SC:11;IN:11;GA:10,high
549300S8SHBRCI7UU819,,,,unmatched,5563,3223,0,IL:917;MN:494;CA:229;FL:150;WI:118;NC:115;OH:89;GA:88;IN:76;TN:75,high
549300LXKO1O7CSK5J52,,,,unmatched,19410,15370,0,MO:7301;IL:1758;AR:1481;OK:1425;KS:1216;TX:675;CO:311;IA:298;IN:268;NE:264,high
54930080168VA6Z8UX21,,,,unmatched,5952,3617,0,MD:1696;VA:681;NJ:223;PA:190;NC:101;FL:91;SC:87;DC:67;DE:61;GA:60,high
549300HCNXMTNGIMAR91,,,,unmatched,2158,1493,0,VA:309;NY:244;NJ:232;MA:167;MD:111;NC:67;GA:44;CA:41;DC:35;FL:34,high
254900BBWJ82FQDQ6823,,,,unmatched,1820,1189,0,NJ:262;TN:132;TX:94;PA:71;SC:70;FL:69;NY:68;MA:61;NC:57;IL:40,high
5493009Y8ROUG903AQ21,,,,unmatched,1340,1010,0,CA:849;WA:21;NV:10;IL:9;TX:9;NY:8;FL:8;OR:8;PA:7;GA:6,high
254900114YHTRFBALC74,,,,unmatched,1315,1286,0,CA:628;WA:106;FL:84;AZ:63;VA:46;NJ:44;OH:36;TX:33;NV:31;NC:31,high
254900V6GCDMRQZ34D96,,,,unmatched,1778,987,0,CA:302;FL:217;NY:176;NJ:67;TX:30;AZ:26;PA:22;MA:18;CO:14;CT:14,high
5493008P6YO2KM3EO556,,,,unmatched,5493,4084,0,MI:2600;NY:372;CA:172;VA:153;MD:117;FL:81;CT:70;MA:55;KY:54;IN:52,high
254900ZX1UPIG2E7TH11,,,,unmatched,4134,3064,0,LA:1298;AL:793;SC:288;GA:193;TX:186;FL:93;OK:42;PA:38;MS:37;MA:26,high
549300ISCZS1R0CJMO47,,,,unmatched,2117,1726,0,TX:255;NC:107;FL:104;GA:77;TN:70;MI:69;PA:67;SC:66;MO:58;IL:55,high
549300KX4S1573HISS22,,,,unmatched,2917,1327,0,CA:417;FL:177;AZ:126;TX:73;WA:45;GA:33;PA:32;NV:29;CO:27;NJ:26,high
549300RM1IZYGQDSNL85,,,,unmatched,6074,1623,0,FL:206;TX:167;TN:152;CO:123;KY:69;NC:60;OH:60;NY:56;MI:52;ID:52,high
549300A68YW07V5R5G22,,,,unmatched,1972,957,0,CA:536;FL:125;TX:47;AZ:38;GA:26;WA:25;HI:20;NV:20;UT:17;CO:15,high
549300LZUXCJFE5ONM48,,,,unmatched,1795,1369,0,CA:317;TX:110;FL:98;WA:72;AZ:68;UT:60;SC:53;GA:53;CO:50;OR:46,high
5493003X6Y6JGJKHPA25,,,,unmatched,1162,778,0,NY:609;FL:41;CT:32;NJ:25;CA:16;PA:16;NC:8;SC:5;TN:4;IL:3,high
54930091CYUK2SDZ6D37,,,,unmatched,1538,914,0,CA:343;FL:180;TX:106;MI:78;NJ:20;TN:19;NY:15;MD:14;NV:14;NC:14,high
5493000IIYWBLONJVJ30,,,,unmatched,2370,1430,0,CA:173;TX:112;FL:91;NC:78;WA:59;MI:55;GA:50;IL:48;MN:48;PA:46,high
54930021DZJ9CEN11D61,,,,unmatched,2604,1550,0,AL:309;FL:185;GA:184;TN:124;OH:99;NV:96;KY:77;MI:58;IN:48;NJ:39,high
549300DNWSJUNAWUM003,,,,unmatched,2522,1388,0,NC:247;VA:226;MD:209;PA:92;SC:63;NY:60;FL:57;IL:56;KY:39;DC:34,high
549300QVGK8WC4HQ3C28,,,,unmatched,1289,810,0,PA:185;TN:124;GA:109;NJ:99;AL:64;FL:54;NC:31;VA:30;SC:19;IL:13,high
KD3XUN7C6T14HNAYLU02,,,,unmatched,1637,1015,0,CA:220;NY:91;FL:83;TX:82;IL:62;MA:49;CO:33;UT:31;WA:30;NJ:25,high
549300BOXNV8VLRBDT24,,,,unmatched,2879,1363,0,CA:220;TX:86;NC:59;AZ:58;FL:51;GA:45;WA:44;TN:44;IL:41;OH:40,high
5493003BXKRGHQHRJV38,,,,unmatched,1170,684,0,FL:375;GA:200;MD:24;VA:16;NC:14;MA:11;AZ:5;TX:5;TN:4;AL:4,high
9845005BP6974AE5D838,,,,unmatched,1655,741,0,CA:201;FL:130;TX:78;GA:43;TN:37;PA:32;SC:25;WA:25;NC:20;VA:14,high
254900DSZI6CJXJL6Z14,,,,unmatched,1590,921,0,TX:168;FL:93;GA:66;NC:60;OH:60;IL:48;PA:46;NY:32;TN:29;MI:27,high
549300KQHWNSVCE2MY88,,,,unmatched,1746,1219,0,TX:125;TN:91;NC:65;CA:58;GA:53;IN:53;FL:49;MN:47;OH:46;VA:46,high
5493001JT9MT3Z3Y3M39,,,,unmatched,1216,801,0,FL:201;TX:95;AZ:72;CA:62;GA:31;WA:29;NC:28;MI:28;NY:23;NV:21,high
549300UF3FPC7U6RFC59,,,,unmatched,10804,7285,0,MO:4768;CO:733;OK:544;KS:353;NC:269;AR:104;FL:91;IL:68;IA:46;TX:35,high
5493002QRULT2T40BH09,,,,unmatched,10720,6817,0,MO:3721;KS:2521;CA:186;AR:57;KY:52;TX:51;FL:30;NV:17;MI:16;IL:14,high
549300W4FT4H1UWPGU95,,,,unmatched,21756,15699,0,IA:10661;IL:3954;MI:329;WI:190;NE:148;IN:78;OH:48;AZ:38;MO:33;CO:33,high
549300F1COXL6UBFCP55,,,,unmatched,578,519,0,NY:448;FL:21;NJ:19;TX:5;DE:4;CT:4;PA:3;IN:2;OH:2;CO:1,medium
2549005Q4HZ55QX7YC64,,,,unmatched,909,696,0,CA:249;TX:151;MD:37;AZ:33;VA:26;WA:23;FL:21;NV:19;NC:18;MA:14,medium
2549005FUF02T1IFCA22,,,,unmatched,1029,652,0,FL:165;CA:134;TX:58;NJ:47;UT:19;PA:18;GA:18;CO:16;NC:16;SC:14,medium
2549009X2AG1P20YAJ63,,,,unmatched,2014,658,0,CA:299;NY:38;FL:34;TX:23;NJ:19;AZ:19;WA:18;NV:17;VA:14;NC:13,medium
549300VGMMXKSX821O69,,,,unmatched,951,539,0,NY:339;FL:72;MD:28;NJ:24;IL:14;PA:12;CT:9;SC:7;NC:7;TX:6,medium
5493007CLWQN2S6IZK91,,,,unmatched,2313,1339,0,VA:128;TX:115;KS:88;MO:71;NC:67;FL:61;AZ:59;GA:55;CA:48;MD:46,medium
2549001NJY765EZWDI06,,,,unmatched,815,508,0,NY:325;CT:41;NJ:32;PA:20;MA:19;FL:19;MD:16;TX:7;VA:6;SC:5,medium
984500CD6F0743B8F530,,,,unmatched,1261,998,0,GA:124;OH:116;PA:74;FL:61;IN:50;TN:49;NC:48;IL:42;VA:37;MI:32,medium
549300LLESTPOVRG3X73,,,,unmatched,2569,1100,0,KS:151;CA:88;WA:78;MO:67;TX:55;FL:49;NC:47;CO:45;NY:40;IL:33,medium
254900YA1AQXNM8QVZ06,,,,unmatched,951,767,0,CA:85;TX:59;FL:56;IL:34;NY:34;GA:32;WI:32;WA:31;NC:29;TN:27,medium
254900ZELVKWROFNEC29,,,,unmatched,643,408,0,PA:297;NJ:53;GA:11;FL:11;DE:8;NC:6;CO:3;MN:2;MA:2;MD:2,medium
984500F03B9034CQB904,,,,unmatched,4756,618,0,TX:79;FL:69;NC:60;CA:45;GA:38;OH:36;PA:35;VA:34;TN:29;IN:24,medium
PINLJ7T7GLTF48NFP863,,,,unmatched,1520,1173,0,MA:293;AL:200;LA:94;DE:84;CO:73;AR:64;RI:42;NY:40;NM:40;ME:36,medium
4EP6JBYBTPTQ47LZOB67,,,,unmatched,665,527,0,CA:66;FL:59;MA:51;NY:40;GA:27;NC:22;CO:21;TX:20;SC:18;VA:15,medium
549300PJ2WT35S77Q208,,,,unmatched,2564,1526,0,IL:307;WI:186;OH:145;FL:106;PA:65;MI:64;TX:62;MO:56;IN:51;KY:45,medium
254900378RFGMBEKAF12,,,,unmatched,3556,2166,0,IA:720;IL:309;ME:257;WI:132;NC:109;MO:52;KS:50;ND:41;GA:38;TX:37,medium
5493009D2COWW65B8673,,,,unmatched,1133,518,0,CA:250;MD:75;FL:37;IL:22;UT:21;VA:17;AZ:15;CO:9;TX:7;AL:6,medium
549300S5FVOSK5DQJN30,,,,unmatched,5987,4500,0,UT:3672;CA:224;AZ:149;ID:115;WA:84;NV:54;NC:33;CO:31;TX:24;FL:20,medium
549300T61O0X0RJMQ375,,,,unmatched,1117,647,0,CA:55;KS:50;MO:49;TX:47;WA:43;FL:41;NJ:39;NC:32;VA:28;IL:23,medium
XC7Z0BA39TU7L1AKOJ12,,,,unmatched,4458,2588,0,IL:2072;FL:246;WI:139;IN:23;CA:16;GA:10;AZ:9;CO:9;MI:9;MN:9,medium
549300HVW3AI97UKTO72,,,,unmatched,5116,3362,0,MN:2594;WI:213;FL:118;MI:65;GA:64;AZ:32;WA:29;CA:25;TN:25;NC:24,medium
54930044OSTKOJMHF287,,,,unmatched,1137,814,0,DE:225;MD:182;DC:145;VA:65;PA:37;NC:31;FL:17;SC:13;NJ:9;NY:9,medium
549300ASFUWYQO0RW077,,,,unmatched,547,420,0,NY:51;TX:49;FL:40;NJ:31;NC:26;PA:21;SC:19;GA:17;OH:16;CT:16,medium
549300I1HK1BBZLKOB84,,,,unmatched,647,455,0,TX:111;CA:55;LA:39;FL:30;NY:27;NJ:17;WA:17;AZ:13;CO:11;CT:11,medium
254900FMBXF85WQYV433,,,,unmatched,382,287,0,NY:223;NJ:12;CA:11;CT:5;DC:5;MD:4;MA:4;PA:2;MI:2;WA:2,medium
254900IRE136HFEI2562,,,,unmatched,436,285,0,NY:188;NJ:22;CT:21;CA:17;FL:14;MA:4;NC:3;VT:3;PA:3;TN:2,medium
549300IRXW9RSZM2B951,,,,unmatched,667,477,0,TN:173;AR:141;MA:29;MS:27;NY:22;MO:13;OK:11;TX:10;DE:9;CT:8,medium
549300GY4NTTEM7WWB64,,,,unmatched,816,529,0,AR:175;FL:79;GA:41;MS:38;NC:35;TX:28;PA:21;TN:20;VA:20;AL:14,medium
549300K6K2IS7FRS7S09,,,,unmatched,980,644,0,MO:70;VA:59;FL:46;TX:42;AK:37;CA:31;NC:31;AZ:21;GA:20;MI:20,medium
549300WRDGBHKR1BXL98,,,,unmatched,1383,1014,0,IN:369;MA:146;OH:100;IL:93;MO:82;LA:49;FL:23;TX:13;NY:10;GA:10,medium
5493008SP1FN4D81IS17,,,,unmatched,453,359,0,TX:79;CA:49;NC:30;FL:19;WA:17;AZ:13;IL:11;VA:10;NJ:10;OH:9,medium
549300AENO88GEUWCZ39,,,,unmatched,1280,846,0,MN:142;IN:65;CO:58;FL:56;CA:52;OK:39;KY:36;TX:34;DE:27;WI:26,medium
549300HINJH60UG3KG47,,,,unmatched,361,317,0,NC:41;FL:38;VA:30;GA:28;TX:25;CA:21;NV:15;WA:11;PA:10;OK:10,medium
254900EZRN0CBEP77K34,,,,unmatched,1167,563,0,VA:170;MD:86;DC:38;CA:31;FL:18;NC:17;TX:15;IL:15;SC:14;GA:12,medium
549300JGMQJ4R419LR70,,,,unmatched,516,402,0,TX:45;CA:44;OH:29;IL:28;FL:19;PA:18;WA:15;NY:15;AL:14;MI:13,medium
2549007AU24FVDMNUB40,,,,unmatched,2422,749,0,WI:262;IL:72;MN:69;CA:43;GA:29;FL:25;IN:19;NC:19;OH:19;CO:16,medium
984500FAD1FB7FEGTE82,,,,unmatched,702,330,0,NC:30;TX:27;GA:25;FL:25;CA:23;IL:18;OH:13;MD:13;CO:12;TN:12,medium
549300KX6E1IE2LM5E30,,,,unmatched,474,326,0,CA:90;WA:60;FL:35;AZ:19;CO:18;GA:15;OR:11;TX:10;MN:6;PA:6,medium
5493007Z7FTUKQGFMZ98,,,,unmatched,436,294,0,TX:44;NY:30;GA:28;IL:17;WA:13;FL:12;NJ:11;NC:11;PA:10;CO:9,medium
WKN6AF1FCL7BBYGTGI83,,,,unmatched,1283,714,0,IN:316;FL:34;CA:31;GA:24;NC:22;TN:20;MO:20;IL:17;MI:16;AZ:16,medium
549300KPBZCTMM3Y0061,,,,unmatched,907,661,0,MD:316;VA:96;FL:36;CA:27;NC:24;GA:22;DC:14;TX:12;OH:11;AZ:9,medium
549300TULDV69V2XKY60,,,,unmatched,524,343,0,VA:70;CA:55;MD:52;DC:21;FL:21;AZ:13;NC:12;PA:11;GA:11;NJ:8,medium
5493004R423PBPM6A173,,,,unmatched,557,394,0,OH:46;TX:37;IL:24;GA:23;TN:20;NJ:19;IN:19;VA:18;MI:17;FL:15,medium
6PTKHDJ8HDUF78PFWH30,,,,unmatched,338,289,0,FL:55;IL:43;CA:35;TX:20;CO:17;WI:14;GA:8;NJ:7;WA:6;UT:6,medium
549300DH8EI64ITBY388,,,,unmatched,315,271,0,CA:26;TX:25;NC:17;CT:16;PA:16;VA:13;NY:13;IL:12;WA:12;SC:11,medium
549300TTPRGSP8DGY569,,,,unmatched,696,471,0,VA:134;MD:113;DC:55;CA:20;FL:14;NC:11;NJ:10;PA:8;OK:8;WV:8,medium
549300C04BJ0G297NC13,,,,unmatched,556,268,0,TX:26;FL:21;CA:18;PA:16;NC:15;IL:15;NY:13;NJ:10;IN:8;CO:8,medium
549300YDBNK66R6ZES34,,,,unmatched,2287,1508,0,MO:1183;IL:91;FL:43;OH:33;TX:23;GA:18;CA:17;CO:14;NY:12;VA:12,medium
549300WKFR15017V9850,,,,unmatched,1615,1165,0,CO:516;MN:197;MO:171;CA:99;ME:66;WA:23;KS:16;FL:14;WI:8;AZ:7,medium
549300217ZPIHWEYT887,,,,unmatched,197,184,0,MA:100;CT:36;NY:8;FL:7;NC:7;NJ:5;IL:4;ME:2;MD:2;OH:2,medium
549300JD1162QW84ZO34,,,,unmatched,818,581,0,RI:315;NY:53;MI:41;AZ:40;MA:24;PA:20;WA:14;CT:13;NJ:12;OH:9,medium
54930032OCUOR526IR93,,,,unmatched,566,374,0,MS:123;GA:24;PA:21;FL:18;KY:14;AZ:13;KS:12;MO:10;TN:10;NC:9,medium
549300UV5JQXLGVWIP44,,,,unmatched,582,332,0,IL:105;TX:61;CA:20;MN:19;OH:13;UT:10;WA:10;GA:10;LA:9;VA:9,medium
549300B2JJHSM77T5Y41,,,,unmatched,1393,882,0,OH:746;GA:50;FL:16;TX:10;SC:9;TN:6;CA:4;MI:4;NV:4;WI:3,medium
549300SQKZC6HESYGO25,,,,unmatched,736,258,0,CA:27;VA:24;FL:15;IL:15;NJ:12;NC:11;AZ:10;PA:9;NY:9;OH:8,medium
549300NZWZUYUWEOA562,,,,unmatched,1994,1409,0,IN:1212;FL:24;CO:18;NC:16;IL:14;MI:13;GA:10;VA:8;MD:7;TX:7,medium
5493002WVA17MT4UFH84,,,,unmatched,444,191,0,TX:26;CA:19;FL:16;AZ:9;MI:8;PA:8;WI:7;GA:7;UT:7;NV:6,medium
254900KKWIJLOTNP7667,,,,unmatched,169,155,0,NY:43;TX:16;CA:12;WA:11;IN:7;MD:7;CT:6;MA:6;FL:5;AZ:5,medium
54930022CQGV47Q8PM03,,,,unmatched,602,233,0,TX:22;FL:18;CA:18;WA:16;GA:15;WI:13;MI:12;IL:12;OH:10;KY:9,medium
54930063578UDYE3JR69,,,,unmatched,1797,1219,0,OH:744;IN:154;KY:131;WV:42;NC:32;PA:29;TN:14;MI:10;FL:9;AR:8,medium
5493004LYI6NSVMGYH15,,,,unmatched,132,105,0,GA:61;NY:16;OH:6;NC:3;TX:3;PA:2;AL:2;DE:2;CT:2;NJ:2,medium
7DMUJTL9FFTVIAG9H788,,,,unmatched,7326,3789,0,MO:2488;KS:751;IL:194;CO:161;OK:45;TX:23;FL:22;AZ:13;AR:13;CA:12,medium
254900KI7219LQKCI772,,,,unmatched,1254,974,0,CO:694;WY:105;TX:24;AZ:18;CA:17;MT:10;FL:8;OH:7;ID:7;NC:6,medium
549300KW3HYVC06WS898,,,,unmatched,545,402,0,MO:276;FL:26;IL:23;NC:10;SC:8;OR:7;KS:5;CA:4;VA:3;NY:3,medium
549300LP0CV2MNC1GV68,,,,unmatched,532,390,0,KS:134;MO:88;CO:39;AZ:24;GA:20;TX:10;WA:6;VA:6;TN:6;NM:5,medium
B94HV8SXGDD3J5XESU08,,,,unmatched,1615,1172,0,IL:1046;AZ:25;NY:15;FL:13;WI:12;MI:12;IN:6;WA:4;PA:4;SC:3,medium
IWRZQFYIRJ0IMURZBB68,,,,unmatched,3907,3194,0,WI:3047;IL:61;MN:16;FL:14;AZ:11;NC:6;TX:5;CO:5;MI:5;IN:4,medium
549300L9MOPDT0NKE883,,,,unmatched,1406,980,0,KS:805;OK:79;MO:53;FL:8;CA:4;TX:3;NC:3;NM:3;MN:3;IL:2,medium
549300GS6ONO04ORI292,,,,unmatched,917,584,0,ID:356;OR:136;WA:44;MT:12;CA:4;FL:4;AL:2;TX:2;AK:2;CO:2,medium
549300Q4JBLTKDC7J303,,,,unmatched,183,74,0,TX:27;CA:7;NM:7;NY:5;PA:3;OH:3;MO:2;TN:2;NV:2;LA:2,low
549300ZGCIDP1G72QO72,,,,unmatched,367,187,0,OH:132;KY:9;IN:9;MI:7;FL:6;CA:5;GA:4;PA:2;CO:2;NC:2,low
5493002CAA1SKNHHUI24,,,,unmatched,361,175,0,IL:125;AZ:12;MI:10;NY:7;PA:5;DE:5;NJ:4;FL:2;ID:1;IN:1,low
549300N1R0R39PYT7O68,,,,unmatched,61,42,0,NC:5;VA:4;OH:4;SC:3;FL:2;PA:2;TX:2;AZ:2;IL:2;TN:2,low
254900LP2WHZQ61VBS60,,,,unmatched,140,104,0,IL:55;MO:10;IN:6;AZ:6;OH:5;TX:4;WI:3;MA:3;CA:2;TN:2,low
254900CNZPI5WN45KW48,,,,unmatched,566,437,0,AR:387;MS:22;OK:15;TX:4;AL:2;LA:2;FL:1;MO:1;TN:1;IN:1,low
549300X7KG2H84UCP685,,,,unmatched,306,254,0,CO:103;WA:35;UT:32;NE:31;MO:14;KS:7;IL:7;ID:7;WY:6;IA:3,low
