lei,institution_name,nmls_id,our_lender_slug,match_status,total_applications,total_originations,wy_originations,states_with_originations,priority_match,wyoming_originations
549300ESRQ6OLBB56N04,,,,unmatched,7688,4789,538,MT:1904;ID:977;WY:538;WA:420;UT:269;CO:259;AZ:240;TX:94;NV:75;NM:5,medium,538
549300R5DOGZK0VWYL76,,,,unmatched,517,457,440,WY:440;CO:6;MT:2;NE:2;OK:1;CA:1;ID:1;TN:1;VA:1;AK:1,low,440
549300J5YB46ZKVUNF26,,,,unmatched,547,387,383,WY:383;CO:3;NM:1,low,383
549300RFSMIRUODUVW59,,,,unmatched,4082,2443,306,MT:610;SD:364;OR:317;WY:306;IA:244;ID:236;NE:183;WA:79;AZ:31;CO:29,medium,306
5493007KYI3BO5LTXF79,,,,unmatched,709,404,306,WY:306;NE:53;CO:33;ID:8;SD:2;AZ:1;IA:1,low,306
5493004JDNBZNOT8PR69,,,,unmatched,387,253,252,WY:252;CO:1,low,252
5493002Y5XYV7DV1ZV88,,,,unmatched,11225,6891,244,FL:1346;MI:1280;TX:409;IN:364;NV:325;NC:308;CO:278;WY:244;WA:213;OH:203,high,244
549300QG83M0EX7VC434,,,,unmatched,336,252,244,WY:244;SD:4;NE:2;MT:1;CO:1,low,244
549300WRB87J6ZL6CO07,,,,unmatched,306,243,237,WY:237;CO:4;AZ:1;MT:1,low,237
549300KJI3KX8KY2FG10,,,,unmatched,264,220,219,WY:219;FL:1,low,219
549300ZFJ1696ECS0S38,,,,unmatched,219,189,177,WY:177;NE:5;CO:3;UT:1;KS:1;SD:1;NC:1,low,177
254900XZCT60J2G3HK85,,,,unmatched,1173,591,171,CO:416;WY:171;NE:1;NM:1;AZ:1;OR:1,medium,171
549300UHQ3UXVA4AGM53,,,,unmatched,691,444,127,CO:312;WY:127;MT:2;SD:2;NE:1,low,127
254900KI7219LQKCI772,,,,unmatched,1254,974,105,CO:694;WY:105;TX:24;AZ:18;CA:17;MT:10;FL:8;OH:7;ID:7;NC:6,medium,105
254900UFC85SQD8XYU52,,,,unmatched,233,187,102,WY:102;MT:79;TX:2;NE:1;FL:1;ND:1;UT:1,low,102
549300T7AIY7RU1YDP31,,,,unmatched,2212,1448,84,CO:489;KS:423;MO:254;WY:84;TX:51;UT:35;ID:25;NM:19;FL:17;AZ:6,medium,84
549300G4ESSS6M0MEG51,,,,unmatched,9605,5971,70,IL:1723;CA:1252;WA:895;CO:383;TX:299;NC:292;MD:261;FL:109;IN:85;WY:70,high,70
549300RSNTKNOA7GNI77,,,,unmatched,69,60,60,WY:60,low,60
549300XCHJ481RPPSP63,,,,unmatched,78,62,57,WY:57;NM:1;TX:1;MO:1;AR:1;CO:1,low,57
8WH0EE09O9V05QJZ3V89,,,,unmatched,17257,8981,48,UT:1755;CA:1647;TX:1522;AZ:1168;CO:1057;NV:1054;ID:517;WA:140;WY:48;NM:23,high,48
5493009V6C21MWMPSR74,,,,unmatched,47,44,44,WY:44,low,44
549300J3YLW53W0K4T67,,,,unmatched,359,83,41,WY:41;NE:22;CO:13;AZ:4;OR:2;NM:1,low,41
254900OD9TDRYGWJ0N48,,,,unmatched,395,314,40,SD:189;WY:40;CO:39;MN:25;AZ:3;IA:3;NE:2;FL:2;WI:2;IL:2,low,40
549300F6NSBOJBM9ED39,,,,unmatched,2017,1138,36,CA:672;AK:282;AZ:67;WA:39;WY:36;ID:11;NV:10;CO:7;OR:5;NM:3,high,36
LDVFX8JEECFFE8HRWA73,,,,unmatched,6317,3757,34,NE:1773;IL:646;CO:466;KS:307;MO:215;IA:191;SD:54;WY:34;TX:12;WI:8,medium,34
5493006S869XKIESMV41,,,,unmatched,21683,9830,33,UT:7223;ID:1069;AZ:872;NV:431;MT:113;WY:33;CO:32;WA:25;OR:17;NM:15,high,33
549300TTK5T7CZ3UJ084,,,,unmatched,333,298,29,UT:246;WY:29;AZ:5;ID:4;OR:3;CO:3;CA:2;TX:1;ME:1;WA:1,low,29
549300FWQNRPTKXB8G79,,,,unmatched,291,187,27,TX:62;AZ:49;WY:27;CA:24;WA:18;ID:7,medium,27
549300QLO8TSQW5JTK72,,,,unmatched,2807,2409,27,NE:1724;IA:452;SD:44;CO:44;KS:31;WY:27;MO:25;AR:15;ND:14;TX:7,medium,27
25490090KXNIT4RLYQ17,,,,unmatched,33,26,26,WY:26,low,26
254900XA5WVWGS9RET72,,,,unmatched,101,90,23,MT:64;WY:23;WA:1;LA:1;ND:1,low,23
5493009JZ6NIQL6RQT28,,,,unmatched,67,67,22,SD:42;WY:22;ID:2;GA:1,low,22
549300E57105E8PDY082,,,,unmatched,368,280,15,MT:264;WY:15;AZ:1,low,15
254900SCAXHT20CVF122,,,,unmatched,66,57,15,NE:34;WY:15;CO:8,low,15
549300EWGL0JGA62YY67,,,,unmatched,159,97,12,ID:81;WY:12;MO:2;CA:1;ND:1,low,12
5493009D7ZK3I86CJC09,,,,unmatched,124,92,12,NE:50;CO:27;WY:12;SD:2;MN:1,low,12
2549001FRVJW21ARMV74,,,,unmatched,30,18,12,WY:12;CO:6,low,12
549300R0DP2GXAIMGB41,,,,unmatched,2171,1529,9,CO:1334;AZ:98;NM:34;NE:15;WY:9;TX:8;KS:5;MO:3;MN:2;MI:2,medium,9
5493007YN2BYYXCI7W64,,,,unmatched,1465,650,9,SD:494;MN:93;ND:25;MT:10;NE:10;WY:9;IA:6;IN:1;ME:1;CO:1,medium,9
549300M2Z8GR3VL0QQ74,,,,unmatched,1311,783,8,SD:738;MT:17;WY:8;MN:4;ND:2;TX:2;MO:2;KS:1;IN:1;NE:1,medium,8
254900A6XS8JBOVU9C33,,,,unmatched,55,38,7,CO:29;WY:7;KS:2,low,7
549300X7KG2H84UCP685,,,,unmatched,306,254,6,CO:103;WA:35;UT:32;NE:31;MO:14;KS:7;IL:7;ID:7;WY:6;IA:3,low,6
549300LG5340S24M4N89,,,,unmatched,1601,1169,5,CO:667;KS:495;WY:5;AZ:2,medium,5
549300ABEFRFKC9S8368,,,,unmatched,2269,1405,4,CO:1364;NM:12;KS:11;UT:6;WY:4;NE:4;MT:2;ID:2,medium,4
254900CYWJYH3ES8BV63,,,,unmatched,192,139,4,SD:130;WY:4;AZ:2;CO:1;ND:1;VA:1,low,4
549300M25807V5I2K649,,,,unmatched,69,64,4,IA:56;WY:4;MO:2;MN:2,low,4
549300AH6CHRCS9EMF95,,,,unmatched,21,19,4,NE:15;WY:4,low,4
549300E3QJQLKVB40W93,,,,unmatched,4917,2944,3,CO:2939;WY:3;UT:1;NM:1,medium,3
549300FVJ3IB88LTR841,,,,unmatched,2928,2196,3,MT:2183;ND:3;WY:3;AZ:3;NV:2;ID:1;SD:1,medium,3
549300CM7HYHZ1MEJ624,,,,unmatched,365,330,3,UT:274;ID:32;MO:4;AZ:3;WY:3;CO:3;NV:2;CA:2;NC:1;GA:1,low,3
54930043A47GB1KNJQ31,,,,unmatched,480,360,3,MT:356;WY:3;FL:1,low,3
5493003ZCL0UPU6NWT09,,,,unmatched,75,53,3,CO:49;WY:3;TX:1,low,3
5493001PXRJMPLXPG540,,,,unmatched,17003,10608,2,ID:9871;WA:612;AZ:83;OR:26;MT:6;UT:6;WY:2;NV:2,high,2
549300HV02VPA0FYR272,,,,unmatched,773,507,2,CO:319;TX:84;FL:76;AZ:8;WA:5;NC:5;TN:3;WY:2;SC:2;NE:2,medium,2
549300BDHZAV4ZQHQV19,,,,unmatched,4697,3213,2,UT:3013;ID:189;NV:3;WY:2;WA:1;AL:1;GA:1;OR:1;NM:1;MT:1,medium,2
549300214PKB2Y1ZWH75,,,,unmatched,615,568,2,KS:524;MO:33;WY:2;AZ:2;AR:2;MN:1;ID:1;OK:1;TX:1;CO:1,medium,2
254900WRP19TBSQG0Z89,,,,unmatched,187,166,2,MN:141;ND:8;MT:3;FL:3;SD:2;WI:2;CA:2;WY:2;VA:1;AZ:1,low,2
2549001R6R928Y08SC30,,,,unmatched,185,127,2,SD:113;MN:2;WY:2;ND:1;FL:1;MT:1;TX:1;NC:1;MS:1;VA:1,low,2
25490000OGVJZR74L509,,,,unmatched,86,76,2,UT:69;CA:4;WY:2;AZ:1,low,2
549300BZTITCLMZ3TL46,,,,unmatched,443,382,2,NE:332;SD:37;MO:3;CO:3;WY:2;CA:1;IN:1;TX:1;NV:1;KS:1,low,2
549300ZYK1Z0EK2JC967,,,,unmatched,158,115,2,ID:98;MT:13;WY:2;UT:2,low,2
254900WH43E1KZKSNH40,,,,unmatched,166,150,1,CA:109;FL:8;TX:8;CO:8;AZ:8;NC:3;TN:3;GA:1;IN:1;WY:1,medium,1
549300WXO2FZYE7KAW26,,,,unmatched,121,101,1,CA:87;NV:6;AZ:4;TX:2;NC:1;WY:1,medium,1
5493009LZZ8VZRVIX755,,,,unmatched,101,88,1,TX:51;FL:25;CO:3;CT:3;CA:2;NC:1;WA:1;MA:1;WY:1,medium,1
2549009I5SQ5XN6WFU76,,,,unmatched,101,65,1,CA:63;WY:1;WA:1,medium,1
549300BRLQAIJ1LJA253,,,,unmatched,2222,1837,1,WI:1810;MI:5;FL:5;IL:2;CO:2;MN:2;AZ:2;OH:2;AL:1;WY:1,medium,1
549300NNL9H573MWO110,,,,unmatched,945,734,1,UT:696;ID:22;NV:6;CA:3;SD:2;CO:2;TX:1;WY:1;OK:1,medium,1
254900RNV63A0TIZNK90,,,,unmatched,887,633,1,CO:493;OR:65;AZ:37;MI:21;WA:10;FL:3;MN:2;NE:1;WY:1,medium,1
254900XRQ4U9ABU6F580,,,,unmatched,837,583,1,ID:533;UT:32;OR:11;AZ:1;FL:1;MD:1;DC:1;WY:1;VA:1;CA:1,medium,1
549300VF12R0WS33KN43,,,,unmatched,702,559,1,ND:516;MN:35;SD:2;AZ:1;CA:1;FL:1;ID:1;NY:1;WY:1,medium,1
5493007ZF78YQRSXQG49,,,,unmatched,1621,1148,1,MT:1139;WA:2;OR:2;AZ:2;WY:1;CO:1;ID:1,medium,1
549300DEVPMBR765WH45,,,,unmatched,1614,1001,1,UT:994;NV:3;MO:1;CO:1;WY:1;AZ:1,medium,1
549300KDR80I1ELW8D36,,,,unmatched,899,330,1,OR:121;WA:65;CA:46;ID:37;MT:29;AZ:14;UT:13;AK:2;VA:1;WY:1,low,1
549300S5LHMBX3WRT314,,,,unmatched,123,97,1,IL:49;CA:24;IA:5;AZ:4;NC:3;WI:2;ND:2;FL:2;WY:1;MT:1,low,1
549300FTS7TVGFDGUH88,,,,unmatched,564,495,1,IN:485;FL:6;MI:2;IL:1;WY:1,low,1
984500F5665613E36549,,,,unmatched,579,366,1,UT:334;WA:10;ID:5;OR:4;AZ:4;CA:2;MT:1;WY:1;NM:1;TN:1,low,1
549300Q26XXW77S35W27,,,,unmatched,84,81,1,WI:71;MN:5;FL:4;WY:1,low,1
5493002N80S5V3OY3S68,,,,unmatched,432,345,1,CO:341;TX:3;WY:1,low,1
549300TSZB60GNONKL22,,,,unmatched,132,108,1,ND:97;SD:2;TX:2;WA:1;MT:1;MO:1;WY:1;NE:1;MN:1;AZ:1,low,1
254900ZOIZTP7ZF6AH17,,,,unmatched,111,103,1,IL:96;WI:4;WY:1;SC:1;TN:1,low,1
549300ZUF2EI6H23YK94,,,,unmatched,637,368,1,ID:355;UT:8;NV:2;SC:1;WA:1;WY:1,low,1
254900DJ8WC0BQHYR275,,,,unmatched,114,106,1,IA:64;MN:34;MI:2;WI:1;AZ:1;CO:1;WY:1;FL:1;ND:1,low,1
549300BGIT0LFI12Z304,,,,unmatched,116,96,1,IL:92;IA:1;WY:1;TX:1;MI:1,low,1
5493002BECVKN2TJ6H05,,,,unmatched,256,198,1,MT:196;AZ:1;WY:1,low,1
549300VEMK0LXVCRZM49,,,,unmatched,223,161,1,ID:153;MT:4;WA:2;WY:1;UT:1,low,1
549300G4VO4E5SNMQB32,,,,unmatched,57,46,1,CO:45;WY:1,low,1
549300HW662MN1WU8550,,,,unmatched,576697,422119,0,CA:57281;FL:49897;TX:42285;MI:22015;AZ:19328;CO:18178;GA:17047;NC:13671;IL:11397;NY:11157,high,0
549300FGXN1K3HLB1R50,,,,unmatched,609400,429332,0,CA:42202;FL:31530;TX:30579;MI:22693;GA:21182;NC:18462;OH:16656;PA:16043;VA:14489;NY:13729,high,0
549300VZVN841I2ILS84,,,,unmatched,190472,125099,0,FL:11987;OH:11011;CA:9599;PA:8399;TX:7734;NJ:7558;IL:5600;NY:5429;AZ:4945;WA:4877,high,0
B4TYDEB6GKMZO031MB27,,,,unmatched,217492,88530,0,CA:17758;FL:7938;TX:6141;NJ:5136;NC:4880;NY:3897;MA:3551;GA:3440;WA:3420;IL:2889,high,0
RVDPPPGHCGZ40J4VQ731,,,,unmatched,193807,100816,0,CA:10749;FL:9704;TX:6849;GA:5272;PA:4488;VA:4338;NC:3751;AZ:3232;NJ:3144;OH:2964,high,0
7H6GLXDRUGQFU57RNE97,,,,unmatched,152415,94243,0,CA:14032;TX:9775;NY:9163;IL:8778;FL:6131;OH:4171;NJ:3325;MI:2995;AZ:2864;IN:2857,high,0
549300AG64NHILB7ZP05,,,,unmatched,155159,91730,0,CA:9983;TX:8535;FL:7460;NJ:4334;IL:4241;GA:4168;AZ:4138;NC:3969;OH:3505;SC:2670,high,0
DRMSV1Q0EKMEXLAU1P80,,,,unmatched,119620,68902,0,NY:11000;PA:10441;MA:10235;NJ:7208;OH:4732;RI:3762;MI:3697;NH:3194;CT:3030;FL:2297,high,0
5493003GQDUH26DNNH17,,,,unmatched,179597,80547,0,VA:9684;FL:8416;CA:6361;NC:5249;MD:5163;GA:5118;TX:4267;SC:2487;WA:2289;PA:2141,high,0
549300GKFNPRWNS0GF29,,,,unmatched,102677,70098,0,TX:10655;WA:5796;CA:4698;FL:4388;TN:3925;PA:2626;NH:2466;MA:2329;VA:2325;NJ:2257,high,0
549300DD5QQUHO6PCH70,,,,unmatched,178189,82764,0,TX:6918;FL:5506;NC:4769;VA:4500;GA:4139;OH:3302;TN:3178;IL:2965;MO:2901;PA:2643,high,0
549300U3721PJGQZYY68,,,,unmatched,129086,70579,0,IL:10217;CA:6248;NJ:4826;MA:4507;TX:3318;FL:3204;PA:3119;OH:2795;NC:2491;CO:2143,high,0
549300FNXYY540N23N64,,,,unmatched,187594,66567,0,CA:5772;FL:5643;TX:4793;NY:3123;NC:2787;WA:2702;GA:2480;OH:2258;VA:2175;PA:2124,high,0
549300LYRWPSYPK6S325,,,,unmatched,165453,69982,0,TX:5759;FL:5374;NC:4463;GA:3946;CA:3918;VA:3646;IN:2580;OH:2477;TN:2436;SC:2168,high,0
549300DD4R4SYK5RAQ92,,,,unmatched,81084,57781,0,NC:8138;WA:5559;VA:4339;FL:4122;PA:3902;SC:2978;GA:2388;TX:2367;TN:2207;CA:1690,high,0
AD6GFRVSDT01YPT1CS68,,,,unmatched,116536,61280,0,PA:11263;OH:6725;NJ:5755;IL:3711;FL:3475;MD:2948;TX:2930;MI:2885;IN:2802;CA:2688,high,0
549300AQ3T62GXDU7D76,,,,unmatched,121724,86111,0,TX:6877;WA:5691;MO:5462;CO:4338;OR:4218;CA:4118;UT:3981;NV:3882;GA:3788;AZ:3467,high,0
549300E2UX99HKDBR481,,,,unmatched,140816,57460,0,TX:5508;CA:5105;GA:4063;FL:3881;IL:3581;MO:2619;PA:2148;MN:1842;WA:1680;NC:1619,high,0
6BYL5QZYBDK8S7L73M02,,,,unmatched,151786,74632,0,CA:16135;IL:4571;MN:4538;OH:3965;MO:3622;WA:3524;WI:2785;KY:2645;OR:2465;FL:2279,high,0
549300MGPZBLQDIL7538,,,,unmatched,103697,74450,0,TX:7468;AZ:4724;IL:4215;IN:3665;GA:3631;FL:3153;NC:2993;WI:2947;CA:2867;OH:2685,high,0
JJKC32MCHWDI71265Z06,,,,unmatched,83470,41001,0,NC:7920;VA:6374;FL:6117;GA:4837;MD:3245;SC:2178;PA:2152;TN:2014;TX:1260;KY:1026,high,0
KB1H1DSPRFMYMCUFXT09,,,,unmatched,76304,41562,0,CA:9616;NY:2733;FL:2670;TX:2647;NC:2302;NJ:1716;PA:1628;WA:1514;GA:1509;MN:1496,high,0
549300LBCBNR1OT00651,,,,unmatched,79599,52217,0,CA:4657;TX:3609;FL:3546;GA:2560;IL:1982;NC:1949;OH:1768;VA:1764;PA:1746;AZ:1744,high,0
254900DTLHVWQ7NP7R34,,,,unmatched,58895,40038,0,CA:8432;FL:4627;TX:3502;AZ:2579;UT:1917;IL:1746;CO:1646;MI:1407;WA:1253;GA:1055,high,0
549300PIL8LFAQ04XC20,,,,unmatched,108788,32174,0,CA:6742;FL:2675;AZ:1610;TX:1571;GA:1319;NJ:1279;NC:1116;WA:1086;VA:1024;CO:963,high,0
549300MZ8VZJOVC63092,,,,unmatched,45691,29401,0,CA:6409;TX:3781;FL:2662;UT:2249;GA:1421;OR:864;PA:782;WA:727;AZ:672;TN:597,high,0
254900UL88QFG0E40516,,,,unmatched,72355,33415,0,CA:5234;FL:2872;GA:1717;OH:1553;IL:1432;AZ:1416;NC:1212;NJ:1197;VA:1180;MI:1090,high,0
549300XQVJ1XBNFA5536,,,,unmatched,157783,28058,0,TX:6763;FL:2098;MI:1623;AL:1274;CA:1262;GA:1218;SC:1207;LA:1097;MS:1068;OK:888,high,0
5493006VAGP3GQ8FJT49,,,,unmatched,45169,25528,0,CA:3237;FL:2385;OH:1967;PA:1829;NC:1435;GA:1388;TX:1379;NJ:1139;MI:1128;MO:909,high,0
254900ZFWS2106HWPH46,,,,unmatched,34318,23410,0,CA:3975;FL:3741;TX:3136;NJ:1490;AZ:1127;GA:977;CO:741;WA:701;OH:688;OR:635,high,0
549300RPOGWJRH63HS39,,,,unmatched,51423,37767,0,OH:5380;MI:4118;TX:3238;FL:2495;IN:2257;NC:2127;PA:1934;IL:1655;TN:1404;KY:1069,high,0
WWB2V0FCW3A0EE3ZJN75,,,,unmatched,40592,23443,0,NY:7073;MD:3115;PA:3099;CT:2398;MA:1690;NJ:1501;VA:901;DE:767;VT:352;FL:342,high,0
549300121SF0K2LN2804,,,,unmatched,33320,24706,0,TX:6358;SC:1561;MO:1496;NY:1278;CA:1208;OH:1134;FL:931;PA:746;WA:716;AZ:610,high,0
L9VVX1KT5TFTKS0MLF66,,,,unmatched,21831,14381,0,NC:6984;SC:3577;CA:1383;VA:664;GA:442;FL:266;MA:197;TN:106;AZ:95;TX:92,high,0
E57ODZWZ7FF32TWEFA76,,,,unmatched,33959,15812,0,CA:5786;NY:3687;IL:1251;NJ:707;FL:565;TX:506;MD:400;WA:317;VA:311;DC:281,high,0
549300J7I82PNDVU8H22,,,,unmatched,29739,16337,0,CA:7327;FL:1580;TX:1270;MD:564;IL:454;AZ:439;GA:412;NV:368;MA:335;VA:312,high,0
5493001WHVQBGRSWEU75,,,,unmatched,25005,17312,0,CA:3155;FL:2433;NY:1590;TX:1135;NJ:989;GA:669;AZ:590;VA:485;NC:461;CO:424,high,0
5493000YNV8IX4VD3X12,,,,unmatched,121666,19996,0,NC:2515;SC:2449;TX:2045;GA:1956;TN:1509;IN:1449;AL:1426;KY:1150;FL:844;OH:738,high,0
549300XWUSRVVOHPRY47,,,,unmatched,28287,16190,0,FL:2938;TX:2750;GA:2402;CA:1342;MN:915;NY:748;MI:631;KY:499;CO:448;TN:425,high,0
549300YIQ7S7Z8PIHE53,,,,unmatched,94427,24298,0,FL:1667;CA:1635;NC:1353;GA:1343;TX:1068;PA:997;OH:991;VA:957;NJ:888;IL:882,high,0
2549005SIVTHG14U2905,,,,unmatched,24436,14692,0,FL:5245;CA:1446;TX:1050;NY:948;IL:550;GA:471;AZ:471;NJ:453;PA:339;SC:296,high,0
549300KIOYNU323LVJ37,,,,unmatched,34217,24774,0,CA:3554;IL:2402;TX:1947;WA:1911;FL:1750;AZ:1562;GA:1405;OR:860;TN:854;OH:854,high,0
549300OPCWU6E72WUT29,,,,unmatched,41778,24192,0,CA:1845;FL:1510;NC:1387;OH:1270;IL:1245;TX:1178;GA:1042;AZ:855;VA:839;TN:821,high,0
549300O6Z0I6KYMESL47,,,,unmatched,19692,12091,0,CA:4633;FL:1634;TX:1476;GA:546;UT:295;NJ:281;AZ:251;VA:241;PA:236;IL:224,high,0
5493001GCBD5XGNIC815,,,,unmatched,93158,21244,0,CA:3015;FL:2383;OH:1359;IL:1213;PA:1032;NC:962;VA:824;NJ:811;AZ:786;MI:772,high,0
54930001NSTOD85LT125,,,,unmatched,24645,15934,0,CA:1539;FL:1458;PA:1342;NJ:1110;IL:970;TX:965;MA:816;MO:782;MN:709;OH:676,high,0
8I3UVGYULPJQIP7FQV10,,,,unmatched,15329,9966,0,SC:2816;FL:2616;GA:1856;NC:928;AL:918;TX:449;CO:184;VA:129;TN:30;MO:4,high,0
QFROUN1UWUYU0DVIWD51,,,,unmatched,75426,39534,0,OH:12389;MI:6106;IN:4817;IL:4111;FL:3553;KY:3150;NC:2216;TN:971;SC:863;GA:691,high,0
984500U2F9A83N391A91,,,,unmatched,18971,11067,0,FL:2262;CA:1367;TX:1262;NY:950;NJ:917;GA:409;AZ:367;PA:308;CT:294;NC:293,high,0
549300JYXTZDSPJEPI44,,,,unmatched,23886,14594,0,TX:1897;FL:1239;NY:1222;CA:1056;PA:866;MN:713;MI:555;NC:515;IN:489;IL:475,high,0
549300RN01LBYR8ZVX74,,,,unmatched,29643,17905,0,TX:1752;FL:1721;OH:1641;SC:1492;IL:1191;CO:1189;NC:1047;GA:846;VA:635;MD:581,high,0
5493001GDRY0EL7VG372,,,,unmatched,20194,15382,0,TX:4151;KY:1179;CO:914;FL:795;CA:751;SC:545;TN:524;MI:399;GA:387;AZ:384,high,0
54930054ET8KM4O1D485,,,,unmatched,55546,16189,0,CA:1778;FL:1042;NC:865;TX:858;NJ:752;IL:709;GA:704;PA:668;OH:585;VA:529,high,0
549300NOCASXPA34X033,,,,unmatched,69562,16372,0,FL:1488;TX:1422;CA:1244;GA:829;AZ:635;NC:610;VA:600;CO:583;WA:518;TN:495,high,0
549300370QILXLFUWD20,,,,unmatched,20147,14357,0,TX:1648;FL:1590;CA:1176;GA:1124;NC:1090;CO:635;AZ:603;MI:599;OH:481;VA:436,high,0
549300XY701IELCE5Q08,,,,unmatched,45682,14567,0,CA:1786;TX:1143;FL:1004;GA:685;NC:664;NJ:658;CO:512;OK:493;WA:480;IL:476,high,0
5493008NWHQT1R22C024,,,,unmatched,22722,13125,0,FL:1724;CA:1554;VA:897;TX:880;NY:827;AZ:698;MI:616;GA:565;SC:484;IN:429,high,0
549300MCIFZSDHUT8X63,,,,unmatched,24275,18920,0,OH:3308;MD:2255;FL:2000;VA:1310;NC:1137;TX:1055;NJ:1051;AZ:897;WA:843;CO:659,high,0
54930021WPEXNHYZUL09,,,,unmatched,18947,14467,0,TX:1597;FL:1206;GA:1125;CA:1003;PA:597;LA:585;VA:490;NC:417;OH:417;ID:411,high,0
549300R9S3MVDV4MGF56,,,,unmatched,52143,15089,0,FL:1296;CA:1022;GA:873;TX:848;IN:732;NC:680;OH:675;NY:576;MI:570;TN:533,high,0
549300GS0W0TEUQS8571,,,,unmatched,14182,10740,0,CA:1957;FL:990;NY:947;TX:573;NJ:548;MA:449;CO:427;IL:381;WA:350;GA:322,high,0
549300VORTI31GZTJL53,,,,unmatched,18123,12305,0,TX:2136;FL:1187;IN:791;TN:697;WI:497;NC:467;GA:453;MN:448;PA:446;NY:375,high,0
549300CB67L6KPJLHE19,,,,unmatched,72633,14578,0,TX:2321;CA:1644;MI:1245;MS:1014;FL:774;LA:606;AL:587;PA:553;WA:550;OR:426,high,0
5493004AS1SPBQOFDR49,,,,unmatched,14858,8804,0,CA:2752;FL:1313;TX:1230;NJ:438;CO:244;AZ:210;NC:195;MI:195;VA:193;TN:172,high,0
549300SWKVL60SKWK981,,,,unmatched,11081,6476,0,PA:6367;MD:56;NJ:18;SC:5;NC:5;FL:5;DE:4;VA:4;WV:4;GA:1,high,0
549300K4ZLGS7SRDTL86,,,,unmatched,28384,12086,0,FL:1337;CA:1126;TX:988;GA:737;LA:646;AZ:508;NC:500;TN:491;OH:431;PA:425,high,0
549300KTR1JGH3K6LU06,,,,unmatched,17668,7240,0,NY:4085;CA:552;FL:358;NJ:336;GA:195;NC:136;CT:119;PA:113;IL:112;WA:111,high,0
549300FX7K8PTEQUU487,,,,unmatched,26508,11278,0,VA:1455;CA:1113;TX:1055;FL:972;MD:652;GA:541;NC:517;NJ:449;PA:338;AZ:290,high,0
549300F8C5JA44WNMI75,,,,unmatched,18919,12172,0,VA:2520;NJ:1899;FL:856;NY:768;CT:755;MA:739;OH:544;IN:489;PA:397;RI:334,high,0
549300RA3E0BUFO7YZ21,,,,unmatched,14901,7540,0,FL:1457;CA:1424;TX:795;NY:714;NJ:302;GA:259;NC:179;PA:177;AZ:172;TN:151,high,0
COOWI3L2W9TPYR3WJX37,,,,unmatched,13363,8447,0,TN:2513;LA:1305;FL:1045;TX:905;NC:690;AR:628;GA:426;AL:320;MS:167;MO:110,high,0
5493002B2WMHY23GFK92,,,,unmatched,15900,11444,0,FL:1201;TX:938;NC:727;AZ:557;MO:535;TN:529;SC:473;OH:451;CA:440;GA:433,high,0
549300S5YL3OH0IVCS62,,,,unmatched,12584,8696,0,CA:2527;FL:786;TX:524;AZ:401;NY:368;WA:337;CO:303;NJ:280;NC:254;GA:195,high,0
549300VCMRO4ST680C11,,,,unmatched,32888,10858,0,TX:1052;FL:935;CA:770;GA:706;NC:705;VA:580;MO:413;SC:382;OH:351;TN:349,high,0
549300FK3AFCFVAPH234,,,,unmatched,7697,6274,0,MA:4926;NH:248;CT:177;RI:124;FL:114;ME:60;CA:58;TX:53;NC:51;NJ:37,high,0
254900RUCO27MVGTO768,,,,unmatched,20166,9270,0,NY:1687;NJ:1215;IL:1106;OH:564;PA:540;FL:432;CT:324;GA:317;TX:281;IN:258,high,0
254900HA4DQWAE0W3342,,,,unmatched,15379,9160,0,TX:1692;GA:705;FL:619;CA:540;PA:524;IL:452;IN:431;OH:396;AL:335;TN:311,high,0
C5654JQHZUHN0772B561,,,,unmatched,26635,11693,0,TX:1101;FL:825;NC:681;GA:562;VA:488;TN:407;OH:397;PA:348;MO:340;SC:332,high,0
549300Y5Y88FQLI7VE83,,,,unmatched,14122,8066,0,FL:1549;CA:1010;TX:738;NC:355;GA:352;NJ:274;OH:265;PA:231;VA:205;IL:205,high,0
X05BVSK68TQ7YTOSNR22,,,,unmatched,68974,9711,0,CA:813;FL:771;TX:649;IL:493;NY:467;GA:466;NJ:451;OH:397;PA:392;VA:317,high,0
54930049L5WINET09Q97,,,,unmatched,16126,10736,0,FL:2049;TX:1245;AZ:1032;OH:780;AR:515;MO:431;NC:399;TN:377;GA:377;NM:339,high,0
549300R77W0P105C3S50,,,,unmatched,14377,7980,0,CA:1332;FL:1325;TX:930;AZ:254;GA:254;OH:210;PA:201;NC:197;TN:196;AL:188,high,0
254900E6AIE4Z8YQM970,,,,unmatched,11513,6978,0,CA:1470;FL:1222;TX:651;NY:357;NJ:278;AZ:267;GA:252;HI:244;SC:197;NC:181,high,0
549300SK2GVCQXPD4S58,,,,unmatched,16278,8918,0,CA:1697;TX:1058;FL:658;AZ:538;GA:358;IL:304;PR:289;OH:247;NC:246;VA:245,high,0
549300CDOC4F7XSRG390,,,,unmatched,8293,5548,0,TN:2808;NC:1222;SC:417;VA:248;AL:224;GA:200;FL:107;MD:82;KY:51;MS:51,high,0
549300KSOOZZVXCMA627,,,,unmatched,10229,6232,0,FL:1936;CA:979;TX:491;GA:268;SC:250;NC:246;VA:201;NJ:153;PA:147;AZ:137,high,0
549300KJ8PAJ7E52HG32,,,,unmatched,20196,12504,0,FL:1839;SD:1570;AZ:1203;TX:1036;UT:934;CO:484;GA:407;MN:377;NE:357;CA:304,high,0
549300GTVXJ2PGXNLM73,,,,unmatched,12024,9307,0,TX:1195;FL:869;NC:762;OH:610;SC:592;KY:592;CT:447;VA:334;IL:302;AR:278,high,0
3Y4U8VZURTYWI1W2K376,,,,unmatched,35659,16529,0,IL:3906;CA:3818;WI:2970;IN:1029;AZ:962;CO:755;MN:487;MO:324;NE:297;FL:285,high,0
SS1TRMSN6BRNMOREEV51,,,,unmatched,19117,9656,0,MI:2677;TX:943;CA:934;FL:737;IN:410;NY:367;GA:351;AZ:303;OH:300;NJ:204,high,0
549300T94GSH3C4U5M59,,,,unmatched,14981,8359,0,CA:1937;IL:777;FL:679;WA:593;AZ:482;CO:385;OR:353;GA:331;NJ:280;VA:212,high,0
254900O2K17TNH5CL873,,,,unmatched,8594,6766,0,TX:900;OH:776;NJ:692;FL:624;PA:592;IL:565;MA:433;MD:311;NC:248;MI:202,high,0
54930034MNPILHP25H80,,,,unmatched,11008,7952,0,TX:2178;OK:1547;SC:653;KS:533;AR:350;NJ:337;WV:337;MO:254;FL:223;NM:216,high,0
549300EKFFG3BU8DNX74,,,,unmatched,10644,5793,0,CA:1752;FL:672;TX:565;AZ:358;WA:190;GA:182;NJ:179;IL:168;PA:142;CO:119,high,0
2549001SI0EMFPT39035,,,,unmatched,10748,7401,0,FL:1568;WA:861;CA:706;OH:605;NJ:358;TX:357;GA:340;AZ:316;MI:262;AL:162,high,0
549300INFJ8TYNZ1G568,,,,unmatched,6522,6065,0,CA:1748;FL:485;TX:359;CO:314;WA:265;AZ:233;IL:200;NY:192;NJ:178;NC:172,high,0
549300IVURCTJ6QVMD67,,,,unmatched,5186,3784,0,TX:3754;CO:4;AR:3;OK:3;AL:2;NC:2;SC:2;MI:2;OR:1;OH:1,high,0
PAOOWF3GUFM46FBSP561,,,,unmatched,20501,7655,0,CA:800;TX:669;FL:485;VA:355;GA:309;AL:289;AZ:265;NC:262;TN:247;CO:244,high,0
549300BX448ALT10FI43,,,,unmatched,20909,8296,0,IL:809;NY:620;NJ:552;VA:437;NC:413;OH:408;FL:397;PA:379;GA:356;CA:265,high,0
549300CY7WNAHKHYSJ73,,,,unmatched,9635,7642,0,TX:2279;WA:1370;NC:910;CO:589;OK:429;ID:319;CA:261;AK:250;NM:227;MT:218,high,0
549300T9P3WXNMXX0I34,,,,unmatched,11998,8425,0,WI:1245;PA:1110;OH:1044;NC:765;FL:693;IL:563;IN:394;TN:333;VA:290;TX:224,high,0
549300CLRXFVF83ZL806,,,,unmatched,5839,3929,0,NY:2070;NJ:486;FL:463;PA:182;NC:102;MD:98;CT:83;OH:63;TX:57;GA:56,high,0
HUX2X73FUCYHUVH1BK78,,,,unmatched,15640,8717,0,NY:2485;OH:2071;WA:869;PA:597;IN:489;OR:470;CT:299;CO:227;ME:223;ID:180,high,0
549300ZWNETGFXTBBY03,,,,unmatched,13173,8449,0,GA:1431;AL:1135;WA:886;TX:724;UT:506;ID:413;OK:337;TN:330;NC:313;NV:293,high,0
549300SUCQ1358EGVE89,,,,unmatched,45543,8395,0,FL:805;NC:548;GA:542;OH:452;AL:393;VA:372;PA:367;SC:330;TN:325;MI:311,high,0
549300MSU5WVAU4ZN645,,,,unmatched,7196,4961,0,PA:3102;OH:1229;VA:228;MD:75;SC:71;GA:59;NC:50;MN:25;FL:18;TN:13,high,0
549300PBTV7FCWLSMM53,,,,unmatched,9758,6224,0,TX:1363;GA:446;CO:423;NC:404;FL:380;OK:315;CA:260;AL:227;MS:224;NM:223,high,0
549300R7HGHP2I754087,,,,unmatched,9404,7331,0,IL:1045;TX:784;FL:695;GA:640;AL:618;MI:430;SC:350;LA:296;NC:279;CO:224,high,0
5493003V40VGM7YDFM54,,,,unmatched,13160,8831,0,UT:2983;WI:802;CA:772;NJ:570;FL:427;ID:415;PA:374;TX:278;GA:253;TN:189,high,0
549300TA4MQM8WN2XG31,,,,unmatched,9454,5106,0,FL:504;PA:494;NJ:395;CA:388;TX:381;NY:356;IL:278;OH:277;MI:227;GA:185,high,0
549300Q50XCC0473FG63,,,,unmatched,10408,5048,0,CA:1243;NY:460;FL:389;NJ:308;AZ:246;WA:207;VA:171;NC:137;TN:136;IL:123,high,0
549300RFLICNI75BG067,,,,unmatched,12136,8416,0,MN:1356;NJ:1069;FL:686;CO:543;IN:517;KY:435;DE:277;WA:265;TX:244;SC:240,high,0
549300MHH03ICJYEPE85,,,,unmatched,8187,5120,0,CA:1040;FL:396;TX:315;NY:235;AZ:220;UT:193;MA:191;TN:179;CO:166;NC:147,high,0
593C3GZG957YOJPS2Z63,,,,unmatched,5359,3375,0,CA:2576;WA:175;NY:146;TN:73;NJ:35;FL:32;NV:27;CO:25;AZ:24;TX:23,high,0
54930052M48FOD3CWA54,,,,unmatched,13770,9570,0,MD:1466;NM:1071;RI:690;FL:582;NC:479;TX:475;CO:384;CA:363;UT:355;TN:283,high,0
2WHM8VNJH63UN14OL754,,,,unmatched,90347,51203,0,OH:24819;MI:10932;IL:4352;IN:2547;PA:1812;MN:1707;WV:1148;KY:903;CO:675;WI:664,high,0
213800XR2TCBQJSF1X93,,,,unmatched,11823,6849,0,MO:523;TX:518;KS:430;FL:383;NC:354;WA:335;CA:313;GA:257;VA:252;IL:206,high,0
549300LROQOOQU77WS20,,,,unmatched,12661,5807,0,CA:537;TX:435;NC:318;WA:301;GA:291;FL:263;NJ:234;VA:233;CO:195;IL:189,high,0
549300ZPSJZO10ZAX556,,,,unmatched,9325,4494,0,FL:621;TX:462;CA:274;NY:256;OH:253;NC:214;GA:174;PA:172;SC:160;NJ:156,high,0
549300QKL5FUBZ8LSF50,,,,unmatched,8223,5926,0,OR:1427;CA:840;PA:570;WA:435;MA:314;FL:268;NJ:191;IL:190;TX:184;OH:183,high,0
5493005PD34O8ZT7QT17,,,,unmatched,10284,7256,0,OH:1513;PA:757;IL:469;MI:431;MO:365;NJ:321;TX:319;AL:292;GA:244;NY:241,high,0
549300JPGMCMBEJEK584,,,,unmatched,8289,3877,0,MA:1769;NH:651;GA:184;NJ:153;CA:148;FL:94;TX:89;VA:64;IL:52;PA:51,high,0
5493008VVXQIDO1EZ460,,,,unmatched,8405,5759,0,CA:951;OR:805;TX:471;TN:425;GA:378;ID:300;WA:299;MO:295;IL:264;NV:241,high,0
Q708HHR4LD2B7XIZNO92,,,,unmatched,7944,4687,0,FL:899;GA:410;SC:336;NC:251;TX:177;WI:176;IL:163;MO:154;VA:147;MN:131,high,0
549300YW2UBCMDRMBT48,,,,unmatched,4966,3953,0,NY:644;OH:587;NC:562;PA:364;TN:272;VA:190;GA:180;FL:177;SC:160;IN:99,high,0
54930059GZZ7G4G40O53,,,,unmatched,3918,2858,0,TN:1004;NC:922;TX:376;VA:132;SC:117;FL:69;MN:42;AL:36;GA:21;MI:13,high,0
2549004FXPNKCLIN8250,,,,unmatched,11752,8115,0,OH:1310;TX:1261;CA:797;LA:765;CO:652;WA:606;ID:550;OR:532;IL:348;MT:180,high,0
984500F6E6940CCB6A60,,,,unmatched,4550,2966,0,NY:532;TX:458;CA:403;NJ:403;FL:227;IL:112;GA:76;TN:75;PA:70;MO:58,high,0
549300PL267CW8182203,,,,unmatched,11290,4203,0,TX:477;FL:416;GA:412;CA:409;VA:330;AZ:273;CO:169;NC:157;TN:157;WA:110,high,0
254900CTT87ZKAUTIJ37,,,,unmatched,7767,4886,0,PA:577;OH:524;TX:373;FL:354;MD:352;CA:261;MI:219;GA:217;MO:208;OK:194,high,0
549300BLL6VL7AXWYP56,,,,unmatched,9652,6052,0,TN:627;TX:609;NE:513;MI:454;WA:351;ID:234;OR:219;OH:218;MD:194;CA:189,high,0
549300NFPC3Y4W3Y7R87,,,,unmatched,7552,4267,0,VA:747;TX:623;SC:342;NC:297;CA:292;GA:272;IN:240;NM:234;FL:225;MT:168,high,0
549300UXY7OP0IC38293,,,,unmatched,10377,6396,0,KY:1184;MI:572;FL:524;CO:486;MA:288;GA:219;TN:219;IN:218;UT:207;CA:205,high,0
549300VQUTI5IU7GXT57,,,,unmatched,9801,5896,0,UT:1700;TX:1288;AZ:548;NV:328;FL:286;GA:253;WA:156;CO:149;CA:127;HI:122,high,0
549300GWD9H4FQ2VR805,,,,unmatched,4480,3386,0,CA:552;FL:316;NY:308;TX:200;CO:163;NJ:139;WA:130;MA:124;NC:111;AZ:98,high,0
254900DRSIZBQXDCJ875,,,,unmatched,2409,2409,0,FL:590;CA:463;TX:382;GA:205;NC:175;TN:85;PA:70;VA:61;OH:53;MD:28,high,0
254900HEJ9F73IMPX887,,,,unmatched,8973,3486,0,TX:453;FL:364;CA:232;NC:211;GA:210;NJ:181;VA:137;PA:135;WA:130;OH:121,high,0
549300PQLK8E48ILXV41,,,,unmatched,7850,4388,0,CA:533;FL:421;MI:227;TX:213;LA:192;AZ:190;MO:161;GA:156;NC:154;IL:149,high,0
549300UR5AOWTJJ7KZ64,,,,unmatched,5432,3529,0,FL:505;CA:468;TX:301;UT:146;AZ:133;GA:129;MA:119;SC:118;WA:111;IL:106,high,0
549300ALNLUNS3Y53T24,,,,unmatched,26611,5416,0,CO:1398;GA:491;TX:304;FL:274;OH:189;NC:168;CA:163;PA:147;IN:122;MI:111,high,0
254900WEP08K7U7S3A80,,,,unmatched,8177,6568,0,WI:943;TX:709;OH:658;AZ:564;MO:385;OR:304;IN:252;NV:222;IL:210;MS:209,high,0
549300T7HRS5DVBUPQ06,,,,unmatched,3766,3018,0,GA:1234;FL:235;CO:226;IN:182;AZ:181;NC:142;OH:137;AL:121;SC:55;WA:50,high,0
549300PC4MFWQBNVKG88,,,,unmatched,9475,7248,0,AZ:2321;CO:1153;TX:1080;NM:272;OK:264;CT:235;NV:227;IN:218;CA:169;PA:165,high,0
549300B4IYL7TZT8FA34,,,,unmatched,8795,6038,0,ID:1793;WA:655;CA:637;GA:512;NV:349;OR:242;MO:196;UT:193;TX:184;IL:180,high,0
549300249G20MDIDRR27,,,,unmatched,11602,2752,0,TX:748;SC:336;OK:211;FL:197;AL:190;NC:160;TN:135;GA:135;MS:107;AR:88,high,0
254900IEGKUDRDS23V26,,,,unmatched,3353,2352,0,CA:1161;NV:182;TX:181;FL:126;GA:80;VA:70;MD:62;WA:60;AZ:52;HI:44,high,0
549300REENMLD2RN3W58,,,,unmatched,5575,4097,0,KY:757;GA:741;MS:426;AL:214;SC:204;IN:198;TX:153;FL:142;TN:90;CA:83,high,0
549300COIWXM618UBE82,,,,unmatched,2938,1925,0,NC:880;CA:506;TN:123;WA:69;VA:66;FL:59;SC:56;OR:40;AZ:34;GA:19,high,0
549300ZIQ24V0C88AC41,,,,unmatched,3616,2102,0,FL:933;CA:430;WA:89;TN:86;AZ:78;MD:69;OR:65;NC:59;GA:31;NJ:29,high,0
C398JSK21YCXWM603F55,,,,unmatched,11708,7752,0,IL:2719;WI:1224;CA:371;IA:328;FL:252;MN:237;MI:223;NY:179;TX:179;NC:174,high,0
549300PL8ER6H23P0Z91,,,,unmatched,6554,4443,0,WA:476;IL:470;CA:426;MD:368;TX:302;CO:257;VA:190;FL:180;OR:180;KY:166,high,0
549300GRGZDEH4ZGQS06,,,,unmatched,9623,7079,0,NM:2064;FL:832;OK:493;TX:430;VA:402;WI:395;AZ:386;ID:349;MO:235;MD:195,high,0
549300RYWXR8TL5LIK35,,,,unmatched,4057,2151,0,PA:518;NJ:483;NV:151;CA:116;NY:109;FL:87;OH:75;NC:66;MA:66;CO:50,high,0
CKVBED0S4DMLKJJ5XH28,,,,unmatched,5127,4497,0,MO:1522;CA:364;FL:265;IL:150;TX:142;NY:138;NC:122;NJ:119;GA:115;CO:104,high,0
5493001XKL0FTNOJ0866,,,,unmatched,8198,5554,0,AZ:794;MO:589;FL:414;TX:386;IN:359;OH:291;GA:260;IL:215;LA:188;NM:163,high,0
54930030Z1JWTP3SVD16,,,,unmatched,5609,3061,0,FL:458;GA:334;CO:273;MI:253;OH:173;NC:169;TN:155;PA:126;IN:115;MO:94,high,0
54930072OCHTUJOZQB56,,,,unmatched,7424,5784,0,IN:1919;KY:1771;TN:641;GA:214;FL:211;CO:151;NC:94;SC:94;MS:90;IL:86,high,0
5493000NYUJT9UC6G261,,,,unmatched,8132,5519,0,MO:1526;IL:660;FL:521;CA:395;KS:382;WA:233;AL:224;IN:223;ME:215;GA:191,high,0
5493004RLLKTQS8K7U51,,,,unmatched,3878,2099,0,TX:639;FL:282;OK:185;NC:127;IL:104;AZ:96;NY:78;CA:78;NJ:51;MA:42,high,0
549300Q3ROEQU3D1IW91,,,,unmatched,19804,2630,0,TX:464;CA:453;AZ:321;FL:160;WA:152;PA:125;NY:122;LA:114;OR:112;OK:54,high,0
549300IKS3MMB5YK6T18,,,,unmatched,2180,1523,0,CA:1195;NY:116;AZ:21;FL:17;NV:16;WA:14;NJ:12;VA:10;OR:10;GA:10,high,0
549300IFOE4SCP384147,,,,unmatched,2997,2426,0,FL:1083;MI:505;IN:245;CA:67;NC:57;GA:47;TN:44;SC:43;AL:27;AZ:25,high,0
254900FBWEZ3YUPOBN33,,,,unmatched,3876,2305,0,FL:269;NC:262;VA:149;SC:137;GA:131;TN:130;TX:120;OH:114;PA:108;IN:101,high,0
5493008ZTV4S0W9DCX64,,,,unmatched,4502,1893,0,CA:461;TX:305;FL:229;AZ:106;GA:85;WA:78;NC:54;NV:53;OR:40;TN:39,high,0
54930039IUN6515TBG78,,,,unmatched,2090,1504,0,GA:517;NY:292;TX:167;CO:153;NJ:103;CA:52;FL:47;KS:32;AZ:31;IL:17,high,0
549300RYTR2RVL4SFJ90,,,,unmatched,3013,1893,0,TX:242;FL:241;NC:142;NJ:131;GA:121;MO:113;HI:95;PA:72;CA:65;OH:62,high,0
549300C8GOC4OYUV0Z32,,,,unmatched,4824,2639,0,MD:270;OH:262;FL:244;TX:183;PA:140;GA:128;NC:127;MO:105;IN:98;MI:96,high,0
549300ZZME37MXI1EF14,,,,unmatched,9985,7562,0,MO:3201;OH:849;TX:571;MD:440;MI:357;IL:283;AR:269;WA:192;KY:166;ME:116,high,0
549300XCVBRR56D08F03,,,,unmatched,12867,2293,0,CA:454;FL:152;NV:108;NJ:102;GA:94;AZ:91;NC:85;OH:82;WA:74;CO:70,high,0
5493006JISETNI0GLE61,,,,unmatched,5427,3693,0,TN:786;OH:706;IN:518;KY:489;TX:312;KS:174;IA:150;NE:149;SD:91;CO:63,high,0
549300VVH8HHFMWL8536,,,,unmatched,2187,1457,0,TX:529;CA:513;LA:62;CO:52;MS:51;AL:25;FL:25;UT:24;AZ:17;OR:13,high,0
549300XQ7B5FIVUNFE29,,,,unmatched,3603,2428,0,FL:652;MI:441;OH:213;TN:202;IN:187;NC:112;ID:109;NM:104;UT:84;TX:54,high,0
5493002TJKC8NLH1ZP82,,,,unmatched,2827,1694,0,CA:792;AZ:166;FL:144;UT:99;TX:54;WA:49;GA:43;AL:36;MO:33;VA:31,high,0
549300YX5RPSSMR88K92,,,,unmatched,2299,1981,0,CA:834;CO:280;AZ:232;WA:132;OR:108;FL:71;TX:50;MO:35;VA:28;MI:27,high,0
ZXMJHJK466PBZTM5F379,,,,unmatched,2077,1712,0,FL:298;TX:142;CA:122;NC:99;NY:75;CO:74;TN:69;GA:58;SC:54;NJ:49,high,0
549300MKOZ81ZWTNKB12,,,,unmatched,4545,3094,0,VA:1374;NC:419;WV:332;MD:318;SC:220;GA:197;DC:110;PA:77;FL:16;OH:14,high,0
337KMNHEWWWR6B7Q7W10,,,,unmatched,3253,2416,0,OK:728;CA:535;TX:385;AZ:281;CO:152;NV:72;UT:42;NY:24;NM:18;FL:16,high,0
54930080168VA6Z8UX21,,,,unmatched,5952,3617,0,MD:1696;VA:681;NJ:223;PA:190;NC:101;FL:91;SC:87;DC:67;DE:61;GA:60,high,0
549300ISCZS1R0CJMO47,,,,unmatched,2117,1726,0,TX:255;NC:107;FL:104;GA:77;TN:70;MI:69;PA:67;SC:66;MO:58;IL:55,high,0
549300KX4S1573HISS22,,,,unmatched,2917,1327,0,CA:417;FL:177;AZ:126;TX:73;WA:45;GA:33;PA:32;NV:29;CO:27;NJ:26,high,0
549300RM1IZYGQDSNL85,,,,unmatched,6074,1623,0,FL:206;TX:167;TN:152;CO:123;KY:69;NC:60;OH:60;NY:56;MI:52;ID:52,high,0
254900BMXWPEHXG4LF21,,,,unmatched,1644,1116,0,CA:361;FL:302;TX:72;WA:62;AZ:48;CO:39;MI:27;PA:25;OR:22;UT:21,high,0
549300A68YW07V5R5G22,,,,unmatched,1972,957,0,CA:536;FL:125;TX:47;AZ:38;GA:26;WA:25;HI:20;NV:20;UT:17;CO:15,high,0
549300HFBEONQN2CK447,,,,unmatched,10072,8105,0,OH:5594;IN:1546;PA:550;KY:178;FL:127;CA:14;MI:12;TN:12;NC:10;SC:9,high,0
549300TMY3OACQC9U777,,,,unmatched,2045,963,0,CA:407;FL:140;TX:112;AZ:47;WA:28;NJ:27;CO:21;GA:19;NV:14;MD:14,high,0
5493000IIYWBLONJVJ30,,,,unmatched,2370,1430,0,CA:173;TX:112;FL:91;NC:78;WA:59;MI:55;GA:50;IL:48;MN:48;PA:46,high,0
54930021DZJ9CEN11D61,,,,unmatched,2604,1550,0,AL:309;FL:185;GA:184;TN:124;OH:99;NV:96;KY:77;MI:58;IN:48;NJ:39,high,0
5493003B2LEGQHDWRN55,,,,unmatched,1477,885,0,MA:652;NH:72;VA:35;CT:17;RI:14;ME:12;MD:10;NJ:9;CA:9;FL:8,high,0
549300WYBPIWKK6SQC06,,,,unmatched,14525,11534,0,MN:6525;AZ:1256;WI:1031;ND:674;FL:407;MO:405;NM:397;KS:352;TN:190;CO:39,high,0
2549008TT6UNYR7AXF54,,,,unmatched,5231,3566,0,WA:697;CO:538;TX:487;NM:349;OR:322;AZ:282;ID:262;KS:218;CA:113;MI:91,high,0
549300DNWSJUNAWUM003,,,,unmatched,2522,1388,0,NC:247;VA:226;MD:209;PA:92;SC:63;NY:60;FL:57;IL:56;KY:39;DC:34,high,0
5493004T9SQFCNRQ2L76,,,,unmatched,3132,2358,0,MO:680;IL:638;SC:255;TN:142;FL:106;MS:89;NC:83;NE:73;VA:71;KS:56,high,0
KD3XUN7C6T14HNAYLU02,,,,unmatched,1637,1015,0,CA:220;NY:91;FL:83;TX:82;IL:62;MA:49;CO:33;UT:31;WA:30;NJ:25,high,0
549300BOXNV8VLRBDT24,,,,unmatched,2879,1363,0,CA:220;TX:86;NC:59;AZ:58;FL:51;GA:45;WA:44;TN:44;IL:41;OH:40,high,0
5493006RIR31ORKYB608,,,,unmatched,2057,1534,0,CA:395;IA:166;AL:152;TX:133;LA:90;MS:82;AR:56;MN:47;OH:43;WA:37,high,0
254900DSZI6CJXJL6Z14,,,,unmatched,1590,921,0,TX:168;FL:93;GA:66;NC:60;OH:60;IL:48;PA:46;NY:32;TN:29;MI:27,high,0
549300KQHWNSVCE2MY88,,,,unmatched,1746,1219,0,TX:125;TN:91;NC:65;CA:58;GA:53;IN:53;FL:49;MN:47;OH:46;VA:46,high,0
254900U1OBL1MC6M6518,,,,unmatched,734,605,0,PA:364;NJ:82;TX:19;FL:19;NC:10;OH:10;CT:10;VA:7;MI:7;IN:7,high,0
5493001JT9MT3Z3Y3M39,,,,unmatched,1216,801,0,FL:201;TX:95;AZ:72;CA:62;GA:31;WA:29;NC:28;MI:28;NY:23;NV:21,high,0
549300UF3FPC7U6RFC59,,,,unmatched,10804,7285,0,MO:4768;CO:733;OK:544;KS:353;NC:269;AR:104;FL:91;IL:68;IA:46;TX:35,high,0
5493002QRULT2T40BH09,,,,unmatched,10720,6817,0,MO:3721;KS:2521;CA:186;AR:57;KY:52;TX:51;FL:30;NV:17;MI:16;IL:14,high,0
COINQMNIM6RBU631DD85,,,,unmatched,20365,13363,0,AR:6555;OK:3409;MO:2139;KS:735;TX:71;FL:46;CA:32;IN:27;TN:26;NC:26,high,0
54930060G4MDPWHISD89,,,,unmatched,7514,5573,0,WA:2680;MT:816;ID:735;NV:455;OR:416;NM:180;FL:102;CA:66;AZ:51;GA:25,high,0
549300W4FT4H1UWPGU95,,,,unmatched,21756,15699,0,IA:10661;IL:3954;MI:329;WI:190;NE:148;IN:78;OH:48;AZ:38;MO:33;CO:33,high,0
S0Q3AHZRL5K6VQE35M07,,,,unmatched,8529,5621,0,IN:3248;MI:1861;OH:327;IL:50;FL:50;AZ:10;TN:8;SC:8;GA:6;NC:6,high,0
2549005Q4HZ55QX7YC64,,,,unmatched,909,696,0,CA:249;TX:151;MD:37;AZ:33;VA:26;WA:23;FL:21;NV:19;NC:18;MA:14,medium,0
5493007L4GYNO2PUBS09,,,,unmatched,3256,1295,0,MI:318;TX:156;GA:146;IL:110;IN:109;WA:89;PA:65;FL:44;NJ:35;OR:29,medium,0
2549009X2AG1P20YAJ63,,,,unmatched,2014,658,0,CA:299;NY:38;FL:34;TX:23;NJ:19;AZ:19;WA:18;NV:17;VA:14;NC:13,medium,0
5493007CLWQN2S6IZK91,,,,unmatched,2313,1339,0,VA:128;TX:115;KS:88;MO:71;NC:67;FL:61;AZ:59;GA:55;CA:48;MD:46,medium,0
984500CD6F0743B8F530,,,,unmatched,1261,998,0,GA:124;OH:116;PA:74;FL:61;IN:50;TN:49;NC:48;IL:42;VA:37;MI:32,medium,0
549300QIUZLVR1OLDH55,,,,unmatched,5610,3566,0,MI:2770;MN:136;CA:132;FL:99;PA:39;IL:38;GA:35;NC:34;NJ:30;OH:29,medium,0
254900YA1AQXNM8QVZ06,,,,unmatched,951,767,0,CA:85;TX:59;FL:56;IL:34;NY:34;GA:32;WI:32;WA:31;NC:29;TN:27,medium,0
PINLJ7T7GLTF48NFP863,,,,unmatched,1520,1173,0,MA:293;AL:200;LA:94;DE:84;CO:73;AR:64;RI:42;NY:40;NM:40;ME:36,medium,0
4EP6JBYBTPTQ47LZOB67,,,,unmatched,665,527,0,CA:66;FL:59;MA:51;NY:40;GA:27;NC:22;CO:21;TX:20;SC:18;VA:15,medium,0
549300UVOSI4XZZGUE14,,,,unmatched,1987,942,0,UT:278;ID:85;NC:67;FL:61;GA:52;AZ:44;CA:43;SC:43;OH:42;IL:35,medium,0
254900378RFGMBEKAF12,,,,unmatched,3556,2166,0,IA:720;IL:309;ME:257;WI:132;NC:109;MO:52;KS:50;ND:41;GA:38;TX:37,medium,0
549300S5FVOSK5DQJN30,,,,unmatched,5987,4500,0,UT:3672;CA:224;AZ:149;ID:115;WA:84;NV:54;NC:33;CO:31;TX:24;FL:20,medium,0
549300T61O0X0RJMQ375,,,,unmatched,1117,647,0,CA:55;KS:50;MO:49;TX:47;WA:43;FL:41;NJ:39;NC:32;VA:28;IL:23,medium,0
549300YD7XJM19TH5O82,,,,unmatched,4999,3231,0,IL:2769;CA:124;TX:42;TN:38;FL:31;NC:25;IN:24;MO:24;AZ:18;GA:16,medium,0
549300INKSPQCTELMO58,,,,unmatched,3309,2598,0,MN:1395;SD:229;TX:149;ND:136;WI:119;AZ:105;FL:79;CO:72;IA:55;AL:46,medium,0
549300HIVO8XPBPNVG69,,,,unmatched,6952,4846,0,AZ:3413;CO:460;WA:286;NV:184;CA:131;NM:114;OR:97;TX:57;FL:42;PA:12,medium,0
549300KPHGEE40YQXO21,,,,unmatched,873,472,0,CA:148;TX:52;AZ:28;MI:21;MO:21;WA:15;NM:13;OK:12;CO:12;NV:11,medium,0
549300K6K2IS7FRS7S09,,,,unmatched,980,644,0,MO:70;VA:59;FL:46;TX:42;AK:37;CA:31;NC:31;AZ:21;GA:20;MI:20,medium,0
549300JRDGV1559XM376,,,,unmatched,1517,904,0,NE:217;AZ:92;ID:85;TX:59;TN:59;CO:55;IL:53;IA:48;UT:47;CA:45,medium,0
5493008SP1FN4D81IS17,,,,unmatched,453,359,0,TX:79;CA:49;NC:30;FL:19;WA:17;AZ:13;IL:11;VA:10;NJ:10;OH:9,medium,0
VNOO6EITDJ2YUEBMSZ83,,,,unmatched,4454,2686,0,MO:808;KS:496;CO:407;AZ:328;IL:104;TX:102;NM:97;WI:83;IA:55;CA:52,medium,0
5493008E4KBJCB6UKR64,,,,unmatched,515,321,0,CA:123;NV:27;GA:24;FL:12;TX:12;MO:11;AZ:10;IN:9;NC:7;PA:7,medium,0
549300XAHXRVSRML8V19,,,,unmatched,513,407,0,TX:135;UT:109;CO:68;CA:28;FL:17;AZ:8;VA:7;MD:7;NC:6;SC:5,medium,0
254900EZRN0CBEP77K34,,,,unmatched,1167,563,0,VA:170;MD:86;DC:38;CA:31;FL:18;NC:17;TX:15;IL:15;SC:14;GA:12,medium,0
549300AOB4S7B0DB7863,,,,unmatched,771,425,0,VA:93;MD:71;FL:54;WV:29;NJ:20;GA:20;CA:18;DC:17;TX:16;NC:15,medium,0
549300OGIGNKGO2DX942,,,,unmatched,420,277,0,TN:89;MS:32;CA:17;GA:14;AR:13;PA:13;NC:11;NJ:9;FL:9;TX:9,medium,0
549300LLQD0X2OTG0Y27,,,,unmatched,1196,581,0,RI:205;MA:77;NH:31;DE:20;LA:17;OH:16;NC:16;TX:15;SC:15;FL:14,medium,0
5493007Z7FTUKQGFMZ98,,,,unmatched,436,294,0,TX:44;NY:30;GA:28;IL:17;WA:13;FL:12;NJ:11;NC:11;PA:10;CO:9,medium,0
5493004R423PBPM6A173,,,,unmatched,557,394,0,OH:46;TX:37;IL:24;GA:23;TN:20;NJ:19;IN:19;VA:18;MI:17;FL:15,medium,0
549300SFG15JDKI5MD22,,,,unmatched,3742,2733,0,MS:1973;AL:311;LA:282;FL:109;TN:28;GA:5;TX:5;NC:3;SC:3;IL:2,medium,0
6PTKHDJ8HDUF78PFWH30,,,,unmatched,338,289,0,FL:55;IL:43;CA:35;TX:20;CO:17;WI:14;GA:8;NJ:7;WA:6;UT:6,medium,0
549300DH8EI64ITBY388,,,,unmatched,315,271,0,CA:26;TX:25;NC:17;CT:16;PA:16;VA:13;NY:13;IL:12;WA:12;SC:11,medium,0
549300TTPRGSP8DGY569,,,,unmatched,696,471,0,VA:134;MD:113;DC:55;CA:20;FL:14;NC:11;NJ:10;PA:8;OK:8;WV:8,medium,0
2549008LUH7QKMXQ8N53,,,,unmatched,1648,1140,0,IL:297;MO:278;IA:176;PA:97;IN:76;CO:43;MT:31;TX:25;MN:21;AR:17,medium,0
549300WKFR15017V9850,,,,unmatched,1615,1165,0,CO:516;MN:197;MO:171;CA:99;ME:66;WA:23;KS:16;FL:14;WI:8;AZ:7,medium,0
549300IBT3SCF2K09D58,,,,unmatched,290,261,0,CA:34;WA:18;GA:16;MN:15;TX:15;OR:13;FL:13;AZ:12;PA:10;NC:10,medium,0
254900HO9WPE4LTLQU96,,,,unmatched,570,286,0,NV:79;TX:51;FL:26;AZ:19;MD:12;CA:11;VA:10;WA:9;UT:7;TN:7,medium,0
549300DRA4BDXW23LD45,,,,unmatched,2210,1609,0,MN:624;WI:301;IL:93;MT:72;IN:54;IA:47;NE:45;OH:42;OK:40;SD:29,medium,0
5493002WVA17MT4UFH84,,,,unmatched,444,191,0,TX:26;CA:19;FL:16;AZ:9;MI:8;PA:8;WI:7;GA:7;UT:7;NV:6,medium,0
54930022CQGV47Q8PM03,,,,unmatched,602,233,0,TX:22;FL:18;CA:18;WA:16;GA:15;WI:13;MI:12;IL:12;OH:10;KY:9,medium,0
549300O5WDIJU8S7OI05,,,,unmatched,2212,1775,0,OK:1406;MO:137;KS:81;TX:48;FL:10;AZ:10;AR:9;GA:9;WA:5;SC:5,medium,0
7DMUJTL9FFTVIAG9H788,,,,unmatched,7326,3789,0,MO:2488;KS:751;IL:194;CO:161;OK:45;TX:23;FL:22;AZ:13;AR:13;CA:12,medium,0
549300KW3HYVC06WS898,,,,unmatched,545,402,0,MO:276;FL:26;IL:23;NC:10;SC:8;OR:7;KS:5;CA:4;VA:3;NY:3,medium,0
549300C1ICNCM0V37Y02,,,,unmatched,2415,2391,0,MO:1585;KS:606;AZ:48;IL:38;FL:17;TX:14;TN:9;AR:8;CO:8;OK:4,medium,0
549300C4J510S9L1RF98,,,,unmatched,2560,2118,0,MN:1505;ND:235;AZ:148;WI:119;IA:41;FL:11;CO:11;CA:10;TX:6;GA:3,medium,0
549300QFP6J5QSZVF805,,,,unmatched,2619,2030,0,AR:975;ID:428;LA:374;MS:196;TN:20;TX:11;FL:6;MO:4;UT:4;OK:2,medium,0
549300RIPPSJXAQKZ383,,,,unmatched,764,557,0,IL:272;WI:202;IN:27;NJ:14;MA:7;FL:6;AZ:5;RI:3;TN:3;CT:3,medium,0
549300SCFWZXMDMZPE93,,,,unmatched,2574,1911,0,AK:1445;WA:145;AZ:127;OR:65;ID:40;CO:40;FL:12;CA:11;TX:6;NV:4,medium,0
254900DNPJINSUKFZ002,,,,unmatched,1838,1299,0,IN:1104;MI:84;AZ:40;IL:17;CA:11;TX:6;FL:5;OH:3;DE:3;MO:3,medium,0
549300TV5ZED3EINI708,,,,unmatched,752,512,0,MI:251;WI:223;FL:21;CO:3;MN:3;MT:2;NC:1;IN:1;IA:1;CT:1,medium,0
549300QDGMFASKEN7Z77,,,,unmatched,4287,2827,0,MN:2694;WI:66;FL:14;AZ:6;IA:4;IL:4;CO:3;NE:3;UT:2;OH:2,medium,0
549300TJF420N3F01V87,,,,unmatched,1750,1269,0,MO:411;KS:409;OK:249;AR:168;TX:13;CO:7;FL:3;AZ:2;NM:2;NE:1,medium,0
54930016ZSB1QWXLRJ13,,,,unmatched,2033,1546,0,UT:1140;AR:241;ID:117;TX:8;MO:8;AZ:7;AL:7;OR:4;FL:4;CA:3,medium,0
549300HN58ONH5KNJJ12,,,,unmatched,1243,1064,0,WI:806;MO:197;IL:32;FL:6;CO:4;TN:3;TX:3;MI:3;MN:2;KS:2,medium,0
549300GS6ONO04ORI292,,,,unmatched,917,584,0,ID:356;OR:136;WA:44;MT:12;CA:4;FL:4;AL:2;TX:2;AK:2;CO:2,medium,0
549300TQVOMKNKFOH392,,,,unmatched,4000,3046,0,ND:2368;MN:625;AZ:11;MT:6;CO:5;SD:4;WI:3;NE:3;IL:2;FL:2,medium,0
549300Q76VHK6FGPX546,,,,unmatched,1621,1301,0,IA:916;SD:304;NE:39;MN:11;AZ:7;MO:5;KS:3;FL:2;CA:2;WI:2,medium,0
549300PZ44DNQDPOV865,,,,unmatched,3739,3183,0,NE:2875;MO:175;KS:68;IA:31;AZ:11;SD:5;FL:4;MN:3;AR:2;CO:2,medium,0
R6KJ2D7C3UT8OVTWHS39,,,,unmatched,1996,1487,0,NE:1373;KS:35;IA:19;MO:18;CO:13;AZ:6;MN:3;TX:3;SD:3;IN:2,medium,0
549300X6ESK4SUBRYL85,,,,unmatched,481,357,0,IL:278;FL:19;TX:12;MI:9;WI:5;GA:4;CO:4;CA:3;MN:3;AZ:3,low,0
549300WW4OBT30G5DK23,,,,unmatched,211,139,0,MN:24;WI:18;IL:14;OH:11;AZ:7;FL:6;GA:5;CA:5;IN:5;PA:4,low,0
01ERPZV3DOLNXY2MLB90,,,,unmatched,150,121,0,IL:55;CA:21;FL:7;WI:7;IA:6;MT:5;AZ:4;MN:3;MI:3;ND:2,low,0
549300DM6DAOPSF8HL78,,,,unmatched,236,145,0,MS:79;IN:17;TX:6;TN:6;OK:5;FL:4;KY:4;LA:4;OH:3;IL:2,low,0
549300W6UP8EY0KSBG85,,,,unmatched,70,70,0,KS:25;CO:7;GA:5;MO:5;NC:4;FL:4;IN:2;MA:2;AZ:2;TX:2,low,0
549300DL7AWRPX6NXO12,,,,unmatched,251,209,0,IL:184;FL:6;WI:5;TN:4;TX:3;CO:1;OH:1;MO:1;IN:1;KS:1,low,0
