lei,institution_name,nmls_id,our_lender_slug,match_status,total_applications,total_originations,nv_originations,states_with_originations,priority_match
549300AQ3T62GXDU7D76,,,,unmatched,121724,86111,3882,TX:6877;WA:5691;MO:5462;CO:4338;OR:4218;CA:4118;UT:3981;NV:3882;GA:3788;AZ:3467,high
5493007I0X1GRWIU8B34,,,,unmatched,22220,15271,2393,UT:11759;NV:2393;AZ:780;ID:283;NM:48;CA:8,high
5493001SXWZ4OFP8Z903,,,,unmatched,101400,69159,2059,TX:17748;FL:11582;NC:5258;SC:4153;GA:2777;CA:2776;AZ:2406;AL:2376;TN:2122;NV:2059,high
549300H3IZO24NSOO931,,,,unmatched,77363,56951,1669,TX:15642;FL:10692;CA:6607;NC:2756;SC:2694;AZ:2623;IN:1952;NV:1669;MN:1365;CO:1283,high
8WH0EE09O9V05QJZ3V89,,,,unmatched,17257,8981,1054,UT:1755;CA:1647;TX:1522;AZ:1168;CO:1057;NV:1054;ID:517;WA:140;WY:48;NM:23,high
5493002QI2ILHHZH8D20,,,,unmatched,12871,8821,905,TX:2250;CA:2009;FL:1371;AZ:982;NV:905;NC:493;CO:315;WA:280;ID:120;SC:96,high
5493004WMLN60ZJ2ON46,,,,unmatched,27380,18825,748,FL:4200;TX:3108;NC:1555;SC:1148;AZ:1133;OH:1064;CA:943;GA:803;NV:748;IL:615,high
549300QZED00YTPAWQ69,,,,unmatched,808,635,634,NV:634;CA:1,medium
549300WSQPVY1NRH6062,,,,unmatched,847,574,574,NV:574,medium
549300PKEQ3Q9S0IXW76,,,,unmatched,5324,3201,550,MI:1072;NV:550;AR:477;NC:475;IN:211;OH:161;OK:59;PA:58;SC:25;FL:20,high
54930060G4MDPWHISD89,,,,unmatched,7514,5573,455,WA:2680;MT:816;ID:735;NV:455;OR:416;NM:180;FL:102;CA:66;AZ:51;GA:25,high
5493006S869XKIESMV41,,,,unmatched,21683,9830,431,UT:7223;ID:1069;AZ:872;NV:431;MT:113;WY:33;CO:32;WA:25;OR:17;NM:15,high
549300PMVNBERP6TB157,,,,unmatched,1128,391,387,NV:387;AZ:2;CO:2,low
5493001HHBUTXHS7TZ96,,,,unmatched,6819,5353,376,CO:1121;AZ:971;CA:865;FL:614;NV:376;UT:300;WA:299;VA:210;ID:147;TN:115,high
5493007VW2EU20PZYU97,,,,unmatched,9059,6596,369,TX:1274;FL:896;AZ:728;CA:693;GA:681;CO:479;NC:408;NV:369;WA:252;TN:243,high
549300J7I82PNDVU8H22,,,,unmatched,29739,16337,368,CA:7327;FL:1580;TX:1270;MD:564;IL:454;AZ:439;GA:412;NV:368;MA:335;VA:312,high
549300B4IYL7TZT8FA34,,,,unmatched,8795,6038,349,ID:1793;WA:655;CA:637;GA:512;NV:349;OR:242;MO:196;UT:193;TX:184;IL:180,high
549300FVD3YHE65PKH97,,,,unmatched,3373,2007,336,NV:336;TX:274;CA:216;NJ:193;CO:156;FL:134;IN:120;GA:117;OK:106;IL:99,high
549300VQUTI5IU7GXT57,,,,unmatched,9801,5896,328,UT:1700;TX:1288;AZ:548;NV:328;FL:286;GA:253;WA:156;CO:149;CA:127;HI:122,high
5493002Y5XYV7DV1ZV88,,,,unmatched,11225,6891,325,FL:1346;MI:1280;TX:409;IN:364;NV:325;NC:308;CO:278;WY:244;WA:213;OH:203,high
549300ZWNETGFXTBBY03,,,,unmatched,13173,8449,293,GA:1431;AL:1135;WA:886;TX:724;UT:506;ID:413;OK:337;TN:330;NC:313;NV:293,high
F28JOQ8OBWCFUYM0UX93,,,,unmatched,7455,5327,278,CA:3261;NY:799;NV:278;MA:268;GA:247;WA:239;TX:225;AZ:5;HI:2;NJ:2,high
5493009BD405QQTMXO12,,,,unmatched,8542,4943,266,FL:715;TX:681;ID:535;GA:355;CO:335;SC:304;NV:266;NJ:263;PA:256;NC:249,high
549300N3JBQ15RQ7AV97,,,,unmatched,4212,2983,258,AZ:828;CA:603;NE:295;AL:292;NV:258;VA:219;CO:183;FL:58;TX:45;UT:43,high
549300KOAKQX3BEWWT56,,,,unmatched,4334,3686,254,TX:1657;CA:448;ID:348;OR:317;UT:305;NV:254;WA:219;AZ:138,high
5493008VVXQIDO1EZ460,,,,unmatched,8405,5759,241,CA:951;OR:805;TX:471;TN:425;GA:378;ID:300;WA:299;MO:295;IL:264;NV:241,high
5493002HQBP2ODIIFH94,,,,unmatched,392,239,239,NV:239,low
549300UI36AJZ0WZ4U93,,,,unmatched,12508,8815,233,TX:2244;FL:1773;AZ:1731;CA:802;NC:633;GA:425;CO:329;NV:233;IN:228;SC:162,high
549300PC4MFWQBNVKG88,,,,unmatched,9475,7248,227,AZ:2321;CO:1153;TX:1080;NM:272;OK:264;CT:235;NV:227;IN:218;CA:169;PA:165,high
254900WEP08K7U7S3A80,,,,unmatched,8177,6568,222,WI:943;TX:709;OH:658;AZ:564;MO:385;OR:304;IN:252;NV:222;IL:210;MS:209,high
5493000XC2Y1SLXRQP11,,,,unmatched,671,551,193,CA:324;NV:193;OR:6;AZ:6;TN:5;WA:5;FL:5;ID:4;TX:1;SC:1,medium
549300UB5TJ0YPVPT503,,,,unmatched,3894,2690,184,CA:903;MN:314;WA:247;TX:215;OR:190;NV:184;TN:127;CO:109;AZ:99;ID:49,high
549300HIVO8XPBPNVG69,,,,unmatched,6952,4846,184,AZ:3413;CO:460;WA:286;NV:184;CA:131;NM:114;OR:97;TX:57;FL:42;PA:12,medium
254900IEGKUDRDS23V26,,,,unmatched,3353,2352,182,CA:1161;NV:182;TX:181;FL:126;GA:80;VA:70;MD:62;WA:60;AZ:52;HI:44,high
254900YZ174H294JW398,,,,unmatched,3561,2788,177,TX:869;CA:709;AZ:376;NC:279;NV:177;WA:177;VA:96;CO:62;MD:29;DC:8,high
54930015645SYPOM7220,,,,unmatched,1102,791,156,TN:258;NV:156;GA:114;OR:49;FL:39;CA:36;AL:29;CO:27;VA:27;IN:23,medium
549300RYWXR8TL5LIK35,,,,unmatched,4057,2151,151,PA:518;NJ:483;NV:151;CA:116;NY:109;FL:87;OH:75;NC:66;MA:66;CO:50,high
254900JH11ROOV921P96,,,,unmatched,2266,1600,144,CA:1259;NV:144;AZ:58;TX:42;WA:24;FL:16;HI:10;PA:9;IN:7;OR:7,high
549300OPB0G5OMY0SM65,,,,unmatched,5481,3822,127,CA:2430;TX:253;GA:163;FL:151;IL:149;NV:127;MD:73;VA:71;NJ:70;PA:44,high
549300XCVBRR56D08F03,,,,unmatched,12867,2293,108,CA:454;FL:152;NV:108;NJ:102;GA:94;AZ:91;NC:85;OH:82;WA:74;CO:70,high
54930021DZJ9CEN11D61,,,,unmatched,2604,1550,96,AL:309;FL:185;GA:184;TN:124;OH:99;NV:96;KY:77;MI:58;IN:48;NJ:39,high
54930002O9LLXKR6TF11,,,,unmatched,1768,1032,90,CA:774;NV:90;AZ:22;TX:21;GA:20;WA:14;TN:12;HI:9;CO:8;FL:7,high
549300CK7U1WMTIG6687,,,,unmatched,1453,975,84,CA:466;FL:92;NV:84;AZ:59;HI:48;OR:38;CO:36;TX:29;UT:27;WA:22,high
549300AAWFEC6CRH6N89,,,,unmatched,216,216,79,CA:133;NV:79;AZ:2;ID:1;NJ:1,medium
254900HO9WPE4LTLQU96,,,,unmatched,570,286,79,NV:79;TX:51;FL:26;AZ:19;MD:12;CA:11;VA:10;WA:9;UT:7;TN:7,medium
549300ESRQ6OLBB56N04,,,,unmatched,7688,4789,75,MT:1904;ID:977;WY:538;WA:420;UT:269;CO:259;AZ:240;TX:94;NV:75;NM:5,medium
337KMNHEWWWR6B7Q7W10,,,,unmatched,3253,2416,72,OK:728;CA:535;TX:385;AZ:281;CO:152;NV:72;UT:42;NY:24;NM:18;FL:16,high
5493000H6DFDDJRORG89,,,,unmatched,2371,742,69,CA:208;TX:79;NV:69;NJ:60;FL:44;AZ:44;NC:43;IL:41;WA:30;SC:25,high
5493000EUC3MM52PJV85,,,,unmatched,4889,3122,64,CA:2354;FL:223;TX:92;AZ:81;NV:64;NJ:46;WA:28;GA:25;CO:20;VA:17,high
254900R9A6TW85BTVS20,,,,unmatched,1453,1124,63,AZ:374;CO:241;CA:179;TX:87;NV:63;SC:53;NC:41;WA:33;VA:25;ID:21,medium
549300MUXFVZKH4XLG17,,,,unmatched,3278,2228,59,CA:677;TX:490;AZ:130;WA:106;NC:102;GA:102;SC:93;OH:77;UT:60;NV:59,high
549300PFJ7GCGDLB2E65,,,,unmatched,2560,1736,58,GA:836;TX:302;IN:185;FL:95;LA:76;NV:58;MD:43;SC:23;MO:23;VA:21,high
254900VHUBSJJKOMBF27,,,,unmatched,5605,4154,57,CA:3527;CO:269;TX:105;OR:99;NV:57;MO:31;WA:15;AZ:15;IL:10;FL:7,high
549300S5FVOSK5DQJN30,,,,unmatched,5987,4500,54,UT:3672;CA:224;AZ:149;ID:115;WA:84;NV:54;NC:33;CO:31;TX:24;FL:20,medium
5493006LCVYJR3AYGA52,,,,unmatched,434,271,54,AZ:190;NV:54;CA:18;UT:9,low
5493008ZTV4S0W9DCX64,,,,unmatched,4502,1893,53,CA:461;TX:305;FL:229;AZ:106;GA:85;WA:78;NC:54;NV:53;OR:40;TN:39,high
2549009M5QY5LPV18B47,,,,unmatched,128,52,52,NV:52,low
5493000OM9RKJW8W5K82,,,,unmatched,4961,3504,51,CA:2287;OR:253;GA:196;TN:176;UT:129;AZ:101;NV:51;WA:41;CO:37;SC:33,high
254900CX4A85W20A2X77,,,,unmatched,206,111,48,NV:48;CA:37;FL:7;NJ:7;NC:5;OH:2;GA:2;TX:2;NY:1,medium
254900RQX8N4HXJIDK44,,,,unmatched,2614,1993,47,CA:1607;AZ:54;NV:47;NC:37;UT:37;TN:29;CO:23;GA:23;PA:19;SC:18,high
5493001FMENBK31GGQ69,,,,unmatched,562,311,47,CA:264;NV:47,medium
549300HRLROF7PLJ6735,,,,unmatched,4575,2742,44,CA:898;FL:661;TX:286;GA:157;WA:61;TN:59;AZ:57;UT:47;MD:46;NV:44,high
254900WT4HAMDFWH3048,,,,unmatched,3715,1440,41,TX:190;FL:188;CA:164;NC:118;GA:93;PA:66;NJ:65;OH:58;TN:47;NV:41,high
549300OHLAHJ10DFF198,,,,unmatched,918,679,41,UT:282;FL:120;ID:110;TX:72;NV:41;AZ:11;NE:8;TN:5;CA:4;CO:4,medium
549300ZS1TR1B4LHX377,,,,unmatched,1658,1143,40,CA:774;AZ:120;TX:45;NV:40;ID:34;WA:27;TN:20;FL:19;CO:14;NM:9,high
549300L7HZ4C5U35BO37,,,,unmatched,331,163,39,TX:98;NV:39;MI:5;VA:5;FL:3;TN:2;CA:2;GA:2;MO:1;NC:1,medium
5493003NV9L53LK1XI52,,,,unmatched,3773,2244,38,CA:1753;FL:82;TX:73;NV:38;AZ:34;NJ:27;VA:27;CO:23;GA:21;IL:20,high
549300TT6197INLGZW29,,,,unmatched,401,255,38,HI:217;NV:38,low
IFQSIUC9AGQV2NE8CN25,,,,unmatched,8114,4843,35,OR:1939;WA:1846;CA:703;ID:258;AZ:46;NV:35;CO:8;UT:5;HI:1;AK:1,high
549300Q6YL1SFVPEGV90,,,,unmatched,2510,822,35,CA:167;FL:122;TX:74;GA:64;WA:64;AZ:50;VA:43;NJ:42;NV:35;MA:25,high
5493005T71YXBHEO2093,,,,unmatched,1483,567,35,IL:356;GA:63;MN:41;NV:35;IN:29;FL:12;WI:10;MI:7;TN:5;CA:4,medium
549300OQ5QR1CNV5HY08,,,,unmatched,151,105,35,CA:58;NV:35;AZ:4;ID:3;TX:3;UT:1;NM:1,medium
254900QNIR86GUIRYH95,,,,unmatched,6105,3059,34,CA:1861;TX:290;FL:284;NC:89;GA:80;AZ:48;VA:46;CO:42;NJ:36;NV:34,high
5493000EO85W8IS2FR22,,,,unmatched,4672,3078,32,CA:2989;NV:32;NH:24;AZ:19;MA:5;VA:4;MD:3;ME:1;TX:1,high
FT6J43S06X6CLJ0R0B48,,,,unmatched,2232,1641,32,NY:757;CA:616;WA:87;NJ:50;NV:32;MA:31;IL:29;TX:26;MD:13,high
549300R4F5COFJE0DN81,,,,unmatched,1652,864,32,CA:531;AZ:75;FL:44;TX:33;NV:32;WA:21;TN:14;IL:12;VA:11;MN:11,high
254900114YHTRFBALC74,,,,unmatched,1315,1286,31,CA:628;WA:106;FL:84;AZ:63;VA:46;NJ:44;OH:36;TX:33;NV:31;NC:31,high
D38AC76TAMYI50NBPX33,,,,unmatched,548,299,31,WA:115;OR:50;AZ:36;NV:31;NM:21;ID:19;UT:15;CA:10;TX:2,low
549300KX4S1573HISS22,,,,unmatched,2917,1327,29,CA:417;FL:177;AZ:126;TX:73;WA:45;GA:33;PA:32;NV:29;CO:27;NJ:26,high
593C3GZG957YOJPS2Z63,,,,unmatched,5359,3375,27,CA:2576;WA:175;NY:146;TN:73;NJ:35;FL:32;NV:27;CO:25;AZ:24;TX:23,high
5493008E4KBJCB6UKR64,,,,unmatched,515,321,27,CA:123;NV:27;GA:24;FL:12;TX:12;MO:11;AZ:10;IN:9;NC:7;PA:7,medium
549300BBKMRS6J0CB539,,,,unmatched,4005,2955,25,TX:2153;IL:171;VA:119;IN:117;FL:102;OK:88;MO:56;NV:25;AZ:14;AL:13,high
549300YVM8B4UQC5DK40,,,,unmatched,93,58,24,CA:30;NV:24;WA:2;CO:1;AZ:1,low
5493002TUYGC7HBYME91,,,,unmatched,35,24,24,NV:24,low
5493001JT9MT3Z3Y3M39,,,,unmatched,1216,801,21,FL:201;TX:95;AZ:72;CA:62;GA:31;WA:29;NC:28;MI:28;NY:23;NV:21,high
549300KLBHBLTPBU7507,,,,unmatched,432,275,21,CA:254;NV:21,medium
549300A68YW07V5R5G22,,,,unmatched,1972,957,20,CA:536;FL:125;TX:47;AZ:38;GA:26;WA:25;HI:20;NV:20;UT:17;CO:15,high
254900D144HSEZ7JLX61,,,,unmatched,26,20,20,NV:20,low
2549005Q4HZ55QX7YC64,,,,unmatched,909,696,19,CA:249;TX:151;MD:37;AZ:33;VA:26;WA:23;FL:21;NV:19;NC:18;MA:14,medium
5493003B20KZ3DEZGB43,,,,unmatched,999,653,18,NY:297;CA:239;IL:49;NJ:34;NV:18;HI:8;LA:2;FL:2;AZ:1;NC:1,high
5493009QYNVEZ9VDJU57,,,,unmatched,654,410,18,CA:285;AZ:64;OR:31;NV:18;ID:4;WA:2;AR:2;TX:2;AK:1;FL:1,medium
5493002QRULT2T40BH09,,,,unmatched,10720,6817,17,MO:3721;KS:2521;CA:186;AR:57;KY:52;TX:51;FL:30;NV:17;MI:16;IL:14,high
2549009X2AG1P20YAJ63,,,,unmatched,2014,658,17,CA:299;NY:38;FL:34;TX:23;NJ:19;AZ:19;WA:18;NV:17;VA:14;NC:13,medium
549300S7EJRY2DY1UR88,,,,unmatched,1002,697,17,UT:358;AZ:258;NM:61;NV:17;TX:2;CA:1,medium
549300IKS3MMB5YK6T18,,,,unmatched,2180,1523,16,CA:1195;NY:116;AZ:21;FL:17;NV:16;WA:14;NJ:12;VA:10;OR:10;GA:10,high
254900MHHOS58M9D0445,,,,unmatched,291,149,16,CA:102;NV:16;WA:5;ID:4;OR:4;TX:3;AZ:2;CO:2;UT:2;FL:2,medium
549300HINJH60UG3KG47,,,,unmatched,361,317,15,NC:41;FL:38;VA:30;GA:28;TX:25;CA:21;NV:15;WA:11;PA:10;OK:10,medium
549300TMY3OACQC9U777,,,,unmatched,2045,963,14,CA:407;FL:140;TX:112;AZ:47;WA:28;NJ:27;CO:21;GA:19;NV:14;MD:14,high
54930091CYUK2SDZ6D37,,,,unmatched,1538,914,14,CA:343;FL:180;TX:106;MI:78;NJ:20;TN:19;NY:15;MD:14;NV:14;NC:14,high
549300XRXBA38J60S618,,,,unmatched,1095,856,13,CA:561;ID:170;AZ:37;UT:13;NV:13;TN:10;FL:9;TX:8;MN:7;WA:7,high
254900O723MCLR701H50,,,,unmatched,6301,1138,13,IL:785;TX:103;FL:73;NM:57;IN:16;SC:14;NV:13;CA:12;AZ:10;MN:9,medium
549300PRAPL43XPYR044,,,,unmatched,2026,1364,11,CA:758;TX:212;VA:184;MD:89;GA:59;FL:15;CO:11;NV:11;NC:6;WA:5,high
254900ACU16O36WZP625,,,,unmatched,726,726,11,FL:351;TX:233;WI:29;NC:23;TN:22;AZ:22;GA:21;NV:11;VA:7;OK:4,high
549300KPHGEE40YQXO21,,,,unmatched,873,472,11,CA:148;TX:52;AZ:28;MI:21;MO:21;WA:15;NM:13;OK:12;CO:12;NV:11,medium
5493009Y8ROUG903AQ21,,,,unmatched,1340,1010,10,CA:849;WA:21;NV:10;IL:9;TX:9;NY:8;FL:8;OR:8;PA:7;GA:6,high
254900JZN2V0PWFMW808,,,,unmatched,1632,851,10,CA:615;FL:56;NC:52;TX:46;AZ:25;NV:10;TN:8;HI:7;OR:6;IL:6,high
549300F6NSBOJBM9ED39,,,,unmatched,2017,1138,10,CA:672;AK:282;AZ:67;WA:39;WY:36;ID:11;NV:10;CO:7;OR:5;NM:3,high
549300DT7WZ1SOTNFJ62,,,,unmatched,2457,1688,10,MO:648;CA:379;NE:340;KS:171;IL:41;TX:14;IA:12;NV:10;OK:10;CO:8,medium
5493002DRIX59V47NM65,,,,unmatched,373,230,10,CA:202;NV:10;AZ:7;ID:5;UT:1;AK:1;MT:1;AL:1;TX:1;CO:1,medium
549300DQLGJ1YQRRHH73,,,,unmatched,449,303,10,TX:133;AZ:37;FL:21;CO:15;CA:13;IL:12;GA:10;NV:10;TN:8;MO:5,medium
549300ELLMUEKP1JHB70,,,,unmatched,264,225,10,VA:72;MD:42;TX:27;CA:16;NJ:16;NV:10;GA:9;FL:9;IL:7;WA:3,medium
254900VX7NAZSPBPUE16,,,,unmatched,259,235,9,TX:138;CA:76;NV:9;GA:9;LA:1;AZ:1;WA:1,medium
549300Y7G2MW6V1OR474,,,,unmatched,1424,1038,8,PA:594;WV:150;AL:117;NC:82;FL:20;TX:15;OH:14;TN:13;NV:8;SC:8,high
549300KP95LHU8OP0H40,,,,unmatched,778,743,8,CA:621;AZ:44;FL:36;HI:14;TX:13;NV:8;WA:3;CO:3;OK:1,high
549300QD23LICPXTPB55,,,,unmatched,623,487,7,CA:440;WA:15;OH:12;NV:7;AZ:6;IL:3;CO:1;ID:1;OR:1;IN:1,medium
2549007IU6SKFLLNKZ07,,,,unmatched,504,402,7,CA:303;HI:20;AZ:18;TN:14;TX:12;FL:10;NV:7;WA:5;KS:2;ID:2,medium
5493001I7Z53NDBE4X59,,,,unmatched,1296,1002,7,AZ:899;CA:63;CO:15;NV:7;TX:7;ID:4;NC:4;GA:2;OR:1,medium
549300B190GPYLAX3Y92,,,,unmatched,30,28,7,TX:15;NV:7;CA:4;LA:1;NY:1,low
5493006F1N8E3EEF3W63,,,,unmatched,3468,1960,6,CA:1954;NV:6,high
549300NLJI4QKZ3D0G94,,,,unmatched,332,202,6,CA:125;FL:13;TX:11;CO:9;AZ:9;NV:6;WA:6;OR:5;ID:2;MD:2,medium
5493002WVA17MT4UFH84,,,,unmatched,444,191,6,TX:26;CA:19;FL:16;AZ:9;MI:8;PA:8;WI:7;GA:7;UT:7;NV:6,medium
549300WXO2FZYE7KAW26,,,,unmatched,121,101,6,CA:87;NV:6;AZ:4;TX:2;NC:1;WY:1,medium
549300NNL9H573MWO110,,,,unmatched,945,734,6,UT:696;ID:22;NV:6;CA:3;SD:2;CO:2;TX:1;WY:1;OK:1,medium
549300LF0MZUT1N6QL28,,,,unmatched,53,42,6,HI:35;NV:6;WA:1,low
549300C232ZWY1I57C16,,,,unmatched,4066,2112,5,CA:2079;AZ:7;OH:5;NV:5;TX:3;OR:2;GA:1;TN:1;MN:1;FL:1,high
549300SBA6BX8HZZF585,,,,unmatched,1101,820,5,CA:565;TX:100;GA:55;FL:40;MA:23;WA:12;CO:5;NV:5;HI:2;AZ:2,high
549300WJIJV987NXVC31,,,,unmatched,1749,1069,5,CA:509;WA:358;OR:155;UT:30;ID:6;NV:5;CO:3;AZ:3,high
549300UM5S3HZLZHVP89,,,,unmatched,52,50,5,CA:45;NV:5,low
254900PHRI1MCM69UM20,,,,unmatched,93,68,5,NM:24;SD:14;NE:11;TX:10;NV:5;AZ:2;IA:1;MN:1,low
549300WS8BW0I0BDA390,,,,unmatched,1528,1205,4,IN:557;IL:263;WI:151;GA:98;MI:45;OH:36;CO:23;FL:15;NV:4;TN:2,medium
549300B2JJHSM77T5Y41,,,,unmatched,1393,882,4,OH:746;GA:50;FL:16;TX:10;SC:9;TN:6;CA:4;MI:4;NV:4;WI:3,medium
549300SCFWZXMDMZPE93,,,,unmatched,2574,1911,4,AK:1445;WA:145;AZ:127;OR:65;ID:40;CO:40;FL:12;CA:11;TX:6;NV:4,medium
549300NDNZ6EWP8BJI88,,,,unmatched,967,759,4,IA:735;NV:4;MO:4;NE:3;FL:3;CO:3;MN:2;AR:1;IL:1;LA:1,medium
549300XRF9LCZ3RX3Q39,,,,unmatched,3266,108,4,AZ:18;CA:12;TX:9;VA:8;CO:7;IL:6;NY:5;WA:4;FL:4;NV:4,low
5493004GPC7K826BKF31,,,,unmatched,1582,597,3,CA:584;AZ:10;NV:3,high
254900BBEPZS8MDE1S61,,,,unmatched,696,500,3,CA:444;AZ:13;FL:6;OH:6;TX:5;CO:4;OR:3;NV:3;MT:2;ID:2,medium
549300DT7CCDCC7O6Z60,,,,unmatched,527,361,3,CA:314;TX:10;TN:5;SC:5;AZ:5;NV:3;FL:3;OR:2;WA:2;MO:2,medium
549300ESNLIWVN3TK065,,,,unmatched,546,351,3,CA:331;CO:10;AZ:5;NV:3;WA:1;PA:1,medium
549300US45HOXL30J494,,,,unmatched,197,130,3,NJ:89;PA:14;CA:7;NC:5;NV:3;VA:2;FL:2;SC:1;NY:1;GA:1,medium
54930030UYPZM65LOF37,,,,unmatched,914,703,3,IN:683;OH:13;NV:3;FL:2;IL:1;MI:1,medium
549300BDHZAV4ZQHQV19,,,,unmatched,4697,3213,3,UT:3013;ID:189;NV:3;WY:2;WA:1;AL:1;GA:1;OR:1;NM:1;MT:1,medium
549300DEVPMBR765WH45,,,,unmatched,1614,1001,3,UT:994;NV:3;MO:1;CO:1;WY:1;AZ:1,medium
549300IQGEUYRQBJC007,,,,unmatched,812,603,3,UT:595;AZ:5;NV:3,medium
549300W0YBCUV18HSR42,,,,unmatched,2454,1317,2,CA:1311;OR:4;NV:2,high
549300KDDWLC5I8K6C44,,,,unmatched,2147,1142,2,CA:1140;NV:2,high
549300TF1E42EUFBSL45,,,,unmatched,1585,963,2,CA:724;WA:196;OR:30;HI:6;NV:2;ID:2;TX:2;MT:1,high
549300XR3B6372SESA46,,,,unmatched,1210,657,2,CA:655;NV:2,high
5493001PXRJMPLXPG540,,,,unmatched,17003,10608,2,ID:9871;WA:612;AZ:83;OR:26;MT:6;UT:6;WY:2;NV:2,high
549300HVFLWKU7133506,,,,unmatched,655,340,2,CA:301;TX:19;GA:3;PA:2;AZ:2;NV:2;CO:2;FL:2;MI:1;OR:1,medium
549300TG5MQ8D4SYP955,,,,unmatched,380,239,2,CA:227;AZ:3;TX:3;AL:2;NV:2;TN:1;SC:1,medium
549300SI3EZ7U02L5E39,,,,unmatched,331,224,2,NJ:135;NC:58;PA:6;VA:4;GA:3;CA:2;TN:2;MD:2;NV:2;SC:2,medium
549300PV2KIL739QYQ35,,,,unmatched,176,115,2,TX:95;CA:12;OK:2;NV:2;FL:2;NY:1;NM:1,medium
549300GIVX5W7UETD809,,,,unmatched,206,117,2,CA:99;AZ:7;NV:2;IL:2;FL:2;CO:2;NJ:1;OR:1;TX:1,medium
5493003T5D4N1CM46J77,,,,unmatched,2203,1591,2,WA:1432;OR:99;ID:27;AZ:20;CA:8;NV:2;MT:2;CO:1,medium
549300GG5XNEIGHQTG04,,,,unmatched,2609,1836,2,NE:1606;IA:200;KS:8;SD:7;FL:3;MN:2;NV:2;MO:2;OK:1;TX:1,medium
549300FVJ3IB88LTR841,,,,unmatched,2928,2196,2,MT:2183;ND:3;WY:3;AZ:3;NV:2;ID:1;SD:1,medium
549300Q4JBLTKDC7J303,,,,unmatched,183,74,2,TX:27;CA:7;NM:7;NY:5;PA:3;OH:3;MO:2;TN:2;NV:2;LA:2,low
549300337GB2P1WP7003,,,,unmatched,68,58,2,FL:14;GA:7;TX:6;NC:4;MD:4;SC:3;MO:3;NV:2;KY:2;VA:2,low
549300WOJCNL7B110W30,,,,unmatched,34,26,2,CA:24;NV:2,low
549300SWHFQY2F7RN335,,,,unmatched,31,20,2,CA:10;TX:6;KS:2;NV:2,low
549300TUQC6OYE8A0Y96,,,,unmatched,106,60,2,OR:32;CA:7;WA:6;AZ:6;NM:3;NV:2;ID:2;WI:1;TX:1,low
549300CM7HYHZ1MEJ624,,,,unmatched,365,330,2,UT:274;ID:32;MO:4;AZ:3;WY:3;CO:3;NV:2;CA:2;NC:1;GA:1,low
549300ZUF2EI6H23YK94,,,,unmatched,637,368,2,ID:355;UT:8;NV:2;SC:1;WA:1;WY:1,low
549300D0TGZMG03GNM36,,,,unmatched,2,2,2,NV:2,low
549300B0HNWBV7RX2661,,,,unmatched,2179,1205,1,CA:1191;AZ:3;WA:2;OR:2;GA:2;NV:1;CO:1;FL:1;ID:1;MS:1,high
5493001HBUA9JSUEWO16,,,,unmatched,663,529,1,SC:467;GA:40;NC:17;TN:1;NH:1;OH:1;NV:1;FL:1,high
549300A4ZI1DF2OO1B51,,,,unmatched,748,511,1,CA:497;AZ:9;OR:3;NV:1;WA:1,medium
5493004VB8XJ1L0EOO76,,,,unmatched,283,235,1,TN:203;MS:22;FL:4;SC:2;AL:1;NV:1;DC:1;GA:1,medium
254900SRWC0U4V5XQ024,,,,unmatched,297,178,1,CA:175;NC:1;NV:1;MT:1,medium
549300M0SDF90SCNIY89,,,,unmatched,232,149,1,CA:147;AZ:1;NV:1,medium
01KWVG908KE7RKPTNP46,,,,unmatched,1619,1059,1,WA:777;OR:132;CA:103;HI:22;AZ:11;ID:10;CO:2;NV:1;UT:1,medium
54930045J8O98TUGTW86,,,,unmatched,907,728,1,LA:609;TX:87;MS:14;FL:6;AL:6;AR:3;NV:1;MI:1;CO:1,medium
5493004KLDVVA608R237,,,,unmatched,98,77,1,TX:76;NV:1,medium
549300U37SC1LBUJFV92,,,,unmatched,96,67,1,FL:66;NV:1,medium
549300NTH6N72ZZNX948,,,,unmatched,74,66,1,CA:53;AZ:6;OR:2;ID:1;NV:1;NM:1;TX:1;WA:1,medium
549300LG07PXWSIMC813,,,,unmatched,7239,4909,1,MN:4135;WI:640;AZ:95;FL:37;NV:1;CO:1,medium
254900V9842QPBGIO804,,,,unmatched,2464,1551,1,MI:1493;IN:26;FL:10;IL:7;AR:3;TN:3;NC:2;NV:1;AL:1;WI:1,medium
549300KGMXCXMVC0BO47,,,,unmatched,954,699,1,VA:688;NC:5;WV:2;NJ:1;TN:1;SC:1;NV:1,medium
5493006P0JVBBAHVXV08,,,,unmatched,1175,897,1,WI:882;FL:3;MN:2;MI:1;AZ:1;TX:1;MO:1;SC:1;TN:1;NV:1,medium
5493003X0GM1DHJIWC22,,,,unmatched,984,772,1,IL:414;IA:318;WI:27;FL:3;MO:2;MI:2;TN:1;SC:1;AR:1;NV:1,medium
549300MUMD1WPCSXT518,,,,unmatched,1520,1284,1,KS:889;MO:326;OK:59;CO:2;AL:2;IL:2;TN:2;NV:1;CA:1,medium
254900N133DZGPB2X985,,,,unmatched,504,504,1,ID:376;WA:71;OR:39;MT:9;AZ:2;CA:2;KS:2;NV:1;OH:1;TX:1,medium
549300B8JSCK4ZNVX087,,,,unmatched,1197,708,1,AL:703;NC:1;MS:1;NV:1;FL:1;LA:1,medium
549300UQPFB0RR8JCA42,,,,unmatched,680,578,1,SD:433;ND:109;MN:21;AZ:4;IA:2;NE:2;CO:2;TN:1;NV:1;MI:1,medium
254900SUM1U8US3D2Z03,,,,unmatched,1268,739,1,ID:733;AZ:2;WA:1;OR:1;NV:1;MT:1,medium
549300M5KSPQD2HH1N54,,,,unmatched,60,50,1,CA:47;AZ:1;TX:1;NV:1,low
549300FFPMB9B7FHNR61,,,,unmatched,205,141,1,MD:93;VA:19;NC:7;PA:7;FL:4;DC:4;TX:2;SC:2;NV:1;GA:1,low
549300H68PK1CZUVUQ73,,,,unmatched,101,81,1,CT:48;NY:11;PA:7;VA:6;GA:3;FL:2;NJ:1;NV:1;SC:1;TN:1,low
K0ZDN2CBIQC0EHBKNK35,,,,unmatched,292,186,1,MO:111;NM:34;KS:17;CA:13;AZ:5;CO:2;TX:2;IL:1;NV:1,low
2549006HGDHH72X1BE36,,,,unmatched,130,114,1,WI:93;CA:12;IN:2;MI:2;WV:1;FL:1;IL:1;MA:1;NV:1,low
549300T1KLQQ7B84EZ41,,,,unmatched,206,168,1,LA:148;TX:8;AR:6;FL:4;NV:1;AL:1,low
549300W5A6PQ1VJG3497,,,,unmatched,470,346,1,MO:230;KS:95;SC:3;MI:2;TN:2;AR:2;FL:2;NV:1;MD:1;AL:1,low
549300FKWBMLIMGZ7Q40,,,,unmatched,353,241,1,MN:219;FL:4;WI:4;IN:3;CO:3;GA:2;TN:2;MT:1;ND:1;NV:1,low
549300FJHIE3T5GJRI39,,,,unmatched,227,109,1,UT:99;CA:7;AZ:1;NV:1;ID:1,low
5493009DQQ81725XIJ49,,,,unmatched,362,315,1,NE:299;AZ:3;CA:2;ID:2;OK:1;SD:1;NV:1;MO:1;IA:1;FL:1,low
54930040GLSEV5H11Q12,,,,unmatched,437,312,1,NE:195;CO:80;AZ:15;KS:7;IL:2;SD:2;UT:2;NV:1;TN:1;CA:1,low
549300BZTITCLMZ3TL46,,,,unmatched,443,382,1,NE:332;SD:37;MO:3;CO:3;WY:2;CA:1;IN:1;TX:1;NV:1;KS:1,low
549300ZL6THC5R7VUP98,,,,unmatched,273,116,1,OK:101;AZ:6;CO:3;FL:2;NV:1;UT:1;ID:1;AR:1,low
254900TSA1PSM0OS4798,,,,unmatched,122,114,1,OH:66;IN:42;MI:2;FL:2;NV:1;AZ:1,low
5493002OMAT2S3H4OF48,,,,unmatched,133,100,1,IL:89;WI:7;NV:1;FL:1;TN:1;AL:1,low
5493000BIR9N6Y5KFV24,,,,unmatched,542,381,1,IL:342;MO:34;VA:1;KY:1;FL:1;NV:1;WI:1,low
254900PJ63T7KFSHAV90,,,,unmatched,348,254,1,OH:250;NV:1;KY:1;IN:1;GA:1,low
254900TG3REX549BAZ53,,,,unmatched,189,141,1,UT:138;MO:1;NV:1;NC:1,low
549300SEW263WB5KWU64,,,,unmatched,19,16,1,OK:14;NV:1;TX:1,low
549300QRH7IX8IMYTC57,,,,unmatched,280,233,1,NE:218;IA:10;KS:1;MO:1;SD:1;NV:1;IL:1,low
54930019RBT2SM6CQS78,,,,unmatched,284,219,1,ND:166;WI:37;MN:8;SD:3;AZ:1;MI:1;NV:1;ID:1;UT:1,low
549300VZDEK4QLTWSL15,,,,unmatched,295,207,1,WA:206;NV:1,low
549300EJVZTLWGR61E96,,,,unmatched,164,128,1,MI:121;IL:2;OH:2;WI:1;NV:1;AZ:1,low
54930047C62INWFYCF40,,,,unmatched,116,35,1,AK:33;NV:1;MN:1,low
549300HW662MN1WU8550,,,,unmatched,576697,422119,0,CA:57281;FL:49897;TX:42285;MI:22015;AZ:19328;CO:18178;GA:17047;NC:13671;IL:11397;NY:11157,high
549300FGXN1K3HLB1R50,,,,unmatched,609400,429332,0,CA:42202;FL:31530;TX:30579;MI:22693;GA:21182;NC:18462;OH:16656;PA:16043;VA:14489;NY:13729,high
549300VZVN841I2ILS84,,,,unmatched,190472,125099,0,FL:11987;OH:11011;CA:9599;PA:8399;TX:7734;NJ:7558;IL:5600;NY:5429;AZ:4945;WA:4877,high
B4TYDEB6GKMZO031MB27,,,,unmatched,217492,88530,0,CA:17758;FL:7938;TX:6141;NJ:5136;NC:4880;NY:3897;MA:3551;GA:3440;WA:3420;IL:2889,high
RVDPPPGHCGZ40J4VQ731,,,,unmatched,193807,100816,0,CA:10749;FL:9704;TX:6849;GA:5272;PA:4488;VA:4338;NC:3751;AZ:3232;NJ:3144;OH:2964,high
7H6GLXDRUGQFU57RNE97,,,,unmatched,152415,94243,0,CA:14032;TX:9775;NY:9163;IL:8778;FL:6131;OH:4171;NJ:3325;MI:2995;AZ:2864;IN:2857,high
549300AG64NHILB7ZP05,,,,unmatched,155159,91730,0,CA:9983;TX:8535;FL:7460;NJ:4334;IL:4241;GA:4168;AZ:4138;NC:3969;OH:3505;SC:2670,high
DRMSV1Q0EKMEXLAU1P80,,,,unmatched,119620,68902,0,NY:11000;PA:10441;MA:10235;NJ:7208;OH:4732;RI:3762;MI:3697;NH:3194;CT:3030;FL:2297,high
5493003GQDUH26DNNH17,,,,unmatched,179597,80547,0,VA:9684;FL:8416;CA:6361;NC:5249;MD:5163;GA:5118;TX:4267;SC:2487;WA:2289;PA:2141,high
549300GKFNPRWNS0GF29,,,,unmatched,102677,70098,0,TX:10655;WA:5796;CA:4698;FL:4388;TN:3925;PA:2626;NH:2466;MA:2329;VA:2325;NJ:2257,high
549300DD5QQUHO6PCH70,,,,unmatched,178189,82764,0,TX:6918;FL:5506;NC:4769;VA:4500;GA:4139;OH:3302;TN:3178;IL:2965;MO:2901;PA:2643,high
549300U3721PJGQZYY68,,,,unmatched,129086,70579,0,IL:10217;CA:6248;NJ:4826;MA:4507;TX:3318;FL:3204;PA:3119;OH:2795;NC:2491;CO:2143,high
549300FNXYY540N23N64,,,,unmatched,187594,66567,0,CA:5772;FL:5643;TX:4793;NY:3123;NC:2787;WA:2702;GA:2480;OH:2258;VA:2175;PA:2124,high
549300LYRWPSYPK6S325,,,,unmatched,165453,69982,0,TX:5759;FL:5374;NC:4463;GA:3946;CA:3918;VA:3646;IN:2580;OH:2477;TN:2436;SC:2168,high
549300DD4R4SYK5RAQ92,,,,unmatched,81084,57781,0,NC:8138;WA:5559;VA:4339;FL:4122;PA:3902;SC:2978;GA:2388;TX:2367;TN:2207;CA:1690,high
AD6GFRVSDT01YPT1CS68,,,,unmatched,116536,61280,0,PA:11263;OH:6725;NJ:5755;IL:3711;FL:3475;MD:2948;TX:2930;MI:2885;IN:2802;CA:2688,high
549300E2UX99HKDBR481,,,,unmatched,140816,57460,0,TX:5508;CA:5105;GA:4063;FL:3881;IL:3581;MO:2619;PA:2148;MN:1842;WA:1680;NC:1619,high
6BYL5QZYBDK8S7L73M02,,,,unmatched,151786,74632,0,CA:16135;IL:4571;MN:4538;OH:3965;MO:3622;WA:3524;WI:2785;KY:2645;OR:2465;FL:2279,high
549300MGPZBLQDIL7538,,,,unmatched,103697,74450,0,TX:7468;AZ:4724;IL:4215;IN:3665;GA:3631;FL:3153;NC:2993;WI:2947;CA:2867;OH:2685,high
JJKC32MCHWDI71265Z06,,,,unmatched,83470,41001,0,NC:7920;VA:6374;FL:6117;GA:4837;MD:3245;SC:2178;PA:2152;TN:2014;TX:1260;KY:1026,high
KB1H1DSPRFMYMCUFXT09,,,,unmatched,76304,41562,0,CA:9616;NY:2733;FL:2670;TX:2647;NC:2302;NJ:1716;PA:1628;WA:1514;GA:1509;MN:1496,high
549300LBCBNR1OT00651,,,,unmatched,79599,52217,0,CA:4657;TX:3609;FL:3546;GA:2560;IL:1982;NC:1949;OH:1768;VA:1764;PA:1746;AZ:1744,high
254900DTLHVWQ7NP7R34,,,,unmatched,58895,40038,0,CA:8432;FL:4627;TX:3502;AZ:2579;UT:1917;IL:1746;CO:1646;MI:1407;WA:1253;GA:1055,high
549300PIL8LFAQ04XC20,,,,unmatched,108788,32174,0,CA:6742;FL:2675;AZ:1610;TX:1571;GA:1319;NJ:1279;NC:1116;WA:1086;VA:1024;CO:963,high
549300MZ8VZJOVC63092,,,,unmatched,45691,29401,0,CA:6409;TX:3781;FL:2662;UT:2249;GA:1421;OR:864;PA:782;WA:727;AZ:672;TN:597,high
EQTWLK1G7ODGC2MGLV11,,,,unmatched,68709,30269,0,FL:5826;AL:5523;TN:5322;GA:2869;MS:1886;LA:1282;TX:1252;MO:1188;IL:1168;AR:1129,high
254900UL88QFG0E40516,,,,unmatched,72355,33415,0,CA:5234;FL:2872;GA:1717;OH:1553;IL:1432;AZ:1416;NC:1212;NJ:1197;VA:1180;MI:1090,high
549300XQVJ1XBNFA5536,,,,unmatched,157783,28058,0,TX:6763;FL:2098;MI:1623;AL:1274;CA:1262;GA:1218;SC:1207;LA:1097;MS:1068;OK:888,high
5493006VAGP3GQ8FJT49,,,,unmatched,45169,25528,0,CA:3237;FL:2385;OH:1967;PA:1829;NC:1435;GA:1388;TX:1379;NJ:1139;MI:1128;MO:909,high
254900ZFWS2106HWPH46,,,,unmatched,34318,23410,0,CA:3975;FL:3741;TX:3136;NJ:1490;AZ:1127;GA:977;CO:741;WA:701;OH:688;OR:635,high
549300RPOGWJRH63HS39,,,,unmatched,51423,37767,0,OH:5380;MI:4118;TX:3238;FL:2495;IN:2257;NC:2127;PA:1934;IL:1655;TN:1404;KY:1069,high
WWB2V0FCW3A0EE3ZJN75,,,,unmatched,40592,23443,0,NY:7073;MD:3115;PA:3099;CT:2398;MA:1690;NJ:1501;VA:901;DE:767;VT:352;FL:342,high
549300121SF0K2LN2804,,,,unmatched,33320,24706,0,TX:6358;SC:1561;MO:1496;NY:1278;CA:1208;OH:1134;FL:931;PA:746;WA:716;AZ:610,high
L9VVX1KT5TFTKS0MLF66,,,,unmatched,21831,14381,0,NC:6984;SC:3577;CA:1383;VA:664;GA:442;FL:266;MA:197;TN:106;AZ:95;TX:92,high
E57ODZWZ7FF32TWEFA76,,,,unmatched,33959,15812,0,CA:5786;NY:3687;IL:1251;NJ:707;FL:565;TX:506;MD:400;WA:317;VA:311;DC:281,high
5493001WHVQBGRSWEU75,,,,unmatched,25005,17312,0,CA:3155;FL:2433;NY:1590;TX:1135;NJ:989;GA:669;AZ:590;VA:485;NC:461;CO:424,high
5493000YNV8IX4VD3X12,,,,unmatched,121666,19996,0,NC:2515;SC:2449;TX:2045;GA:1956;TN:1509;IN:1449;AL:1426;KY:1150;FL:844;OH:738,high
549300XWUSRVVOHPRY47,,,,unmatched,28287,16190,0,FL:2938;TX:2750;GA:2402;CA:1342;MN:915;NY:748;MI:631;KY:499;CO:448;TN:425,high
549300YIQ7S7Z8PIHE53,,,,unmatched,94427,24298,0,FL:1667;CA:1635;NC:1353;GA:1343;TX:1068;PA:997;OH:991;VA:957;NJ:888;IL:882,high
IUGPUX5LWRZ3B6KIZ697,,,,unmatched,18359,13184,0,GA:5627;SC:1857;FL:1846;VA:724;NC:634;CA:484;MD:455;TN:394;AL:363;IL:140,high
2549005SIVTHG14U2905,,,,unmatched,24436,14692,0,FL:5245;CA:1446;TX:1050;NY:948;IL:550;GA:471;AZ:471;NJ:453;PA:339;SC:296,high
549300KIOYNU323LVJ37,,,,unmatched,34217,24774,0,CA:3554;IL:2402;TX:1947;WA:1911;FL:1750;AZ:1562;GA:1405;OR:860;TN:854;OH:854,high
549300OPCWU6E72WUT29,,,,unmatched,41778,24192,0,CA:1845;FL:1510;NC:1387;OH:1270;IL:1245;TX:1178;GA:1042;AZ:855;VA:839;TN:821,high
549300O6Z0I6KYMESL47,,,,unmatched,19692,12091,0,CA:4633;FL:1634;TX:1476;GA:546;UT:295;NJ:281;AZ:251;VA:241;PA:236;IL:224,high
54930001NSTOD85LT125,,,,unmatched,24645,15934,0,CA:1539;FL:1458;PA:1342;NJ:1110;IL:970;TX:965;MA:816;MO:782;MN:709;OH:676,high
QFROUN1UWUYU0DVIWD51,,,,unmatched,75426,39534,0,OH:12389;MI:6106;IN:4817;IL:4111;FL:3553;KY:3150;NC:2216;TN:971;SC:863;GA:691,high
984500U2F9A83N391A91,,,,unmatched,18971,11067,0,FL:2262;CA:1367;TX:1262;NY:950;NJ:917;GA:409;AZ:367;PA:308;CT:294;NC:293,high
5493005PKOSG7MYX0B34,,,,unmatched,28926,20869,0,PA:2325;VA:2141;MN:1746;NC:1281;MD:1233;NJ:1060;GA:1024;CT:862;WI:782;AZ:775,high
549300JYXTZDSPJEPI44,,,,unmatched,23886,14594,0,TX:1897;FL:1239;NY:1222;CA:1056;PA:866;MN:713;MI:555;NC:515;IN:489;IL:475,high
549300RN01LBYR8ZVX74,,,,unmatched,29643,17905,0,TX:1752;FL:1721;OH:1641;SC:1492;IL:1191;CO:1189;NC:1047;GA:846;VA:635;MD:581,high
5493001GDRY0EL7VG372,,,,unmatched,20194,15382,0,TX:4151;KY:1179;CO:914;FL:795;CA:751;SC:545;TN:524;MI:399;GA:387;AZ:384,high
54930054ET8KM4O1D485,,,,unmatched,55546,16189,0,CA:1778;FL:1042;NC:865;TX:858;NJ:752;IL:709;GA:704;PA:668;OH:585;VA:529,high
549300NOCASXPA34X033,,,,unmatched,69562,16372,0,FL:1488;TX:1422;CA:1244;GA:829;AZ:635;NC:610;VA:600;CO:583;WA:518;TN:495,high
549300370QILXLFUWD20,,,,unmatched,20147,14357,0,TX:1648;FL:1590;CA:1176;GA:1124;NC:1090;CO:635;AZ:603;MI:599;OH:481;VA:436,high
549300XY701IELCE5Q08,,,,unmatched,45682,14567,0,CA:1786;TX:1143;FL:1004;GA:685;NC:664;NJ:658;CO:512;OK:493;WA:480;IL:476,high
5493008NWHQT1R22C024,,,,unmatched,22722,13125,0,FL:1724;CA:1554;VA:897;TX:880;NY:827;AZ:698;MI:616;GA:565;SC:484;IN:429,high
549300MCIFZSDHUT8X63,,,,unmatched,24275,18920,0,OH:3308;MD:2255;FL:2000;VA:1310;NC:1137;TX:1055;NJ:1051;AZ:897;WA:843;CO:659,high
54930021WPEXNHYZUL09,,,,unmatched,18947,14467,0,TX:1597;FL:1206;GA:1125;CA:1003;PA:597;LA:585;VA:490;NC:417;OH:417;ID:411,high
549300R9S3MVDV4MGF56,,,,unmatched,52143,15089,0,FL:1296;CA:1022;GA:873;TX:848;IN:732;NC:680;OH:675;NY:576;MI:570;TN:533,high
549300GS0W0TEUQS8571,,,,unmatched,14182,10740,0,CA:1957;FL:990;NY:947;TX:573;NJ:548;MA:449;CO:427;IL:381;WA:350;GA:322,high
549300VORTI31GZTJL53,,,,unmatched,18123,12305,0,TX:2136;FL:1187;IN:791;TN:697;WI:497;NC:467;GA:453;MN:448;PA:446;NY:375,high
549300CB67L6KPJLHE19,,,,unmatched,72633,14578,0,TX:2321;CA:1644;MI:1245;MS:1014;FL:774;LA:606;AL:587;PA:553;WA:550;OR:426,high
5493004AS1SPBQOFDR49,,,,unmatched,14858,8804,0,CA:2752;FL:1313;TX:1230;NJ:438;CO:244;AZ:210;NC:195;MI:195;VA:193;TN:172,high
54930043BMDE130FJ617,,,,unmatched,18818,12170,0,TX:1706;CA:1208;PA:892;NC:669;CO:657;UT:642;FL:632;GA:602;WA:580;AZ:578,high
549300SWKVL60SKWK981,,,,unmatched,11081,6476,0,PA:6367;MD:56;NJ:18;SC:5;NC:5;FL:5;DE:4;VA:4;WV:4;GA:1,high
549300K4ZLGS7SRDTL86,,,,unmatched,28384,12086,0,FL:1337;CA:1126;TX:988;GA:737;LA:646;AZ:508;NC:500;TN:491;OH:431;PA:425,high
549300KTR1JGH3K6LU06,,,,unmatched,17668,7240,0,NY:4085;CA:552;FL:358;NJ:336;GA:195;NC:136;CT:119;PA:113;IL:112;WA:111,high
549300FX7K8PTEQUU487,,,,unmatched,26508,11278,0,VA:1455;CA:1113;TX:1055;FL:972;MD:652;GA:541;NC:517;NJ:449;PA:338;AZ:290,high
549300RA3E0BUFO7YZ21,,,,unmatched,14901,7540,0,FL:1457;CA:1424;TX:795;NY:714;NJ:302;GA:259;NC:179;PA:177;AZ:172;TN:151,high
COOWI3L2W9TPYR3WJX37,,,,unmatched,13363,8447,0,TN:2513;LA:1305;FL:1045;TX:905;NC:690;AR:628;GA:426;AL:320;MS:167;MO:110,high
5493002B2WMHY23GFK92,,,,unmatched,15900,11444,0,FL:1201;TX:938;NC:727;AZ:557;MO:535;TN:529;SC:473;OH:451;CA:440;GA:433,high
549300S5YL3OH0IVCS62,,,,unmatched,12584,8696,0,CA:2527;FL:786;TX:524;AZ:401;NY:368;WA:337;CO:303;NJ:280;NC:254;GA:195,high
549300VCMRO4ST680C11,,,,unmatched,32888,10858,0,TX:1052;FL:935;CA:770;GA:706;NC:705;VA:580;MO:413;SC:382;OH:351;TN:349,high
549300FK3AFCFVAPH234,,,,unmatched,7697,6274,0,MA:4926;NH:248;CT:177;RI:124;FL:114;ME:60;CA:58;TX:53;NC:51;NJ:37,high
254900RUCO27MVGTO768,,,,unmatched,20166,9270,0,NY:1687;NJ:1215;IL:1106;OH:564;PA:540;FL:432;CT:324;GA:317;TX:281;IN:258,high
254900HA4DQWAE0W3342,,,,unmatched,15379,9160,0,TX:1692;GA:705;FL:619;CA:540;PA:524;IL:452;IN:431;OH:396;AL:335;TN:311,high
C5654JQHZUHN0772B561,,,,unmatched,26635,11693,0,TX:1101;FL:825;NC:681;GA:562;VA:488;TN:407;OH:397;PA:348;MO:340;SC:332,high
549300Y5Y88FQLI7VE83,,,,unmatched,14122,8066,0,FL:1549;CA:1010;TX:738;NC:355;GA:352;NJ:274;OH:265;PA:231;VA:205;IL:205,high
549300KHXD7JSQUZIJ22,,,,unmatched,9519,7038,0,TX:3092;NC:1185;AR:673;TN:487;WA:339;ID:193;FL:138;CO:126;MI:123;IN:91,high
549300R0SXC1JU7ZU290,,,,unmatched,13447,10308,0,TN:2461;OH:1167;MI:696;FL:575;GA:520;VA:503;AL:495;PA:402;KY:386;IN:376,high
X05BVSK68TQ7YTOSNR22,,,,unmatched,68974,9711,0,CA:813;FL:771;TX:649;IL:493;NY:467;GA:466;NJ:451;OH:397;PA:392;VA:317,high
54930049L5WINET09Q97,,,,unmatched,16126,10736,0,FL:2049;TX:1245;AZ:1032;OH:780;AR:515;MO:431;NC:399;TN:377;GA:377;NM:339,high
549300R77W0P105C3S50,,,,unmatched,14377,7980,0,CA:1332;FL:1325;TX:930;AZ:254;GA:254;OH:210;PA:201;NC:197;TN:196;AL:188,high
254900E6AIE4Z8YQM970,,,,unmatched,11513,6978,0,CA:1470;FL:1222;TX:651;NY:357;NJ:278;AZ:267;GA:252;HI:244;SC:197;NC:181,high
549300SK2GVCQXPD4S58,,,,unmatched,16278,8918,0,CA:1697;TX:1058;FL:658;AZ:538;GA:358;IL:304;PR:289;OH:247;NC:246;VA:245,high
5493005JPZ3LXXMB0S24,,,,unmatched,8168,6000,0,FL:2916;SC:805;AL:319;NC:313;TX:270;GA:262;KY:208;AZ:206;CA:130;IN:98,high
549300CDOC4F7XSRG390,,,,unmatched,8293,5548,0,TN:2808;NC:1222;SC:417;VA:248;AL:224;GA:200;FL:107;MD:82;KY:51;MS:51,high
549300KSOOZZVXCMA627,,,,unmatched,10229,6232,0,FL:1936;CA:979;TX:491;GA:268;SC:250;NC:246;VA:201;NJ:153;PA:147;AZ:137,high
549300YN94MOAVYW0F52,,,,unmatched,21298,9778,0,CA:1030;FL:819;TX:667;IN:664;AZ:631;OH:614;GA:475;NC:468;VA:353;TN:352,high
549300KJ8PAJ7E52HG32,,,,unmatched,20196,12504,0,FL:1839;SD:1570;AZ:1203;TX:1036;UT:934;CO:484;GA:407;MN:377;NE:357;CA:304,high
549300GTVXJ2PGXNLM73,,,,unmatched,12024,9307,0,TX:1195;FL:869;NC:762;OH:610;SC:592;KY:592;CT:447;VA:334;IL:302;AR:278,high
3Y4U8VZURTYWI1W2K376,,,,unmatched,35659,16529,0,IL:3906;CA:3818;WI:2970;IN:1029;AZ:962;CO:755;MN:487;MO:324;NE:297;FL:285,high
SS1TRMSN6BRNMOREEV51,,,,unmatched,19117,9656,0,MI:2677;TX:943;CA:934;FL:737;IN:410;NY:367;GA:351;AZ:303;OH:300;NJ:204,high
254900TTZ395IC926125,,,,unmatched,10564,7434,0,CA:2290;TX:605;OR:449;KS:368;FL:341;AZ:307;MA:268;CO:267;TN:243;MD:215,high
549300T94GSH3C4U5M59,,,,unmatched,14981,8359,0,CA:1937;IL:777;FL:679;WA:593;AZ:482;CO:385;OR:353;GA:331;NJ:280;VA:212,high
5493009B17HXCVXTD608,,,,unmatched,8061,5353,0,CA:1541;FL:1292;TX:353;AZ:252;NJ:208;IL:199;UT:153;GA:129;WA:129;CO:111,high
54930034MNPILHP25H80,,,,unmatched,11008,7952,0,TX:2178;OK:1547;SC:653;KS:533;AR:350;NJ:337;WV:337;MO:254;FL:223;NM:216,high
549300EKFFG3BU8DNX74,,,,unmatched,10644,5793,0,CA:1752;FL:672;TX:565;AZ:358;WA:190;GA:182;NJ:179;IL:168;PA:142;CO:119,high
2549001SI0EMFPT39035,,,,unmatched,10748,7401,0,FL:1568;WA:861;CA:706;OH:605;NJ:358;TX:357;GA:340;AZ:316;MI:262;AL:162,high
549300INFJ8TYNZ1G568,,,,unmatched,6522,6065,0,CA:1748;FL:485;TX:359;CO:314;WA:265;AZ:233;IL:200;NY:192;NJ:178;NC:172,high
PAOOWF3GUFM46FBSP561,,,,unmatched,20501,7655,0,CA:800;TX:669;FL:485;VA:355;GA:309;AL:289;AZ:265;NC:262;TN:247;CO:244,high
549300NWBS6MQJX15N44,,,,unmatched,7805,5717,0,CA:1262;TX:1171;GA:488;AZ:284;FL:275;WA:270;IL:229;PA:169;CO:168;MN:127,high
549300BX448ALT10FI43,,,,unmatched,20909,8296,0,IL:809;NY:620;NJ:552;VA:437;NC:413;OH:408;FL:397;PA:379;GA:356;CA:265,high
549300DMYENRV818D594,,,,unmatched,8506,6441,0,TX:1607;GA:638;TN:631;CO:511;MN:476;VA:456;MD:424;AR:355;FL:329;PA:299,high
549300CY7WNAHKHYSJ73,,,,unmatched,9635,7642,0,TX:2279;WA:1370;NC:910;CO:589;OK:429;ID:319;CA:261;AK:250;NM:227;MT:218,high
549300T9P3WXNMXX0I34,,,,unmatched,11998,8425,0,WI:1245;PA:1110;OH:1044;NC:765;FL:693;IL:563;IN:394;TN:333;VA:290;TX:224,high
549300CLRXFVF83ZL806,,,,unmatched,5839,3929,0,NY:2070;NJ:486;FL:463;PA:182;NC:102;MD:98;CT:83;OH:63;TX:57;GA:56,high
254900VELJPWWT51WN03,,,,unmatched,5625,4489,0,CA:1623;WA:364;TX:314;GA:307;MA:300;NC:289;NY:229;FL:142;NJ:123;OH:104,high
HUX2X73FUCYHUVH1BK78,,,,unmatched,15640,8717,0,NY:2485;OH:2071;WA:869;PA:597;IN:489;OR:470;CT:299;CO:227;ME:223;ID:180,high
549300SUCQ1358EGVE89,,,,unmatched,45543,8395,0,FL:805;NC:548;GA:542;OH:452;AL:393;VA:372;PA:367;SC:330;TN:325;MI:311,high
549300PBTV7FCWLSMM53,,,,unmatched,9758,6224,0,TX:1363;GA:446;CO:423;NC:404;FL:380;OK:315;CA:260;AL:227;MS:224;NM:223,high
549300R7HGHP2I754087,,,,unmatched,9404,7331,0,IL:1045;TX:784;FL:695;GA:640;AL:618;MI:430;SC:350;LA:296;NC:279;CO:224,high
5493003V40VGM7YDFM54,,,,unmatched,13160,8831,0,UT:2983;WI:802;CA:772;NJ:570;FL:427;ID:415;PA:374;TX:278;GA:253;TN:189,high
549300TA4MQM8WN2XG31,,,,unmatched,9454,5106,0,FL:504;PA:494;NJ:395;CA:388;TX:381;NY:356;IL:278;OH:277;MI:227;GA:185,high
549300Q50XCC0473FG63,,,,unmatched,10408,5048,0,CA:1243;NY:460;FL:389;NJ:308;AZ:246;WA:207;VA:171;NC:137;TN:136;IL:123,high
549300RFLICNI75BG067,,,,unmatched,12136,8416,0,MN:1356;NJ:1069;FL:686;CO:543;IN:517;KY:435;DE:277;WA:265;TX:244;SC:240,high
549300MHH03ICJYEPE85,,,,unmatched,8187,5120,0,CA:1040;FL:396;TX:315;NY:235;AZ:220;UT:193;MA:191;TN:179;CO:166;NC:147,high
54930052M48FOD3CWA54,,,,unmatched,13770,9570,0,MD:1466;NM:1071;RI:690;FL:582;NC:479;TX:475;CO:384;CA:363;UT:355;TN:283,high
KI0VI4JRMCIJ329YTN75,,,,unmatched,4576,3036,0,NJ:1659;NY:656;FL:507;AL:99;PA:40;CA:10;CT:10;SC:9;NC:9;IL:6,high
2WHM8VNJH63UN14OL754,,,,unmatched,90347,51203,0,OH:24819;MI:10932;IL:4352;IN:2547;PA:1812;MN:1707;WV:1148;KY:903;CO:675;WI:664,high
213800XR2TCBQJSF1X93,,,,unmatched,11823,6849,0,MO:523;TX:518;KS:430;FL:383;NC:354;WA:335;CA:313;GA:257;VA:252;IL:206,high
549300LROQOOQU77WS20,,,,unmatched,12661,5807,0,CA:537;TX:435;NC:318;WA:301;GA:291;FL:263;NJ:234;VA:233;CO:195;IL:189,high
549300ZPSJZO10ZAX556,,,,unmatched,9325,4494,0,FL:621;TX:462;CA:274;NY:256;OH:253;NC:214;GA:174;PA:172;SC:160;NJ:156,high
549300QKL5FUBZ8LSF50,,,,unmatched,8223,5926,0,OR:1427;CA:840;PA:570;WA:435;MA:314;FL:268;NJ:191;IL:190;TX:184;OH:183,high
549300DCGBXW5FJMV921,,,,unmatched,3255,3255,0,CA:2145;CO:168;TX:163;GA:124;WA:96;FL:94;IL:75;VA:60;MD:57;NJ:49,high
549300JPGMCMBEJEK584,,,,unmatched,8289,3877,0,MA:1769;NH:651;GA:184;NJ:153;CA:148;FL:94;TX:89;VA:64;IL:52;PA:51,high
2549002VH9C0PKB8K153,,,,unmatched,5687,3056,0,CA:933;NY:575;FL:388;NJ:317;TX:139;CT:89;PA:69;MA:49;GA:47;IL:45,high
Q708HHR4LD2B7XIZNO92,,,,unmatched,7944,4687,0,FL:899;GA:410;SC:336;NC:251;TX:177;WI:176;IL:163;MO:154;VA:147;MN:131,high
54930059GZZ7G4G40O53,,,,unmatched,3918,2858,0,TN:1004;NC:922;TX:376;VA:132;SC:117;FL:69;MN:42;AL:36;GA:21;MI:13,high
1IE8VN30JCEQV1H4R804,,,,unmatched,4645,3065,0,CA:1526;NY:538;WA:358;NJ:144;FL:134;TX:60;CT:37;MA:25;NC:24;IL:22,high
5493005DKMV1IHIM8E20,,,,unmatched,5671,3884,0,PA:1700;DE:1210;NJ:555;MD:64;FL:52;CA:47;NC:28;GA:26;VA:25;SC:18,high
2549004FXPNKCLIN8250,,,,unmatched,11752,8115,0,OH:1310;TX:1261;CA:797;LA:765;CO:652;WA:606;ID:550;OR:532;IL:348;MT:180,high
549300UT4EN6IH579Q63,,,,unmatched,4240,2872,0,TX:1923;FL:201;ID:103;WA:93;OH:82;GA:82;AZ:68;TN:66;CO:45;CA:44,high
549300PL267CW8182203,,,,unmatched,11290,4203,0,TX:477;FL:416;GA:412;CA:409;VA:330;AZ:273;CO:169;NC:157;TN:157;WA:110,high
549300A5HHOL2ED18C72,,,,unmatched,6706,3194,0,CA:1372;FL:389;TX:211;LA:85;WI:71;MD:62;OH:61;NC:58;MI:55;IL:55,high
254900CTT87ZKAUTIJ37,,,,unmatched,7767,4886,0,PA:577;OH:524;TX:373;FL:354;MD:352;CA:261;MI:219;GA:217;MO:208;OK:194,high
549300BLL6VL7AXWYP56,,,,unmatched,9652,6052,0,TN:627;TX:609;NE:513;MI:454;WA:351;ID:234;OR:219;OH:218;MD:194;CA:189,high
549300NFPC3Y4W3Y7R87,,,,unmatched,7552,4267,0,VA:747;TX:623;SC:342;NC:297;CA:292;GA:272;IN:240;NM:234;FL:225;MT:168,high
54930048P8RWCQHQM310,,,,unmatched,5439,3131,0,CA:504;NY:503;FL:380;TX:240;NJ:231;AZ:117;MA:110;CT:108;MD:89;CO:86,high
549300UXY7OP0IC38293,,,,unmatched,10377,6396,0,KY:1184;MI:572;FL:524;CO:486;MA:288;GA:219;TN:219;IN:218;UT:207;CA:205,high
549300R8VPSFM828B312,,,,unmatched,3894,2211,0,NY:1805;CA:177;FL:55;NJ:33;NC:19;PA:15;TX:13;WA:12;TN:11;AZ:9,high
549300VJQJVZKJBDWS17,,,,unmatched,9038,6553,0,CT:3299;MA:1361;NH:320;ME:313;FL:201;NY:185;RI:148;MD:119;PA:117;NJ:112,high
549300NJVKCDJA5YC939,,,,unmatched,5321,3783,0,GA:982;AZ:757;CA:454;MN:450;FL:310;CO:204;SC:183;TX:102;IA:98;NC:96,high
5493000349C5XXDRQX28,,,,unmatched,5151,2780,0,CA:928;FL:451;TX:246;AZ:169;NY:139;CO:101;PA:80;NJ:73;VA:64;WA:62,high
549300GWD9H4FQ2VR805,,,,unmatched,4480,3386,0,CA:552;FL:316;NY:308;TX:200;CO:163;NJ:139;WA:130;MA:124;NC:111;AZ:98,high
254900DRSIZBQXDCJ875,,,,unmatched,2409,2409,0,FL:590;CA:463;TX:382;GA:205;NC:175;TN:85;PA:70;VA:61;OH:53;MD:28,high
2549004Z576VEJBK3N72,,,,unmatched,4063,2542,0,FL:640;CA:361;NY:343;NJ:236;TX:128;GA:98;AZ:69;PA:63;IL:63;MA:60,high
549300AG10BX85DF5S49,,,,unmatched,6424,4978,0,IL:1069;CA:805;OK:712;NJ:554;WA:321;WI:169;TX:155;MA:150;DE:122;IA:90,high
549300PQLK8E48ILXV41,,,,unmatched,7850,4388,0,CA:533;FL:421;MI:227;TX:213;LA:192;AZ:190;MO:161;GA:156;NC:154;IL:149,high
549300UR5AOWTJJ7KZ64,,,,unmatched,5432,3529,0,FL:505;CA:468;TX:301;UT:146;AZ:133;GA:129;MA:119;SC:118;WA:111;IL:106,high
549300J6N77Q8OHYNF23,,,,unmatched,7828,5501,0,TX:419;CA:416;WA:388;NC:341;IL:291;MD:267;MO:214;NH:193;GA:188;MA:176,high
5493005ICQ3QGEIWV618,,,,unmatched,3357,2224,0,NY:956;NJ:297;PA:296;FL:157;TX:101;OH:52;CT:50;GA:42;SC:42;MI:24,high
549300M8WGW2D17CZD19,,,,unmatched,3467,2666,0,TX:1580;AZ:284;UT:203;FL:190;OK:172;GA:69;KS:42;SC:39;TN:17;CO:10,high
549300ALNLUNS3Y53T24,,,,unmatched,26611,5416,0,CO:1398;GA:491;TX:304;FL:274;OH:189;NC:168;CA:163;PA:147;IN:122;MI:111,high
54930025XJJO3T0M1A92,,,,unmatched,5373,2316,0,GA:1374;WA:128;FL:101;OR:90;MA:88;AZ:71;NJ:66;ID:44;SC:40;CO:39,high
5493001X0T84TYRJ5Y59,,,,unmatched,3372,2086,0,CA:1029;FL:372;TX:130;GA:83;WA:40;AZ:37;NC:36;MI:31;TN:27;OH:26,high
549300REENMLD2RN3W58,,,,unmatched,5575,4097,0,KY:757;GA:741;MS:426;AL:214;SC:204;IN:198;TX:153;FL:142;TN:90;CA:83,high
549300COIWXM618UBE82,,,,unmatched,2938,1925,0,NC:880;CA:506;TN:123;WA:69;VA:66;FL:59;SC:56;OR:40;AZ:34;GA:19,high
549300ZIQ24V0C88AC41,,,,unmatched,3616,2102,0,FL:933;CA:430;WA:89;TN:86;AZ:78;MD:69;OR:65;NC:59;GA:31;NJ:29,high
C398JSK21YCXWM603F55,,,,unmatched,11708,7752,0,IL:2719;WI:1224;CA:371;IA:328;FL:252;MN:237;MI:223;NY:179;TX:179;NC:174,high
549300PL8ER6H23P0Z91,,,,unmatched,6554,4443,0,WA:476;IL:470;CA:426;MD:368;TX:302;CO:257;VA:190;FL:180;OR:180;KY:166,high
549300GRGZDEH4ZGQS06,,,,unmatched,9623,7079,0,NM:2064;FL:832;OK:493;TX:430;VA:402;WI:395;AZ:386;ID:349;MO:235;MD:195,high
5493004F7BXDIUFVPV87,,,,unmatched,2660,1665,0,CA:1531;TX:20;WA:15;CO:13;AZ:12;NC:11;OR:10;MN:6;ID:4;OH:4,high
CKVBED0S4DMLKJJ5XH28,,,,unmatched,5127,4497,0,MO:1522;CA:364;FL:265;IL:150;TX:142;NY:138;NC:122;NJ:119;GA:115;CO:104,high
5493001XKL0FTNOJ0866,,,,unmatched,8198,5554,0,AZ:794;MO:589;FL:414;TX:386;IN:359;OH:291;GA:260;IL:215;LA:188;NM:163,high
5493007XAKU2Q6LGXD23,,,,unmatched,2217,1540,0,TX:1306;NC:135;TN:19;FL:12;SC:9;OH:9;VA:8;GA:7;CO:5;OK:5,high
54930030Z1JWTP3SVD16,,,,unmatched,5609,3061,0,FL:458;GA:334;CO:273;MI:253;OH:173;NC:169;TN:155;PA:126;IN:115;MO:94,high
54930078TNN7GKZ7NU89,,,,unmatched,3985,3063,0,VA:809;GA:678;MD:395;NC:215;FL:157;SC:110;TN:86;ND:80;AL:75;NY:62,high
5493000NYUJT9UC6G261,,,,unmatched,8132,5519,0,MO:1526;IL:660;FL:521;CA:395;KS:382;WA:233;AL:224;IN:223;ME:215;GA:191,high
5493004RLLKTQS8K7U51,,,,unmatched,3878,2099,0,TX:639;FL:282;OK:185;NC:127;IL:104;AZ:96;NY:78;CA:78;NJ:51;MA:42,high
549300Q3ROEQU3D1IW91,,,,unmatched,19804,2630,0,TX:464;CA:453;AZ:321;FL:160;WA:152;PA:125;NY:122;LA:114;OR:112;OK:54,high
254900LTD432L5CHIZ48,,,,unmatched,3885,1963,0,CA:920;FL:228;MN:130;VA:101;TX:100;GA:64;AZ:51;OH:48;NJ:39;MD:33,high
254900WTZC5SSKIN2M11,,,,unmatched,4245,2709,0,NC:235;IL:187;TX:181;GA:169;MD:143;FL:142;CA:124;CT:119;SC:111;MA:107,high
549300IFOE4SCP384147,,,,unmatched,2997,2426,0,FL:1083;MI:505;IN:245;CA:67;NC:57;GA:47;TN:44;SC:43;AL:27;AZ:25,high
549300DPRWSBUY619V27,,,,unmatched,4871,3125,0,AR:986;TN:773;TX:559;MO:461;OK:237;KS:56;MS:18;KY:7;IL:4;GA:4,high
549300LI3FDGO7UKFF39,,,,unmatched,2628,1602,0,NY:808;NJ:146;SC:102;FL:97;PA:93;OH:83;CT:53;MD:28;GA:24;VA:22,high
254900FBWEZ3YUPOBN33,,,,unmatched,3876,2305,0,FL:269;NC:262;VA:149;SC:137;GA:131;TN:130;TX:120;OH:114;PA:108;IN:101,high
549300Q02LGIN9AXKP98,,,,unmatched,6401,4168,0,OR:1545;WA:857;CA:824;CO:174;AZ:110;TX:97;ID:92;FL:66;GA:63;NC:48,high
254900RM3T6WAVE6SA24,,,,unmatched,2446,1847,0,TX:892;NC:100;AZ:97;LA:86;FL:84;CO:83;OK:74;IL:55;GA:54;CA:36,high
54930039IUN6515TBG78,,,,unmatched,2090,1504,0,GA:517;NY:292;TX:167;CO:153;NJ:103;CA:52;FL:47;KS:32;AZ:31;IL:17,high
FU7RSW4CQQY98A2O7J66,,,,unmatched,11003,5995,0,OK:2384;TX:1139;CO:853;NM:772;AZ:237;KS:200;MO:147;AR:125;FL:16;OH:13,high
549300RYTR2RVL4SFJ90,,,,unmatched,3013,1893,0,TX:242;FL:241;NC:142;NJ:131;GA:121;MO:113;HI:95;PA:72;CA:65;OH:62,high
549300AT7EB9FJAF0E61,,,,unmatched,16759,10956,0,IN:2746;IL:2207;MN:1877;MI:1211;TN:999;WI:824;KY:489;ND:135;FL:59;IA:55,high
254900NZOY3XB2DNSZ34,,,,unmatched,2542,1799,0,CA:437;NJ:170;FL:130;MA:120;NY:99;WA:95;IL:89;CT:63;GA:61;PA:51,high
254900TM81D0YC1B9584,,,,unmatched,1400,1247,0,NY:576;PA:215;GA:204;NJ:60;FL:35;CT:31;TX:29;AL:22;VA:21;NC:14,high
549300ZZME37MXI1EF14,,,,unmatched,9985,7562,0,MO:3201;OH:849;TX:571;MD:440;MI:357;IL:283;AR:269;WA:192;KY:166;ME:116,high
GDN5JXQ4P5NZE28ZRC90,,,,unmatched,1807,1198,0,FL:788;GA:292;AL:39;NY:14;NC:11;SC:9;OH:9;CO:5;TN:5;CA:5,high
5493006JISETNI0GLE61,,,,unmatched,5427,3693,0,TN:786;OH:706;IN:518;KY:489;TX:312;KS:174;IA:150;NE:149;SD:91;CO:63,high
549300VVH8HHFMWL8536,,,,unmatched,2187,1457,0,TX:529;CA:513;LA:62;CO:52;MS:51;AL:25;FL:25;UT:24;AZ:17;OR:13,high
549300XQ7B5FIVUNFE29,,,,unmatched,3603,2428,0,FL:652;MI:441;OH:213;TN:202;IN:187;NC:112;ID:109;NM:104;UT:84;TX:54,high
5493006KQF5UKZ3Y9N07,,,,unmatched,1564,1212,0,TX:1094;AZ:46;OH:17;NM:13;MI:8;FL:6;GA:3;OK:3;AR:3;WA:3,high
5493002TJKC8NLH1ZP82,,,,unmatched,2827,1694,0,CA:792;AZ:166;FL:144;UT:99;TX:54;WA:49;GA:43;AL:36;MO:33;VA:31,high
549300W45D2J6BT4LX65,,,,unmatched,1745,1727,0,FL:260;CA:195;TX:184;NJ:175;MD:150;VA:124;GA:65;NC:63;AZ:51;SC:46,high
ZXMJHJK466PBZTM5F379,,,,unmatched,2077,1712,0,FL:298;TX:142;CA:122;NC:99;NY:75;CO:74;TN:69;GA:58;SC:54;NJ:49,high
2549004XJQQPBYQSMT39,,,,unmatched,2114,1190,0,NY:550;NJ:112;FL:108;CA:87;TX:50;CT:31;MA:29;PA:25;GA:20;IL:17,high
549300P55E0GN57DEV03,,,,unmatched,1751,1089,0,CA:569;TX:154;FL:150;GA:95;MD:51;VA:29;AZ:13;IL:9;NC:4;TN:3,high
635400IW1QMK3FNFF894,,,,unmatched,3346,2560,0,MD:838;PA:652;DE:640;NJ:226;VA:47;FL:31;NC:22;SC:11;IN:11;GA:10,high
549300S8SHBRCI7UU819,,,,unmatched,5563,3223,0,IL:917;MN:494;CA:229;FL:150;WI:118;NC:115;OH:89;GA:88;IN:76;TN:75,high
54930080168VA6Z8UX21,,,,unmatched,5952,3617,0,MD:1696;VA:681;NJ:223;PA:190;NC:101;FL:91;SC:87;DC:67;DE:61;GA:60,high
549300HCNXMTNGIMAR91,,,,unmatched,2158,1493,0,VA:309;NY:244;NJ:232;MA:167;MD:111;NC:67;GA:44;CA:41;DC:35;FL:34,high
549300OYEKEORA1GI088,,,,unmatched,1899,1460,0,NC:659;OR:133;KY:127;MT:93;TX:92;SC:80;VA:74;TN:27;FL:27;WA:21,high
549300G5DVGM0ZHRQC33,,,,unmatched,2652,1784,0,TX:185;FL:151;NC:141;GA:106;AZ:103;VA:102;CA:98;OH:89;SC:68;MI:63,high
549300BM4NS8HDJT3X28,,,,unmatched,3351,2646,0,VA:1359;NC:400;WV:210;SC:180;MD:171;TN:111;DC:61;FL:49;GA:46;PA:13,high
254900V6GCDMRQZ34D96,,,,unmatched,1778,987,0,CA:302;FL:217;NY:176;NJ:67;TX:30;AZ:26;PA:22;MA:18;CO:14;CT:14,high
2549005K0ZG1MFV3R260,,,,unmatched,1778,913,0,FL:644;TX:61;CA:44;NJ:38;GA:33;NC:11;SC:9;NY:8;TN:7;IL:7,high
549300ISCZS1R0CJMO47,,,,unmatched,2117,1726,0,TX:255;NC:107;FL:104;GA:77;TN:70;MI:69;PA:67;SC:66;MO:58;IL:55,high
549300RM1IZYGQDSNL85,,,,unmatched,6074,1623,0,FL:206;TX:167;TN:152;CO:123;KY:69;NC:60;OH:60;NY:56;MI:52;ID:52,high
549300F570XAWYN8Z237,,,,unmatched,1277,884,0,NY:494;CA:111;NJ:71;HI:56;WA:18;GA:16;PA:14;CT:14;TX:13;OH:12,high
549300LZUXCJFE5ONM48,,,,unmatched,1795,1369,0,CA:317;TX:110;FL:98;WA:72;AZ:68;UT:60;SC:53;GA:53;CO:50;OR:46,high
5493000IIYWBLONJVJ30,,,,unmatched,2370,1430,0,CA:173;TX:112;FL:91;NC:78;WA:59;MI:55;GA:50;IL:48;MN:48;PA:46,high
5493003B2LEGQHDWRN55,,,,unmatched,1477,885,0,MA:652;NH:72;VA:35;CT:17;RI:14;ME:12;MD:10;NJ:9;CA:9;FL:8,high
549300WYBPIWKK6SQC06,,,,unmatched,14525,11534,0,MN:6525;AZ:1256;WI:1031;ND:674;FL:407;MO:405;NM:397;KS:352;TN:190;CO:39,high
25490018IFQOT83Q7H49,,,,unmatched,2239,1623,0,OR:329;OH:275;PA:174;SC:161;CA:98;FL:90;MN:84;TX:56;WI:43;NC:34,high
2549008TT6UNYR7AXF54,,,,unmatched,5231,3566,0,WA:697;CO:538;TX:487;NM:349;OR:322;AZ:282;ID:262;KS:218;CA:113;MI:91,high
KD3XUN7C6T14HNAYLU02,,,,unmatched,1637,1015,0,CA:220;NY:91;FL:83;TX:82;IL:62;MA:49;CO:33;UT:31;WA:30;NJ:25,high
549300BOXNV8VLRBDT24,,,,unmatched,2879,1363,0,CA:220;TX:86;NC:59;AZ:58;FL:51;GA:45;WA:44;TN:44;IL:41;OH:40,high
5493003BXKRGHQHRJV38,,,,unmatched,1170,684,0,FL:375;GA:200;MD:24;VA:16;NC:14;MA:11;AZ:5;TX:5;TN:4;AL:4,high
5493006RIR31ORKYB608,,,,unmatched,2057,1534,0,CA:395;IA:166;AL:152;TX:133;LA:90;MS:82;AR:56;MN:47;OH:43;WA:37,high
9845005BP6974AE5D838,,,,unmatched,1655,741,0,CA:201;FL:130;TX:78;GA:43;TN:37;PA:32;SC:25;WA:25;NC:20;VA:14,high
549300ZIXM1VUXPG4D03,,,,unmatched,1269,891,0,TX:329;MN:145;FL:102;CA:88;ND:30;PA:28;IL:27;OH:17;KY:17;AL:13,high
549300ZCR1XCLNEEI724,,,,unmatched,2116,777,0,CA:191;FL:131;TX:73;NY:59;OH:34;NJ:31;PA:23;WA:23;IL:21;AZ:18,high
549300KQHWNSVCE2MY88,,,,unmatched,1746,1219,0,TX:125;TN:91;NC:65;CA:58;GA:53;IN:53;FL:49;MN:47;OH:46;VA:46,high
254900I68BOSEM149Q58,,,,unmatched,1048,720,0,TX:354;NC:85;CA:49;UT:39;AZ:29;VA:26;FL:21;IN:14;MD:11;MO:11,high
549300TK6RZQSFXZHV09,,,,unmatched,2683,1473,0,MI:532;FL:157;PA:110;CA:108;NC:75;OH:68;AZ:54;IN:38;MD:34;TX:32,high
549300UF3FPC7U6RFC59,,,,unmatched,10804,7285,0,MO:4768;CO:733;OK:544;KS:353;NC:269;AR:104;FL:91;IL:68;IA:46;TX:35,high
COINQMNIM6RBU631DD85,,,,unmatched,20365,13363,0,AR:6555;OK:3409;MO:2139;KS:735;TX:71;FL:46;CA:32;IN:27;TN:26;NC:26,high
S0Q3AHZRL5K6VQE35M07,,,,unmatched,8529,5621,0,IN:3248;MI:1861;OH:327;IL:50;FL:50;AZ:10;TN:8;SC:8;GA:6;NC:6,high
5493007L4GYNO2PUBS09,,,,unmatched,3256,1295,0,MI:318;TX:156;GA:146;IL:110;IN:109;WA:89;PA:65;FL:44;NJ:35;OR:29,medium
5493007CLWQN2S6IZK91,,,,unmatched,2313,1339,0,VA:128;TX:115;KS:88;MO:71;NC:67;FL:61;AZ:59;GA:55;CA:48;MD:46,medium
984500CD6F0743B8F530,,,,unmatched,1261,998,0,GA:124;OH:116;PA:74;FL:61;IN:50;TN:49;NC:48;IL:42;VA:37;MI:32,medium
549300GQDT484LGI9C04,,,,unmatched,6972,609,0,CA:130;FL:89;TX:80;VA:58;NJ:52;AZ:45;NC:40;WA:31;MD:11;OH:10,medium
549300LLESTPOVRG3X73,,,,unmatched,2569,1100,0,KS:151;CA:88;WA:78;MO:67;TX:55;FL:49;NC:47;CO:45;NY:40;IL:33,medium
254900P7WLDQD9IUL038,,,,unmatched,3882,2074,0,NH:1321;MA:184;ME:126;FL:43;GA:41;VT:36;NC:32;CA:29;VA:25;WA:24,medium
254900YA1AQXNM8QVZ06,,,,unmatched,951,767,0,CA:85;TX:59;FL:56;IL:34;NY:34;GA:32;WI:32;WA:31;NC:29;TN:27,medium
549300YPBBHUEKV1YC68,,,,unmatched,1114,706,0,TX:159;SC:64;FL:61;VA:51;MO:40;AZ:34;CA:32;GA:30;AK:22;OH:21,medium
549300WH9FMXOC63ZV77,,,,unmatched,478,419,0,CA:169;NY:98;FL:66;NJ:27;MD:11;TX:8;WA:8;CO:7;OR:6;VA:5,medium
984500P059VACEAAFA22,,,,unmatched,1434,875,0,IL:170;TX:127;NC:111;MD:62;IN:47;CA:38;WI:32;OH:30;FL:28;GA:24,medium
4EP6JBYBTPTQ47LZOB67,,,,unmatched,665,527,0,CA:66;FL:59;MA:51;NY:40;GA:27;NC:22;CO:21;TX:20;SC:18;VA:15,medium
549300SY0ZRUCS4CSY07,,,,unmatched,1017,654,0,VA:128;MD:116;NY:86;NJ:63;CA:40;PA:33;DC:30;GA:25;CT:21;FL:21,medium
6UHRKD73G36IZYN3FC43,,,,unmatched,393,328,0,PA:231;NY:63;NJ:11;DE:5;CA:4;FL:4;SC:2;IL:2;MT:1;NC:1,medium
254900378RFGMBEKAF12,,,,unmatched,3556,2166,0,IA:720;IL:309;ME:257;WI:132;NC:109;MO:52;KS:50;ND:41;GA:38;TX:37,medium
5493009D2COWW65B8673,,,,unmatched,1133,518,0,CA:250;MD:75;FL:37;IL:22;UT:21;VA:17;AZ:15;CO:9;TX:7;AL:6,medium
549300T61O0X0RJMQ375,,,,unmatched,1117,647,0,CA:55;KS:50;MO:49;TX:47;WA:43;FL:41;NJ:39;NC:32;VA:28;IL:23,medium
XC7Z0BA39TU7L1AKOJ12,,,,unmatched,4458,2588,0,IL:2072;FL:246;WI:139;IN:23;CA:16;GA:10;AZ:9;CO:9;MI:9;MN:9,medium
549300HVW3AI97UKTO72,,,,unmatched,5116,3362,0,MN:2594;WI:213;FL:118;MI:65;GA:64;AZ:32;WA:29;CA:25;TN:25;NC:24,medium
549300YD7XJM19TH5O82,,,,unmatched,4999,3231,0,IL:2769;CA:124;TX:42;TN:38;FL:31;NC:25;IN:24;MO:24;AZ:18;GA:16,medium
549300PXIFIEPL7D7R86,,,,unmatched,659,447,0,TN:123;NJ:66;TX:40;IL:29;IN:21;FL:19;CO:16;OH:13;GA:13;MS:9,medium
549300OSZK2W0WJYS771,,,,unmatched,2063,1248,0,VA:766;MD:112;FL:91;NC:62;SC:32;GA:21;PA:20;WV:19;DC:14;TN:14,medium
549300INKSPQCTELMO58,,,,unmatched,3309,2598,0,MN:1395;SD:229;TX:149;ND:136;WI:119;AZ:105;FL:79;CO:72;IA:55;AL:46,medium
549300ASFUWYQO0RW077,,,,unmatched,547,420,0,NY:51;TX:49;FL:40;NJ:31;NC:26;PA:21;SC:19;GA:17;OH:16;CT:16,medium
549300I1HK1BBZLKOB84,,,,unmatched,647,455,0,TX:111;CA:55;LA:39;FL:30;NY:27;NJ:17;WA:17;AZ:13;CO:11;CT:11,medium
549300GY4NTTEM7WWB64,,,,unmatched,816,529,0,AR:175;FL:79;GA:41;MS:38;NC:35;TX:28;PA:21;TN:20;VA:20;AL:14,medium
549300K6K2IS7FRS7S09,,,,unmatched,980,644,0,MO:70;VA:59;FL:46;TX:42;AK:37;CA:31;NC:31;AZ:21;GA:20;MI:20,medium
549300WRDGBHKR1BXL98,,,,unmatched,1383,1014,0,IN:369;MA:146;OH:100;IL:93;MO:82;LA:49;FL:23;TX:13;NY:10;GA:10,medium
549300JRDGV1559XM376,,,,unmatched,1517,904,0,NE:217;AZ:92;ID:85;TX:59;TN:59;CO:55;IL:53;IA:48;UT:47;CA:45,medium
5493008SP1FN4D81IS17,,,,unmatched,453,359,0,TX:79;CA:49;NC:30;FL:19;WA:17;AZ:13;IL:11;VA:10;NJ:10;OH:9,medium
VNOO6EITDJ2YUEBMSZ83,,,,unmatched,4454,2686,0,MO:808;KS:496;CO:407;AZ:328;IL:104;TX:102;NM:97;WI:83;IA:55;CA:52,medium
549300AENO88GEUWCZ39,,,,unmatched,1280,846,0,MN:142;IN:65;CO:58;FL:56;CA:52;OK:39;KY:36;TX:34;DE:27;WI:26,medium
549300XAHXRVSRML8V19,,,,unmatched,513,407,0,TX:135;UT:109;CO:68;CA:28;FL:17;AZ:8;VA:7;MD:7;NC:6;SC:5,medium
254900EZRN0CBEP77K34,,,,unmatched,1167,563,0,VA:170;MD:86;DC:38;CA:31;FL:18;NC:17;TX:15;IL:15;SC:14;GA:12,medium
549300JGMQJ4R419LR70,,,,unmatched,516,402,0,TX:45;CA:44;OH:29;IL:28;FL:19;PA:18;WA:15;NY:15;AL:14;MI:13,medium
549300AOB4S7B0DB7863,,,,unmatched,771,425,0,VA:93;MD:71;FL:54;WV:29;NJ:20;GA:20;CA:18;DC:17;TX:16;NC:15,medium
549300F6Y1YO2YXN6135,,,,unmatched,306,297,0,CA:44;TX:32;FL:24;AZ:19;MA:18;WA:16;GA:15;TN:14;CO:13;IL:12,medium
2549007AU24FVDMNUB40,,,,unmatched,2422,749,0,WI:262;IL:72;MN:69;CA:43;GA:29;FL:25;IN:19;NC:19;OH:19;CO:16,medium
549300KX6E1IE2LM5E30,,,,unmatched,474,326,0,CA:90;WA:60;FL:35;AZ:19;CO:18;GA:15;OR:11;TX:10;MN:6;PA:6,medium
5493007Z7FTUKQGFMZ98,,,,unmatched,436,294,0,TX:44;NY:30;GA:28;IL:17;WA:13;FL:12;NJ:11;NC:11;PA:10;CO:9,medium
WKN6AF1FCL7BBYGTGI83,,,,unmatched,1283,714,0,IN:316;FL:34;CA:31;GA:24;NC:22;TN:20;MO:20;IL:17;MI:16;AZ:16,medium
549300TULDV69V2XKY60,,,,unmatched,524,343,0,VA:70;CA:55;MD:52;DC:21;FL:21;AZ:13;NC:12;PA:11;GA:11;NJ:8,medium
FDXQ75GPEQKRPWABYN63,,,,unmatched,750,541,0,IL:243;FL:49;WI:41;CA:36;MO:24;MI:18;TX:15;GA:11;AZ:10;MA:10,medium
6PTKHDJ8HDUF78PFWH30,,,,unmatched,338,289,0,FL:55;IL:43;CA:35;TX:20;CO:17;WI:14;GA:8;NJ:7;WA:6;UT:6,medium
5493005JF6BKCN6OY689,,,,unmatched,227,193,0,FL:107;AZ:24;SC:19;TX:10;GA:4;OH:3;MI:3;VA:3;NJ:2;NY:2,medium
549300DH8EI64ITBY388,,,,unmatched,315,271,0,CA:26;TX:25;NC:17;CT:16;PA:16;VA:13;NY:13;IL:12;WA:12;SC:11,medium
549300TTPRGSP8DGY569,,,,unmatched,696,471,0,VA:134;MD:113;DC:55;CA:20;FL:14;NC:11;NJ:10;PA:8;OK:8;WV:8,medium
549300X08QKYUH256I80,,,,unmatched,265,240,0,GA:77;TX:38;OK:29;NM:21;AZ:19;FL:14;AL:7;WA:6;CA:5;TN:5,medium
549300C04BJ0G297NC13,,,,unmatched,556,268,0,TX:26;FL:21;CA:18;PA:16;NC:15;IL:15;NY:13;NJ:10;IN:8;CO:8,medium
549300YDBNK66R6ZES34,,,,unmatched,2287,1508,0,MO:1183;IL:91;FL:43;OH:33;TX:23;GA:18;CA:17;CO:14;NY:12;VA:12,medium
2549008LUH7QKMXQ8N53,,,,unmatched,1648,1140,0,IL:297;MO:278;IA:176;PA:97;IN:76;CO:43;MT:31;TX:25;MN:21;AR:17,medium
549300WKFR15017V9850,,,,unmatched,1615,1165,0,CO:516;MN:197;MO:171;CA:99;ME:66;WA:23;KS:16;FL:14;WI:8;AZ:7,medium
5493004K0Z4RFJSPYT52,,,,unmatched,2990,2266,0,IL:1999;WI:75;FL:38;IN:19;GA:16;NC:14;CA:13;PA:12;TN:12;TX:12,medium
549300IBT3SCF2K09D58,,,,unmatched,290,261,0,CA:34;WA:18;GA:16;MN:15;TX:15;OR:13;FL:13;AZ:12;PA:10;NC:10,medium
549300NWKILSNQAIG053,,,,unmatched,2133,1205,0,VA:606;UT:469;NC:45;TX:38;FL:7;GA:7;AZ:5;TN:3;OH:3;WV:2,medium
549300SQKZC6HESYGO25,,,,unmatched,736,258,0,CA:27;VA:24;FL:15;IL:15;NJ:12;NC:11;AZ:10;PA:9;NY:9;OH:8,medium
549300DRA4BDXW23LD45,,,,unmatched,2210,1609,0,MN:624;WI:301;IL:93;MT:72;IN:54;IA:47;NE:45;OH:42;OK:40;SD:29,medium
549300NZWZUYUWEOA562,,,,unmatched,1994,1409,0,IN:1212;FL:24;CO:18;NC:16;IL:14;MI:13;GA:10;VA:8;MD:7;TX:7,medium
549300RFPLMCMJL7BS81,,,,unmatched,268,246,0,OH:48;KY:18;NC:17;GA:15;MN:14;CA:14;MI:14;IN:12;TX:10;AL:8,medium
549300KR4ZW8KJC82O47,,,,unmatched,529,433,0,KS:224;MO:42;TX:27;AK:15;TN:13;FL:11;CO:8;MS:6;VA:6;NC:6,medium
549300AEULLVYD8L9B04,,,,unmatched,166,155,0,OH:17;NY:15;CA:15;VA:10;PA:9;TX:8;NJ:8;GA:8;IL:8;AZ:6,medium
7DMUJTL9FFTVIAG9H788,,,,unmatched,7326,3789,0,MO:2488;KS:751;IL:194;CO:161;OK:45;TX:23;FL:22;AZ:13;AR:13;CA:12,medium
254900KI7219LQKCI772,,,,unmatched,1254,974,0,CO:694;WY:105;TX:24;AZ:18;CA:17;MT:10;FL:8;OH:7;ID:7;NC:6,medium
254900IU2EZH8TXNXE23,,,,unmatched,114,95,0,NY:41;TX:9;FL:8;CA:6;NJ:6;MD:3;MO:3;OH:3;IL:3;CT:1,medium
549300AV8QD552DSI743,,,,unmatched,163,136,0,TX:29;CA:10;NY:8;MN:8;AZ:8;WA:8;PA:6;IL:5;OH:4;KS:4,medium
B2S31CFVSWTN3FR00Q90,,,,unmatched,94,93,0,NJ:13;FL:12;CA:9;MI:6;IL:5;TX:5;NY:4;CO:4;GA:3;WA:3,medium
549300VBY3NBKUNMKL64,,,,unmatched,890,420,0,OH:296;AL:32;IN:30;CA:21;NC:15;SC:8;GA:4;TX:3;FL:2;MO:2,medium
549300LP0CV2MNC1GV68,,,,unmatched,532,390,0,KS:134;MO:88;CO:39;AZ:24;GA:20;TX:10;WA:6;VA:6;TN:6;NM:5,medium
549300KUIZTYQRC0R888,,,,unmatched,376,232,0,MN:97;IA:27;TX:12;SD:10;FL:9;NY:6;AZ:6;GA:5;WI:4;PA:4,medium
38CFVD4YYFWD1FV7IM34,,,,unmatched,3208,2762,0,WI:2279;MI:393;MN:29;FL:19;AZ:9;IL:7;SC:5;TN:4;NC:3;VA:2,medium
5493000F6NFDOVVZP043,,,,unmatched,1592,1350,0,IL:1147;WI:134;FL:12;MO:9;GA:8;NC:4;NE:3;TN:3;SC:3;IN:3,medium
254900DNPJINSUKFZ002,,,,unmatched,1838,1299,0,IN:1104;MI:84;AZ:40;IL:17;CA:11;TX:6;FL:5;OH:3;DE:3;MO:3,medium
549300RBJCM5B02O5U05,,,,unmatched,2585,2079,0,IA:1743;NE:222;MN:29;SD:24;AZ:11;FL:10;CO:5;MO:5;IL:4;KS:4,medium
5493002LPXKMOZNXUY90,,,,unmatched,2224,1830,0,ND:941;SD:503;MN:202;AZ:124;IA:12;NE:10;FL:5;KS:4;TX:4;NC:2,medium
254900FFZUXK3B729T97,,,,unmatched,1041,839,0,UT:775;ID:14;AZ:13;CA:8;MO:4;CO:3;VA:3;TX:3;FL:2;SC:2,medium
549300AUFLERO59VGC71,,,,unmatched,635,556,0,WI:314;IL:219;FL:7;TN:4;SC:3;NC:2;MN:1;IN:1;IA:1;OR:1,medium
549300GS6ONO04ORI292,,,,unmatched,917,584,0,ID:356;OR:136;WA:44;MT:12;CA:4;FL:4;AL:2;TX:2;AK:2;CO:2,medium
549300P2GEYNMH5OQA71,,,,unmatched,2193,1422,0,WA:972;ID:289;OR:111;AZ:15;CA:9;MI:4;MT:3;MO:2;FL:2;UT:2,medium
549300E3X7YDJIUENL65,,,,unmatched,1003,605,0,IL:568;IN:12;FL:7;MO:3;WI:3;SC:2;TX:2;NC:1;AZ:1;KY:1,medium
R6KJ2D7C3UT8OVTWHS39,,,,unmatched,1996,1487,0,NE:1373;KS:35;IA:19;MO:18;CO:13;AZ:6;MN:3;TX:3;SD:3;IN:2,medium
549300U82B82JH54TO79,,,,unmatched,1345,1120,0,NE:1077;IA:14;CO:6;AZ:4;IL:3;NC:2;SD:2;KS:2;MO:2;FL:1,medium
549300V36YE6JCCEJB76,,,,unmatched,3745,2185,0,AZ:2172;OK:2;IN:2;TN:2;KY:1;MI:1;NM:1;ID:1;GA:1;OR:1,medium
549300D0H09HSURFXA20,,,,unmatched,613,102,0,VA:28;CA:17;TX:8;IL:8;FL:7;GA:5;OH:5;NC:4;MI:3;PA:3,low
2549004XDCE3LGQW7H72,,,,unmatched,242,165,0,MN:35;WI:17;IL:10;FL:9;CA:8;OH:7;IA:7;IN:6;CO:6;TX:6,low
549300FKEPZ2QELUY416,,,,unmatched,155,46,0,FL:10;TX:7;NC:4;CA:4;CO:4;OH:3;NM:2;VA:2;SC:1;PA:1,low
01ERPZV3DOLNXY2MLB90,,,,unmatched,150,121,0,IL:55;CA:21;FL:7;WI:7;IA:6;MT:5;AZ:4;MN:3;MI:3;ND:2,low
549300DZIK106MY5NI60,,,,unmatched,48,44,0,TX:25;FL:2;AZ:2;TN:2;AL:2;ID:2;OK:1;MO:1;MD:1;CO:1,low
549300QWJ3UDIX8KBP64,,,,unmatched,590,440,0,AR:308;MO:74;OK:14;PA:10;CO:9;FL:7;TN:5;AZ:3;ID:2;GA:2,low
549300SQH6MBVMMRRA85,,,,unmatched,601,374,0,IN:305;MI:21;NC:8;IL:7;CA:6;CT:5;FL:5;OH:4;GA:3;NJ:2,low
AM9FLTUTLEC73M6N7I37,,,,unmatched,47,47,0,CA:5;OH:4;NC:3;WA:3;GA:3;TN:3;MA:2;FL:2;UT:2;WI:2,low
549300DM6DAOPSF8HL78,,,,unmatched,236,145,0,MS:79;IN:17;TX:6;TN:6;OK:5;FL:4;KY:4;LA:4;OH:3;IL:2,low
549300ZGCIDP1G72QO72,,,,unmatched,367,187,0,OH:132;KY:9;IN:9;MI:7;FL:6;CA:5;GA:4;PA:2;CO:2;NC:2,low
549300W6UP8EY0KSBG85,,,,unmatched,70,70,0,KS:25;CO:7;GA:5;MO:5;NC:4;FL:4;IN:2;MA:2;AZ:2;TX:2,low
5493003X9FWFI47DPO39,,,,unmatched,268,253,0,IL:221;CA:6;AZ:3;TX:3;ID:2;NY:2;TN:1;FL:1;VA:1;MA:1,low
549300WIE2SKOKI8PF63,,,,unmatched,506,294,0,IL:246;WI:21;FL:6;IN:3;SC:3;TN:2;MI:2;KY:1;IA:1;TX:1,low
254900LP2WHZQ61VBS60,,,,unmatched,140,104,0,IL:55;MO:10;IN:6;AZ:6;OH:5;TX:4;WI:3;MA:3;CA:2;TN:2,low
549300BB4LSE4JRRGV15,,,,unmatched,346,275,0,ND:168;MN:85;AZ:5;CA:3;WI:3;GA:1;CO:1;SC:1;TX:1;NC:1,low
549300UM6HPORF7X4415,,,,unmatched,121,103,0,IL:72;IN:5;OR:3;WI:2;WA:2;AL:2;GA:2;IA:2;SC:2;TN:2,low
549300ELXS6PBT8OEE44,,,,unmatched,495,368,0,CO:343;TX:3;OH:3;NE:3;AZ:2;WA:2;KS:2;GA:1;NM:1;OR:1,low
549300Z6EE8DBBFUW487,,,,unmatched,366,313,0,KS:184;AZ:64;MO:25;IN:7;OH:6;CA:5;WI:5;MS:4;IL:3;CO:1,low
549300TTK5T7CZ3UJ084,,,,unmatched,333,298,0,UT:246;WY:29;AZ:5;ID:4;OR:3;CO:3;CA:2;TX:1;ME:1;WA:1,low
