year,state,lei,institution_name,total_applications,total_originations,top_counties_served,orig_conventional,orig_fha,orig_va,orig_usda_other,orig_other_loan_type,orig_conventional_pct,orig_fha_pct,orig_va_pct,priority_market
2025,MN,549300HW662MN1WU8550,,8694,6703,27053:1412; 27003:517; 27037:508; 27123:495; 27163:401,4495,1227,964,17,0,67.06,18.31,14.38,national
2025,MN,549300WYBPIWKK6SQC06,,7987,6525,27053:1846; 27123:642; 27037:526; 27003:490; 27163:487,6044,276,184,21,0,92.63,4.23,2.82,national
2025,MN,549300FGXN1K3HLB1R50,,7739,5672,27053:1056; 27037:451; 27003:449; 27123:383; 27163:299,4450,851,371,0,0,78.46,15.0,6.54,national
2025,MN,6BYL5QZYBDK8S7L73M02,,8623,4538,27053:1142; 27037:416; 27123:401; 27003:363; 27163:343,4448,62,25,3,0,98.02,1.37,0.55,national
2025,MN,549300LG07PXWSIMC813,,6064,4135,27053:1489; 27037:473; 27003:409; 27123:392; 27139:223,4080,36,19,0,0,98.67,0.87,0.46,national
2025,MN,549300NL3JN3ABDPH257,,5438,3656,27053:496; 27123:374; 27037:317; 27003:245; 27061:233,3651,0,5,0,0,99.86,0.0,0.14,national
2025,MN,549300VZVN841I2ILS84,,3942,3129,27053:809; 27123:303; 27003:300; 27037:234; 27163:208,2473,449,186,21,0,79.03,14.35,5.94,national
2025,MN,549300QDGMFASKEN7Z77,,4075,2694,27053:519; 27123:416; 27003:379; 27163:255; 27037:180,2694,0,0,0,0,100.0,0.0,0.0,national
2025,MN,549300MGPZBLQDIL7538,,3425,2657,27053:549; 27037:233; 27123:217; 27137:195; 27003:167,2076,433,132,16,0,78.13,16.3,4.97,national
2025,MN,549300HVW3AI97UKTO72,,3947,2594,27053:858; 27037:534; 27003:187; 27139:182; 27123:150,2594,0,0,0,0,100.0,0.0,0.0,national
2025,MN,549300AT7EB9FJAF0E61,,2617,1877,27053:353; 27019:154; 27123:136; 27037:118; 27163:98,1824,38,8,7,0,97.18,2.02,0.43,national
2025,MN,549300E2UX99HKDBR481,,3246,1842,27053:340; 27003:205; 27123:145; 27171:121; 27037:116,1291,436,103,12,0,70.09,23.67,5.59,national
2025,MN,549300OZ550X4QD5PC74,,2359,1772,27053:495; 27123:298; 27163:230; 27037:213; 27003:196,1649,111,11,1,0,93.06,6.26,0.62,national
2025,MN,5493005PKOSG7MYX0B34,,2141,1746,27053:499; 27037:218; 27123:194; 27003:120; 27163:96,1460,172,107,7,0,83.62,9.85,6.13,national
2025,MN,2WHM8VNJH63UN14OL754,,3033,1707,27053:652; 27037:182; 27003:179; 27123:174; 27163:106,1667,28,12,0,0,97.66,1.64,0.7,national
2025,MN,RVDPPPGHCGZ40J4VQ731,,2758,1705,27053:445; 27037:166; 27003:149; 27123:128; 27163:97,1085,343,275,2,0,63.64,20.12,16.13,national
2025,MN,549300U3721PJGQZYY68,,2417,1552,27053:295; 27003:150; 27037:142; 27123:123; 27163:105,1178,240,116,18,0,75.9,15.46,7.47,national
2025,MN,549300C4J510S9L1RF98,,1791,1505,27053:470; 27123:174; 27109:164; 27037:84; 27003:72,1449,31,21,4,0,96.28,2.06,1.4,national
2025,MN,KB1H1DSPRFMYMCUFXT09,,2449,1496,27053:370; 27037:142; 27123:135; 27003:129; 27163:91,1423,40,33,0,0,95.12,2.67,2.21,national
2025,MN,549300AG64NHILB7ZP05,,2104,1400,27053:249; 27037:158; 27123:88; 27003:87; 27163:81,1036,288,73,3,0,74.0,20.57,5.21,national
2025,MN,549300INKSPQCTELMO58,,1738,1395,27053:264; 27123:118; 27003:114; 27037:110; 27035:75,1075,240,57,23,0,77.06,17.2,4.09,national
2025,MN,549300H3IZO24NSOO931,,1688,1365,27053:259; 27037:222; 27171:200; 27003:184; 27163:171,1196,120,49,0,0,87.62,8.79,3.59,national
2025,MN,549300RFLICNI75BG067,,1809,1356,27053:418; 27037:135; 27123:127; 27003:116; 27163:63,1138,144,61,13,0,83.92,10.62,4.5,national
2025,MN,549300OZIFHR7THILC90,,1435,1238,27169:383; 27109:128; 27037:115; 27049:89; 27045:63,1210,18,9,1,0,97.74,1.45,0.73,national
2025,MN,549300DD5QQUHO6PCH70,,2262,1143,27053:103; 27037:91; 27123:67; 27137:59; 27003:57,47,35,1060,1,0,4.11,3.06,92.74,national
2025,MN,5493007VDBJSG0E0S678,,1112,1102,27053:386; 27037:140; 27163:118; 27019:87; 27123:52,1037,40,25,0,0,94.1,3.63,2.27,national
2025,MN,549300FNXYY540N23N64,,2419,1057,27053:222; 27003:94; 27123:75; 27171:62; 27037:61,802,89,150,16,0,75.88,8.42,14.19,national
2025,MN,549300ZZZUYWXK72JD21,,1232,958,27137:155; 27053:57; 27109:50; 27035:49; 27049:47,948,0,0,10,0,98.96,0.0,0.0,national
2025,MN,549300XWUSRVVOHPRY47,,1296,915,27053:224; 27123:94; 27003:85; 27037:52; 27145:45,680,189,42,4,0,74.32,20.66,4.59,national
2025,MN,549300ZBB5XXXOWVNS92,,1074,911,27035:158; 27053:104; 27145:91; 27037:70; 27007:70,911,0,0,0,0,100.0,0.0,0.0,national
2025,MN,549300LUSWY3HVRZHF54,,1323,904,27145:355; 27153:98; 27097:64; 27067:40; 27003:40,903,0,0,1,0,99.89,0.0,0.0,national
2025,MN,549300AQ3T62GXDU7D76,,1079,801,27053:305; 27123:97; 27037:87; 27003:60; 27163:44,696,68,35,2,0,86.89,8.49,4.37,national
2025,MN,549300LBCBNR1OT00651,,1158,795,27053:129; 27037:87; 27003:68; 27163:46; 27123:42,680,86,29,0,0,85.53,10.82,3.65,national
2025,MN,549300LYRWPSYPK6S325,,1878,765,27053:99; 27037:79; 27003:54; 27123:50; 27171:47,95,339,330,1,0,12.42,44.31,43.14,national
2025,MN,254900B9B6TYYGLOXT47,,995,743,27109:398; 27053:75; 27037:65; 27039:36; 27123:23,743,0,0,0,0,100.0,0.0,0.0,national
2025,MN,549300GKFNPRWNS0GF29,,1081,735,27053:177; 27123:103; 27163:83; 27037:80; 27003:69,485,116,36,98,0,65.99,15.78,4.9,national
2025,MN,549300Z1TH1HE4A6TS23,,979,715,27053:260; 27003:147; 27163:50; 27123:48; 27037:41,714,0,1,0,0,99.86,0.0,0.14,national
2025,MN,549300JYXTZDSPJEPI44,,966,713,27145:106; 27053:99; 27037:41; 27035:36; 27003:35,481,136,71,25,0,67.46,19.07,9.96,national
2025,MN,54930001NSTOD85LT125,,975,709,27053:244; 27037:90; 27123:82; 27109:57; 27163:47,612,66,30,1,0,86.32,9.31,4.23,national
2025,MN,549300OPCWU6E72WUT29,,942,670,27053:159; 27037:88; 27123:51; 27163:42; 27003:39,392,178,99,1,0,58.51,26.57,14.78,national
2025,MN,5493001SXWZ4OFP8Z903,,865,658,27037:145; 27163:137; 27139:95; 27019:72; 27053:71,521,88,49,0,0,79.18,13.37,7.45,national
2025,MN,5493001YIUWLFRXQUO81,,828,647,27053:132; 27137:92; 27003:77; 27123:51; 27037:48,529,78,28,12,0,81.76,12.06,4.33,national
2025,MN,549300TQVOMKNKFOH392,,810,625,27027:251; 27111:101; 27119:48; 27041:44; 27005:41,592,23,10,0,0,94.72,3.68,1.6,national
2025,MN,549300DRA4BDXW23LD45,,752,624,27137:75; 27109:59; 27071:50; 27053:37; 27017:29,538,46,36,4,0,86.22,7.37,5.77,national
2025,MN,7H6GLXDRUGQFU57RNE97,,1028,624,27053:260; 27123:68; 27037:60; 27163:36; 27003:35,606,12,6,0,0,97.12,1.92,0.96,national
2025,MN,549300QRWA4IGMDEDT70,,960,618,27163:190; 27123:152; 27037:82; 27003:62; 27053:53,618,0,0,0,0,100.0,0.0,0.0,national
2025,MN,549300A0SVCQJPHVGV20,,738,599,27169:208; 27055:147; 27109:120; 27045:21; 27049:17,587,7,5,0,0,98.0,1.17,0.83,national
2025,MN,549300PXL1KA5TOL2O82,,661,571,27053:187; 27171:98; 27037:78; 27163:71; 27139:50,404,149,18,0,0,70.75,26.09,3.15,national
2025,MN,ZF85QS7OXKPBG52R7N18,,898,553,27053:150; 27037:63; 27123:61; 27163:50; 27109:47,541,12,0,0,0,97.83,2.17,0.0,national
2025,MN,B4TYDEB6GKMZO031MB27,,1212,533,27053:217; 27123:53; 27037:50; 27163:41; 27003:33,529,2,2,0,0,99.25,0.38,0.38,national
2025,MN,254900UL88QFG0E40516,,1119,529,27053:112; 27037:54; 27123:39; 27163:36; 27003:31,529,0,0,0,0,100.0,0.0,0.0,national
2025,MN,549300GS2JP8CQK0MD31,,799,524,27137:172; 27017:115; 27115:68; 27001:46; 27061:34,524,0,0,0,0,100.0,0.0,0.0,national
2025,MN,549300WYC8C6REMY4E38,,681,517,27083:56; 27161:50; 27127:39; 27133:30; 27053:28,515,0,0,2,0,99.61,0.0,0.0,national
2025,MN,549300DD4R4SYK5RAQ92,,634,497,27053:132; 27123:109; 27037:51; 27163:39; 27003:28,405,69,23,0,0,81.49,13.88,4.63,national
2025,MN,549300S8SHBRCI7UU819,,734,494,27053:255; 27003:39; 27123:35; 27019:28; 27037:23,494,0,0,0,0,100.0,0.0,0.0,national
2025,MN,549300TWX5Q3V5VXNF89,,587,491,27137:371; 27061:48; 27017:45; 27075:13; 27123:3,451,19,21,0,0,91.85,3.87,4.28,national
2025,MN,254900ZFWS2106HWPH46,,681,489,27053:113; 27003:66; 27037:54; 27171:51; 27123:42,336,114,25,14,0,68.71,23.31,5.11,national
2025,MN,3Y4U8VZURTYWI1W2K376,,1046,487,27053:147; 27037:46; 27003:34; 27111:29; 27123:28,479,7,1,0,0,98.36,1.44,0.21,national
2025,MN,549300EWFHPBZH38K695,,715,485,27137:25; 27033:21; 27145:19; 27131:17; 27009:17,485,0,0,0,0,100.0,0.0,0.0,national
2025,MN,5493008SV4X2EID9J711,,573,477,27053:107; 27037:73; 27003:42; 27163:32; 27139:32,385,71,21,0,0,80.71,14.88,4.4,national
2025,MN,549300DMYENRV818D594,,576,476,27053:113; 27123:87; 27163:69; 27003:66; 27037:32,402,64,10,0,0,84.45,13.45,2.1,national
2025,MN,5493003GQDUH26DNNH17,,964,465,27053:89; 27123:43; 27037:35; 27003:32; 27163:28,309,0,156,0,0,66.45,0.0,33.55,national
2025,MN,549300NJVKCDJA5YC939,,594,450,27145:151; 27067:47; 27009:44; 27171:26; 27081:15,356,77,12,5,0,79.11,17.11,2.67,national
2025,MN,549300VORTI31GZTJL53,,561,448,27053:96; 27037:43; 27003:38; 27123:35; 27163:28,330,105,13,0,0,73.66,23.44,2.9,national
2025,MN,5493001GCBD5XGNIC815,,1689,445,27053:77; 27037:44; 27003:40; 27163:29; 27123:27,445,0,0,0,0,100.0,0.0,0.0,national
2025,MN,5493004WMLN60ZJ2ON46,,609,434,27053:182; 27163:112; 27037:79; 27019:23; 27139:19,397,28,9,0,0,91.47,6.45,2.07,national
2025,MN,549300RPOGWJRH63HS39,,538,423,27053:101; 27047:63; 27037:33; 27123:30; 27003:27,310,77,32,4,0,73.29,18.2,7.57,national
2025,MN,549300121SF0K2LN2804,,578,418,27053:61; 27145:38; 27123:32; 27037:25; 27139:23,348,42,18,10,0,83.25,10.05,4.31,national
2025,MN,549300KER3YVZ3U5RK57,,605,402,27053:148; 27037:45; 27171:31; 27003:27; 27163:24,401,0,1,0,0,99.75,0.0,0.25,national
2025,MN,54930082GM1TWV6QVI24,,512,391,27053:46; 27109:31; 27145:22; 27041:21; 27067:21,377,7,3,4,0,96.42,1.79,0.77,national
2025,MN,549300PIL8LFAQ04XC20,,1384,384,27053:73; 27037:44; 27003:41; 27163:34; 27141:20,384,0,0,0,0,100.0,0.0,0.0,national
2025,MN,549300KJ8PAJ7E52HG32,,597,377,27053:55; 27003:35; 27123:28; 27133:24; 27037:22,273,84,17,3,0,72.41,22.28,4.51,national
2025,MN,549300RN01LBYR8ZVX74,,511,377,27053:60; 27003:52; 27123:35; 27137:28; 27171:27,283,76,17,1,0,75.07,20.16,4.51,national
2025,MN,549300YSSK1TDPTWQ036,,409,353,27137:117; 27035:53; 27007:41; 27021:22; 27149:12,353,0,0,0,0,100.0,0.0,0.0,national
2025,MN,549300TN0C13QXN1P552,,473,340,27053:123; 27037:36; 27123:35; 27003:31; 27139:24,340,0,0,0,0,100.0,0.0,0.0,national
2025,MN,54930054ET8KM4O1D485,,1000,328,27053:80; 27003:33; 27037:28; 27123:24; 27163:24,306,17,5,0,0,93.29,5.18,1.52,national
2025,MN,549300F8C5JA44WNMI75,,429,325,27053:82; 27037:41; 27123:35; 27163:29; 27003:23,254,54,16,1,0,78.15,16.62,4.92,national
2025,MN,549300ANTUZH5AQQXR02,,379,314,27145:149; 27009:53; 27141:30; 27171:24; 27093:8,310,0,2,2,0,98.73,0.0,0.64,national
2025,MN,549300UB5TJ0YPVPT503,,387,314,27053:93; 27123:43; 27037:29; 27003:22; 27019:18,267,29,15,3,0,85.03,9.24,4.78,national
2025,MN,254900KSUTZO899YU680,,362,310,27019:49; 27129:34; 27127:32; 27053:29; 27103:24,310,0,0,0,0,100.0,0.0,0.0,national
2025,MN,549300MZ8VZJOVC63092,,491,304,27053:81; 27003:39; 27037:30; 27123:26; 27163:14,195,78,24,7,0,64.14,25.66,7.89,national
2025,MN,549300IQ5NY7CSJLZW53,,492,302,27117:55; 27139:33; 27053:23; 27059:22; 27037:18,284,15,3,0,0,94.04,4.97,0.99,national
2025,MN,549300VPYRW4D9VH0G53,,406,302,27015:107; 27085:23; 27103:22; 27127:19; 27019:18,302,0,0,0,0,100.0,0.0,0.0,national
2025,MN,549300DM47883NLNBK72,,335,291,27145:147; 27009:55; 27141:22; 27171:15; 27053:8,281,4,5,1,0,96.56,1.37,1.72,national
2025,MN,549300370QILXLFUWD20,,363,282,27053:88; 27123:34; 27037:22; 27145:16; 27003:15,235,37,10,0,0,83.33,13.12,3.55,national
2025,MN,2549005SIVTHG14U2905,,330,267,27053:70; 27037:19; 27139:18; 27163:14; 27003:14,258,6,3,0,0,96.63,2.25,1.12,national
2025,MN,549300KIOYNU323LVJ37,,354,261,27053:42; 27137:35; 27123:25; 27003:17; 27163:15,153,78,10,20,0,58.62,29.89,3.83,national
2025,MN,254900Y3CWQSLFVW8D53,,280,250,27135:65; 27113:54; 27077:33; 27029:17; 27089:14,250,0,0,0,0,100.0,0.0,0.0,national
2025,MN,549300X83ACLZT2UNN87,,434,249,27059:72; 27025:44; 27003:43; 27141:34; 27095:12,249,0,0,0,0,100.0,0.0,0.0,national
2025,MN,5493006VAGP3GQ8FJT49,,307,245,27053:113; 27123:43; 27003:24; 27037:17; 27163:11,245,0,0,0,0,100.0,0.0,0.0,national
2025,MN,549300323EON4W3CCM44,,367,244,27053:68; 27003:32; 27123:30; 27037:29; 27163:18,222,13,9,0,0,90.98,5.33,3.69,national
2025,MN,549300XQVJ1XBNFA5536,,1348,244,27037:38; 27003:27; 27171:19; 27145:18; 27169:13,244,0,0,0,0,100.0,0.0,0.0,national
2025,MN,549300YVBUEC0SGSZW55,,344,244,27137:86; 27075:37; 27061:35; 27053:21; 27113:11,234,5,0,5,0,95.9,2.05,0.0,national
2025,MN,549300BFT56DKVQ9BL15,,271,243,27137:198; 27017:32; 27115:4; 27093:3; 27061:2,243,0,0,0,0,100.0,0.0,0.0,national
2025,MN,549300QTN66CFMVWLH03,,341,238,27109:153; 27039:24; 27049:10; 27157:7; 27169:7,238,0,0,0,0,100.0,0.0,0.0,national
2025,MN,C398JSK21YCXWM603F55,,332,237,27053:58; 27037:24; 27109:20; 27163:16; 27123:13,185,24,26,2,0,78.06,10.13,10.97,national
2025,MN,549300VJ9DGB4OZNPL63,,404,232,27115:71; 27137:38; 27017:34; 27061:17; 27001:15,232,0,0,0,0,100.0,0.0,0.0,national
2025,MN,25490091LXRCWGWGZ525,,452,230,27075:79; 27137:79; 27031:55; 27017:9; 27053:3,230,0,0,0,0,100.0,0.0,0.0,national
2025,MN,549300CB67L6KPJLHE19,,1189,230,27003:39; 27037:24; 27123:21; 27171:16; 27163:16,230,0,0,0,0,100.0,0.0,0.0,national
2025,MN,549300LZLYU85WF65870,,341,229,27163:48; 27053:47; 27003:38; 27025:25; 27037:16,229,0,0,0,0,100.0,0.0,0.0,national
2025,MN,549300HWDY3N8UVJO697,,280,224,27053:95; 27123:53; 27037:25; 27003:19; 27139:7,224,0,0,0,0,100.0,0.0,0.0,national
2025,MN,5493005A0757T9GRRI44,,284,219,27035:66; 27027:26; 27041:23; 27021:16; 27097:12,191,10,12,6,0,87.21,4.57,5.48,national
2025,MN,549300FKWBMLIMGZ7Q40,,320,219,27053:112; 27123:32; 27037:19; 27163:14; 27003:12,219,0,0,0,0,100.0,0.0,0.0,national
2025,MN,213800M6RMI3YBX62W88,,300,217,27085:84; 27171:22; 27093:20; 27053:17; 27145:11,189,24,3,1,0,87.1,11.06,1.38,national
2025,MN,549300GWO8DN75PL7X16,,247,214,27141:76; 27171:39; 27095:22; 27009:14; 27053:12,214,0,0,0,0,100.0,0.0,0.0,national
2025,MN,5493002LPXKMOZNXUY90,,250,202,27027:41; 27111:23; 27119:20; 27005:15; 27153:11,176,14,9,3,0,87.13,6.93,4.46,national
2025,MN,254900DTLHVWQ7NP7R34,,302,198,27053:57; 27163:20; 27123:17; 27003:15; 27037:12,185,8,4,1,0,93.43,4.04,2.02,national
2025,MN,549300WKFR15017V9850,,238,197,27053:47; 27123:38; 27037:14; 27171:13; 27003:12,162,26,9,0,0,82.23,13.2,4.57,national
2025,MN,984500DB378C704F4610,,335,197,27163:41; 27053:41; 27123:34; 27037:28; 27003:19,197,0,0,0,0,100.0,0.0,0.0,national
2025,MN,C5654JQHZUHN0772B561,,409,194,27053:30; 27037:16; 27123:16; 27137:12; 27163:11,70,0,124,0,0,36.08,0.0,63.92,national
2025,MN,DRMSV1Q0EKMEXLAU1P80,,332,189,27053:35; 27163:15; 27037:15; 27109:14; 27003:10,187,1,1,0,0,98.94,0.53,0.53,national
2025,MN,254900ERAT50PIMMZH17,,300,188,27109:114; 27039:19; 27099:13; 27157:12; 27049:7,188,0,0,0,0,100.0,0.0,0.0,national
2025,MN,549300YIQ7S7Z8PIHE53,,867,188,27053:24; 27003:20; 27037:15; 27163:11; 27137:9,115,60,13,0,0,61.17,31.91,6.91,national
2025,MN,2138004QPZ7FMGPTU106,,225,185,27171:54; 27085:44; 27053:19; 27019:12; 27003:9,185,0,0,0,0,100.0,0.0,0.0,national
2025,MN,549300RD5IG88VPO6P22,,256,183,27053:37; 27037:34; 27003:34; 27139:19; 27163:12,183,0,0,0,0,100.0,0.0,0.0,national
2025,MN,549300FSZH0FMQ1T8Y90,,244,181,27091:31; 27041:27; 27043:14; 27147:14; 27025:7,171,3,4,3,0,94.48,1.66,2.21,national
2025,MN,549300NOCASXPA34X033,,742,176,27053:30; 27037:17; 27123:15; 27003:14; 27163:10,54,84,38,0,0,30.68,47.73,21.59,national
2025,MN,54930021WPEXNHYZUL09,,204,169,27053:33; 27037:22; 27123:21; 27003:12; 27163:8,81,53,35,0,0,47.93,31.36,20.71,national
2025,MN,X05BVSK68TQ7YTOSNR22,,977,163,27053:18; 27037:16; 27163:14; 27003:14; 27141:8,163,0,0,0,0,100.0,0.0,0.0,national
2025,MN,549300GRGZDEH4ZGQS06,,219,161,27163:30; 27053:29; 27037:26; 27171:16; 27123:15,113,24,22,2,0,70.19,14.91,13.66,national
2025,MN,549300R9S3MVDV4MGF56,,573,161,27053:17; 27037:16; 27003:13; 27163:10; 27171:8,79,64,18,0,0,49.07,39.75,11.18,national
2025,MN,54930043BMDE130FJ617,,256,159,27053:56; 27163:20; 27037:18; 27123:13; 27019:7,159,0,0,0,0,100.0,0.0,0.0,national
2025,MN,549300BXWU32AYWT1A56,,212,157,27003:50; 27053:33; 27037:24; 27163:17; 27139:10,157,0,0,0,0,100.0,0.0,0.0,national
2025,MN,AD6GFRVSDT01YPT1CS68,,333,156,27053:50; 27163:14; 27123:13; 27037:10; 27003:7,153,2,1,0,0,98.08,1.28,0.64,national
2025,MN,549300PL8ER6H23P0Z91,,179,148,27053:33; 27037:20; 27003:20; 27123:17; 27163:12,110,31,6,1,0,74.32,20.95,4.05,national
2025,MN,549300ZIXM1VUXPG4D03,,231,145,27053:38; 27171:38; 27037:8; 27123:8; 27141:8,125,13,7,0,0,86.21,8.97,4.83,national
2025,MN,254900WEP08K7U7S3A80,,166,143,27053:24; 27123:15; 27003:12; 27119:11; 27163:11,100,36,7,0,0,69.93,25.17,4.9,national
2025,MN,549300AENO88GEUWCZ39,,212,142,27053:38; 27123:14; 27037:12; 27163:11; 27003:11,116,21,4,1,0,81.69,14.79,2.82,national
2025,MN,254900WRP19TBSQG0Z89,,162,141,27005:80; 27027:23; 27111:15; 27087:7; 27167:3,140,0,1,0,0,99.29,0.0,0.71,national
2025,MN,5493001GDRY0EL7VG372,,171,141,27053:22; 27145:21; 27037:16; 27119:10; 27141:10,85,34,15,7,0,60.28,24.11,10.64,national
2025,MN,5493001SDQVS1NWYH012,,153,140,27053:49; 27037:21; 27105:13; 27003:12; 27123:6,110,29,1,0,0,78.57,20.71,0.71,national
2025,MN,549300QIUZLVR1OLDH55,,228,136,27037:31; 27053:27; 27123:20; 27003:20; 27163:10,136,0,0,0,0,100.0,0.0,0.0,national
2025,MN,SS1TRMSN6BRNMOREEV51,,285,135,27053:26; 27035:14; 27171:11; 27141:8; 27019:7,115,13,6,1,0,85.19,9.63,4.44,national
2025,MN,2549009PBYH62M6NZK12,,156,133,27157:65; 27109:36; 27169:14; 27039:4; 27163:2,132,0,0,1,0,99.25,0.0,0.0,national
2025,MN,5493002B2O407LCTBX72,,176,131,27053:35; 27123:28; 27003:18; 27109:11; 27171:5,129,2,0,0,0,98.47,1.53,0.0,national
2025,MN,549300KGWK2C69R8ZN27,,183,131,27017:83; 27137:31; 27115:13; 27001:1; 27021:1,131,0,0,0,0,100.0,0.0,0.0,national
2025,MN,Q708HHR4LD2B7XIZNO92,,179,131,27109:39; 27053:24; 27037:10; 27003:8; 27123:6,113,2,16,0,0,86.26,1.53,12.21,national
2025,MN,254900LTD432L5CHIZ48,,241,130,27053:33; 27037:32; 27003:21; 27139:11; 27163:11,119,11,0,0,0,91.54,8.46,0.0,national
2025,MN,549300XY701IELCE5Q08,,464,130,27053:34; 27037:12; 27137:9; 27123:9; 27163:8,123,5,2,0,0,94.62,3.85,1.54,national
2025,MN,549300NWBS6MQJX15N44,,168,127,27053:42; 27037:16; 27003:10; 27123:8; 27163:8,122,2,3,0,0,96.06,1.57,2.36,national
2025,MN,549300YN94MOAVYW0F52,,278,126,27037:20; 27053:20; 27163:11; 27171:8; 27003:8,83,31,12,0,0,65.87,24.6,9.52,national
2025,MN,2549002N9QET42VCAS33,,145,125,27037:39; 27139:28; 27053:19; 27099:8; 27019:6,125,0,0,0,0,100.0,0.0,0.0,national
2025,MN,549300T9P3WXNMXX0I34,,150,125,27053:20; 27037:16; 27163:13; 27123:13; 27139:7,84,37,0,4,0,67.2,29.6,0.0,national
2025,MN,549300H1I95THVU5ZB04,,130,122,27013:27; 27145:23; 27009:18; 27103:6; 27019:6,115,3,2,2,0,94.26,2.46,1.64,national
2025,MN,549300LROQOOQU77WS20,,260,122,27053:45; 27123:14; 27163:11; 27037:11; 27003:7,119,2,1,0,0,97.54,1.64,0.82,national
2025,MN,549300OHXNUMVE33Q475,,160,122,27111:35; 27027:22; 27119:21; 27069:8; 27089:6,120,0,2,0,0,98.36,0.0,1.64,national
2025,MN,549300B934MYWT57IX38,,132,121,27163:73; 27123:19; 27037:8; 27053:7; 27003:4,121,0,0,0,0,100.0,0.0,0.0,national
2025,MN,213800THW6KSUL191M34,,148,120,27027:58; 27119:22; 27111:13; 27005:9; 27167:3,109,8,3,0,0,90.83,6.67,2.5,national
2025,MN,549300DL0FLZ3XZV5J76,,173,120,27053:65; 27003:12; 27037:11; 27171:9; 27139:5,120,0,0,0,0,100.0,0.0,0.0,national
2025,MN,549300SUCQ1358EGVE89,,610,120,27003:10; 27137:8; 27053:8; 27037:8; 27035:6,0,0,120,0,0,0.0,0.0,100.0,national
2025,MN,549300GS0W0TEUQS8571,,160,119,27053:68; 27163:11; 27019:8; 27123:6; 27037:5,119,0,0,0,0,100.0,0.0,0.0,national
2025,MN,254900NR9EA98B6A4L55,,160,117,27015:39; 27037:12; 27165:10; 27093:9; 27053:9,117,0,0,0,0,100.0,0.0,0.0,national
2025,MN,549300USNPUCH96WTF23,,135,115,27091:22; 27015:21; 27063:18; 27033:17; 27085:5,114,0,0,1,0,99.13,0.0,0.0,national
2025,MN,2549006G3AQ9DK986571,,132,113,27003:34; 27037:23; 27053:16; 27123:12; 27163:10,113,0,0,0,0,100.0,0.0,0.0,national
2025,MN,549300K4ZLGS7SRDTL86,,275,112,27003:9; 27053:8; 27123:8; 27037:7; 27163:7,7,61,38,6,0,6.25,54.46,33.93,national
2025,MN,254900J2U7OF6AWF3P54,,115,110,27053:27; 27085:15; 27123:15; 27019:14; 27143:7,110,0,0,0,0,100.0,0.0,0.0,national
2025,MN,549300IJ5M3CD2DPIX47,,118,110,27035:38; 27021:25; 27041:12; 27111:9; 27053:4,110,0,0,0,0,100.0,0.0,0.0,national
2025,MN,254900PUAN5SKAJB2J42,,153,105,27037:26; 27079:15; 27163:13; 27139:11; 27053:11,105,0,0,0,0,100.0,0.0,0.0,national
2025,MN,254900LW5BPW0G1LMW49,,110,102,27137:86; 27017:11; 27163:2; 27159:1; 27035:1,76,16,10,0,0,74.51,15.69,9.8,national
2025,MN,5493002B2WMHY23GFK92,,136,101,27053:15; 27123:11; 27037:9; 27163:9; 27141:5,48,38,7,8,0,47.52,37.62,6.93,national
2025,MN,54930052M48FOD3CWA54,,136,101,27111:23; 27101:14; 27171:10; 27053:8; 27029:5,56,28,5,12,0,55.45,27.72,4.95,national
2025,MN,54930002ZF7XTZGVKY26,,118,100,27103:29; 27013:21; 27165:13; 27091:6; 27079:5,100,0,0,0,0,100.0,0.0,0.0,national
2025,MN,54930020YWIK7HGH2R34,,141,100,27171:39; 27163:30; 27003:22; 27037:2; 27053:1,43,47,10,0,0,43.0,47.0,10.0,national
2025,MN,254900U7G0LJ4QNSFC86,,104,98,27099:29; 27109:22; 27047:19; 27039:12; 27147:5,98,0,0,0,0,100.0,0.0,0.0,national
2025,MN,2549009GERLEDM651T51,,99,97,27037:70; 27163:8; 27053:7; 27123:6; 27139:4,97,0,0,0,0,100.0,0.0,0.0,national
2025,MN,549300KUIZTYQRC0R888,,128,97,27067:43; 27145:5; 27003:5; 27163:4; 27023:4,82,12,1,2,0,84.54,12.37,1.03,national
2025,MN,254900CCCPJ8S6GUIT87,,97,96,27137:71; 27017:20; 27075:2; 27061:1; 27001:1,96,0,0,0,0,100.0,0.0,0.0,national
2025,MN,254900QE8DMX9C02HU80,,102,96,27105:56; 27117:16; 27101:9; 27033:5; 27133:4,90,0,0,6,0,93.75,0.0,0.0,national
2025,MN,549300URHBBJ2KIQ3616,,108,95,27109:52; 27157:21; 27099:5; 27049:5; 27169:4,95,0,0,0,0,100.0,0.0,0.0,national
2025,MN,549300ODTHTLPTSBD612,,101,94,27085:30; 27163:19; 27123:8; 27037:6; 27093:5,94,0,0,0,0,100.0,0.0,0.0,national
2025,MN,213800XR2TCBQJSF1X93,,170,93,27053:40; 27003:7; 27123:7; 27163:7; 27037:5,80,1,12,0,0,86.02,1.08,12.9,national
2025,MN,5493007YN2BYYXCI7W64,,505,93,27003:20; 27163:10; 27171:9; 27037:5; 27137:5,93,0,0,0,0,100.0,0.0,0.0,national
2025,MN,549300M5DZ6P9KNT7H33,,115,93,27141:32; 27053:15; 27171:12; 27003:7; 27123:5,93,0,0,0,0,100.0,0.0,0.0,national
2025,MN,5493009L8OBHJQW5DQ13,,101,92,27145:44; 27009:16; 27171:5; 27053:5; 27021:4,92,0,0,0,0,100.0,0.0,0.0,national
2025,MN,254900M984EPKRAPEO90,,103,91,27013:44; 27103:23; 27079:11; 27015:2; 27161:2,91,0,0,0,0,100.0,0.0,0.0,national
2025,MN,5493006PPEKKNUB9O715,,103,89,27131:22; 27053:21; 27123:10; 27003:6; 27049:6,89,0,0,0,0,100.0,0.0,0.0,national
2025,MN,254900TTZ395IC926125,,121,87,27053:25; 27123:13; 27037:11; 27003:7; 27163:6,76,9,1,1,0,87.36,10.34,1.15,national
2025,MN,549300OQMIO8XPU2KT43,,96,86,27163:29; 27025:21; 27123:14; 27053:7; 27003:5,86,0,0,0,0,100.0,0.0,0.0,national
2025,MN,549300BB4LSE4JRRGV15,,103,85,27027:24; 27053:12; 27111:7; 27123:6; 27139:6,85,0,0,0,0,100.0,0.0,0.0,national
2025,MN,25490018IFQOT83Q7H49,,98,84,27053:24; 27037:11; 27171:10; 27123:9; 27003:6,69,10,4,1,0,82.14,11.9,4.76,national
2025,MN,254900M2C4Q6DATP2889,,244,84,27053:11; 27003:8; 27109:5; 27037:5; 27139:5,13,40,31,0,0,15.48,47.62,36.9,national
2025,MN,254900O2K17TNH5CL873,,102,84,27053:35; 27123:20; 27003:9; 27037:6; 27163:3,84,0,0,0,0,100.0,0.0,0.0,national
2025,MN,549300MNZNDD5FZ2PF62,,94,84,27153:19; 27171:16; 27155:9; 27053:6; 27149:5,84,0,0,0,0,100.0,0.0,0.0,national
2025,MN,549300PQLK8E48ILXV41,,125,83,27053:15; 27163:10; 27003:9; 27123:8; 27037:7,79,4,0,0,0,95.18,4.82,0.0,national
2025,MN,549300T94GSH3C4U5M59,,143,83,27053:35; 27003:7; 27123:6; 27139:5; 27037:5,81,2,0,0,0,97.59,2.41,0.0,national
2025,MN,549300FX7K8PTEQUU487,,176,82,27053:17; 27123:9; 27037:8; 27139:4; 27003:4,72,2,8,0,0,87.8,2.44,9.76,national
2025,MN,549300SUC4CLYKKZWS29,,102,82,27043:15; 27013:9; 27047:9; 27103:7; 27123:4,82,0,0,0,0,100.0,0.0,0.0,national
2025,MN,2549004FXPNKCLIN8250,,103,81,27053:23; 27137:10; 27123:8; 27037:7; 27001:6,73,4,4,0,0,90.12,4.94,4.94,national
2025,MN,25490099UNYWX2PZ4J91,,93,81,27169:38; 27157:20; 27053:5; 27055:4; 27045:4,81,0,0,0,0,100.0,0.0,0.0,national
2025,MN,2549008O36ZLTWMCKU62,,88,79,27045:36; 27109:34; 27169:3; 27053:1; 27147:1,79,0,0,0,0,100.0,0.0,0.0,national
2025,MN,5493008CPTDVOS570626,,163,79,27053:33; 27123:8; 27037:8; 27003:7; 27163:6,79,0,0,0,0,100.0,0.0,0.0,national
2025,MN,254900HEJ9F73IMPX887,,167,77,27053:24; 27037:11; 27003:6; 27139:4; 27163:4,76,1,0,0,0,98.7,1.3,0.0,national
2025,MN,5493002Y5XYV7DV1ZV88,,115,77,27053:27; 27123:8; 27037:8; 27171:8; 27163:7,56,19,1,1,0,72.73,24.68,1.3,national
2025,MN,549300SKSQ3IYUXJCH36,,114,77,27015:20; 27049:9; 27157:7; 27103:6; 27037:6,77,0,0,0,0,100.0,0.0,0.0,national
2025,MN,549300R7HGHP2I754087,,98,74,27105:20; 27099:9; 27147:8; 27053:5; 27145:4,35,26,4,9,0,47.3,35.14,5.41,national
2025,MN,54930049L5WINET09Q97,,102,73,27003:8; 27053:7; 27171:7; 27137:6; 27139:6,31,38,0,4,0,42.47,52.05,0.0,national
2025,MN,549300AO417FCNJGKM49,,111,73,27163:44; 27053:10; 27123:7; 27037:4; 27137:1,73,0,0,0,0,100.0,0.0,0.0,national
2025,MN,549300LX1HMON836J004,,98,73,27095:47; 27171:5; 27009:4; 27097:3; 27145:2,73,0,0,0,0,100.0,0.0,0.0,national
2025,MN,254900X5VVSXLQGRTJ55,,81,72,27013:45; 27103:15; 27161:3; 27079:2; 27021:1,72,0,0,0,0,100.0,0.0,0.0,national
2025,MN,549300G6F5FVAHSGKU13,,92,72,27065:27; 27025:7; 27041:7; 27035:6; 27115:6,72,0,0,0,0,100.0,0.0,0.0,national
2025,MN,549300VE85K2XTVRSG76,,75,72,27131:49; 27147:5; 27053:4; 27037:3; 27171:2,72,0,0,0,0,100.0,0.0,0.0,national
2025,MN,549300PLVU3OBFUIPI18,,86,71,27027:45; 27005:7; 27107:3; 27167:3; 27053:3,59,5,5,2,0,83.1,7.04,7.04,national
2025,MN,VEQ70DCTAI4TBBHPYI39,,84,71,27053:31; 27123:11; 27003:6; 27163:6; 27139:4,71,0,0,0,0,100.0,0.0,0.0,national
2025,MN,549300VCMRO4ST680C11,,250,70,27163:6; 27003:6; 27171:4; 27037:4; 27141:4,1,20,49,0,0,1.43,28.57,70.0,national
2025,MN,549300VMX06UV1F7NS76,,82,70,27053:13; 27123:13; 27163:9; 27037:9; 27139:6,54,10,6,0,0,77.14,14.29,8.57,national
2025,MN,2549007AU24FVDMNUB40,,135,69,27053:24; 27003:10; 27019:7; 27171:5; 27123:4,69,0,0,0,0,100.0,0.0,0.0,national
2025,MN,254900E01NSQ6T7WDM16,,105,68,27037:16; 27053:12; 27163:8; 27003:7; 27123:6,68,0,0,0,0,100.0,0.0,0.0,national
2025,MN,5493000JZXUB8NOEMF64,,92,68,27027:49; 27111:6; 27005:3; 27167:2; 27109:1,54,6,7,1,0,79.41,8.82,10.29,national
2025,MN,549300B4IYL7TZT8FA34,,82,68,27061:23; 27041:20; 27137:3; 27053:3; 27075:3,43,15,7,3,0,63.24,22.06,10.29,national
2025,MN,549300J7I82PNDVU8H22,,136,67,27053:20; 27163:6; 27003:6; 27147:6; 27123:4,56,11,0,0,0,83.58,16.42,0.0,national
2025,MN,549300SK2GVCQXPD4S58,,123,66,27053:10; 27123:8; 27037:6; 27003:5; 27017:4,19,31,14,2,0,28.79,46.97,21.21,national
2025,MN,254900HA4DQWAE0W3342,,125,65,27053:14; 27003:12; 27037:7; 27123:5; 27171:4,16,47,2,0,0,24.62,72.31,3.08,national
2025,MN,5493008NWHQT1R22C024,,126,64,27053:15; 27123:15; 27003:5; 27109:3; 27141:3,26,35,3,0,0,40.62,54.69,4.69,national
2025,MN,549300AG10BX85DF5S49,,79,64,27053:25; 27003:8; 27037:8; 27019:5; 27123:4,56,6,2,0,0,87.5,9.38,3.12,national
2025,MN,549300CMT3RKMW1QLO34,,76,64,27003:11; 27171:8; 27053:7; 27141:7; 27123:5,64,0,0,0,0,100.0,0.0,0.0,national
2025,MN,549300G3WIMVDYUYQC27,,67,63,27145:24; 27153:7; 27009:6; 27141:4; 27053:3,63,0,0,0,0,100.0,0.0,0.0,national
2025,MN,5493001WHVQBGRSWEU75,,95,62,27053:10; 27003:5; 27171:4; 27139:4; 27109:4,45,5,11,1,0,72.58,8.06,17.74,national
2025,MN,254900X6OAHFW6BUT219,,80,61,27163:18; 27049:9; 27037:8; 27123:7; 27053:4,61,0,0,0,0,100.0,0.0,0.0,national
2025,MN,549300ALNLUNS3Y53T24,,317,61,27037:7; 27145:4; 27137:4; 27163:3; 27097:3,31,30,0,0,0,50.82,49.18,0.0,national
2025,MN,5493001DKNDZW3UIWI38,,70,60,27079:12; 27139:9; 27017:8; 27143:8; 27013:6,60,0,0,0,0,100.0,0.0,0.0,national
2025,MN,PAOOWF3GUFM46FBSP561,,153,60,27003:7; 27053:6; 27163:5; 27037:5; 27123:4,32,21,7,0,0,53.33,35.0,11.67,national
2025,MN,549300BX448ALT10FI43,,208,59,27053:9; 27003:7; 27037:5; 27163:4; 27035:3,10,7,42,0,0,16.95,11.86,71.19,national
2025,MN,254900GWSHKTMAYXI472,,60,58,27013:32; 27103:7; 27079:5; 27019:3; 27143:1,58,0,0,0,0,100.0,0.0,0.0,national
2025,MN,5493001HOFQNI04A3474,,59,58,27055:41; 27169:9; 27045:6; 27039:1; 27163:1,58,0,0,0,0,100.0,0.0,0.0,national
2025,MN,549300B3BEP9WW99IR76,,97,58,27053:10; 27003:7; 27123:7; 27171:4; 27017:3,58,0,0,0,0,100.0,0.0,0.0,national
2025,MN,549300GWD9H4FQ2VR805,,69,58,27053:34; 27123:5; 27019:4; 27163:3; 27037:3,58,0,0,0,0,100.0,0.0,0.0,national
2025,MN,549300S5YL3OH0IVCS62,,85,58,27053:16; 27037:5; 27003:5; 27111:4; 27035:3,11,47,0,0,0,18.97,81.03,0.0,national
2025,MN,549300UONVHJ0G6DSL23,,66,58,27053:23; 27151:4; 27005:4; 27067:4; 27145:3,58,0,0,0,0,100.0,0.0,0.0,national
2025,MN,254900TFUMB07CBEN720,,74,57,27123:18; 27163:11; 27053:7; 27037:6; 27019:3,57,0,0,0,0,100.0,0.0,0.0,national
2025,MN,549300INFJ8TYNZ1G568,,58,57,27053:31; 27019:6; 27163:5; 27123:3; 27137:2,57,0,0,0,0,100.0,0.0,0.0,national
2025,MN,549300J6N77Q8OHYNF23,,76,57,27111:11; 27137:7; 27067:7; 27053:6; 27041:2,40,10,5,2,0,70.18,17.54,8.77,national
2025,MN,549300Y5Y88FQLI7VE83,,92,57,27053:27; 27003:12; 27123:9; 27037:4; 27141:1,57,0,0,0,0,100.0,0.0,0.0,national
2025,MN,254900CN1DD55MJDFH69,,74,56,27053:21; 27123:8; 27037:8; 27169:3; 27137:3,55,1,0,0,0,98.21,1.79,0.0,national
2025,MN,5493008BSTI0PQR0IL08,,79,56,27137:41; 27017:6; 27061:3; 27037:2; 27053:1,56,0,0,0,0,100.0,0.0,0.0,national
2025,MN,549300S46DHLT3EQ9F05,,76,56,27171:11; 27173:11; 27067:9; 27023:9; 27129:5,56,0,0,0,0,100.0,0.0,0.0,national
2025,MN,2549007GLTHLP3ZYS308,,56,55,27137:47; 27095:2; 27053:2; 27139:1; 27057:1,55,0,0,0,0,100.0,0.0,0.0,national
2025,MN,25490085TUTOSF6Q7Y94,,69,55,27097:26; 27035:9; 27009:7; 27145:3; 27141:2,55,0,0,0,0,100.0,0.0,0.0,national
2025,MN,254900G7NNSN8LRSPM89,,57,55,27053:18; 27123:12; 27163:9; 27003:3; 27037:3,55,0,0,0,0,100.0,0.0,0.0,national
2025,MN,254900HBR13MJYNT3634,,57,55,27075:40; 27137:15,55,0,0,0,0,100.0,0.0,0.0,national
2025,MN,549300YSKDQJCQKT0775,,67,55,27171:35; 27145:10; 27151:3; 27097:1; 27009:1,55,0,0,0,0,100.0,0.0,0.0,national
2025,MN,549300J9E3YDKIBPUY45,,71,54,27007:16; 27021:11; 27057:6; 27053:3; 27027:3,54,0,0,0,0,100.0,0.0,0.0,national
2025,MN,549300Q88XHYAWBJTS50,,59,54,27053:14; 27037:13; 27123:9; 27131:4; 27139:3,54,0,0,0,0,100.0,0.0,0.0,national
2025,MN,549300Q9WQZE336R0U94,,65,54,27067:8; 27093:8; 27171:8; 27041:6; 27085:5,54,0,0,0,0,100.0,0.0,0.0,national
2025,MN,549300UG7QXKM7KGV847,,83,53,27137:5; 27053:4; 27091:4; 27163:3; 27171:2,40,9,4,0,0,75.47,16.98,7.55,national
2025,MN,5493002XYKZPDHNHJY97,,54,52,27079:32; 27139:5; 27131:3; 27013:2; 27103:2,52,0,0,0,0,100.0,0.0,0.0,national
2025,MN,549300KSOOZZVXCMA627,,71,51,27053:23; 27123:5; 27139:4; 27037:4; 27019:2,51,0,0,0,0,100.0,0.0,0.0,national
2025,MN,549300TLO48M0X8Z5B67,,50,50,27049:19; 27131:17; 27039:4; 27147:2; 27059:1,50,0,0,0,0,100.0,0.0,0.0,national
2025,MN,254900CPIGHZEFW97Z79,,59,49,27013:16; 27103:10; 27143:6; 27019:4; 27139:4,49,0,0,0,0,100.0,0.0,0.0,national
2025,MN,549300T7HRS5DVBUPQ06,,59,49,27053:8; 27003:8; 27141:7; 27037:6; 27123:3,28,5,16,0,0,57.14,10.2,32.65,national
2025,MN,254900P681DTTH4I3144,,59,48,27027:33; 27111:7; 27053:2; 27007:2; 27119:1,36,12,0,0,0,75.0,25.0,0.0,national
2025,MN,3F3G50WF6GG95B8BM859,,52,48,27119:35; 27069:5; 27087:3; 27089:2; 27037:1,48,0,0,0,0,100.0,0.0,0.0,national
2025,MN,5493000IIYWBLONJVJ30,,63,48,27053:15; 27037:8; 27163:4; 27141:2; 27003:2,48,0,0,0,0,100.0,0.0,0.0,national
2025,MN,JJKC32MCHWDI71265Z06,,68,48,27041:14; 27037:6; 27067:5; 27145:4; 27123:2,46,2,0,0,0,95.83,4.17,0.0,national
2025,MN,5493006RIR31ORKYB608,,58,47,27099:23; 27039:5; 27047:5; 27059:3; 27037:3,35,11,1,0,0,74.47,23.4,2.13,national
2025,MN,5493007DIB8YPDM6NR52,,136,47,27109:12; 27169:12; 27045:8; 27055:6; 27063:1,47,0,0,0,0,100.0,0.0,0.0,national
2025,MN,549300KQHWNSVCE2MY88,,66,47,27163:15; 27123:10; 27053:7; 27037:4; 27147:3,45,0,2,0,0,95.74,0.0,4.26,national
2025,MN,549300XDIQEEL7H1YU47,,63,47,27137:39; 27061:7; 27001:1,47,0,0,0,0,100.0,0.0,0.0,national
2025,MN,CKVBED0S4DMLKJJ5XH28,,52,47,27053:11; 27035:6; 27109:4; 27013:3; 27163:3,45,2,0,0,0,95.74,4.26,0.0,national
2025,MN,2549007Q0B6XK1XTYG16,,50,46,27079:17; 27143:9; 27103:4; 27013:3; 27053:3,46,0,0,0,0,100.0,0.0,0.0,national
2025,MN,254900ASL383AJ6GSJ43,,60,46,27111:5; 27149:4; 27155:4; 27011:4; 27127:4,46,0,0,0,0,100.0,0.0,0.0,national
2025,MN,254900NRU0TO5WZHHH62,,55,46,27139:19; 27053:16; 27037:5; 27019:2; 27141:1,46,0,0,0,0,100.0,0.0,0.0,national
2025,MN,549300MHH03ICJYEPE85,,58,45,27053:12; 27003:4; 27037:3; 27137:3; 27035:3,0,45,0,0,0,0.0,100.0,0.0,national
2025,MN,549300MX8VQ8VRHIUY36,,70,45,27017:15; 27115:10; 27123:5; 27053:4; 27003:4,45,0,0,0,0,100.0,0.0,0.0,national
2025,MN,549300OTZJELCR34CD18,,49,45,27029:29; 27119:11; 27007:3; 27113:1; 27087:1,45,0,0,0,0,100.0,0.0,0.0,national
2025,MN,549300R77W0P105C3S50,,89,45,27037:11; 27053:9; 27123:6; 27137:4; 27109:3,44,1,0,0,0,97.78,2.22,0.0,national
2025,MN,25490074OSKMLQ1W0I88,,49,44,27037:28; 27139:7; 27131:3; 27067:2; 27049:1,44,0,0,0,0,100.0,0.0,0.0,national
2025,MN,5493007GTTV61V305H74,,49,44,27053:13; 27123:9; 27037:7; 27003:4; 27163:3,44,0,0,0,0,100.0,0.0,0.0,national
2025,MN,5493009OGIRBMW7R8T35,,45,44,27145:19; 27121:9; 27067:7; 27111:1; 27041:1,44,0,0,0,0,100.0,0.0,0.0,national
2025,MN,5493003V40VGM7YDFM54,,72,43,27053:9; 27027:8; 27037:4; 27163:3; 27137:3,30,10,3,0,0,69.77,23.26,6.98,national
2025,MN,549300J61UYIFWNCZS06,,47,43,27145:37; 27097:2; 27153:1; 27053:1; 27171:1,43,0,0,0,0,100.0,0.0,0.0,national
2025,MN,549300PJ2WT35S77Q208,,56,43,27037:11; 27169:5; 27173:2; 27145:2; 27137:2,27,9,0,7,0,62.79,20.93,0.0,national
2025,MN,54930059GZZ7G4G40O53,,48,42,27053:17; 27123:8; 27163:5; 27037:4; 27003:2,38,2,2,0,0,90.48,4.76,4.76,national
2025,MN,5493007CLWQN2S6IZK91,,56,42,27053:15; 27163:5; 27003:4; 27123:3; 27019:3,24,1,17,0,0,57.14,2.38,40.48,national
2025,MN,549300M3TJGNW53OWQ30,,47,42,27053:26; 27123:5; 27171:3; 27163:2; 27019:1,42,0,0,0,0,100.0,0.0,0.0,national
2025,MN,254900237R332M8L2724,,64,41,27137:33; 27145:2; 27061:2; 27019:1; 27053:1,41,0,0,0,0,100.0,0.0,0.0,national
2025,MN,254900QRJBX9155TRB79,,67,41,27145:10; 27009:5; 27003:4; 27065:4; 27053:4,41,0,0,0,0,100.0,0.0,0.0,national
2025,MN,5493004AS1SPBQOFDR49,,78,41,27053:15; 27123:8; 27163:4; 27019:3; 27147:2,41,0,0,0,0,100.0,0.0,0.0,national
2025,MN,5493005T71YXBHEO2093,,71,41,27009:15; 27145:13; 27141:4; 27035:2; 27097:2,41,0,0,0,0,100.0,0.0,0.0,national
2025,MN,2549004EEJO192FMAC61,,41,40,27007:10; 27089:8; 27069:4; 27119:3; 27005:2,40,0,0,0,0,100.0,0.0,0.0,national
2025,MN,254900MSHJQMAF6B3Q76,,48,40,27053:14; 27123:5; 27163:4; 27171:3; 27037:3,40,0,0,0,0,100.0,0.0,0.0,national
2025,MN,549300ISCZS1R0CJMO47,,49,40,27053:9; 27099:7; 27163:5; 27037:4; 27109:4,37,1,2,0,0,92.5,2.5,5.0,national
2025,MN,254900R1W1FMZ4RIZ113,,43,39,27125:20; 27119:10; 27113:6; 27027:1; 27069:1,39,0,0,0,0,100.0,0.0,0.0,national
2025,MN,549300HDE2HTZZL30G11,,46,38,27097:14; 27145:8; 27153:6; 27035:3; 27009:3,38,0,0,0,0,100.0,0.0,0.0,national
2025,MN,549300Y6FW0UWRZJW587,,40,38,27109:25; 27157:4; 27039:3; 27019:1; 27045:1,38,0,0,0,0,100.0,0.0,0.0,national
2025,MN,254900378RFGMBEKAF12,,60,37,27053:4; 27019:3; 27139:3; 27027:3; 27171:2,37,0,0,0,0,100.0,0.0,0.0,national
2025,MN,254900FKPTR6FQ8IH565,,36,36,27145:36,36,0,0,0,0,100.0,0.0,0.0,national
2025,MN,254900J9CE43FKIA7D19,,36,36,27137:20; 27053:6; 27123:4; 27001:1; 27109:1,36,0,0,0,0,100.0,0.0,0.0,national
2025,MN,549300BLL6VL7AXWYP56,,55,36,27163:6; 27053:6; 27037:4; 27057:2; 27171:2,32,3,1,0,0,88.89,8.33,2.78,national
2025,MN,9845005EAC5FTC8B2656,,36,36,27109:22; 27047:6; 27157:2; 27169:1; 27147:1,36,0,0,0,0,100.0,0.0,0.0,national
2025,MN,2549004XDCE3LGQW7H72,,48,35,27053:13; 27019:2; 27163:2; 27037:2; 27139:2,35,0,0,0,0,100.0,0.0,0.0,national
2025,MN,549300VF12R0WS33KN43,,46,35,27027:15; 27005:7; 27087:3; 27111:2; 27057:2,32,3,0,0,0,91.43,8.57,0.0,national
2025,MN,254900DJ8WC0BQHYR275,,36,34,27053:14; 27171:10; 27085:3; 27021:3; 27123:1,34,0,0,0,0,100.0,0.0,0.0,national
2025,MN,254900WUFBTURHYEWD17,,40,34,27137:29; 27075:5,34,0,0,0,0,100.0,0.0,0.0,national
2025,MN,549300KTR1JGH3K6LU06,,90,34,27053:13; 27019:3; 27163:3; 27037:2; 27003:2,34,0,0,0,0,100.0,0.0,0.0,national
2025,MN,549300748YYU6VG08N83,,51,33,27059:4; 27109:3; 27037:3; 27123:3; 27057:2,4,27,0,2,0,12.12,81.82,0.0,national
2025,MN,549300PL267CW8182203,,95,33,27053:4; 27003:3; 27171:3; 27037:3; 27109:2,2,17,14,0,0,6.06,51.52,42.42,national
2025,MN,549300Q50XCC0473FG63,,73,33,27053:9; 27139:4; 27123:4; 27171:3; 27037:2,33,0,0,0,0,100.0,0.0,0.0,national
2025,MN,549300HH2N9Q3HH7XL57,,32,32,27053:18; 27123:4; 27163:4; 27003:2; 27019:2,32,0,0,0,0,100.0,0.0,0.0,national
2025,MN,1TMVIO1SD0RLIPEIW803,,45,31,27053:13; 27123:6; 27163:4; 27037:3; 27139:2,31,0,0,0,0,100.0,0.0,0.0,national
2025,MN,254900WAOJC0EM7P8C35,,39,31,27053:14; 27037:10; 27003:4; 27001:1; 27139:1,31,0,0,0,0,100.0,0.0,0.0,national
2025,MN,54930030Z1JWTP3SVD16,,68,31,27003:3; 27171:3; 27037:2; 27005:2; 27137:2,4,27,0,0,0,12.9,87.1,0.0,national
2025,MN,549300REENMLD2RN3W58,,44,31,27003:4; 27163:4; 27171:3; 27037:3; 27053:2,16,5,10,0,0,51.61,16.13,32.26,national
2025,MN,549300T3F9S1MKFKHC53,,40,31,27053:11; 27037:6; 27163:3; 27123:3; 27171:2,30,0,1,0,0,96.77,0.0,3.23,national
2025,MN,984500U2F9A83N391A91,,66,31,27053:10; 27123:4; 27171:4; 27163:3; 27019:2,31,0,0,0,0,100.0,0.0,0.0,national
2025,MN,5493007NUZE2Z68U3P36,,32,30,27123:9; 27053:7; 27163:7; 27037:3; 27003:2,30,0,0,0,0,100.0,0.0,0.0,national
2025,MN,38CFVD4YYFWD1FV7IM34,,33,29,27019:10; 27053:8; 27163:3; 27171:2; 27037:1,29,0,0,0,0,100.0,0.0,0.0,national
2025,MN,5493004O4O6HBJZIXH92,,33,29,27171:16; 27053:6; 27145:2; 27017:1; 27109:1,29,0,0,0,0,100.0,0.0,0.0,national
2025,MN,549300RBJCM5B02O5U05,,34,29,27063:6; 27067:4; 27037:3; 27053:3; 27019:2,29,0,0,0,0,100.0,0.0,0.0,national
2025,MN,5493001FOLPDJ44AZD23,,28,28,27053:10; 27003:7; 27123:5; 27037:2; 27163:2,28,0,0,0,0,100.0,0.0,0.0,national
2025,MN,E57ODZWZ7FF32TWEFA76,,87,28,27053:13; 27123:3; 27019:3; 27037:2; 27035:2,28,0,0,0,0,100.0,0.0,0.0,national
2025,MN,25490052LT8QG1RXJ172,,28,27,27119:27,27,0,0,0,0,100.0,0.0,0.0,national
2025,MN,5493000OM9RKJW8W5K82,,32,27,27137:14; 27053:3; 27037:2; 27131:1; 27163:1,23,4,0,0,0,85.19,14.81,0.0,national
2025,MN,549300UXY7OP0IC38293,,46,27,27053:8; 27139:3; 27037:3; 27019:2; 27103:2,27,0,0,0,0,100.0,0.0,0.0,national
2025,MN,549300W4FT4H1UWPGU95,,45,27,27053:9; 27123:4; 27145:2; 27163:2; 27171:2,26,0,0,1,0,96.3,0.0,0.0,national
2025,MN,254900RND4J0SY320F06,,34,26,27045:6; 27099:4; 27063:3; 27053:3; 27101:2,26,0,0,0,0,100.0,0.0,0.0,national
2025,MN,549300ZQ87KRTMFMIK55,,66,26,27109:19; 27147:2; 27131:1; 27003:1; 27145:1,26,0,0,0,0,100.0,0.0,0.0,national
2025,MN,254900J67JRUY8SSE075,,26,25,27053:11; 27123:4; 27163:4; 27035:2; 27019:2,25,0,0,0,0,100.0,0.0,0.0,national
2025,MN,254900OD9TDRYGWJ0N48,,27,25,27139:9; 27063:3; 27079:3; 27101:2; 27037:2,25,0,0,0,0,100.0,0.0,0.0,national
2025,MN,5493003QF1L7XNSWRM19,,49,25,27095:9; 27053:3; 27137:2; 27065:2; 27017:2,20,5,0,0,0,80.0,20.0,0.0,national
2025,MN,549300BQRQCIPWG06A21,,27,25,27027:25,25,0,0,0,0,100.0,0.0,0.0,national
2025,MN,549300K3JILC7UMYWR39,,25,25,27163:5; 27123:5; 27025:3; 27003:3; 27053:2,25,0,0,0,0,100.0,0.0,0.0,national
2025,MN,549300MSU5WVAU4ZN645,,25,25,27053:14; 27139:2; 27019:2; 27123:2; 27131:1,25,0,0,0,0,100.0,0.0,0.0,national
2025,MN,5493003SVUBV3VW5CT40,,27,24,27123:6; 27025:3; 27163:3; 27003:3; 27145:2,24,0,0,0,0,100.0,0.0,0.0,national
2025,MN,549300J40Q51KLQJLO73,,29,24,27109:16; 27139:5; 27099:1; 27039:1; 27053:1,24,0,0,0,0,100.0,0.0,0.0,national
2025,MN,549300O6Z0I6KYMESL47,,37,24,27053:8; 27123:4; 27037:4; 27139:4; 27163:2,24,0,0,0,0,100.0,0.0,0.0,national
2025,MN,549300Q10M1VXBG2H889,,104,24,27053:4; 27143:2; 27109:2; 27041:2; 27005:2,5,13,6,0,0,20.83,54.17,25.0,national
2025,MN,549300WW4OBT30G5DK23,,37,24,27053:8; 27137:3; 27123:2; 27139:2; 27163:1,24,0,0,0,0,100.0,0.0,0.0,national
2025,MN,549300XCVBRR56D08F03,,139,24,27163:4; 27053:3; 27017:3; 27003:2; 27123:2,20,2,2,0,0,83.33,8.33,8.33,national
2025,MN,254900WS1VXVLBPOY323,,25,23,27123:12; 27037:4; 27053:4; 27041:1; 27163:1,23,0,0,0,0,100.0,0.0,0.0,national
2025,MN,549300BOXNV8VLRBDT24,,62,23,27053:8; 27109:3; 27037:3; 27163:3; 27137:2,23,0,0,0,0,100.0,0.0,0.0,national
2025,MN,549300EKFFG3BU8DNX74,,47,23,27053:7; 27003:4; 27141:2; 27169:1; 27041:1,23,0,0,0,0,100.0,0.0,0.0,national
2025,MN,549300JQALY53TH22D13,,23,23,27053:10; 27137:3; 27139:2; 27037:2; 27019:1,23,0,0,0,0,100.0,0.0,0.0,national
2025,MN,549300Q6UYO4VXM0VF43,,29,23,27141:10; 27053:5; 27003:4; 27171:4,23,0,0,0,0,100.0,0.0,0.0,national
2025,MN,549300QKL5FUBZ8LSF50,,28,23,27123:6; 27003:6; 27053:4; 27163:2; 27171:2,10,8,5,0,0,43.48,34.78,21.74,national
2025,MN,254900GRI3U90GF3IF79,,25,22,27025:11; 27163:7; 27003:4,22,0,0,0,0,100.0,0.0,0.0,national
2025,MN,5493003JI7ZC424UAF50,,26,22,27053:16; 27035:2; 27139:1; 27037:1; 27137:1,22,0,0,0,0,100.0,0.0,0.0,national
2025,MN,549300K25LF5SIJKLD23,,24,22,27053:8; 27123:6; 27037:4; 27021:1; 27139:1,22,0,0,0,0,100.0,0.0,0.0,national
2025,MN,VNOO6EITDJ2YUEBMSZ83,,41,22,27053:7; 27123:4; 27037:3; 27163:2; 27021:2,22,0,0,0,0,100.0,0.0,0.0,national
2025,MN,WWB2V0FCW3A0EE3ZJN75,,46,22,27053:5; 27123:2; 27037:2; 27171:2; 27099:1,9,7,5,1,0,40.91,31.82,22.73,national
2025,MN,2549008LUH7QKMXQ8N53,,27,21,27063:11; 27105:2; 27033:2; 27159:1; 27043:1,8,3,0,10,0,38.1,14.29,0.0,national
2025,MN,254900TG14TB8RKS3U42,,47,21,27019:4; 27053:4; 27139:3; 27059:2; 27163:2,17,2,2,0,0,80.95,9.52,9.52,national
2025,MN,549300JPGMCMBEJEK584,,50,21,27053:11; 27037:6; 27139:2; 27163:1; 27019:1,21,0,0,0,0,100.0,0.0,0.0,national
2025,MN,549300RM1IZYGQDSNL85,,57,21,27053:7; 27123:4; 27037:3; 27157:2; 27163:2,15,0,6,0,0,71.43,0.0,28.57,national
2025,MN,549300UQPFB0RR8JCA42,,28,21,27149:8; 27027:3; 27111:3; 27067:1; 27155:1,21,0,0,0,0,100.0,0.0,0.0,national
2025,MN,5493006JISETNI0GLE61,,32,20,27149:3; 27111:2; 27011:2; 27119:2; 27121:1,20,0,0,0,0,100.0,0.0,0.0,national
2025,MN,549300B6S67QUY869538,,21,20,27003:9; 27025:2; 27123:2; 27163:2; 27053:1,20,0,0,0,0,100.0,0.0,0.0,national
2025,MN,549300EFCZM6KD6B8K69,,28,20,27053:8; 27003:2; 27137:2; 27135:2; 27037:2,18,0,2,0,0,90.0,0.0,10.0,national
2025,MN,549300K1K5K5L0W6QR97,,22,19,27097:4; 27035:4; 27119:2; 27153:2; 27111:1,19,0,0,0,0,100.0,0.0,0.0,national
2025,MN,549300LLESTPOVRG3X73,,32,19,27053:6; 27139:3; 27003:2; 27145:2; 27123:2,17,0,2,0,0,89.47,0.0,10.53,national
2025,MN,549300PC4MFWQBNVKG88,,25,19,27053:6; 27123:3; 27135:2; 27171:2; 27139:1,14,2,3,0,0,73.68,10.53,15.79,national
2025,MN,549300UR5AOWTJJ7KZ64,,36,19,27053:10; 27003:4; 27123:1; 27039:1; 27025:1,19,0,0,0,0,100.0,0.0,0.0,national
2025,MN,549300UV5JQXLGVWIP44,,25,19,27053:7; 27037:6; 27003:4; 27139:1; 27163:1,19,0,0,0,0,100.0,0.0,0.0,national
2025,MN,2549004O2ZT0HSAP5S70,,27,18,27053:6; 27037:3; 27123:2; 27163:2; 27019:2,18,0,0,0,0,100.0,0.0,0.0,national
2025,MN,549300X2ZT06KCNAN962,,20,18,27027:18,18,0,0,0,0,100.0,0.0,0.0,national
2025,MN,549300YPBBHUEKV1YC68,,22,18,27123:3; 27003:3; 27059:2; 27139:2; 27053:2,12,4,2,0,0,66.67,22.22,11.11,national
2025,MN,5493005PD34O8ZT7QT17,,27,17,27123:5; 27037:4; 27053:3; 27137:3; 27061:1,17,0,0,0,0,100.0,0.0,0.0,national
2025,MN,549300EKCKDF80ZM4V51,,17,17,27053:6; 27123:3; 27037:1; 27013:1; 27163:1,12,5,0,0,0,70.59,29.41,0.0,national
2025,MN,549300PBTV7FCWLSMM53,,24,17,27053:3; 27035:2; 27037:2; 27033:1; 27123:1,0,3,14,0,0,0.0,17.65,82.35,national
2025,MN,9845006YE04B346EC919,,48,17,27053:3; 27109:2; 27145:2; 27123:2; 27019:2,5,4,8,0,0,29.41,23.53,47.06,national
2025,MN,254900VH0YZ5TAKFLL81,,18,16,27045:7; 27099:3; 27109:2; 27039:1; 27171:1,16,0,0,0,0,100.0,0.0,0.0,national
2025,MN,5493001XKL0FTNOJ0866,,23,16,27053:7; 27171:2; 27003:1; 27009:1; 27115:1,12,4,0,0,0,75.0,25.0,0.0,national
2025,MN,5493003LIT6MPMIF5W07,,17,16,27027:11; 27167:1; 27107:1; 27111:1; 27007:1,16,0,0,0,0,100.0,0.0,0.0,national
2025,MN,549300FK3AFCFVAPH234,,20,16,27053:5; 27123:3; 27035:2; 27099:1; 27163:1,16,0,0,0,0,100.0,0.0,0.0,national
2025,MN,549300RYWXR8TL5LIK35,,32,16,27053:4; 27037:4; 27163:3; 27095:1; 27139:1,13,3,0,0,0,81.25,18.75,0.0,national
2025,MN,549300T61O0X0RJMQ375,,22,16,27053:8; 27163:2; 27003:2; 27115:1; 27109:1,13,0,3,0,0,81.25,0.0,18.75,national
2025,MN,549300TIX8J3RRFKXZ81,,21,16,27037:7; 27079:5; 27003:1; 27053:1; 27163:1,16,0,0,0,0,100.0,0.0,0.0,national
2025,MN,549300UXTDELQS5SLF91,,18,16,27053:3; 27123:2; 27109:2; 27003:2; 27169:1,16,0,0,0,0,100.0,0.0,0.0,national
2025,MN,EQTWLK1G7ODGC2MGLV11,,18,16,27053:6; 27163:3; 27037:3; 27019:1; 27003:1,16,0,0,0,0,100.0,0.0,0.0,national
2025,MN,IWRZQFYIRJ0IMURZBB68,,24,16,27053:3; 27163:2; 27019:2; 27037:1; 27115:1,16,0,0,0,0,100.0,0.0,0.0,national
2025,MN,254900CTT87ZKAUTIJ37,,24,15,27053:6; 27123:3; 27061:1; 27015:1; 27003:1,15,0,0,0,0,100.0,0.0,0.0,national
2025,MN,254900E6AIE4Z8YQM970,,31,15,27053:5; 27031:2; 27035:1; 27131:1; 27103:1,15,0,0,0,0,100.0,0.0,0.0,national
2025,MN,254900WT4HAMDFWH3048,,28,15,27053:3; 27003:2; 27123:2; 27035:1; 27013:1,0,15,0,0,0,0.0,100.0,0.0,national
2025,MN,54930076NULTCIRS5P09,,15,15,27145:15,15,0,0,0,0,100.0,0.0,0.0,national
2025,MN,5493007L4GYNO2PUBS09,,23,15,27053:6; 27037:1; 27159:1; 27025:1; 27049:1,15,0,0,0,0,100.0,0.0,0.0,national
2025,MN,54930091JQKCU3Z6IP44,,191,15,27053:4; 27105:4; 27109:3; 27123:1; 27019:1,15,0,0,0,0,100.0,0.0,0.0,national
2025,MN,54930099BVD0E448JX38,,18,15,27053:6; 27037:5; 27123:1; 27001:1; 27019:1,13,2,0,0,0,86.67,13.33,0.0,national
2025,MN,549300IBT3SCF2K09D58,,15,15,27053:5; 27145:4; 27123:1; 27109:1; 27137:1,15,0,0,0,0,100.0,0.0,0.0,national
2025,MN,549300MUXFVZKH4XLG17,,18,15,27053:5; 27163:3; 27123:2; 27041:1; 27003:1,14,1,0,0,0,93.33,6.67,0.0,national
2025,MN,ZXMJHJK466PBZTM5F379,,16,15,27053:4; 27021:2; 27137:2; 27037:2; 27153:1,15,0,0,0,0,100.0,0.0,0.0,national
2025,MN,254900NTAC4H10MGSU23,,23,14,27037:3; 27053:3; 27123:3; 27137:1; 27131:1,14,0,0,0,0,100.0,0.0,0.0,national
2025,MN,254900VCWCM4JYEUI429,,22,14,27053:5; 27163:2; 27009:2; 27095:1; 27137:1,14,0,0,0,0,100.0,0.0,0.0,national
2025,MN,549300EHWBP6UP4Y8J37,,18,14,27053:11; 27003:2; 27163:1,13,0,1,0,0,92.86,0.0,7.14,national
2025,MN,549300R92KASZD16MT49,,19,14,27133:9; 27117:3; 27041:1; 27101:1,14,0,0,0,0,100.0,0.0,0.0,national
2025,MN,549300RA3E0BUFO7YZ21,,25,14,27145:5; 27053:4; 27139:2; 27123:2; 27021:1,13,1,0,0,0,92.86,7.14,0.0,national
2025,MN,549300RFPLMCMJL7BS81,,14,14,27053:5; 27007:3; 27123:2; 27001:1; 27171:1,13,0,0,1,0,92.86,0.0,0.0,national
2025,MN,549300T1ONVEMLQ4B629,,16,14,27133:2; 27083:2; 27053:2; 27061:1; 27015:1,14,0,0,0,0,100.0,0.0,0.0,national
2025,MN,2549001SI0EMFPT39035,,20,13,27053:4; 27163:1; 27095:1; 27097:1; 27115:1,10,3,0,0,0,76.92,23.08,0.0,national
2025,MN,549300A5HHOL2ED18C72,,28,13,27053:6; 27123:3; 27109:1; 27013:1; 27003:1,13,0,0,0,0,100.0,0.0,0.0,national
2025,MN,549300HRLROF7PLJ6735,,28,13,27053:5; 27109:2; 27131:1; 27123:1; 27037:1,13,0,0,0,0,100.0,0.0,0.0,national
2025,MN,549300TSV5GUFPY3IT90,,14,13,27137:11; 27001:1; 27017:1,13,0,0,0,0,100.0,0.0,0.0,national
2025,MN,549300XED7IBK9VVQH70,,17,13,27053:4; 27123:2; 27003:2; 27163:1; 27021:1,11,2,0,0,0,84.62,15.38,0.0,national
2025,MN,549300YW2UBCMDRMBT48,,15,13,27005:2; 27137:1; 27035:1; 27053:1; 27111:1,6,4,3,0,0,46.15,30.77,23.08,national
2025,MN,5493002T397LUNQ31179,,14,12,27163:5; 27053:3; 27123:2; 27037:1; 27003:1,12,0,0,0,0,100.0,0.0,0.0,national
2025,MN,549300C8GOC4OYUV0Z32,,23,12,27003:3; 27053:3; 27137:2; 27037:1; 27031:1,12,0,0,0,0,100.0,0.0,0.0,national
2025,MN,549300GTVXJ2PGXNLM73,,15,12,27053:3; 27139:2; 27099:1; 27171:1; 27079:1,10,2,0,0,0,83.33,16.67,0.0,national
2025,MN,549300OYEKEORA1GI088,,18,12,27003:2; 27163:2; 27131:1; 27053:1; 27139:1,0,0,12,0,0,0.0,0.0,100.0,national
2025,MN,549300Z77WUYJM3QG591,,32,12,27133:7; 27081:1; 27117:1; 27105:1; 27101:1,11,1,0,0,0,91.67,8.33,0.0,national
2025,MN,COINQMNIM6RBU631DD85,,16,12,27123:2; 27003:2; 27171:1; 27007:1; 27109:1,10,2,0,0,0,83.33,16.67,0.0,national
2025,MN,254900X5QCTPBYKG4S42,,13,11,27137:11,11,0,0,0,0,100.0,0.0,0.0,national
2025,MN,5493008L7BNNEPSS6V79,,11,11,27169:5; 27055:3; 27109:2; 27053:1,11,0,0,0,0,100.0,0.0,0.0,national
2025,MN,5493008LABVG9QJ78G04,,11,11,27093:8; 27097:1; 27085:1; 27139:1,11,0,0,0,0,100.0,0.0,0.0,national
2025,MN,549300Q76VHK6FGPX546,,14,11,27133:4; 27053:3; 27063:2; 27117:1; 27073:1,7,4,0,0,0,63.64,36.36,0.0,national
2025,MN,549300R4F5COFJE0DN81,,18,11,27037:4; 27053:4; 27147:1; 27123:1; 27003:1,11,0,0,0,0,100.0,0.0,0.0,national
2025,MN,984500FAD1FB7FEGTE82,,18,11,27037:3; 27123:1; 27139:1; 27029:1; 27141:1,11,0,0,0,0,100.0,0.0,0.0,national
2025,MN,QFROUN1UWUYU0DVIWD51,,21,11,27141:3; 27053:2; 27137:2; 27047:1; 27039:1,11,0,0,0,0,100.0,0.0,0.0,national
2025,MN,VUAW1MW1BHNL595RH698,,14,11,27037:5; 27123:2; 27163:2; 27059:1; 27049:1,11,0,0,0,0,100.0,0.0,0.0,national
2025,MN,WKN6AF1FCL7BBYGTGI83,,21,11,27053:2; 27123:2; 27171:2; 27131:1; 27013:1,11,0,0,0,0,100.0,0.0,0.0,national
2025,MN,254900IER2H3R8YLBW04,,16,10,27157:4; 27049:2; 27019:1; 27053:1; 27029:1,10,0,0,0,0,100.0,0.0,0.0,national
2025,MN,549300H8LM6VPYEHWU46,,11,10,27055:8; 27109:1; 27053:1,10,0,0,0,0,100.0,0.0,0.0,national
2025,MN,549300MCIFZSDHUT8X63,,13,10,27137:2; 27053:2; 27111:1; 27123:1; 27059:1,7,2,1,0,0,70.0,20.0,10.0,national
2025,MN,IUGPUX5LWRZ3B6KIZ697,,11,10,27053:3; 27123:2; 27163:1; 27019:1; 27037:1,7,0,3,0,0,70.0,0.0,30.0,national
2025,MN,254900FI363837PZX856,,11,9,27109:3; 27037:3; 27099:1; 27139:1; 27013:1,9,0,0,0,0,100.0,0.0,0.0,national
2025,MN,254900O723MCLR701H50,,47,9,27123:2; 27053:2; 27145:2; 27141:2; 27009:1,9,0,0,0,0,100.0,0.0,0.0,national
2025,MN,5493008ZTV4S0W9DCX64,,20,9,27053:4; 27123:2; 27025:2; 27003:1,6,3,0,0,0,66.67,33.33,0.0,national
2025,MN,549300BTTR873E71L054,,13,9,27171:3; 27053:2; 27123:1; 27037:1; 27141:1,8,1,0,0,0,88.89,11.11,0.0,national
2025,MN,549300IFOE4SCP384147,,11,9,27053:2; 27171:2; 27003:1; 27111:1; 27163:1,8,1,0,0,0,88.89,11.11,0.0,national
2025,MN,549300KCR7QWQQCWBG94,,20,9,27101:3; 27105:2; 27173:1; 27011:1; 27083:1,7,1,1,0,0,77.78,11.11,11.11,national
2025,MN,549300KPHGEE40YQXO21,,14,9,27171:4; 27137:2; 27053:1; 27025:1; 27059:1,9,0,0,0,0,100.0,0.0,0.0,national
2025,MN,549300LZUXCJFE5ONM48,,12,9,27123:3; 27053:3; 27171:1; 27035:1; 27003:1,0,9,0,0,0,0.0,100.0,0.0,national
2025,MN,549300RFSMIRUODUVW59,,14,9,27003:2; 27109:1; 27163:1; 27133:1; 27011:1,9,0,0,0,0,100.0,0.0,0.0,national
2025,MN,549300V8CF81JGIV7038,,9,9,27053:3; 27035:1; 27049:1; 27123:1; 27171:1,6,2,1,0,0,66.67,22.22,11.11,national
2025,MN,984500CD6F0743B8F530,,11,9,27021:2; 27109:1; 27037:1; 27039:1; 27017:1,0,4,5,0,0,0.0,44.44,55.56,national
2025,MN,XC7Z0BA39TU7L1AKOJ12,,17,9,27123:2; 27037:1; 27049:1; 27141:1; 27045:1,9,0,0,0,0,100.0,0.0,0.0,national
2025,MN,2549004Z576VEJBK3N72,,17,8,27053:5; 27141:3,6,1,1,0,0,75.0,12.5,12.5,national
2025,MN,2549008TT6UNYR7AXF54,,9,8,27053:2; 27137:2; 27003:1; 27037:1; 27163:1,5,1,1,1,0,62.5,12.5,12.5,national
2025,MN,254900O2VYWY7LKZ6T60,,19,8,27003:6; 27013:2,8,0,0,0,0,100.0,0.0,0.0,national
2025,MN,254900RUCO27MVGTO768,,36,8,27123:3; 27053:2; 27013:1; 27037:1; 27043:1,8,0,0,0,0,100.0,0.0,0.0,national
2025,MN,54930019RBT2SM6CQS78,,12,8,27027:6; 27111:1; 27021:1,8,0,0,0,0,100.0,0.0,0.0,national
2025,MN,5493003NV9L53LK1XI52,,10,8,27053:3; 27123:2; 27025:1; 27163:1; 27171:1,6,2,0,0,0,75.0,25.0,0.0,national
2025,MN,5493003VXRP1TSRJCM25,,10,8,27003:2; 27141:2; 27019:1; 27025:1; 27059:1,8,0,0,0,0,100.0,0.0,0.0,national
2025,MN,5493009B17HXCVXTD608,,16,8,27037:2; 27157:1; 27109:1; 27003:1; 27019:1,4,3,0,1,0,50.0,37.5,0.0,national
2025,MN,549300AV8QD552DSI743,,9,8,27053:2; 27141:1; 27109:1; 27137:1; 27163:1,8,0,0,0,0,100.0,0.0,0.0,national
2025,MN,549300F6Y1YO2YXN6135,,8,8,27123:2; 27053:2; 27139:1; 27163:1; 27171:1,8,0,0,0,0,100.0,0.0,0.0,national
2025,MN,549300K6K2IS7FRS7S09,,11,8,27123:3; 27037:2; 27021:1; 27107:1; 27163:1,7,0,1,0,0,87.5,0.0,12.5,national
2025,MN,549300MIVSVBBGZIFR79,,8,8,27053:6; 27123:2,8,0,0,0,0,100.0,0.0,0.0,national
2025,MN,549300REHZOIYMHDPI61,,10,8,27133:3; 27117:2; 27003:1; 27065:1; 27105:1,7,0,0,1,0,87.5,0.0,0.0,national
2025,MN,549300RYTR2RVL4SFJ90,,10,8,27123:3; 27019:2; 27109:1; 27053:1; 27139:1,8,0,0,0,0,100.0,0.0,0.0,national
2025,MN,549300UKYJZO6CZXIX60,,9,8,27053:3; 27037:2; 27019:1; 27003:1; 27163:1,8,0,0,0,0,100.0,0.0,0.0,national
2025,MN,593C3GZG957YOJPS2Z63,,9,8,27053:3; 27035:2; 27109:1; 27137:1; 27163:1,8,0,0,0,0,100.0,0.0,0.0,national
2025,MN,89Z2WRK82BORVH42CP71,,10,8,27109:3; 27145:3; 27009:1; 27147:1,8,0,0,0,0,100.0,0.0,0.0,national
2025,MN,2549005FUF02T1IFCA22,,10,7,27123:3; 27053:2; 27093:1; 27019:1,7,0,0,0,0,100.0,0.0,0.0,national
2025,MN,254900DSZI6CJXJL6Z14,,12,7,27053:3; 27137:1; 27059:1; 27123:1; 27139:1,7,0,0,0,0,100.0,0.0,0.0,national
2025,MN,254900DTLB5WWMBJAD86,,11,7,27123:2; 27037:1; 27003:1; 27095:1; 27053:1,7,0,0,0,0,100.0,0.0,0.0,national
2025,MN,254900NZOY3XB2DNSZ34,,11,7,27053:4; 27003:1; 27037:1; 27139:1,7,0,0,0,0,100.0,0.0,0.0,national
2025,MN,254900O28OG3UMHXQY81,,10,7,27053:3; 27037:2; 27163:1; 27143:1,3,3,1,0,0,42.86,42.86,14.29,national
2025,MN,254900WTZC5SSKIN2M11,,14,7,27053:3; 27139:1; 27115:1; 27171:1; 27065:1,7,0,0,0,0,100.0,0.0,0.0,national
2025,MN,54930032OCUOR526IR93,,11,7,27163:1; 27143:1; 27003:1; 27137:1; 27009:1,0,7,0,0,0,0.0,100.0,0.0,national
2025,MN,5493004RLLKTQS8K7U51,,11,7,27053:3; 27075:1; 27109:1; 27123:1; 27061:1,7,0,0,0,0,100.0,0.0,0.0,national
2025,MN,5493008SP1FN4D81IS17,,8,7,27053:2; 27141:2; 27139:1; 27027:1; 27163:1,7,0,0,0,0,100.0,0.0,0.0,national
2025,MN,549300C0NMWZNSX3W048,,7,7,27055:3; 27015:1; 27053:1; 27169:1; 27037:1,7,0,0,0,0,100.0,0.0,0.0,national
2025,MN,549300C5STIFBCFMRJ96,,7,7,27053:3; 27017:1; 27027:1; 27005:1; 27163:1,6,0,1,0,0,85.71,0.0,14.29,national
2025,MN,549300T03X096VF60C57,,17,7,27105:3; 27063:1; 27081:1; 27101:1; 27091:1,7,0,0,0,0,100.0,0.0,0.0,national
2025,MN,549300TK6RZQSFXZHV09,,15,7,27003:3; 27037:2; 27115:1; 27059:1,5,2,0,0,0,71.43,28.57,0.0,national
2025,MN,549300UF3FPC7U6RFC59,,13,7,27053:2; 27123:2; 27035:1; 27171:1; 27137:1,6,1,0,0,0,85.71,14.29,0.0,national
2025,MN,549300XRXBA38J60S618,,10,7,27053:4; 27123:1; 27003:1; 27037:1,6,1,0,0,0,85.71,14.29,0.0,national
2025,MN,549300ZWNETGFXTBBY03,,13,7,27027:2; 27053:2; 27005:1; 27137:1; 27163:1,2,3,2,0,0,28.57,42.86,28.57,national
2025,MN,98450058D88OE4463626,,8,7,27171:3; 27123:2; 27053:1; 27139:1,7,0,0,0,0,100.0,0.0,0.0,national
2025,MN,254900EZRN0CBEP77K34,,9,6,27123:2; 27003:1; 27079:1; 27053:1; 27035:1,6,0,0,0,0,100.0,0.0,0.0,national
2025,MN,254900MY1ZANX8HECH55,,6,6,27169:4; 27055:2,6,0,0,0,0,100.0,0.0,0.0,national
2025,MN,254900TTMRDRR2EQSI59,,7,6,27055:3; 27169:2; 27157:1,6,0,0,0,0,100.0,0.0,0.0,national
2025,MN,4EP6JBYBTPTQ47LZOB67,,8,6,27053:4; 27035:1; 27123:1,6,0,0,0,0,100.0,0.0,0.0,national
2025,MN,5493001141Z7CINOSB62,,12,6,27021:2; 27053:1; 27145:1; 27163:1; 27137:1,5,1,0,0,0,83.33,16.67,0.0,national
2025,MN,5493001JT9MT3Z3Y3M39,,10,6,27037:2; 27053:2; 27109:1; 27163:1,6,0,0,0,0,100.0,0.0,0.0,national
2025,MN,5493002GI63WHHUTUD85,,6,6,27109:4; 27081:1; 27041:1,4,1,1,0,0,66.67,16.67,16.67,national
2025,MN,5493002JA8HUVL2CRT33,,11,6,27053:4; 27037:1; 27141:1,6,0,0,0,0,100.0,0.0,0.0,national
2025,MN,5493004F7BXDIUFVPV87,,6,6,27037:5; 27017:1,6,0,0,0,0,100.0,0.0,0.0,national
2025,MN,5493004MWCDBCBTXE044,,7,6,27053:4; 27139:1; 27123:1,6,0,0,0,0,100.0,0.0,0.0,national
2025,MN,549300C04BJ0G297NC13,,12,6,27053:3; 27163:2; 27123:1,6,0,0,0,0,100.0,0.0,0.0,national
2025,MN,549300KX6E1IE2LM5E30,,8,6,27053:2; 27163:2; 27137:1; 27171:1,6,0,0,0,0,100.0,0.0,0.0,national
2025,MN,549300PKEQ3Q9S0IXW76,,11,6,27053:4; 27005:1; 27123:1,5,1,0,0,0,83.33,16.67,0.0,national
2025,MN,549300QLO8TSQW5JTK72,,8,6,27111:1; 27139:1; 27049:1; 27027:1; 27173:1,6,0,0,0,0,100.0,0.0,0.0,national
2025,MN,549300W45D2J6BT4LX65,,6,6,27037:2; 27139:2; 27085:1; 27131:1,6,0,0,0,0,100.0,0.0,0.0,national
2025,MN,549300WRDGBHKR1BXL98,,7,6,27139:4; 27053:1; 27079:1,5,0,1,0,0,83.33,0.0,16.67,national
2025,MN,549300Y4BSP3BSFW7J29,,13,6,27053:2; 27099:1; 27109:1; 27037:1; 27163:1,6,0,0,0,0,100.0,0.0,0.0,national
2025,MN,549300ZPSJZO10ZAX556,,12,6,27037:3; 27137:2; 27123:1,6,0,0,0,0,100.0,0.0,0.0,national
2025,MN,Q107R4XFOZ6F6K73C488,,6,6,27133:2; 27041:2; 27171:1; 27081:1,6,0,0,0,0,100.0,0.0,0.0,national
2025,MN,213800QUAI2VH5YM6310,,5,5,27171:1; 27163:1; 27131:1; 27137:1; 27037:1,4,1,0,0,0,80.0,20.0,0.0,national
2025,MN,254900CIEUZUO7CHPG88,,7,5,27021:2; 27171:1; 27007:1; 27137:1,5,0,0,0,0,100.0,0.0,0.0,national
2025,MN,254900WQBZOLXT53K570,,8,5,27117:4; 27111:1,5,0,0,0,0,100.0,0.0,0.0,national
2025,MN,3HICJPQ15PGZSBFDNJ82,,6,5,27053:2; 27037:1; 27163:1; 27021:1,5,0,0,0,0,100.0,0.0,0.0,national
2025,MN,5493000EUC3MM52PJV85,,7,5,27053:2; 27163:1; 27123:1; 27013:1,5,0,0,0,0,100.0,0.0,0.0,national
2025,MN,54930021DZJ9CEN11D61,,9,5,27053:1; 27003:1; 27123:1; 27065:1; 27019:1,2,2,1,0,0,40.0,40.0,20.0,national
2025,MN,5493002YXAOJOQPEGS38,,10,5,27109:2; 27049:2; 27147:1,0,4,0,1,0,0.0,80.0,0.0,national
2025,MN,5493004UNRG4PWDF2K60,,14,5,27053:2; 27037:1; 27163:1; 27003:1,5,0,0,0,0,100.0,0.0,0.0,national
2025,MN,54930072OCHTUJOZQB56,,7,5,27019:3; 27009:1; 27053:1,5,0,0,0,0,100.0,0.0,0.0,national
2025,MN,549300CY7WNAHKHYSJ73,,6,5,27163:1; 27111:1; 27037:1; 27159:1; 27079:1,4,1,0,0,0,80.0,20.0,0.0,national
2025,MN,549300JGMQJ4R419LR70,,6,5,27003:1; 27041:1; 27019:1; 27053:1; 27025:1,4,1,0,0,0,80.0,20.0,0.0,national
2025,MN,549300KX4S1573HISS22,,16,5,27053:4; 27163:1,5,0,0,0,0,100.0,0.0,0.0,national
2025,MN,549300P7J9S1WSW4VU68,,5,5,27053:2; 27163:1; 27003:1; 27119:1,5,0,0,0,0,100.0,0.0,0.0,national
2025,MN,549300Q26XXW77S35W27,,5,5,27163:2; 27093:1; 27123:1; 27075:1,5,0,0,0,0,100.0,0.0,0.0,national
2025,MN,549300Q6YL1SFVPEGV90,,25,5,27003:1; 27053:1; 27171:1; 27139:1; 27137:1,0,3,2,0,0,0.0,60.0,40.0,national
2025,MN,549300R0SXC1JU7ZU290,,9,5,27139:1; 27111:1; 27163:1; 27053:1; 27097:1,3,1,1,0,0,60.0,20.0,20.0,national
2025,MN,549300YD7XJM19TH5O82,,6,5,27171:1; 27157:1; 27169:1; 27037:1; 27059:1,5,0,0,0,0,100.0,0.0,0.0,national
2025,MN,549300ZUA8339ZH6W934,,8,5,27163:5,5,0,0,0,0,100.0,0.0,0.0,national
2025,MN,KD3XUN7C6T14HNAYLU02,,11,5,27053:5,5,0,0,0,0,100.0,0.0,0.0,national
2025,MN,2549004XJQQPBYQSMT39,,5,4,27053:2; 27035:1; 27141:1,4,0,0,0,0,100.0,0.0,0.0,national
2025,MN,254900BMXWPEHXG4LF21,,4,4,27053:2; 27123:1; 27169:1,0,4,0,0,0,0.0,100.0,0.0,national
2025,MN,254900FBWEZ3YUPOBN33,,10,4,27053:1; 27019:1; 27139:1; 27137:1,4,0,0,0,0,100.0,0.0,0.0,national
2025,MN,254900RM3T6WAVE6SA24,,4,4,27123:3; 27139:1,4,0,0,0,0,100.0,0.0,0.0,national
2025,MN,254900U1OBL1MC6M6518,,5,4,27053:2; 27035:1; 27005:1,3,0,1,0,0,75.0,0.0,25.0,national
2025,MN,254900VELJPWWT51WN03,,6,4,27137:1; 27037:1; 27053:1; 27013:1,4,0,0,0,0,100.0,0.0,0.0,national
2025,MN,254900YA1AQXNM8QVZ06,,4,4,27163:1; 27003:1; 27053:1; 27137:1,4,0,0,0,0,100.0,0.0,0.0,national
2025,MN,2I8LP0RLR14D1X6W0P51,,4,4,27053:2; 27037:1; 27135:1,4,0,0,0,0,100.0,0.0,0.0,national
2025,MN,5493000H6DFDDJRORG89,,6,4,27053:2; 27123:1; 27171:1,4,0,0,0,0,100.0,0.0,0.0,national
2025,MN,54930022CQGV47Q8PM03,,6,4,27041:1; 27017:1; 27123:1; 27037:1,1,0,3,0,0,25.0,0.0,75.0,national
2025,MN,54930048P8RWCQHQM310,,8,4,27163:2; 27109:1; 27053:1,4,0,0,0,0,100.0,0.0,0.0,national
2025,MN,5493007Z7FTUKQGFMZ98,,5,4,27037:2; 27003:1; 27053:1,4,0,0,0,0,100.0,0.0,0.0,national
2025,MN,54930080168VA6Z8UX21,,7,4,27019:1; 27139:1; 27171:1; 27003:1,4,0,0,0,0,100.0,0.0,0.0,national
2025,MN,549300CLRXFVF83ZL806,,6,4,27013:1; 27159:1; 27037:1; 27003:1,2,2,0,0,0,50.0,50.0,0.0,national
2025,MN,549300DNWSJUNAWUM003,,7,4,27089:1; 27037:1; 27133:1; 27053:1,4,0,0,0,0,100.0,0.0,0.0,national
2025,MN,549300EMNDEK4BA8WB53,,20,4,27021:1; 27053:1; 27141:1; 27163:1,0,3,1,0,0,0.0,75.0,25.0,national
2025,MN,549300G4ESSS6M0MEG51,,6,4,27053:1; 27123:1; 27037:1; 27021:1,4,0,0,0,0,100.0,0.0,0.0,national
2025,MN,549300HZKPV04SFK9K27,,4,4,27053:1; 27055:1; 27169:1; 27013:1,4,0,0,0,0,100.0,0.0,0.0,national
2025,MN,549300IZ5GOBKOERL931,,6,4,27061:1; 27065:1; 27137:1; 27035:1,4,0,0,0,0,100.0,0.0,0.0,national
2025,MN,549300LP0CV2MNC1GV68,,4,4,27037:2; 27053:1; 27141:1,3,0,1,0,0,75.0,0.0,25.0,national
2025,MN,549300M2Z8GR3VL0QQ74,,9,4,27053:2; 27037:1; 27071:1,4,0,0,0,0,100.0,0.0,0.0,national
2025,MN,549300NN0PRX3I4QGG46,,14,4,27059:1; 27163:1; 27097:1; 27025:1,0,0,4,0,0,0.0,0.0,100.0,national
2025,MN,549300O4KTZGM04CCZ47,,8,4,27169:2; 27053:1; 27025:1,4,0,0,0,0,100.0,0.0,0.0,national
2025,MN,549300OPB0G5OMY0SM65,,7,4,27053:3; 27037:1,4,0,0,0,0,100.0,0.0,0.0,national
2025,MN,549300P6ZERWX5BPWX45,,6,4,27055:2; 27123:1; 27141:1,4,0,0,0,0,100.0,0.0,0.0,national
2025,MN,549300Q02LGIN9AXKP98,,8,4,27053:2; 27003:1; 27161:1,4,0,0,0,0,100.0,0.0,0.0,national
2025,MN,549300R8N9KVQUKVNJ71,,4,4,27119:1; 27005:1; 27027:1; 27053:1,4,0,0,0,0,100.0,0.0,0.0,national
2025,MN,549300TMY3OACQC9U777,,5,4,27053:2; 27035:1; 27003:1,4,0,0,0,0,100.0,0.0,0.0,national
2025,MN,549300U7UH8QCS8WQ406,,4,4,27003:1; 27163:1; 27137:1; 27053:1,4,0,0,0,0,100.0,0.0,0.0,national
2025,MN,549300VQUTI5IU7GXT57,,7,4,27037:2; 27053:1; 27109:1,4,0,0,0,0,100.0,0.0,0.0,national
2025,MN,984500F6E6940CCB6A60,,6,4,27053:3; 27003:1,4,0,0,0,0,100.0,0.0,0.0,national
2025,MN,HIDXEG9BLUJZKBGUT764,,5,4,27123:2; 27131:1; 27053:1,4,0,0,0,0,100.0,0.0,0.0,national
2025,MN,01ERPZV3DOLNXY2MLB90,,4,3,27053:2; 27119:1,3,0,0,0,0,100.0,0.0,0.0,national
2025,MN,2549005Q4HZ55QX7YC64,,4,3,27163:1; 27025:1; 27123:1,3,0,0,0,0,100.0,0.0,0.0,national
2025,MN,25490072C0PMGDUJQU77,,3,3,27099:3,3,0,0,0,0,100.0,0.0,0.0,national
2025,MN,254900BBWJ82FQDQ6823,,5,3,27053:2; 27057:1,3,0,0,0,0,100.0,0.0,0.0,national
2025,MN,254900IEGKUDRDS23V26,,12,3,27137:1; 27017:1; 27053:1,3,0,0,0,0,100.0,0.0,0.0,national
2025,MN,254900J2RKTTDJSUWD76,,4,3,27003:1; 27153:1; 27131:1,2,0,1,0,0,66.67,0.0,33.33,national
2025,MN,254900UKANDAKWQ7CR03,,3,3,27083:1; 27109:1; 27037:1,3,0,0,0,0,100.0,0.0,0.0,national
2025,MN,337KMNHEWWWR6B7Q7W10,,3,3,27153:1; 27053:1; 27003:1,0,3,0,0,0,0.0,100.0,0.0,national
2025,MN,5493000349C5XXDRQX28,,8,3,27037:1; 27053:1; 27003:1,3,0,0,0,0,100.0,0.0,0.0,national
2025,MN,5493000N2MFQSET3L013,,4,3,27027:2; 27119:1,3,0,0,0,0,100.0,0.0,0.0,national
2025,MN,5493002QRULT2T40BH09,,4,3,27109:1; 27049:1; 27053:1,3,0,0,0,0,100.0,0.0,0.0,national
2025,MN,5493002WVA17MT4UFH84,,6,3,27053:2; 27141:1,3,0,0,0,0,100.0,0.0,0.0,national
2025,MN,5493004K0Z4RFJSPYT52,,3,3,27123:1; 27053:1; 27103:1,3,0,0,0,0,100.0,0.0,0.0,national
2025,MN,5493004R423PBPM6A173,,3,3,27091:1; 27043:1; 27065:1,0,3,0,0,0,0.0,100.0,0.0,national
2025,MN,5493005DKMV1IHIM8E20,,4,3,27137:1; 27123:1; 27053:1,3,0,0,0,0,100.0,0.0,0.0,national
2025,MN,5493007TLZJ73TKCO730,,4,3,27123:2; 27109:1,3,0,0,0,0,100.0,0.0,0.0,national
2025,MN,5493008E4KBJCB6UKR64,,4,3,27141:1; 27041:1; 27067:1,0,3,0,0,0,0.0,100.0,0.0,national
2025,MN,5493009D2COWW65B8673,,6,3,27095:1; 27137:1; 27141:1,3,0,0,0,0,100.0,0.0,0.0,national
2025,MN,549300C1ICNCM0V37Y02,,3,3,27037:2; 27171:1,3,0,0,0,0,100.0,0.0,0.0,national
2025,MN,549300DPRWSBUY619V27,,3,3,27053:2; 27123:1,3,0,0,0,0,100.0,0.0,0.0,national
2025,MN,549300HGDJQ37M5BE268,,3,3,27041:1; 27137:1; 27009:1,3,0,0,0,0,100.0,0.0,0.0,national
2025,MN,549300HINJH60UG3KG47,,3,3,27053:3,3,0,0,0,0,100.0,0.0,0.0,national
2025,MN,549300I1HK1BBZLKOB84,,4,3,27109:2; 27037:1,3,0,0,0,0,100.0,0.0,0.0,national
2025,MN,549300J51TCIL2CWJP16,,3,3,27169:2; 27055:1,3,0,0,0,0,100.0,0.0,0.0,national
2025,MN,549300L9MOPDT0NKE883,,3,3,27137:1; 27117:1; 27091:1,2,0,1,0,0,66.67,0.0,33.33,national
2025,MN,549300LLKEKXL2RM1F61,,3,3,27123:1; 27013:1; 27171:1,2,1,0,0,0,66.67,33.33,0.0,national
2025,MN,549300LLQD0X2OTG0Y27,,4,3,27131:1; 27003:1; 27163:1,0,3,0,0,0,0.0,100.0,0.0,national
2025,MN,549300M8WGW2D17CZD19,,4,3,27027:1; 27163:1; 27137:1,2,1,0,0,0,66.67,33.33,0.0,national
2025,MN,549300N6U5XCH70TOK35,,3,3,27053:3,3,0,0,0,0,100.0,0.0,0.0,national
2025,MN,549300PXIFIEPL7D7R86,,4,3,27035:1; 27115:1; 27145:1,1,0,2,0,0,33.33,0.0,66.67,national
2025,MN,549300PZ44DNQDPOV865,,3,3,27053:2; 27131:1,3,0,0,0,0,100.0,0.0,0.0,national
2025,MN,549300SQKZC6HESYGO25,,7,3,27019:1; 27163:1; 27037:1,3,0,0,0,0,100.0,0.0,0.0,national
2025,MN,549300SQRR7T3EUSDD87,,3,3,27109:2; 27123:1,3,0,0,0,0,100.0,0.0,0.0,national
2025,MN,549300T7AIY7RU1YDP31,,3,3,27109:1; 27053:1; 27119:1,2,0,1,0,0,66.67,0.0,33.33,national
2025,MN,549300TV5ZED3EINI708,,3,3,27075:1; 27131:1; 27171:1,3,0,0,0,0,100.0,0.0,0.0,national
2025,MN,549300VTMXH07KUIB722,,4,3,27133:3,1,1,1,0,0,33.33,33.33,33.33,national
2025,MN,549300X6ESK4SUBRYL85,,3,3,27137:1; 27033:1; 27075:1,3,0,0,0,0,100.0,0.0,0.0,national
2025,MN,549300XRB0LTJL53XI04,,3,3,27111:1; 27145:1; 27171:1,3,0,0,0,0,100.0,0.0,0.0,national
2025,MN,549300XRF9LCZ3RX3Q39,,34,3,27141:1; 27171:1; 27041:1,0,0,3,0,0,0.0,0.0,100.0,national
2025,MN,549300YDBNK66R6ZES34,,3,3,27137:1; 27163:1; 27019:1,3,0,0,0,0,100.0,0.0,0.0,national
2025,MN,549300ZJODJ0SZUNMX12,,4,3,27123:1; 27139:1; 27137:1,3,0,0,0,0,100.0,0.0,0.0,national
2025,MN,984500P059VACEAAFA22,,4,3,27037:1; 27163:1; 27053:1,3,0,0,0,0,100.0,0.0,0.0,national
2025,MN,II61D6IY86YZ37HBBL25,,4,3,27053:1; 27171:1; 27123:1,3,0,0,0,0,100.0,0.0,0.0,national
2025,MN,LDVFX8JEECFFE8HRWA73,,8,3,27163:1; 27109:1; 27133:1,3,0,0,0,0,100.0,0.0,0.0,national
2025,MN,PS6WLKTYGZOKK05G5O59,,3,3,27053:3,3,0,0,0,0,100.0,0.0,0.0,national
2025,MN,R6KJ2D7C3UT8OVTWHS39,,6,3,27041:1; 27163:1; 27053:1,3,0,0,0,0,100.0,0.0,0.0,national
2025,MN,1IE8VN30JCEQV1H4R804,,6,2,27109:1; 27053:1,2,0,0,0,0,100.0,0.0,0.0,national
2025,MN,2549001NJY765EZWDI06,,4,2,27063:1; 27033:1,0,2,0,0,0,0.0,100.0,0.0,national
2025,MN,2549001R6R928Y08SC30,,2,2,27117:1; 27057:1,1,0,1,0,0,50.0,0.0,50.0,national
2025,MN,2549009X2AG1P20YAJ63,,10,2,27123:1; 27163:1,2,0,0,0,0,100.0,0.0,0.0,national
2025,MN,254900DNPJINSUKFZ002,,2,2,27053:1; 27115:1,2,0,0,0,0,100.0,0.0,0.0,national
2025,MN,254900I68BOSEM149Q58,,2,2,27037:1; 27059:1,1,0,1,0,0,50.0,0.0,50.0,national
2025,MN,254900KI7219LQKCI772,,2,2,27053:1; 27139:1,2,0,0,0,0,100.0,0.0,0.0,national
2025,MN,254900OC13I9CJC7SD87,,3,2,27003:1; 27131:1,2,0,0,0,0,100.0,0.0,0.0,national
2025,MN,254900P7WLDQD9IUL038,,7,2,27037:1; 27053:1,2,0,0,0,0,100.0,0.0,0.0,national
2025,MN,254900RNV63A0TIZNK90,,2,2,27123:1; 27005:1,2,0,0,0,0,100.0,0.0,0.0,national
2025,MN,254900SUZ313OILKVD67,,2,2,27053:1; 27057:1,2,0,0,0,0,100.0,0.0,0.0,national
2025,MN,254900V6GCDMRQZ34D96,,3,2,27053:1; 27037:1,2,0,0,0,0,100.0,0.0,0.0,national
2025,MN,254900WO60HTEULEHM24,,2,2,27053:1; 27163:1,2,0,0,0,0,100.0,0.0,0.0,national
2025,MN,254900ZELVKWROFNEC29,,2,2,27131:1; 27053:1,2,0,0,0,0,100.0,0.0,0.0,national
2025,MN,54930002O9LLXKR6TF11,,3,2,27123:2,1,1,0,0,0,50.0,50.0,0.0,national
2025,MN,5493000F6NFDOVVZP043,,2,2,27053:1; 27035:1,2,0,0,0,0,100.0,0.0,0.0,national
2025,MN,5493000JCZ0GMM2WOD15,,2,2,27053:2,2,0,0,0,0,100.0,0.0,0.0,national
2025,MN,5493000NYUJT9UC6G261,,8,2,27035:1; 27109:1,1,0,1,0,0,50.0,0.0,50.0,national
2025,MN,54930015EUQKUCIRBQ14,,3,2,27041:1; 27123:1,2,0,0,0,0,100.0,0.0,0.0,national
2025,MN,5493001X0T84TYRJ5Y59,,8,2,27163:2,2,0,0,0,0,100.0,0.0,0.0,national
2025,MN,549300249G20MDIDRR27,,3,2,27171:1; 27137:1,1,1,0,0,0,50.0,50.0,0.0,national
2025,MN,54930025XJJO3T0M1A92,,3,2,27053:1; 27123:1,2,0,0,0,0,100.0,0.0,0.0,national
2025,MN,54930034MNPILHP25H80,,2,2,27053:1; 27035:1,2,0,0,0,0,100.0,0.0,0.0,national
2025,MN,5493003QPO86QUI9FJ04,,2,2,27063:1; 27091:1,2,0,0,0,0,100.0,0.0,0.0,national
2025,MN,54930053KPO7OG48FP72,,2,2,27017:1; 27121:1,2,0,0,0,0,100.0,0.0,0.0,national
2025,MN,5493005ICQ3QGEIWV618,,6,2,27025:1; 27123:1,2,0,0,0,0,100.0,0.0,0.0,national
2025,MN,5493006P0JVBBAHVXV08,,4,2,27109:2,2,0,0,0,0,100.0,0.0,0.0,national
2025,MN,5493008FT4WVSLWPKG77,,3,2,27055:2,2,0,0,0,0,100.0,0.0,0.0,national
2025,MN,5493008VVXQIDO1EZ460,,2,2,27123:1; 27067:1,2,0,0,0,0,100.0,0.0,0.0,national
2025,MN,5493009PLGT79KQ6HO15,,2,2,27047:1; 27025:1,2,0,0,0,0,100.0,0.0,0.0,national
2025,MN,549300ANF834QIIFUE57,,2,2,27123:1; 27053:1,2,0,0,0,0,100.0,0.0,0.0,national
2025,MN,549300BNZVNK1XN85P72,,4,2,27095:1; 27063:1,2,0,0,0,0,100.0,0.0,0.0,national
2025,MN,549300BRLQAIJ1LJA253,,2,2,27131:1; 27003:1,2,0,0,0,0,100.0,0.0,0.0,national
2025,MN,549300CDOC4F7XSRG390,,4,2,27163:1; 27053:1,2,0,0,0,0,100.0,0.0,0.0,national
2025,MN,549300CWJ74FF73VDL12,,2,2,27021:1; 27109:1,2,0,0,0,0,100.0,0.0,0.0,national
2025,MN,549300D0H09HSURFXA20,,8,2,27053:1; 27037:1,2,0,0,0,0,100.0,0.0,0.0,national
2025,MN,549300D2OYT7VTDY6Z20,,3,2,27025:1; 27123:1,2,0,0,0,0,100.0,0.0,0.0,national
2025,MN,549300DCGBXW5FJMV921,,2,2,27057:1; 27053:1,2,0,0,0,0,100.0,0.0,0.0,national
2025,MN,549300DMHEHNYZ2OLB41,,2,2,27053:1; 27139:1,1,1,0,0,0,50.0,50.0,0.0,national
2025,MN,549300DT7WZ1SOTNFJ62,,2,2,27001:2,2,0,0,0,0,100.0,0.0,0.0,national
2025,MN,549300EHZKNMEE6UUC83,,2,2,27055:1; 27099:1,2,0,0,0,0,100.0,0.0,0.0,national
2025,MN,549300ENNFGLHCMQ1U82,,2,2,27123:2,2,0,0,0,0,100.0,0.0,0.0,national
2025,MN,549300FOO7XNZ1564N12,,2,2,27053:1; 27123:1,2,0,0,0,0,100.0,0.0,0.0,national
2025,MN,549300FUMS21JPQM1N03,,3,2,27109:1; 27053:1,2,0,0,0,0,100.0,0.0,0.0,national
2025,MN,549300GDJSUYPH6UC416,,4,2,27003:1; 27123:1,2,0,0,0,0,100.0,0.0,0.0,national
2025,MN,549300GG5XNEIGHQTG04,,3,2,27041:1; 27171:1,1,1,0,0,0,50.0,50.0,0.0,national
2025,MN,549300GSCUJKJINRJ980,,2,2,27171:1; 27123:1,0,1,1,0,0,0.0,50.0,50.0,national
2025,MN,549300HFBEONQN2CK447,,2,2,27123:2,2,0,0,0,0,100.0,0.0,0.0,national
2025,MN,549300HN58ONH5KNJJ12,,3,2,27053:2,2,0,0,0,0,100.0,0.0,0.0,national
2025,MN,549300IFAGUDY5MUY541,,2,2,27109:1; 27129:1,2,0,0,0,0,100.0,0.0,0.0,national
2025,MN,549300KR4ZW8KJC82O47,,2,2,27053:1; 27137:1,0,0,2,0,0,0.0,0.0,100.0,national
2025,MN,549300KX2KT8MOAS5Q71,,2,2,27157:1; 27163:1,2,0,0,0,0,100.0,0.0,0.0,national
2025,MN,549300LI3FDGO7UKFF39,,2,2,27079:1; 27053:1,2,0,0,0,0,100.0,0.0,0.0,national
2025,MN,549300LXKO1O7CSK5J52,,2,2,27053:1; 27021:1,2,0,0,0,0,100.0,0.0,0.0,national
2025,MN,549300M25807V5I2K649,,4,2,27105:2,2,0,0,0,0,100.0,0.0,0.0,national
2025,MN,549300MPDN3KQZW68M43,,3,2,27157:1; 27139:1,2,0,0,0,0,100.0,0.0,0.0,national
2025,MN,549300MU2YI0HXIT3257,,4,2,27053:1; 27079:1,2,0,0,0,0,100.0,0.0,0.0,national
2025,MN,549300MVYX1L50756117,,2,2,27117:1; 27105:1,2,0,0,0,0,100.0,0.0,0.0,national
2025,MN,549300NDNZ6EWP8BJI88,,2,2,27035:1; 27145:1,2,0,0,0,0,100.0,0.0,0.0,national
2025,MN,549300NFPC3Y4W3Y7R87,,3,2,27017:1; 27037:1,0,1,1,0,0,0.0,50.0,50.0,national
2025,MN,549300NZWZUYUWEOA562,,3,2,27019:1; 27163:1,2,0,0,0,0,100.0,0.0,0.0,national
2025,MN,549300O7SGM8FH65GQ47,,2,2,27053:1; 27139:1,2,0,0,0,0,100.0,0.0,0.0,national
2025,MN,549300R0DP2GXAIMGB41,,2,2,27013:1; 27023:1,2,0,0,0,0,100.0,0.0,0.0,national
2025,MN,549300RP0N2VARTRFQ77,,3,2,27053:2,2,0,0,0,0,100.0,0.0,0.0,national
2025,MN,549300S0KDM58LZT5C96,,3,2,27105:2,2,0,0,0,0,100.0,0.0,0.0,national
2025,MN,549300UDBUNBNEKR8J69,,2,2,27065:1; 27037:1,2,0,0,0,0,100.0,0.0,0.0,national
2025,MN,549300VUVWGNUHYOLA93,,2,2,27137:1; 27037:1,2,0,0,0,0,100.0,0.0,0.0,national
2025,MN,549300XMCDBXHD84QD46,,3,2,27163:1; 27053:1,2,0,0,0,0,100.0,0.0,0.0,national
2025,MN,549300YB1H2FRI6JPM51,,2,2,27037:1; 27053:1,2,0,0,0,0,100.0,0.0,0.0,national
2025,MN,549300Z8UWZMQ33WI653,,2,2,27109:1; 27053:1,2,0,0,0,0,100.0,0.0,0.0,national
2025,MN,549300ZZME37MXI1EF14,,3,2,27145:1; 27071:1,1,1,0,0,0,50.0,50.0,0.0,national
2025,MN,7DMUJTL9FFTVIAG9H788,,4,2,27053:1; 27123:1,2,0,0,0,0,100.0,0.0,0.0,national
2025,MN,89450088V2BYQUO61B62,,2,2,27123:2,2,0,0,0,0,100.0,0.0,0.0,national
2025,MN,CLHA5EVJO4FMZ2WOBV70,,4,2,27141:1; 27053:1,2,0,0,0,0,100.0,0.0,0.0,national
2025,MN,FDXQ75GPEQKRPWABYN63,,2,2,27053:2,2,0,0,0,0,100.0,0.0,0.0,national
2025,MN,FU7RSW4CQQY98A2O7J66,,6,2,27021:1; 27037:1,2,0,0,0,0,100.0,0.0,0.0,national
2025,MN,S0Q3AHZRL5K6VQE35M07,,4,2,27123:2,2,0,0,0,0,100.0,0.0,0.0,national
2025,MN,VN1JLT1F3FLLVN3FZG89,,2,2,27003:2,2,0,0,0,0,100.0,0.0,0.0,national
2025,MN,2549002VH9C0PKB8K153,,6,1,27137:1,1,0,0,0,0,100.0,0.0,0.0,national
2025,MN,25490031SXYH24299E86,,2,1,27105:1,1,0,0,0,0,100.0,0.0,0.0,national
2025,MN,2549006KT1XNB09W2M78,,1,1,27137:1,1,0,0,0,0,100.0,0.0,0.0,national
2025,MN,2549006SBIS8ROWE8X84,,1,1,27109:1,1,0,0,0,0,100.0,0.0,0.0,national
2025,MN,2549007JQKHU8KQ0FC19,,1,1,27003:1,0,1,0,0,0,0.0,100.0,0.0,national
2025,MN,254900ACUWEGW702BR80,,2,1,27053:1,1,0,0,0,0,100.0,0.0,0.0,national
2025,MN,254900ARL5FDX2OOH702,,1,1,27003:1,1,0,0,0,0,100.0,0.0,0.0,national
2025,MN,254900BDGU9FU91PQA51,,2,1,27165:1,1,0,0,0,0,100.0,0.0,0.0,national
2025,MN,254900C1MQVQQR44R744,,2,1,27115:1,1,0,0,0,0,100.0,0.0,0.0,national
2025,MN,254900E211LMPD5PAM20,,1,1,27003:1,1,0,0,0,0,100.0,0.0,0.0,national
2025,MN,254900HEPQK96AEXHS12,,1,1,27139:1,1,0,0,0,0,100.0,0.0,0.0,national
2025,MN,254900JG0TE6ZVYQ7857,,1,1,27045:1,1,0,0,0,0,100.0,0.0,0.0,national
2025,MN,254900JU2DYRJVDHMG47,,1,1,27013:1,1,0,0,0,0,100.0,0.0,0.0,national
2025,MN,254900L67A0ZTJRS6614,,1,1,27053:1,1,0,0,0,0,100.0,0.0,0.0,national
2025,MN,254900OM76KUNZP81M89,,1,1,27109:1,1,0,0,0,0,100.0,0.0,0.0,national
2025,MN,254900PHRI1MCM69UM20,,3,1,27133:1,1,0,0,0,0,100.0,0.0,0.0,national
2025,MN,254900QIPUZ7PAK59X63,,1,1,27053:1,1,0,0,0,0,100.0,0.0,0.0,national
2025,MN,254900S2BHB4ZY0JPI53,,1,1,27057:1,1,0,0,0,0,100.0,0.0,0.0,national
2025,MN,254900T8N4RLS6G3BF64,,1,1,27139:1,1,0,0,0,0,100.0,0.0,0.0,national
2025,MN,254900TO7P4MVLV70225,,1,1,27053:1,1,0,0,0,0,100.0,0.0,0.0,national
2025,MN,254900W66Q1214MV8X83,,1,1,27171:1,1,0,0,0,0,100.0,0.0,0.0,national
2025,MN,254900WNJM89PTUDS223,,1,1,27083:1,1,0,0,0,0,100.0,0.0,0.0,national
2025,MN,254900YAD0R5TBY92Y41,,1,1,27053:1,1,0,0,0,0,100.0,0.0,0.0,national
2025,MN,5493000JFVFQFL816N45,,3,1,27019:1,1,0,0,0,0,100.0,0.0,0.0,national
2025,MN,5493000WAJ1FMTFL5D75,,15,1,27025:1,0,0,1,0,0,0.0,0.0,100.0,national
2025,MN,5493000XYE7QL54NMB52,,2,1,27061:1,1,0,0,0,0,100.0,0.0,0.0,national
2025,MN,54930010ZG6EHTCJ1L21,,1,1,27053:1,1,0,0,0,0,100.0,0.0,0.0,national
2025,MN,54930011HPXXLJN2D407,,2,1,27037:1,1,0,0,0,0,100.0,0.0,0.0,national
2025,MN,5493001GAASLCSP1PB64,,5,1,27053:1,1,0,0,0,0,100.0,0.0,0.0,national
2025,MN,549300214PKB2Y1ZWH75,,1,1,27075:1,1,0,0,0,0,100.0,0.0,0.0,national
2025,MN,5493002G4JO4BZ22MC13,,2,1,27145:1,1,0,0,0,0,100.0,0.0,0.0,national
2025,MN,5493002POZ4RFS6X0Z30,,1,1,27053:1,1,0,0,0,0,100.0,0.0,0.0,national
2025,MN,5493002RF1ERFA2XR050,,1,1,27139:1,1,0,0,0,0,100.0,0.0,0.0,national
2025,MN,5493002TJKC8NLH1ZP82,,5,1,27109:1,1,0,0,0,0,100.0,0.0,0.0,national
2025,MN,5493002W52M3SYLFEX32,,1,1,27137:1,0,1,0,0,0,0.0,100.0,0.0,national
2025,MN,5493002Z4GZF8C2F3T27,,1,1,27137:1,1,0,0,0,0,100.0,0.0,0.0,national
2025,MN,54930037K28BC4GVBU20,,1,1,27035:1,1,0,0,0,0,100.0,0.0,0.0,national
2025,MN,5493003FRXPF7VWOYZ40,,1,1,27103:1,1,0,0,0,0,100.0,0.0,0.0,national
2025,MN,5493003Q218ZJ8R1WN88,,1,1,27049:1,1,0,0,0,0,100.0,0.0,0.0,national
2025,MN,5493003Y4D5054GY3J13,,1,1,27055:1,1,0,0,0,0,100.0,0.0,0.0,national
2025,MN,54930046JONFO0FON766,,1,1,27171:1,1,0,0,0,0,100.0,0.0,0.0,national
2025,MN,54930047C62INWFYCF40,,1,1,27035:1,1,0,0,0,0,100.0,0.0,0.0,national
2025,MN,54930047YMR4VOMFGS35,,1,1,27017:1,1,0,0,0,0,100.0,0.0,0.0,national
2025,MN,5493005JF6BKCN6OY689,,2,1,27053:1,1,0,0,0,0,100.0,0.0,0.0,national
2025,MN,5493005JPZ3LXXMB0S24,,7,1,27037:1,1,0,0,0,0,100.0,0.0,0.0,national
2025,MN,5493005L8AW1CTD9HZ03,,2,1,27169:1,1,0,0,0,0,100.0,0.0,0.0,national
2025,MN,54930078TNN7GKZ7NU89,,1,1,27135:1,1,0,0,0,0,100.0,0.0,0.0,national
2025,MN,5493008JUW0FLRMO0W64,,2,1,27071:1,1,0,0,0,0,100.0,0.0,0.0,national
2025,MN,5493008NQVB5ZOWYNU83,,1,1,27003:1,1,0,0,0,0,100.0,0.0,0.0,national
2025,MN,5493008P6YO2KM3EO556,,2,1,27057:1,1,0,0,0,0,100.0,0.0,0.0,national
2025,MN,5493008RSN6F31BTGT93,,1,1,27163:1,1,0,0,0,0,100.0,0.0,0.0,national
2025,MN,54930095UWUUXAWASB02,,3,1,27137:1,1,0,0,0,0,100.0,0.0,0.0,national
2025,MN,5493009D7ZK3I86CJC09,,1,1,27021:1,1,0,0,0,0,100.0,0.0,0.0,national
2025,MN,5493009Y8ROUG903AQ21,,1,1,27163:1,1,0,0,0,0,100.0,0.0,0.0,national
2025,MN,549300A81K8K8KJR9759,,1,1,27053:1,1,0,0,0,0,100.0,0.0,0.0,national
2025,MN,549300AEULLVYD8L9B04,,1,1,27003:1,1,0,0,0,0,100.0,0.0,0.0,national
2025,MN,549300AOB4S7B0DB7863,,1,1,27141:1,1,0,0,0,0,100.0,0.0,0.0,national
2025,MN,549300AR4BCLQFU47165,,1,1,27141:1,1,0,0,0,0,100.0,0.0,0.0,national
2025,MN,549300AUFLERO59VGC71,,1,1,27001:1,1,0,0,0,0,100.0,0.0,0.0,national
2025,MN,549300B6UWNP01JH6452,,1,1,27131:1,1,0,0,0,0,100.0,0.0,0.0,national
2025,MN,549300BHPLBG0CXKTL06,,1,1,27037:1,1,0,0,0,0,100.0,0.0,0.0,national
2025,MN,549300C1FRYGOIEXG035,,1,1,27055:1,1,0,0,0,0,100.0,0.0,0.0,national
2025,MN,549300C232ZWY1I57C16,,1,1,27075:1,1,0,0,0,0,100.0,0.0,0.0,national
2025,MN,549300DDDXGC8OXLNZ36,,1,1,27145:1,1,0,0,0,0,100.0,0.0,0.0,national
2025,MN,549300DH8EI64ITBY388,,2,1,27169:1,1,0,0,0,0,100.0,0.0,0.0,national
2025,MN,549300DX0B304LAKUN93,,1,1,27037:1,1,0,0,0,0,100.0,0.0,0.0,national
2025,MN,549300E0Q8JLIMURNH75,,1,1,27163:1,1,0,0,0,0,100.0,0.0,0.0,national
2025,MN,549300GS6ONO04ORI292,,1,1,27061:1,0,1,0,0,0,0.0,100.0,0.0,national
2025,MN,549300HCNXMTNGIMAR91,,1,1,27109:1,1,0,0,0,0,100.0,0.0,0.0,national
2025,MN,549300HTMO7FGRKRLV06,,2,1,27053:1,1,0,0,0,0,100.0,0.0,0.0,national
2025,MN,549300IKS3MMB5YK6T18,,1,1,27019:1,1,0,0,0,0,100.0,0.0,0.0,national
2025,MN,549300IWE0Y507LPF493,,1,1,27163:1,0,0,1,0,0,0.0,0.0,100.0,national
2025,MN,549300J4330IBZ0BBI43,,2,1,27059:1,1,0,0,0,0,100.0,0.0,0.0,national
2025,MN,549300KPBZCTMM3Y0061,,6,1,27131:1,1,0,0,0,0,100.0,0.0,0.0,national
2025,MN,549300KW705BBINDIZ26,,4,1,27015:1,1,0,0,0,0,100.0,0.0,0.0,national
2025,MN,549300LH06ZZHKPX5U83,,1,1,27139:1,1,0,0,0,0,100.0,0.0,0.0,national
2025,MN,549300LO3MP4RAI32X70,,1,1,27139:1,1,0,0,0,0,100.0,0.0,0.0,national
2025,MN,549300MQEDQYDJR8CP22,,2,1,27137:1,1,0,0,0,0,100.0,0.0,0.0,national
2025,MN,549300N1R0R39PYT7O68,,1,1,27137:1,1,0,0,0,0,100.0,0.0,0.0,national
2025,MN,549300N2GMOJ61XHEL06,,1,1,27037:1,1,0,0,0,0,100.0,0.0,0.0,national
2025,MN,549300N3JBQ15RQ7AV97,,3,1,27173:1,1,0,0,0,0,100.0,0.0,0.0,national
2025,MN,549300NWKILSNQAIG053,,2,1,27053:1,1,0,0,0,0,100.0,0.0,0.0,national
2025,MN,549300O5WDIJU8S7OI05,,2,1,27119:1,1,0,0,0,0,100.0,0.0,0.0,national
2025,MN,549300OBJRCHJ0G6XU24,,1,1,27141:1,1,0,0,0,0,100.0,0.0,0.0,national
2025,MN,549300OUJRW41FX1L002,,1,1,27011:1,1,0,0,0,0,100.0,0.0,0.0,national
2025,MN,549300P4RGN7F1H2N265,,1,1,27127:1,1,0,0,0,0,100.0,0.0,0.0,national
2025,MN,549300PQ7WSN8JPB7M42,,1,1,27037:1,1,0,0,0,0,100.0,0.0,0.0,national
2025,MN,549300Q3ROEQU3D1IW91,,28,1,27167:1,1,0,0,0,0,100.0,0.0,0.0,national
2025,MN,549300QP3NKC4EY4SD85,,1,1,27067:1,1,0,0,0,0,100.0,0.0,0.0,national
2025,MN,549300S5FVOSK5DQJN30,,1,1,27035:1,1,0,0,0,0,100.0,0.0,0.0,national
2025,MN,549300S5LHMBX3WRT314,,2,1,27025:1,1,0,0,0,0,100.0,0.0,0.0,national
2025,MN,549300SY0ZRUCS4CSY07,,2,1,27171:1,1,0,0,0,0,100.0,0.0,0.0,national
2025,MN,549300TSZB60GNONKL22,,1,1,27041:1,1,0,0,0,0,100.0,0.0,0.0,national
2025,MN,549300TULDV69V2XKY60,,1,1,27053:1,1,0,0,0,0,100.0,0.0,0.0,national
2025,MN,549300TWHZRVTZ8RYT46,,1,1,27053:1,1,0,0,0,0,100.0,0.0,0.0,national
2025,MN,549300UMP0GPLDSH4L61,,1,1,27131:1,1,0,0,0,0,100.0,0.0,0.0,national
2025,MN,549300V3N91EH05UWL23,,2,1,27139:1,1,0,0,0,0,100.0,0.0,0.0,national
2025,MN,549300VJ7C5JB4W87F48,,2,1,27109:1,1,0,0,0,0,100.0,0.0,0.0,national
2025,MN,549300VVH8HHFMWL8536,,3,1,27019:1,1,0,0,0,0,100.0,0.0,0.0,national
2025,MN,549300W1HU6IVVIEJ389,,1,1,27061:1,0,0,1,0,0,0.0,0.0,100.0,national
2025,MN,549300W6UP8EY0KSBG85,,1,1,27035:1,1,0,0,0,0,100.0,0.0,0.0,national
2025,MN,549300WN1LQYJX9HOU28,,1,1,27053:1,1,0,0,0,0,100.0,0.0,0.0,national
2025,MN,549300WS8BW0I0BDA390,,2,1,27123:1,0,1,0,0,0,0.0,100.0,0.0,national
2025,MN,549300X844WCY1CCL322,,1,1,27037:1,1,0,0,0,0,100.0,0.0,0.0,national
2025,MN,549300XOTES5TCS8T794,,1,1,27053:1,1,0,0,0,0,100.0,0.0,0.0,national
2025,MN,549300XYLNCM8KWF7B15,,1,1,27061:1,1,0,0,0,0,100.0,0.0,0.0,national
2025,MN,549300Y7G2MW6V1OR474,,2,1,27037:1,1,0,0,0,0,100.0,0.0,0.0,national
2025,MN,549300YHSRT5YOR5W454,,1,1,27003:1,0,1,0,0,0,0.0,100.0,0.0,national
2025,MN,549300YKMWXBZEEA1471,,1,1,27169:1,1,0,0,0,0,100.0,0.0,0.0,national
2025,MN,549300YQ763HO7N3CO68,,1,1,27053:1,1,0,0,0,0,100.0,0.0,0.0,national
2025,MN,549300ZIQ24V0C88AC41,,2,1,27025:1,1,0,0,0,0,100.0,0.0,0.0,national
2025,MN,635400IW1QMK3FNFF894,,1,1,27145:1,1,0,0,0,0,100.0,0.0,0.0,national
2025,MN,6PTKHDJ8HDUF78PFWH30,,1,1,27053:1,1,0,0,0,0,100.0,0.0,0.0,national
2025,MN,70WY0ID1N53Q4254VH70,,1,1,27053:1,1,0,0,0,0,100.0,0.0,0.0,national
2025,MN,8I3UVGYULPJQIP7FQV10,,2,1,27027:1,1,0,0,0,0,100.0,0.0,0.0,national
2025,MN,9845005BP6974AE5D838,,2,1,27053:1,1,0,0,0,0,100.0,0.0,0.0,national
2025,MN,984500ET710674536D72,,1,1,27053:1,1,0,0,0,0,100.0,0.0,0.0,national
2025,MN,9LIMABRJ9VPV74PBJB17,,2,1,27137:1,1,0,0,0,0,100.0,0.0,0.0,national
2025,MN,RA4FKR1AA05ZK88M8034,,1,1,27141:1,1,0,0,0,0,100.0,0.0,0.0,national
2025,MN,UBNR8NKAK8J9JL4NZF88,,1,1,27053:1,1,0,0,0,0,100.0,0.0,0.0,national
2025,MN,YQI2CPR3Z44KAR0HG822,,1,1,27053:1,1,0,0,0,0,100.0,0.0,0.0,national
