lei,institution_name,nmls_id,our_lender_slug,match_status,total_applications,total_originations,ok_originations,states_with_originations,priority_match
549300DMHEHNYZ2OLB41,,,,unmatched,9837,6705,3985,OK:3985;TX:2615;FL:12;AR:10;CO:9;CA:6;NM:6;UT:5;MS:4;KS:4,high
549300MNZECUR067HB12,,,,unmatched,4837,3819,3786,OK:3786;TX:8;KS:7;MO:6;CO:3;CA:3;AR:2;ME:1;NC:1;NM:1,medium
COINQMNIM6RBU631DD85,,,,unmatched,20365,13363,3409,AR:6555;OK:3409;MO:2139;KS:735;TX:71;FL:46;CA:32;IN:27;TN:26;NC:26,high
54930067KY3OO1D8HC58,,,,unmatched,3760,2908,2484,OK:2484;AR:213;TX:211,medium
FU7RSW4CQQY98A2O7J66,,,,unmatched,11003,5995,2384,OK:2384;TX:1139;CO:853;NM:772;AZ:237;KS:200;MO:147;AR:125;FL:16;OH:13,high
54930034MNPILHP25H80,,,,unmatched,11008,7952,1547,TX:2178;OK:1547;SC:653;KS:533;AR:350;NJ:337;WV:337;MO:254;FL:223;NM:216,high
549300XKEC7P1D7OKJ16,,,,unmatched,2041,1670,1509,OK:1509;TX:135;KS:6;FL:4;MO:4;CO:2;AR:2;TN:2;CA:1;NC:1,medium
549300LXKO1O7CSK5J52,,,,unmatched,19410,15370,1425,MO:7301;IL:1758;AR:1481;OK:1425;KS:1216;TX:675;CO:311;IA:298;IN:268;NE:264,high
549300O5WDIJU8S7OI05,,,,unmatched,2212,1775,1406,OK:1406;MO:137;KS:81;TX:48;FL:10;AZ:10;AR:9;GA:9;WA:5;SC:5,medium
254900F8XCJE1G9OYR92,,,,unmatched,1420,993,984,OK:984;MO:6;AR:2;KS:1,medium
549300PZP3UHKYJ5ET63,,,,unmatched,2002,978,977,OK:977;TX:1,medium
549300XQVJ1XBNFA5536,,,,unmatched,157783,28058,888,TX:6763;FL:2098;MI:1623;AL:1274;CA:1262;GA:1218;SC:1207;LA:1097;MS:1068;OK:888,high
337KMNHEWWWR6B7Q7W10,,,,unmatched,3253,2416,728,OK:728;CA:535;TX:385;AZ:281;CO:152;NV:72;UT:42;NY:24;NM:18;FL:16,high
549300AG10BX85DF5S49,,,,unmatched,6424,4978,712,IL:1069;CA:805;OK:712;NJ:554;WA:321;WI:169;TX:155;MA:150;DE:122;IA:90,high
549300O2D8BPO6PJRB90,,,,unmatched,1326,958,709,OK:709;AR:227;TX:14;KS:2;MO:2;CA:1;CO:1;MS:1;FL:1,medium
549300IJO7NO6VDZPD35,,,,unmatched,3250,2460,667,OK:667;TX:660;MI:649;MD:231;CO:39;IL:38;AZ:26;FL:25;VA:19;PA:19,high
549300W8MJBUGW3ZLQ95,,,,unmatched,1246,616,616,OK:616,medium
549300UF3FPC7U6RFC59,,,,unmatched,10804,7285,544,MO:4768;CO:733;OK:544;KS:353;NC:269;AR:104;FL:91;IL:68;IA:46;TX:35,high
549300488506L45QIE35,,,,unmatched,576,527,521,OK:521;KS:4;TX:2,medium
549300VWURV8LBNGQ353,,,,unmatched,931,779,517,OK:517;AR:248;MO:7;CO:3;TX:2;KS:1;KY:1,medium
549300XY701IELCE5Q08,,,,unmatched,45682,14567,493,CA:1786;TX:1143;FL:1004;GA:685;NC:664;NJ:658;CO:512;OK:493;WA:480;IL:476,high
549300GRGZDEH4ZGQS06,,,,unmatched,9623,7079,493,NM:2064;FL:832;OK:493;TX:430;VA:402;WI:395;AZ:386;ID:349;MO:235;MD:195,high
2549007W5PWUV8XG3V90,,,,unmatched,834,612,488,OK:488;KS:117;TX:3;AL:2;AR:1;MO:1,medium
549300CKJ4DTUYAZXI11,,,,unmatched,538,485,467,OK:467;TX:5;FL:4;MI:1;MO:1;UT:1;ME:1;IA:1;KS:1;IN:1,low
549300V71V12DS7RW675,,,,unmatched,848,449,439,OK:439;KS:10,low
549300CY7WNAHKHYSJ73,,,,unmatched,9635,7642,429,TX:2279;WA:1370;NC:910;CO:589;OK:429;ID:319;CA:261;AK:250;NM:227;MT:218,high
5493004WQK3PHW1SDP63,,,,unmatched,514,389,380,OK:380;TX:5;KS:2;CO:1;NC:1,low
549300ZWNETGFXTBBY03,,,,unmatched,13173,8449,337,GA:1431;AL:1135;WA:886;TX:724;UT:506;ID:413;OK:337;TN:330;NC:313;NV:293,high
5493007ASPHNTEYEZ797,,,,unmatched,1300,1018,324,AR:336;OK:324;TX:188;AL:157;KS:11;MO:2,medium
549300PBTV7FCWLSMM53,,,,unmatched,9758,6224,315,TX:1363;GA:446;CO:423;NC:404;FL:380;OK:315;CA:260;AL:227;MS:224;NM:223,high
254900AASWOQ6SVWCG44,,,,unmatched,616,314,312,OK:312;CO:1;AR:1,low
549300X2FI65C4A30O27,,,,unmatched,373,309,299,OK:299;TX:6;KS:2;FL:1;TN:1,low
549300ON2ILGPUVKZT28,,,,unmatched,335,269,268,OK:268;FL:1,low
549300V5MRNYGHSGR060,,,,unmatched,364,268,268,OK:268,low
549300PC4MFWQBNVKG88,,,,unmatched,9475,7248,264,AZ:2321;CO:1153;TX:1080;NM:272;OK:264;CT:235;NV:227;IN:218;CA:169;PA:165,high
54930068H3KVFOUG0285,,,,unmatched,433,258,258,OK:258,low
549300TJF420N3F01V87,,,,unmatched,1750,1269,249,MO:411;KS:409;OK:249;AR:168;TX:13;CO:7;FL:3;AZ:2;NM:2;NE:1,medium
549300DPRWSBUY619V27,,,,unmatched,4871,3125,237,AR:986;TN:773;TX:559;MO:461;OK:237;KS:56;MS:18;KY:7;IL:4;GA:4,high
549300H6C1OV8E3V1P15,,,,unmatched,327,240,235,OK:235;TX:4;CA:1,low
549300OBYIDGN0LRQS38,,,,unmatched,248,234,230,OK:230;CO:2;FL:1;CA:1,low
549300SNAY3J7NZEU618,,,,unmatched,303,226,224,OK:224;NM:2,low
549300BSTNYSV3EWYM24,,,,unmatched,350,272,223,OK:223;MO:33;TX:7;FL:3;CO:2;AR:1;AL:1;ID:1;SC:1,low
254900RFZH9I62FGU045,,,,unmatched,2305,1681,222,MS:546;TX:362;KS:298;OK:222;MO:111;IN:62;AR:23;FL:14;WA:8;GA:7,medium
2549007JQKHU8KQ0FC19,,,,unmatched,3867,3257,217,AR:2197;TN:311;IL:243;OK:217;KY:97;MS:61;LA:33;TX:30;OH:25;AL:20,medium
549300249G20MDIDRR27,,,,unmatched,11602,2752,211,TX:748;SC:336;OK:211;FL:197;AL:190;NC:160;TN:135;GA:135;MS:107;AR:88,high
254900R24PHQB7GDFD26,,,,unmatched,292,218,208,OK:208;TX:5;FL:1;MT:1;AZ:1;KY:1;KS:1,low
549300Q1YFRSB8UEGH03,,,,unmatched,671,440,204,OK:204;KS:149;TX:29;MO:20;AK:8;AR:5;CO:3;AL:3;MT:2;IL:2,low
254900CTT87ZKAUTIJ37,,,,unmatched,7767,4886,194,PA:577;OH:524;TX:373;FL:354;MD:352;CA:261;MI:219;GA:217;MO:208;OK:194,high
5493002H3RKHKUQU7R78,,,,unmatched,239,191,191,OK:191,low
5493007LU04D28P9RD79,,,,unmatched,294,191,189,OK:189;FL:1;AR:1,low
5493004OB0KD7VERQW98,,,,unmatched,3203,2426,188,TX:1107;KY:411;TN:219;OK:188;IN:175;AL:173;GA:54;LA:47;AR:32;FL:12,high
5493004RLLKTQS8K7U51,,,,unmatched,3878,2099,185,TX:639;FL:282;OK:185;NC:127;IL:104;AZ:96;NY:78;CA:78;NJ:51;MA:42,high
549300VMX06UV1F7NS76,,,,unmatched,5690,4240,184,MI:955;FL:429;PA:390;GA:343;TX:255;TN:237;KY:231;OK:184;NC:159;WV:155,high
254900KOW652UXXY2V12,,,,unmatched,202,176,175,OK:175;AR:1,low
549300D003QRZFSQ4N43,,,,unmatched,4923,2415,174,TX:2220;OK:174;NM:6;FL:4;GA:2;KS:2;CO:2;CT:2;LA:1;TN:1,high
549300M8WGW2D17CZD19,,,,unmatched,3467,2666,172,TX:1580;AZ:284;UT:203;FL:190;OK:172;GA:69;KS:42;SC:39;TN:17;CO:10,high
984500B8F043AF564B98,,,,unmatched,202,161,160,OK:160;AR:1,low
549300465MKS092D5K02,,,,unmatched,192,174,157,OK:157;TX:13;FL:2;NM:1;MO:1,low
549300M2HFFTNLBO7R56,,,,unmatched,384,158,155,OK:155;CA:3,low
5493007U8EFNQS3VJQ70,,,,unmatched,269,150,150,OK:150,low
549300T2PYPUFN0IWJ63,,,,unmatched,426,310,136,TX:171;OK:136;KS:2;NM:1,medium
549300YPUST7CSVL4680,,,,unmatched,198,135,135,OK:135,low
54930080KJR5G1HZVI89,,,,unmatched,165,136,134,OK:134;FL:2,low
549300VWTT8C7CZNY023,,,,unmatched,172,133,133,OK:133,low
549300K3182R4M8RRD37,,,,unmatched,129,127,127,OK:127,low
5493006P5IHSK77SZ855,,,,unmatched,2615,1740,126,TX:668;TN:193;AL:175;OK:126;LA:125;MS:77;MI:51;WA:46;NM:44;IN:41,high
549300OWEWQ1QPPQS302,,,,unmatched,139,124,123,OK:123;AZ:1,low
549300E76OWAX7HQJX42,,,,unmatched,156,131,121,OK:121;AZ:6;FL:2;TX:2,low
549300BREPLU2KKPI102,,,,unmatched,668,512,120,AR:381;OK:120;MO:7;LA:2;TX:1;NC:1,medium
549300LIZH7VW4DFJK44,,,,unmatched,421,161,118,OK:118;AL:12;TX:6;AR:4;NM:3;NE:3;OR:2;LA:2;CO:2;FL:1,low
5493005WCUTOOZMTV053,,,,unmatched,190,144,114,OK:114;TX:26;CO:1;FL:1;HI:1;AR:1,low
549300VUC1HUFKVPE720,,,,unmatched,151,115,112,OK:112;TX:1;CO:1;VT:1,low
254900467HCJ72XZNJ32,,,,unmatched,115,113,112,OK:112;KS:1,low
5493003OO8EG0RKSFX83,,,,unmatched,120,113,107,OK:107;TX:3;KS:1;MI:1;FL:1,low
549300FVD3YHE65PKH97,,,,unmatched,3373,2007,106,NV:336;TX:274;CA:216;NJ:193;CO:156;FL:134;IN:120;GA:117;OK:106;IL:99,high
254900PCN2EQDRMIHV68,,,,unmatched,737,380,104,KS:205;OK:104;MO:66;NE:3;AR:1;CO:1,low
549300ZL6THC5R7VUP98,,,,unmatched,273,116,101,OK:101;AZ:6;CO:3;FL:2;NV:1;UT:1;ID:1;AR:1,low
254900OCV4AWL56SWL08,,,,unmatched,115,101,98,OK:98;TX:1;FL:1;NM:1,low
894500UIQNJRMSPN5G70,,,,unmatched,111,111,95,OK:95;AR:13;TX:3,low
549300D3HXQOVIN2DA88,,,,unmatched,109,97,93,OK:93;MO:1;TX:1;CO:1;CA:1,low
549300KEXKSBTXDVT278,,,,unmatched,105,91,89,OK:89;CO:1;TX:1,low
254900QKCUJ5YL7WA384,,,,unmatched,126,90,89,OK:89;FL:1,low
549300BBKMRS6J0CB539,,,,unmatched,4005,2955,88,TX:2153;IL:171;VA:119;IN:117;FL:102;OK:88;MO:56;NV:25;AZ:14;AL:13,high
254900F4K0YUTIQ7Q952,,,,unmatched,143,87,87,OK:87,low
5493000W1FD1FMQ03060,,,,unmatched,103,87,87,OK:87,low
549300U0JNFQTFMNJ219,,,,unmatched,107,90,86,OK:86;KS:2;MO:1;FL:1,low
894500NI2UNWVZRRZP19,,,,unmatched,91,86,83,OK:83;AR:2;IL:1,low
254900N50SQP3XJCQT74,,,,unmatched,87,85,82,OK:82;TX:2;AL:1,low
549300E8JTSHNU1K4K92,,,,unmatched,100,82,82,OK:82,low
549300HCWCQYV87S4729,,,,unmatched,147,82,82,OK:82,low
5493005MFZ2ASTT3WX73,,,,unmatched,88,80,80,OK:80,low
549300L9MOPDT0NKE883,,,,unmatched,1406,980,79,KS:805;OK:79;MO:53;FL:8;CA:4;TX:3;NC:3;NM:3;MN:3;IL:2,medium
894500DJMVO6OSILQJ58,,,,unmatched,80,79,79,OK:79,low
549300OMMGCT35VSS514,,,,unmatched,83,77,75,OK:75;MO:2,low
254900RM3T6WAVE6SA24,,,,unmatched,2446,1847,74,TX:892;NC:100;AZ:97;LA:86;FL:84;CO:83;OK:74;IL:55;GA:54;CA:36,high
549300R6P9WVVQOQF705,,,,unmatched,93,80,74,OK:74;TX:2;CO:1;DC:1;MO:1;FL:1,low
549300XTFXREUXEWLW38,,,,unmatched,79,73,73,OK:73,low
254900TGSOSDEDP36K37,,,,unmatched,85,72,72,OK:72,low
549300M16942DXVSKE61,,,,unmatched,79,68,68,OK:68,low
5493001YBS0V28ZNVE97,,,,unmatched,96,72,67,OK:67;TX:3;AR:1;NM:1,low
254900R3GSQ9SP0VJU09,,,,unmatched,65,65,65,OK:65,low
5493001EYKX1T5YCJ737,,,,unmatched,73,65,65,OK:65,low
549300LP3GMTWS4OB353,,,,unmatched,1570,896,64,TX:298;SC:207;AR:177;GA:101;OK:64;NC:12;LA:7;IN:7;AL:7;TN:6,high
54930056PR716B2KIG98,,,,unmatched,88,63,63,OK:63,low
5493008O0BGTGQR8PF89,,,,unmatched,94,63,63,OK:63,low
5493004T38NMC864VL66,,,,unmatched,793,610,62,TX:112;WA:87;FL:74;OK:62;OR:50;TN:44;OH:35;MO:31;NC:26;GA:23,medium
5493007KC6RR4UC6S050,,,,unmatched,73,62,61,OK:61;TX:1,low
549300GQHFVUMVZAI777,,,,unmatched,63,60,60,OK:60,low
549300TB3TMP4RV5T078,,,,unmatched,1534,1198,59,MA:652;TX:189;NH:79;OK:59;FL:45;SC:33;RI:29;DE:28;PA:24;NJ:15,high
549300PKEQ3Q9S0IXW76,,,,unmatched,5324,3201,59,MI:1072;NV:550;AR:477;NC:475;IN:211;OH:161;OK:59;PA:58;SC:25;FL:20,high
984500RF83EA742B5589,,,,unmatched,987,622,59,OK:59;MO:53;TX:49;TN:49;NJ:46;KS:42;FL:38;OH:34;CA:33;PA:28,medium
549300MUMD1WPCSXT518,,,,unmatched,1520,1284,59,KS:889;MO:326;OK:59;CO:2;AL:2;IL:2;TN:2;NV:1;CA:1,medium
5493009EEWZ9S4F2BE94,,,,unmatched,73,65,55,OK:55;CO:10,low
549300RPDWEFBGPJPW67,,,,unmatched,78,55,55,OK:55,low
549300Q3ROEQU3D1IW91,,,,unmatched,19804,2630,54,TX:464;CA:453;AZ:321;FL:160;WA:152;PA:125;NY:122;LA:114;OR:112;OK:54,high
5493008S3V47SHFD8R45,,,,unmatched,163,126,54,OK:54;TX:54;KS:12;MO:4;CO:2,medium
549300X9F6RDCRU0HK78,,,,unmatched,59,55,53,OK:53;MO:1;TN:1,low
254900H43FZ07VEY2T39,,,,unmatched,55,54,53,OK:53;AR:1,low
549300552HVITY0L9184,,,,unmatched,114,53,53,OK:53,low
549300HUGQ1D4T4GJH13,,,,unmatched,61,55,48,OK:48;AR:6;MO:1,low
7DMUJTL9FFTVIAG9H788,,,,unmatched,7326,3789,45,MO:2488;KS:751;IL:194;CO:161;OK:45;TX:23;FL:22;AZ:13;AR:13;CA:12,medium
5493003K28DNSKKT2059,,,,unmatched,153,136,45,AR:88;OK:45;MO:3,low
254900ZX1UPIG2E7TH11,,,,unmatched,4134,3064,42,LA:1298;AL:793;SC:288;GA:193;TX:186;FL:93;OK:42;PA:38;MS:37;MA:26,high
254900FP6SX9QWAB1J85,,,,unmatched,62,54,42,OK:42;TX:12,low
254900Y4P4X4Y1L26R43,,,,unmatched,65,42,42,OK:42,low
549300UBGRF9FQB7X471,,,,unmatched,77,42,42,OK:42,low
549300DRA4BDXW23LD45,,,,unmatched,2210,1609,40,MN:624;WI:301;IL:93;MT:72;IN:54;IA:47;NE:45;OH:42;OK:40;SD:29,medium
549300AENO88GEUWCZ39,,,,unmatched,1280,846,39,MN:142;IN:65;CO:58;FL:56;CA:52;OK:39;KY:36;TX:34;DE:27;WI:26,medium
5493000V86JDJLM0OV13,,,,unmatched,690,690,36,AL:137;TX:116;MS:85;FL:76;GA:55;LA:52;OK:36;SC:30;TN:29;KY:28,medium
549300L7IR85QJ3SOP77,,,,unmatched,60,46,36,OK:36;TX:3;UT:1;OH:1;MO:1;NY:1;FL:1;NJ:1;MI:1,low
549300OCPYKDBIQ11H61,,,,unmatched,65,57,34,OK:34;TX:19;FL:2;NM:1;IL:1,low
5493005GNZ6EJFS7LM83,,,,unmatched,1142,666,33,TX:632;OK:33;AZ:1,high
549300HTRLFU2IIL4380,,,,unmatched,1457,281,32,TX:181;LA:35;AR:32;OK:32;MO:1,medium
54930076IPVDX26EBK58,,,,unmatched,35,35,32,OK:32;UT:1;TN:1;FL:1,low
25490021P4C9ZH17EO78,,,,unmatched,69,31,31,OK:31,low
549300EFCZM6KD6B8K69,,,,unmatched,2260,1578,30,NJ:593;PA:165;TX:120;VA:82;MI:62;MD:62;ID:32;TN:32;NC:30;OK:30,high
549300X08QKYUH256I80,,,,unmatched,265,240,29,GA:77;TX:38;OK:29;NM:21;AZ:19;FL:14;AL:7;WA:6;CA:5;TN:5,medium
254900E211LMPD5PAM20,,,,unmatched,42,37,29,OK:29;TX:5;MN:1;OH:1;SC:1,low
5493008OQHUQJ5KP2L65,,,,unmatched,40,29,29,OK:29,low
549300N72MT5I3L0FF81,,,,unmatched,30,29,29,OK:29,low
254900LW5BPW0G1LMW49,,,,unmatched,707,609,27,NE:285;KS:139;MN:102;WI:31;OK:27;IA:25,medium
549300IXP5DNWSGY6F96,,,,unmatched,861,548,25,KS:473;AR:28;OK:25;MO:17;FL:3;OH:1;KY:1,medium
9845007CY0EC0F59W414,,,,unmatched,1228,801,24,CA:391;TX:104;GA:81;FL:62;PA:36;OK:24;VA:17;NJ:14;OH:9;MD:8,high
549300JLXD89NGKXMS84,,,,unmatched,977,592,24,FL:197;TX:152;ND:53;ME:44;CO:41;VA:38;OK:24;SC:12;WV:11;NC:7,medium
549300RYQVJMZ3X21K04,,,,unmatched,50,26,24,OK:24;FL:1;TX:1,low
5493002JA8HUVL2CRT33,,,,unmatched,709,442,22,NJ:87;OH:79;PA:76;NC:56;FL:27;OK:22;IL:22;NY:19;TX:18;IN:11,medium
549300O7SGM8FH65GQ47,,,,unmatched,2070,1481,21,IL:1204;MO:86;FL:58;IN:58;OK:21;KS:19;CO:11;AZ:7;MI:4;CA:2,medium
54930013MXTMNAENKY84,,,,unmatched,41,37,20,OK:20;TX:16;LA:1,low
549300BEFX6JRSCS5N78,,,,unmatched,5149,2868,19,AR:1278;TX:904;FL:582;AL:29;OK:19;MO:17;CO:6;GA:5;NM:5;KY:3,high
549300HIKKZQ0TVJWA08,,,,unmatched,4454,2280,19,AR:2249;OK:19;MO:11;TN:1,medium
549300O86UUZZGSLX538,,,,unmatched,64,19,19,OK:19,low
5493009XSE00M8B9R434,,,,unmatched,3364,301,18,TX:159;FL:32;NM:24;OK:18;SC:15;IN:13;NC:10;LA:9;AL:4;IL:4,medium
549300KW705BBINDIZ26,,,,unmatched,335,226,18,TX:106;LA:38;AR:28;OK:18;NM:16;IN:6;WA:4;MO:2;MT:2;FL:1,medium
5493007LG15SP6QAWL48,,,,unmatched,181,155,16,KS:137;OK:16;CO:1;FL:1,low
254900QRD0ZXHH08TX87,,,,unmatched,4054,2443,15,TX:2019;FL:138;SC:102;LA:47;CO:32;UT:27;OK:15;MA:15;RI:9;PA:5,high
254900HIDMT4ZG09RP47,,,,unmatched,379,273,15,MD:33;TX:26;GA:24;FL:23;NC:20;AL:17;IL:16;OK:15;IN:15;TN:13,medium
254900CNZPI5WN45KW48,,,,unmatched,566,437,15,AR:387;MS:22;OK:15;TX:4;AL:2;LA:2;FL:1;MO:1;TN:1;IN:1,low
549300N1LBROQFJ7YJ64,,,,unmatched,43,17,15,OK:15;SC:1;IA:1,low
549300QWJ3UDIX8KBP64,,,,unmatched,590,440,14,AR:308;MO:74;OK:14;PA:10;CO:9;FL:7;TN:5;AZ:3;ID:2;GA:2,low
549300SEW263WB5KWU64,,,,unmatched,19,16,14,OK:14;NV:1;TX:1,low
5493001PJI787KH02821,,,,unmatched,38,28,13,TX:15;OK:13,low
549300KPHGEE40YQXO21,,,,unmatched,873,472,12,CA:148;TX:52;AZ:28;MI:21;MO:21;WA:15;NM:13;OK:12;CO:12;NV:11,medium
549300WDLOVGUYVTS727,,,,unmatched,122,92,12,SC:71;OK:12;TX:2;GA:2;AL:2;FL:1;NC:1;KS:1,medium
549300IRXW9RSZM2B951,,,,unmatched,667,477,11,TN:173;AR:141;MA:29;MS:27;NY:22;MO:13;OK:11;TX:10;DE:9;CT:8,medium
549300NFA0VY9215VV25,,,,unmatched,897,463,11,MO:255;FL:63;TX:48;KS:27;CO:19;AR:18;OK:11;GA:10;NC:9;TN:1,medium
549300DT7WZ1SOTNFJ62,,,,unmatched,2457,1688,10,MO:648;CA:379;NE:340;KS:171;IL:41;TX:14;IA:12;NV:10;OK:10;CO:8,medium
549300EAO0HUFDR48U74,,,,unmatched,506,380,10,TX:207;AR:104;LA:47;OK:10;MS:7;CO:2;AL:2;MO:1,medium
549300HINJH60UG3KG47,,,,unmatched,361,317,10,NC:41;FL:38;VA:30;GA:28;TX:25;CA:21;NV:15;WA:11;PA:10;OK:10,medium
5493008YOT5ACN2UNP66,,,,unmatched,261,178,10,AR:162;OK:10;MO:4;AL:1;TX:1,low
549300Q8R70WLHGFLX73,,,,unmatched,200,146,10,MO:108;KS:25;OK:10;AR:3,low
549300LG8MECYD8F2A55,,,,unmatched,1299,1039,9,TX:1015;OK:9;CO:3;MI:3;FL:2;AR:2;LA:1;MT:1;PA:1;TN:1,high
254900K39SBWA2QOUF69,,,,unmatched,460,347,9,TX:276;FL:18;AK:14;NM:11;OK:9;SC:8;TN:3;ID:2;CO:2;GA:2,medium
549300IEIM2IT5YK4368,,,,unmatched,2063,1573,9,AR:1415;MO:126;KS:11;OK:9;TX:4;HI:1;TN:1;CO:1;KY:1;WI:1,medium
549300TTPRGSP8DGY569,,,,unmatched,696,471,8,VA:134;MD:113;DC:55;CA:20;FL:14;NC:11;NJ:10;PA:8;OK:8;WV:8,medium
549300OUFGVRFN8PZB89,,,,unmatched,122,93,8,TX:75;OK:8;TN:2;CO:2;WI:2;GA:1;FL:1;CA:1;SC:1,medium
2549006V23YD1XWUR350,,,,unmatched,13,12,8,OK:8;TX:2;CT:1;UT:1,low
254900XDI51NPWZM0N29,,,,unmatched,453,447,8,AR:439;OK:8,low
549300DF7LT6VI5BQC34,,,,unmatched,555,461,7,MO:430;KS:14;OK:7;AR:4;FL:4;TX:1;CO:1,low
549300AR337B2RGP3C69,,,,unmatched,235,207,7,AR:186;MO:8;OK:7;FL:4;AL:1;TN:1,low
549300COZ9YQTC4J1378,,,,unmatched,182,127,7,MO:109;OK:7;KS:6;AR:4;TX:1,low
5493003L2LYA333BZY52,,,,unmatched,134,105,7,AR:97;OK:7;CO:1,low
549300QRLVIA94OVXY15,,,,unmatched,159,11,6,OK:6;TX:5,low
549300NZI0KZUW6HBT60,,,,unmatched,54,36,6,KS:16;CO:9;OK:6;TX:2;TN:2;NE:1,low
549300JMT2KAYN9PTX82,,,,unmatched,461,276,6,KS:202;MO:49;NE:19;OK:6,low
549300ASIS4D2QDWH380,,,,unmatched,2811,1841,5,TX:1806;NM:12;CO:6;OK:5;KS:3;MS:2;MT:1;AR:1;TN:1;OH:1,high
5493007XAKU2Q6LGXD23,,,,unmatched,2217,1540,5,TX:1306;NC:135;TN:19;FL:12;SC:9;OH:9;VA:8;GA:7;CO:5;OK:5,high
549300Z2FPZZD55OG155,,,,unmatched,312,223,5,TX:214;OK:5;OH:2;TN:1;SC:1,medium
254900Y3KT6SZM11MQ06,,,,unmatched,100,88,5,TX:76;OK:5;CO:2;TN:1;IN:1;SC:1;NC:1;FL:1,medium
254900561K135J92VD38,,,,unmatched,1869,1555,5,AR:1534;FL:12;OK:5;MT:1;TN:1;CO:1;NC:1,medium
549300CRPIDBSEMEY066,,,,unmatched,915,595,5,KS:581;MO:6;OK:5;AR:1;TX:1;NE:1,medium
549300RRQHIHHM9I4K21,,,,unmatched,1956,1152,5,KS:1143;OK:5;MO:3;NE:1,medium
549300LFR4FQMI48MF92,,,,unmatched,57,51,5,TX:26;AR:20;OK:5,low
549300DM6DAOPSF8HL78,,,,unmatched,236,145,5,MS:79;IN:17;TX:6;TN:6;OK:5;FL:4;KY:4;LA:4;OH:3;IL:2,low
5493007OXXFLNNHTW637,,,,unmatched,431,379,5,MO:330;KS:7;TX:7;OK:5;AZ:4;IA:4;AR:3;FL:3;CA:2;AK:2,low
549300SPHVO4KAGQUX53,,,,unmatched,263,245,5,KS:211;CO:12;OH:5;OK:5;FL:3;IA:2;NM:2;ID:1;IL:1;AZ:1,low
549300U2B1ZNGX3H8U54,,,,unmatched,1568,1267,4,TX:1242;NM:5;OK:4;CO:3;GA:2;AR:2;NE:1;IL:1;MA:1;WA:1,high
254900ACU16O36WZP625,,,,unmatched,726,726,4,FL:351;TX:233;WI:29;NC:23;TN:22;AZ:22;GA:21;NV:11;VA:7;OK:4,high
549300JGK6WNKYXQ0821,,,,unmatched,1587,441,4,GA:324;NC:18;AL:17;FL:14;AR:9;SC:6;TN:6;KY:6;PA:4;OK:4,medium
D8RBTOL3JO2Q6IEO0F34,,,,unmatched,1311,976,4,LA:528;TX:270;MS:128;AR:10;AL:9;FL:8;TN:6;OK:4;AZ:2;OH:2,medium
549300FRF7HYNM1S7Y12,,,,unmatched,346,248,4,TX:244;OK:4,medium
549300GKNMX0ZXKVPE54,,,,unmatched,496,429,4,AR:255;TX:154;LA:11;OK:4;MT:2;UT:1;CO:1;FL:1,medium
549300C1ICNCM0V37Y02,,,,unmatched,2415,2391,4,MO:1585;KS:606;AZ:48;IL:38;FL:17;TX:14;TN:9;AR:8;CO:8;OK:4,medium
549300DHRESF8KLNP162,,,,unmatched,780,618,4,MO:588;KS:24;OK:4;AR:2,medium
54930039OWZFM2IGRN69,,,,unmatched,449,356,4,AR:334;TX:7;OK:4;AL:2;KS:2;PA:2;IL:2;FL:1;UT:1;TN:1,low
549300S8CJG5MSY8BH57,,,,unmatched,526,379,4,AR:358;MO:4;OK:4;FL:3;DE:2;IL:2;MA:1;KS:1;MS:1;TN:1,low
5493006ZPOXWU5V4FT07,,,,unmatched,190,162,4,AR:155;OK:4;TX:3,low
254900R7H27ZMB7IRC26,,,,unmatched,162,134,4,KS:120;MO:6;OK:4;TX:2;NE:1;FL:1,low
5493005XMSZYL5SAEF41,,,,unmatched,15,9,4,OK:4;TX:2;MO:1;CO:1;NM:1,low
549300LAQ3M8E5I08F43,,,,unmatched,278,192,4,AR:188;OK:4,low
54930013SG5BXUL3G429,,,,unmatched,147,140,4,AR:136;OK:4,low
549300EY247F6R5IHX75,,,,unmatched,125,103,4,AR:99;OK:4,low
549300IVURCTJ6QVMD67,,,,unmatched,5186,3784,3,TX:3754;CO:4;AR:3;OK:3;AL:2;NC:2;SC:2;MI:2;OR:1;OH:1,high
5493006KQF5UKZ3Y9N07,,,,unmatched,1564,1212,3,TX:1094;AZ:46;OH:17;NM:13;MI:8;FL:6;GA:3;OK:3;AR:3;WA:3,high
NSGZD26XPW2CUM2JKU70,,,,unmatched,5969,3719,3,LA:2258;FL:538;MS:480;TX:209;AL:204;GA:6;TN:5;NC:5;OK:3;SC:2,high
254900GKRYTQSJG61D90,,,,unmatched,463,364,3,TX:355;OK:3;CO:3;GA:1;FL:1;MO:1,medium
549300XTGDMRB8FMR522,,,,unmatched,244,235,3,TX:232;OK:3,medium
9845001ADACA7A75EE02,,,,unmatched,363,202,3,PA:162;VA:12;NC:12;NJ:9;OK:3;DE:3;CO:1,medium
549300GMJ6RM02VXK542,,,,unmatched,90,71,3,TX:66;OK:3;OH:1;AR:1,medium
549300YKBMBBIIMQJS94,,,,unmatched,1775,1486,3,MO:1111;AR:306;IL:35;KS:7;TN:6;TX:4;NY:4;OK:3;OH:3;FL:3,medium
54930091IM32ECQG7562,,,,unmatched,1315,1159,3,KS:1134;MO:9;FL:5;OK:3;CO:2;AR:1;TN:1;TX:1;SC:1;IL:1,medium
549300ZX4OGRPOOEH505,,,,unmatched,1149,974,3,MO:733;CO:126;KS:95;FL:4;OK:3;AR:2;TX:2;NE:1;NM:1;NC:1,medium
2549008DKNX6KPDOUX53,,,,unmatched,58,47,3,TX:44;OK:3,low
5493009F6BJDCZMZ7Y26,,,,unmatched,2920,2083,2,TX:1746;AR:218;LA:48;TN:45;MS:17;SC:4;AL:2;OK:2;FL:1,high
549300Y817BTHHMVNH95,,,,unmatched,1520,1206,2,TX:1108;MO:79;AL:5;FL:2;ID:2;OK:2;CO:2;LA:1;KS:1;GA:1,high
549300QFJDBOCX7WKY08,,,,unmatched,902,600,2,TX:595;OK:2;CO:1;FL:1;AZ:1,high
549300A2N0IEBKSB5I23,,,,unmatched,379,324,2,TX:308;AR:8;LA:3;OK:2;MS:1;SC:1;CO:1,medium
54930079VLB4FPPZ7Y58,,,,unmatched,322,208,2,TX:204;OK:2;AZ:1;AR:1,medium
549300Q2EZNO3H86ED06,,,,unmatched,213,163,2,TX:151;AR:2;FL:2;OK:2;PA:1;MA:1;TN:1;NY:1;CO:1;OR:1,medium
549300TGWKRP2P13MO72,,,,unmatched,196,169,2,TN:91;MS:37;NC:19;AL:7;GA:6;FL:4;OK:2;MA:1;MO:1;AR:1,medium
549300PV2KIL739QYQ35,,,,unmatched,176,115,2,TX:95;CA:12;OK:2;NV:2;FL:2;NY:1;NM:1,medium
549300N34GCCEN8EJE06,,,,unmatched,131,97,2,TX:94;OK:2;NM:1,medium
549300OR2C7AGDZFTS24,,,,unmatched,731,606,2,MO:355;IL:188;TN:23;FL:9;SC:4;VA:3;LA:2;AR:2;OK:2;TX:2,medium
549300QFP6J5QSZVF805,,,,unmatched,2619,2030,2,AR:975;ID:428;LA:374;MS:196;TN:20;TX:11;FL:6;MO:4;UT:4;OK:2,medium
549300CP7747DCRW6U68,,,,unmatched,1655,1334,2,MO:673;IL:616;FL:12;CO:3;TN:3;AZ:2;OH:2;OK:2;IN:2;MI:2,medium
549300V36YE6JCCEJB76,,,,unmatched,3745,2185,2,AZ:2172;OK:2;IN:2;TN:2;KY:1;MI:1;NM:1;ID:1;GA:1;OR:1,medium
549300C61LNGA8J8EF85,,,,unmatched,2174,1595,2,KS:1384;MO:202;OK:2;AR:1;CO:1;NE:1;CA:1;IA:1;TN:1;TX:1,medium
549300SQ2G271NHKJQ07,,,,unmatched,776,586,2,IN:578;KY:4;FL:2;OK:2,medium
549300HVUN4WJ2BRSZ39,,,,unmatched,49,49,2,TX:47;OK:2,low
549300V3N91EH05UWL23,,,,unmatched,113,64,2,CA:22;TX:6;GA:5;FL:5;CO:3;OH:3;KS:3;OK:2;AZ:2;WA:2,low
549300LBSJDS5R7PIK62,,,,unmatched,57,44,2,TX:37;OK:2;FL:2;MO:1;NY:1;WI:1,low
549300Y01XP7FO81MC08,,,,unmatched,552,456,2,NE:408;IA:17;CO:5;FL:3;VA:2;TN:2;TX:2;GA:2;MI:2;OK:2,low
549300D3IKJ7KU3SH574,,,,unmatched,294,254,2,AR:245;TX:4;OK:2;GA:1;AL:1;MO:1,low
549300Y4CEEGC4KCFI45,,,,unmatched,129,115,2,AR:110;OK:2;TX:1;MS:1;KS:1,low
5493001HOQL7ZEKTRZ55,,,,unmatched,96,54,2,KS:40;MO:10;OK:2;AR:1;TX:1,low
549300GUHDQS0TYXZT21,,,,unmatched,53,47,2,KS:44;OK:2;FL:1,low
5493007GBJOK22LYB425,,,,unmatched,327,195,2,KS:193;OK:2,low
549300P5F47MW3AQ2048,,,,unmatched,235,154,2,KS:148;MO:4;OK:2,low
549300YHSRT5YOR5W454,,,,unmatched,1443,1145,1,TX:1119;NM:18;GA:2;AR:2;KS:1;OK:1;AL:1;MN:1,high
549300VHBALPLHRR4080,,,,unmatched,1759,1162,1,TX:1103;NM:40;CO:6;AR:3;AL:3;FL:2;ID:1;OK:1;NC:1;MO:1,high
549300QURAICH2YGJV94,,,,unmatched,1307,827,1,TX:812;FL:6;NM:4;AR:2;OK:1;CO:1;TN:1,high
549300KP95LHU8OP0H40,,,,unmatched,778,743,1,CA:621;AZ:44;FL:36;HI:14;TX:13;NV:8;WA:3;CO:3;OK:1,high
5493008R64K2UUN2NP30,,,,unmatched,953,644,1,TX:640;OK:1;LA:1;MT:1;NC:1,high
549300F7S6KEMTKK0546,,,,unmatched,487,342,1,TX:340;GA:1;OK:1,medium
254900M1AHTCIYKM7V90,,,,unmatched,439,343,1,TX:340;NM:1;AR:1;OK:1,medium
549300KST6N97GYH0O45,,,,unmatched,467,337,1,TX:322;FL:3;CO:2;AL:1;OR:1;PA:1;CA:1;OK:1;AR:1;WI:1,medium
RA4FKR1AA05ZK88M8034,,,,unmatched,682,337,1,TX:325;AR:2;CO:2;AL:1;MN:1;LA:1;OK:1;TN:1;MT:1;MI:1,medium
549300TETFK3GXOHZ594,,,,unmatched,476,296,1,TX:294;FL:1;OK:1,medium
549300PG87MHQ7H4CO08,,,,unmatched,383,285,1,TX:278;CA:2;CO:2;SC:1;FL:1;OK:1,medium
549300QJOGSPJ8EAX798,,,,unmatched,301,269,1,TX:262;CO:2;OK:1;IL:1;FL:1;AR:1;MS:1,medium
549300BEXTNMA3CARO05,,,,unmatched,222,197,1,TN:176;TX:3;MS:3;FL:2;AR:2;GA:2;OK:1;VA:1;SC:1;KY:1,medium
5493006XPYTPLP6BLN10,,,,unmatched,214,152,1,TX:144;CO:3;KS:2;OK:1;PA:1;MI:1,medium
549300GZ7AZQEUEDGU30,,,,unmatched,152,117,1,TX:116;OK:1,medium
549300L6SV1WXLO6BB96,,,,unmatched,177,145,1,TX:115;AR:28;OK:1;MO:1,medium
549300KOEN7O8EYN8207,,,,unmatched,146,115,1,TX:112;NM:2;OK:1,medium
549300X844WCY1CCL322,,,,unmatched,141,112,1,TX:107;NC:1;KS:1;OK:1;TN:1;MN:1,medium
549300JX8UXNIMMZYW86,,,,unmatched,119,111,1,TX:88;TN:7;MO:5;GA:4;VA:2;KS:2;OK:1;MS:1;AR:1,medium
549300C720KB2QRAC051,,,,unmatched,115,95,1,TX:93;OK:1;NM:1,medium
549300CUL44QXBGFJM68,,,,unmatched,91,87,1,TX:86;OK:1,medium
549300UE4FFDNV7ELD54,,,,unmatched,85,75,1,TX:71;LA:2;OK:1;KS:1,medium
549300U2ACJ0QKSFKY48,,,,unmatched,92,70,1,SC:64;NC:2;TN:2;OK:1;GA:1,medium
FYRC3KHM4DQBX5PWG390,,,,unmatched,109,66,1,TX:61;FL:2;NM:1;CO:1;OK:1,medium
5493001LCP9RF6ADEZ78,,,,unmatched,117,63,1,TX:62;OK:1,medium
549300I3HDJ5QJNFPZ87,,,,unmatched,157,74,1,TX:16;CA:13;FL:11;NJ:8;GA:7;VA:7;NC:5;IL:3;MD:3;OK:1,medium
549300YK8RG6J51VOI08,,,,unmatched,72,61,1,TX:55;FL:2;LA:2;OK:1;MS:1,medium
549300I72FXKCNGRQC43,,,,unmatched,84,58,1,TX:55;AR:2;OK:1,medium
549300U1HSN2YJRJ0U33,,,,unmatched,88,77,1,TX:53;AR:23;OK:1,medium
5493003KBJMVUE7RQO90,,,,unmatched,1118,691,1,VA:672;NC:5;AL:3;TX:2;MA:2;OK:1;GA:1;RI:1;WV:1;FL:1,medium
5493009PLGT79KQ6HO15,,,,unmatched,651,566,1,NE:492;IA:45;AZ:4;FL:3;MO:3;TX:3;CO:3;VA:2;MN:2;OK:1,medium
549300TWHZRVTZ8RYT46,,,,unmatched,1330,906,1,IN:835;IL:58;FL:6;MI:1;GA:1;AZ:1;MN:1;OH:1;TN:1;OK:1,medium
549300GG5XNEIGHQTG04,,,,unmatched,2609,1836,1,NE:1606;IA:200;KS:8;SD:7;FL:3;MN:2;NV:2;MO:2;OK:1;TX:1,medium
549300NNL9H573MWO110,,,,unmatched,945,734,1,UT:696;ID:22;NV:6;CA:3;SD:2;CO:2;TX:1;WY:1;OK:1,medium
VEQ70DCTAI4TBBHPYI39,,,,unmatched,688,542,1,NE:327;IA:132;MN:71;WI:2;AZ:2;FL:2;SC:1;MO:1;OK:1;AL:1,medium
8AI385EP1ZJCMUOZ8022,,,,unmatched,981,781,1,KS:700;MO:71;CO:3;ID:2;TX:2;AR:1;FL:1;OK:1,medium
549300F04B6FGYBJY412,,,,unmatched,2876,1949,1,MO:1937;AR:6;KY:2;OK:1;MS:1;TN:1;FL:1,medium
D32W5EBLENJC27207O81,,,,unmatched,1063,617,1,KS:598;MO:7;NE:6;NY:2;IA:1;OK:1;AZ:1;AL:1,medium
549300HC0CLTNVGA0H76,,,,unmatched,1492,1188,1,MO:1184;FL:1;KS:1;OK:1;AZ:1,medium
549300214PKB2Y1ZWH75,,,,unmatched,615,568,1,KS:524;MO:33;WY:2;AZ:2;AR:2;MN:1;ID:1;OK:1;TX:1;CO:1,medium
549300FV8093AKDLHQ80,,,,unmatched,1041,713,1,KS:712;OK:1,medium
254900BM3N9MMKAA9U54,,,,unmatched,90,47,1,TX:44;OH:2;OK:1,low
549300IVS7RAU1H3GS10,,,,unmatched,62,44,1,TX:36;NY:3;OK:1;CO:1;AR:1;CA:1;FL:1,low
25490043Z1O3CFY7D576,,,,unmatched,40,34,1,TX:32;FL:1;OK:1,low
254900B71NF607TXAW72,,,,unmatched,82,72,1,AR:38;TX:32;LA:1;OK:1,low
549300DZIK106MY5NI60,,,,unmatched,48,44,1,TX:25;FL:2;AZ:2;TN:2;AL:2;ID:2;OK:1;MO:1;MD:1;CO:1,low
254900JWLQKPGK4C0B30,,,,unmatched,44,30,1,TX:28;OK:1;MO:1,low
254900YY36UO9MBPH808,,,,unmatched,270,216,1,AR:188;TX:27;OK:1,low
549300JP8LGXT0Z0S678,,,,unmatched,20,15,1,TX:14;OK:1,low
5493004LTLRA7Y5L3696,,,,unmatched,347,312,1,IL:294;IN:11;FL:2;NC:1;AL:1;OK:1;TX:1;AZ:1,low
5493009DQQ81725XIJ49,,,,unmatched,362,315,1,NE:299;AZ:3;CA:2;ID:2;OK:1;SD:1;NV:1;MO:1;IA:1;FL:1,low
549300R5DOGZK0VWYL76,,,,unmatched,517,457,1,WY:440;CO:6;MT:2;NE:2;OK:1;CA:1;ID:1;TN:1;VA:1;AK:1,low
549300G5DUB6RE1MCL12,,,,unmatched,342,288,1,KS:281;CO:2;TX:2;HI:1;OK:1;MO:1,low
549300CSKW4TNZHEOO36,,,,unmatched,201,173,1,IL:152;MO:16;FL:1;MI:1;TN:1;AL:1;OK:1,low
549300OPZE52Y4J4QP25,,,,unmatched,62,51,1,AL:48;FL:2;OK:1,low
254900IHGFQJY2WUC891,,,,unmatched,180,136,1,KS:99;MO:34;IA:1;FL:1;OK:1,low
549300AO417FCNJGKM49,,,,unmatched,179,118,1,MN:73;WI:39;AZ:2;FL:1;MI:1;MT:1;OK:1,low
549300AR1PZJHZ7BYH72,,,,unmatched,127,109,1,KS:99;MO:7;AR:1;OK:1;FL:1,low
549300KPBBGW1ZTEPR29,,,,unmatched,85,62,1,LA:55;MS:5;OK:1;GA:1,low
5493003QPO86QUI9FJ04,,,,unmatched,384,281,1,IA:241;SD:20;NE:15;MN:2;MO:1;OK:1;KS:1,low
549300W2LKZKSX67ZU02,,,,unmatched,254,194,1,AR:193;OK:1,low
549300EB748TPUCF9H23,,,,unmatched,185,157,1,KS:155;AZ:1;OK:1,low
254900WNJM89PTUDS223,,,,unmatched,136,115,1,NE:111;IA:1;WI:1;OK:1;MN:1,low
54930077O97ZNP1ECH16,,,,unmatched,163,81,1,MO:74;AR:3;KS:2;IL:1;OK:1,low
5493006SSMPNYY3P8424,,,,unmatched,78,70,1,CO:69;OK:1,low
549300Y4GAAGXS20SL80,,,,unmatched,112,66,1,MO:64;OK:1;IA:1,low
5493009I5VHHGVFQ1O54,,,,unmatched,71,63,1,AR:61;OK:1;LA:1,low
549300XZNS9SEC471Q24,,,,unmatched,65,49,1,KS:47;OK:1;MO:1,low
21380055IMHX3N5UL146,,,,unmatched,84,45,1,KS:44;OK:1,low
549300BGTO2X0ZFZVC45,,,,unmatched,42,41,1,KS:40;OK:1,low
5493001J5Z6NXCZKQR68,,,,unmatched,114,35,1,KS:34;OK:1,low
549300C6XY8GTVR2TV60,,,,unmatched,40,30,1,AR:29;OK:1,low
254900H07R1I9HDMFT89,,,,unmatched,26,20,1,AR:18;MO:1;OK:1,low
549300HW662MN1WU8550,,,,unmatched,576697,422119,0,CA:57281;FL:49897;TX:42285;MI:22015;AZ:19328;CO:18178;GA:17047;NC:13671;IL:11397;NY:11157,high
549300FGXN1K3HLB1R50,,,,unmatched,609400,429332,0,CA:42202;FL:31530;TX:30579;MI:22693;GA:21182;NC:18462;OH:16656;PA:16043;VA:14489;NY:13729,high
549300VZVN841I2ILS84,,,,unmatched,190472,125099,0,FL:11987;OH:11011;CA:9599;PA:8399;TX:7734;NJ:7558;IL:5600;NY:5429;AZ:4945;WA:4877,high
B4TYDEB6GKMZO031MB27,,,,unmatched,217492,88530,0,CA:17758;FL:7938;TX:6141;NJ:5136;NC:4880;NY:3897;MA:3551;GA:3440;WA:3420;IL:2889,high
RVDPPPGHCGZ40J4VQ731,,,,unmatched,193807,100816,0,CA:10749;FL:9704;TX:6849;GA:5272;PA:4488;VA:4338;NC:3751;AZ:3232;NJ:3144;OH:2964,high
7H6GLXDRUGQFU57RNE97,,,,unmatched,152415,94243,0,CA:14032;TX:9775;NY:9163;IL:8778;FL:6131;OH:4171;NJ:3325;MI:2995;AZ:2864;IN:2857,high
549300AG64NHILB7ZP05,,,,unmatched,155159,91730,0,CA:9983;TX:8535;FL:7460;NJ:4334;IL:4241;GA:4168;AZ:4138;NC:3969;OH:3505;SC:2670,high
5493001SXWZ4OFP8Z903,,,,unmatched,101400,69159,0,TX:17748;FL:11582;NC:5258;SC:4153;GA:2777;CA:2776;AZ:2406;AL:2376;TN:2122;NV:2059,high
DRMSV1Q0EKMEXLAU1P80,,,,unmatched,119620,68902,0,NY:11000;PA:10441;MA:10235;NJ:7208;OH:4732;RI:3762;MI:3697;NH:3194;CT:3030;FL:2297,high
549300H3IZO24NSOO931,,,,unmatched,77363,56951,0,TX:15642;FL:10692;CA:6607;NC:2756;SC:2694;AZ:2623;IN:1952;NV:1669;MN:1365;CO:1283,high
5493003GQDUH26DNNH17,,,,unmatched,179597,80547,0,VA:9684;FL:8416;CA:6361;NC:5249;MD:5163;GA:5118;TX:4267;SC:2487;WA:2289;PA:2141,high
549300GKFNPRWNS0GF29,,,,unmatched,102677,70098,0,TX:10655;WA:5796;CA:4698;FL:4388;TN:3925;PA:2626;NH:2466;MA:2329;VA:2325;NJ:2257,high
549300DD5QQUHO6PCH70,,,,unmatched,178189,82764,0,TX:6918;FL:5506;NC:4769;VA:4500;GA:4139;OH:3302;TN:3178;IL:2965;MO:2901;PA:2643,high
549300U3721PJGQZYY68,,,,unmatched,129086,70579,0,IL:10217;CA:6248;NJ:4826;MA:4507;TX:3318;FL:3204;PA:3119;OH:2795;NC:2491;CO:2143,high
549300FNXYY540N23N64,,,,unmatched,187594,66567,0,CA:5772;FL:5643;TX:4793;NY:3123;NC:2787;WA:2702;GA:2480;OH:2258;VA:2175;PA:2124,high
549300LYRWPSYPK6S325,,,,unmatched,165453,69982,0,TX:5759;FL:5374;NC:4463;GA:3946;CA:3918;VA:3646;IN:2580;OH:2477;TN:2436;SC:2168,high
549300DD4R4SYK5RAQ92,,,,unmatched,81084,57781,0,NC:8138;WA:5559;VA:4339;FL:4122;PA:3902;SC:2978;GA:2388;TX:2367;TN:2207;CA:1690,high
AD6GFRVSDT01YPT1CS68,,,,unmatched,116536,61280,0,PA:11263;OH:6725;NJ:5755;IL:3711;FL:3475;MD:2948;TX:2930;MI:2885;IN:2802;CA:2688,high
549300AQ3T62GXDU7D76,,,,unmatched,121724,86111,0,TX:6877;WA:5691;MO:5462;CO:4338;OR:4218;CA:4118;UT:3981;NV:3882;GA:3788;AZ:3467,high
549300E2UX99HKDBR481,,,,unmatched,140816,57460,0,TX:5508;CA:5105;GA:4063;FL:3881;IL:3581;MO:2619;PA:2148;MN:1842;WA:1680;NC:1619,high
6BYL5QZYBDK8S7L73M02,,,,unmatched,151786,74632,0,CA:16135;IL:4571;MN:4538;OH:3965;MO:3622;WA:3524;WI:2785;KY:2645;OR:2465;FL:2279,high
549300MGPZBLQDIL7538,,,,unmatched,103697,74450,0,TX:7468;AZ:4724;IL:4215;IN:3665;GA:3631;FL:3153;NC:2993;WI:2947;CA:2867;OH:2685,high
JJKC32MCHWDI71265Z06,,,,unmatched,83470,41001,0,NC:7920;VA:6374;FL:6117;GA:4837;MD:3245;SC:2178;PA:2152;TN:2014;TX:1260;KY:1026,high
KB1H1DSPRFMYMCUFXT09,,,,unmatched,76304,41562,0,CA:9616;NY:2733;FL:2670;TX:2647;NC:2302;NJ:1716;PA:1628;WA:1514;GA:1509;MN:1496,high
549300LBCBNR1OT00651,,,,unmatched,79599,52217,0,CA:4657;TX:3609;FL:3546;GA:2560;IL:1982;NC:1949;OH:1768;VA:1764;PA:1746;AZ:1744,high
254900DTLHVWQ7NP7R34,,,,unmatched,58895,40038,0,CA:8432;FL:4627;TX:3502;AZ:2579;UT:1917;IL:1746;CO:1646;MI:1407;WA:1253;GA:1055,high
549300PIL8LFAQ04XC20,,,,unmatched,108788,32174,0,CA:6742;FL:2675;AZ:1610;TX:1571;GA:1319;NJ:1279;NC:1116;WA:1086;VA:1024;CO:963,high
549300MZ8VZJOVC63092,,,,unmatched,45691,29401,0,CA:6409;TX:3781;FL:2662;UT:2249;GA:1421;OR:864;PA:782;WA:727;AZ:672;TN:597,high
EQTWLK1G7ODGC2MGLV11,,,,unmatched,68709,30269,0,FL:5826;AL:5523;TN:5322;GA:2869;MS:1886;LA:1282;TX:1252;MO:1188;IL:1168;AR:1129,high
254900UL88QFG0E40516,,,,unmatched,72355,33415,0,CA:5234;FL:2872;GA:1717;OH:1553;IL:1432;AZ:1416;NC:1212;NJ:1197;VA:1180;MI:1090,high
5493006VAGP3GQ8FJT49,,,,unmatched,45169,25528,0,CA:3237;FL:2385;OH:1967;PA:1829;NC:1435;GA:1388;TX:1379;NJ:1139;MI:1128;MO:909,high
254900ZFWS2106HWPH46,,,,unmatched,34318,23410,0,CA:3975;FL:3741;TX:3136;NJ:1490;AZ:1127;GA:977;CO:741;WA:701;OH:688;OR:635,high
549300RPOGWJRH63HS39,,,,unmatched,51423,37767,0,OH:5380;MI:4118;TX:3238;FL:2495;IN:2257;NC:2127;PA:1934;IL:1655;TN:1404;KY:1069,high
WWB2V0FCW3A0EE3ZJN75,,,,unmatched,40592,23443,0,NY:7073;MD:3115;PA:3099;CT:2398;MA:1690;NJ:1501;VA:901;DE:767;VT:352;FL:342,high
549300121SF0K2LN2804,,,,unmatched,33320,24706,0,TX:6358;SC:1561;MO:1496;NY:1278;CA:1208;OH:1134;FL:931;PA:746;WA:716;AZ:610,high
L9VVX1KT5TFTKS0MLF66,,,,unmatched,21831,14381,0,NC:6984;SC:3577;CA:1383;VA:664;GA:442;FL:266;MA:197;TN:106;AZ:95;TX:92,high
E57ODZWZ7FF32TWEFA76,,,,unmatched,33959,15812,0,CA:5786;NY:3687;IL:1251;NJ:707;FL:565;TX:506;MD:400;WA:317;VA:311;DC:281,high
549300J7I82PNDVU8H22,,,,unmatched,29739,16337,0,CA:7327;FL:1580;TX:1270;MD:564;IL:454;AZ:439;GA:412;NV:368;MA:335;VA:312,high
5493001WHVQBGRSWEU75,,,,unmatched,25005,17312,0,CA:3155;FL:2433;NY:1590;TX:1135;NJ:989;GA:669;AZ:590;VA:485;NC:461;CO:424,high
5493000YNV8IX4VD3X12,,,,unmatched,121666,19996,0,NC:2515;SC:2449;TX:2045;GA:1956;TN:1509;IN:1449;AL:1426;KY:1150;FL:844;OH:738,high
549300XWUSRVVOHPRY47,,,,unmatched,28287,16190,0,FL:2938;TX:2750;GA:2402;CA:1342;MN:915;NY:748;MI:631;KY:499;CO:448;TN:425,high
549300YIQ7S7Z8PIHE53,,,,unmatched,94427,24298,0,FL:1667;CA:1635;NC:1353;GA:1343;TX:1068;PA:997;OH:991;VA:957;NJ:888;IL:882,high
IUGPUX5LWRZ3B6KIZ697,,,,unmatched,18359,13184,0,GA:5627;SC:1857;FL:1846;VA:724;NC:634;CA:484;MD:455;TN:394;AL:363;IL:140,high
2549005SIVTHG14U2905,,,,unmatched,24436,14692,0,FL:5245;CA:1446;TX:1050;NY:948;IL:550;GA:471;AZ:471;NJ:453;PA:339;SC:296,high
549300KIOYNU323LVJ37,,,,unmatched,34217,24774,0,CA:3554;IL:2402;TX:1947;WA:1911;FL:1750;AZ:1562;GA:1405;OR:860;TN:854;OH:854,high
549300OPCWU6E72WUT29,,,,unmatched,41778,24192,0,CA:1845;FL:1510;NC:1387;OH:1270;IL:1245;TX:1178;GA:1042;AZ:855;VA:839;TN:821,high
549300O6Z0I6KYMESL47,,,,unmatched,19692,12091,0,CA:4633;FL:1634;TX:1476;GA:546;UT:295;NJ:281;AZ:251;VA:241;PA:236;IL:224,high
5493001GCBD5XGNIC815,,,,unmatched,93158,21244,0,CA:3015;FL:2383;OH:1359;IL:1213;PA:1032;NC:962;VA:824;NJ:811;AZ:786;MI:772,high
54930001NSTOD85LT125,,,,unmatched,24645,15934,0,CA:1539;FL:1458;PA:1342;NJ:1110;IL:970;TX:965;MA:816;MO:782;MN:709;OH:676,high
8I3UVGYULPJQIP7FQV10,,,,unmatched,15329,9966,0,SC:2816;FL:2616;GA:1856;NC:928;AL:918;TX:449;CO:184;VA:129;TN:30;MO:4,high
QFROUN1UWUYU0DVIWD51,,,,unmatched,75426,39534,0,OH:12389;MI:6106;IN:4817;IL:4111;FL:3553;KY:3150;NC:2216;TN:971;SC:863;GA:691,high
984500U2F9A83N391A91,,,,unmatched,18971,11067,0,FL:2262;CA:1367;TX:1262;NY:950;NJ:917;GA:409;AZ:367;PA:308;CT:294;NC:293,high
5493005PKOSG7MYX0B34,,,,unmatched,28926,20869,0,PA:2325;VA:2141;MN:1746;NC:1281;MD:1233;NJ:1060;GA:1024;CT:862;WI:782;AZ:775,high
549300JYXTZDSPJEPI44,,,,unmatched,23886,14594,0,TX:1897;FL:1239;NY:1222;CA:1056;PA:866;MN:713;MI:555;NC:515;IN:489;IL:475,high
549300RN01LBYR8ZVX74,,,,unmatched,29643,17905,0,TX:1752;FL:1721;OH:1641;SC:1492;IL:1191;CO:1189;NC:1047;GA:846;VA:635;MD:581,high
5493001GDRY0EL7VG372,,,,unmatched,20194,15382,0,TX:4151;KY:1179;CO:914;FL:795;CA:751;SC:545;TN:524;MI:399;GA:387;AZ:384,high
54930054ET8KM4O1D485,,,,unmatched,55546,16189,0,CA:1778;FL:1042;NC:865;TX:858;NJ:752;IL:709;GA:704;PA:668;OH:585;VA:529,high
549300NOCASXPA34X033,,,,unmatched,69562,16372,0,FL:1488;TX:1422;CA:1244;GA:829;AZ:635;NC:610;VA:600;CO:583;WA:518;TN:495,high
549300370QILXLFUWD20,,,,unmatched,20147,14357,0,TX:1648;FL:1590;CA:1176;GA:1124;NC:1090;CO:635;AZ:603;MI:599;OH:481;VA:436,high
5493008NWHQT1R22C024,,,,unmatched,22722,13125,0,FL:1724;CA:1554;VA:897;TX:880;NY:827;AZ:698;MI:616;GA:565;SC:484;IN:429,high
549300MCIFZSDHUT8X63,,,,unmatched,24275,18920,0,OH:3308;MD:2255;FL:2000;VA:1310;NC:1137;TX:1055;NJ:1051;AZ:897;WA:843;CO:659,high
54930021WPEXNHYZUL09,,,,unmatched,18947,14467,0,TX:1597;FL:1206;GA:1125;CA:1003;PA:597;LA:585;VA:490;NC:417;OH:417;ID:411,high
549300R9S3MVDV4MGF56,,,,unmatched,52143,15089,0,FL:1296;CA:1022;GA:873;TX:848;IN:732;NC:680;OH:675;NY:576;MI:570;TN:533,high
549300GS0W0TEUQS8571,,,,unmatched,14182,10740,0,CA:1957;FL:990;NY:947;TX:573;NJ:548;MA:449;CO:427;IL:381;WA:350;GA:322,high
549300VORTI31GZTJL53,,,,unmatched,18123,12305,0,TX:2136;FL:1187;IN:791;TN:697;WI:497;NC:467;GA:453;MN:448;PA:446;NY:375,high
549300CB67L6KPJLHE19,,,,unmatched,72633,14578,0,TX:2321;CA:1644;MI:1245;MS:1014;FL:774;LA:606;AL:587;PA:553;WA:550;OR:426,high
Q7C315HKI8VX0SSKBS64,,,,unmatched,20856,14010,0,TX:3639;MS:3510;TN:1772;AL:1759;AR:939;LA:730;GA:614;MO:485;FL:417;SC:52,high
5493004AS1SPBQOFDR49,,,,unmatched,14858,8804,0,CA:2752;FL:1313;TX:1230;NJ:438;CO:244;AZ:210;NC:195;MI:195;VA:193;TN:172,high
54930043BMDE130FJ617,,,,unmatched,18818,12170,0,TX:1706;CA:1208;PA:892;NC:669;CO:657;UT:642;FL:632;GA:602;WA:580;AZ:578,high
549300K4ZLGS7SRDTL86,,,,unmatched,28384,12086,0,FL:1337;CA:1126;TX:988;GA:737;LA:646;AZ:508;NC:500;TN:491;OH:431;PA:425,high
549300KTR1JGH3K6LU06,,,,unmatched,17668,7240,0,NY:4085;CA:552;FL:358;NJ:336;GA:195;NC:136;CT:119;PA:113;IL:112;WA:111,high
549300FX7K8PTEQUU487,,,,unmatched,26508,11278,0,VA:1455;CA:1113;TX:1055;FL:972;MD:652;GA:541;NC:517;NJ:449;PA:338;AZ:290,high
549300F8C5JA44WNMI75,,,,unmatched,18919,12172,0,VA:2520;NJ:1899;FL:856;NY:768;CT:755;MA:739;OH:544;IN:489;PA:397;RI:334,high
549300RA3E0BUFO7YZ21,,,,unmatched,14901,7540,0,FL:1457;CA:1424;TX:795;NY:714;NJ:302;GA:259;NC:179;PA:177;AZ:172;TN:151,high
COOWI3L2W9TPYR3WJX37,,,,unmatched,13363,8447,0,TN:2513;LA:1305;FL:1045;TX:905;NC:690;AR:628;GA:426;AL:320;MS:167;MO:110,high
25490066WMF8ZMQXQB18,,,,unmatched,15401,10890,0,CA:1076;TX:945;FL:885;OH:719;IL:683;PA:647;GA:617;NJ:614;NC:534;MI:458,high
5493002B2WMHY23GFK92,,,,unmatched,15900,11444,0,FL:1201;TX:938;NC:727;AZ:557;MO:535;TN:529;SC:473;OH:451;CA:440;GA:433,high
549300S5YL3OH0IVCS62,,,,unmatched,12584,8696,0,CA:2527;FL:786;TX:524;AZ:401;NY:368;WA:337;CO:303;NJ:280;NC:254;GA:195,high
549300VCMRO4ST680C11,,,,unmatched,32888,10858,0,TX:1052;FL:935;CA:770;GA:706;NC:705;VA:580;MO:413;SC:382;OH:351;TN:349,high
549300FK3AFCFVAPH234,,,,unmatched,7697,6274,0,MA:4926;NH:248;CT:177;RI:124;FL:114;ME:60;CA:58;TX:53;NC:51;NJ:37,high
254900RUCO27MVGTO768,,,,unmatched,20166,9270,0,NY:1687;NJ:1215;IL:1106;OH:564;PA:540;FL:432;CT:324;GA:317;TX:281;IN:258,high
254900HA4DQWAE0W3342,,,,unmatched,15379,9160,0,TX:1692;GA:705;FL:619;CA:540;PA:524;IL:452;IN:431;OH:396;AL:335;TN:311,high
C5654JQHZUHN0772B561,,,,unmatched,26635,11693,0,TX:1101;FL:825;NC:681;GA:562;VA:488;TN:407;OH:397;PA:348;MO:340;SC:332,high
549300Y5Y88FQLI7VE83,,,,unmatched,14122,8066,0,FL:1549;CA:1010;TX:738;NC:355;GA:352;NJ:274;OH:265;PA:231;VA:205;IL:205,high
549300KHXD7JSQUZIJ22,,,,unmatched,9519,7038,0,TX:3092;NC:1185;AR:673;TN:487;WA:339;ID:193;FL:138;CO:126;MI:123;IN:91,high
549300R0SXC1JU7ZU290,,,,unmatched,13447,10308,0,TN:2461;OH:1167;MI:696;FL:575;GA:520;VA:503;AL:495;PA:402;KY:386;IN:376,high
X05BVSK68TQ7YTOSNR22,,,,unmatched,68974,9711,0,CA:813;FL:771;TX:649;IL:493;NY:467;GA:466;NJ:451;OH:397;PA:392;VA:317,high
549300T3F9S1MKFKHC53,,,,unmatched,6908,5674,0,NY:4005;PA:479;CT:407;MA:154;NC:95;FL:72;WI:49;TN:42;SC:40;MI:39,high
549300OBO7DOF2KOP535,,,,unmatched,14403,7185,0,TN:4089;AL:1712;GA:598;MS:248;KY:189;TX:159;FL:75;NC:15;SC:14;LA:11,high
54930049L5WINET09Q97,,,,unmatched,16126,10736,0,FL:2049;TX:1245;AZ:1032;OH:780;AR:515;MO:431;NC:399;TN:377;GA:377;NM:339,high
549300R77W0P105C3S50,,,,unmatched,14377,7980,0,CA:1332;FL:1325;TX:930;AZ:254;GA:254;OH:210;PA:201;NC:197;TN:196;AL:188,high
254900E6AIE4Z8YQM970,,,,unmatched,11513,6978,0,CA:1470;FL:1222;TX:651;NY:357;NJ:278;AZ:267;GA:252;HI:244;SC:197;NC:181,high
549300SK2GVCQXPD4S58,,,,unmatched,16278,8918,0,CA:1697;TX:1058;FL:658;AZ:538;GA:358;IL:304;PR:289;OH:247;NC:246;VA:245,high
5493005JPZ3LXXMB0S24,,,,unmatched,8168,6000,0,FL:2916;SC:805;AL:319;NC:313;TX:270;GA:262;KY:208;AZ:206;CA:130;IN:98,high
549300CDOC4F7XSRG390,,,,unmatched,8293,5548,0,TN:2808;NC:1222;SC:417;VA:248;AL:224;GA:200;FL:107;MD:82;KY:51;MS:51,high
549300KSOOZZVXCMA627,,,,unmatched,10229,6232,0,FL:1936;CA:979;TX:491;GA:268;SC:250;NC:246;VA:201;NJ:153;PA:147;AZ:137,high
549300YN94MOAVYW0F52,,,,unmatched,21298,9778,0,CA:1030;FL:819;TX:667;IN:664;AZ:631;OH:614;GA:475;NC:468;VA:353;TN:352,high
549300KJ8PAJ7E52HG32,,,,unmatched,20196,12504,0,FL:1839;SD:1570;AZ:1203;TX:1036;UT:934;CO:484;GA:407;MN:377;NE:357;CA:304,high
549300GTVXJ2PGXNLM73,,,,unmatched,12024,9307,0,TX:1195;FL:869;NC:762;OH:610;SC:592;KY:592;CT:447;VA:334;IL:302;AR:278,high
3Y4U8VZURTYWI1W2K376,,,,unmatched,35659,16529,0,IL:3906;CA:3818;WI:2970;IN:1029;AZ:962;CO:755;MN:487;MO:324;NE:297;FL:285,high
5493002RF1ERFA2XR050,,,,unmatched,12133,8976,0,MS:2189;GA:2005;AL:1966;TN:941;SC:545;FL:425;NC:301;LA:187;KY:161;VA:156,high
SS1TRMSN6BRNMOREEV51,,,,unmatched,19117,9656,0,MI:2677;TX:943;CA:934;FL:737;IN:410;NY:367;GA:351;AZ:303;OH:300;NJ:204,high
254900TTZ395IC926125,,,,unmatched,10564,7434,0,CA:2290;TX:605;OR:449;KS:368;FL:341;AZ:307;MA:268;CO:267;TN:243;MD:215,high
549300T94GSH3C4U5M59,,,,unmatched,14981,8359,0,CA:1937;IL:777;FL:679;WA:593;AZ:482;CO:385;OR:353;GA:331;NJ:280;VA:212,high
254900O2K17TNH5CL873,,,,unmatched,8594,6766,0,TX:900;OH:776;NJ:692;FL:624;PA:592;IL:565;MA:433;MD:311;NC:248;MI:202,high
549300EKFFG3BU8DNX74,,,,unmatched,10644,5793,0,CA:1752;FL:672;TX:565;AZ:358;WA:190;GA:182;NJ:179;IL:168;PA:142;CO:119,high
2549001SI0EMFPT39035,,,,unmatched,10748,7401,0,FL:1568;WA:861;CA:706;OH:605;NJ:358;TX:357;GA:340;AZ:316;MI:262;AL:162,high
549300INFJ8TYNZ1G568,,,,unmatched,6522,6065,0,CA:1748;FL:485;TX:359;CO:314;WA:265;AZ:233;IL:200;NY:192;NJ:178;NC:172,high
PAOOWF3GUFM46FBSP561,,,,unmatched,20501,7655,0,CA:800;TX:669;FL:485;VA:355;GA:309;AL:289;AZ:265;NC:262;TN:247;CO:244,high
549300NWBS6MQJX15N44,,,,unmatched,7805,5717,0,CA:1262;TX:1171;GA:488;AZ:284;FL:275;WA:270;IL:229;PA:169;CO:168;MN:127,high
549300BX448ALT10FI43,,,,unmatched,20909,8296,0,IL:809;NY:620;NJ:552;VA:437;NC:413;OH:408;FL:397;PA:379;GA:356;CA:265,high
549300DMYENRV818D594,,,,unmatched,8506,6441,0,TX:1607;GA:638;TN:631;CO:511;MN:476;VA:456;MD:424;AR:355;FL:329;PA:299,high
549300T9P3WXNMXX0I34,,,,unmatched,11998,8425,0,WI:1245;PA:1110;OH:1044;NC:765;FL:693;IL:563;IN:394;TN:333;VA:290;TX:224,high
549300CLRXFVF83ZL806,,,,unmatched,5839,3929,0,NY:2070;NJ:486;FL:463;PA:182;NC:102;MD:98;CT:83;OH:63;TX:57;GA:56,high
254900VELJPWWT51WN03,,,,unmatched,5625,4489,0,CA:1623;WA:364;TX:314;GA:307;MA:300;NC:289;NY:229;FL:142;NJ:123;OH:104,high
HUX2X73FUCYHUVH1BK78,,,,unmatched,15640,8717,0,NY:2485;OH:2071;WA:869;PA:597;IN:489;OR:470;CT:299;CO:227;ME:223;ID:180,high
549300SUCQ1358EGVE89,,,,unmatched,45543,8395,0,FL:805;NC:548;GA:542;OH:452;AL:393;VA:372;PA:367;SC:330;TN:325;MI:311,high
549300DDLYW49R2HCV81,,,,unmatched,6548,4027,0,TN:2854;VA:626;TX:392;NC:37;GA:21;SC:17;FL:13;KY:10;AR:7;AL:6,high
549300OPB0G5OMY0SM65,,,,unmatched,5481,3822,0,CA:2430;TX:253;GA:163;FL:151;IL:149;NV:127;MD:73;VA:71;NJ:70;PA:44,high
8WH0EE09O9V05QJZ3V89,,,,unmatched,17257,8981,0,UT:1755;CA:1647;TX:1522;AZ:1168;CO:1057;NV:1054;ID:517;WA:140;WY:48;NM:23,high
549300R7HGHP2I754087,,,,unmatched,9404,7331,0,IL:1045;TX:784;FL:695;GA:640;AL:618;MI:430;SC:350;LA:296;NC:279;CO:224,high
5493003V40VGM7YDFM54,,,,unmatched,13160,8831,0,UT:2983;WI:802;CA:772;NJ:570;FL:427;ID:415;PA:374;TX:278;GA:253;TN:189,high
54930020YWIK7HGH2R34,,,,unmatched,4883,3374,0,TX:2983;MN:100;TN:79;LA:73;NC:38;FL:32;AZ:29;KY:10;GA:9;AR:8,high
549300TA4MQM8WN2XG31,,,,unmatched,9454,5106,0,FL:504;PA:494;NJ:395;CA:388;TX:381;NY:356;IL:278;OH:277;MI:227;GA:185,high
549300Q50XCC0473FG63,,,,unmatched,10408,5048,0,CA:1243;NY:460;FL:389;NJ:308;AZ:246;WA:207;VA:171;NC:137;TN:136;IL:123,high
549300323EON4W3CCM44,,,,unmatched,8059,5418,0,CA:1108;FL:702;IL:626;TX:527;CO:377;MN:244;AZ:204;WA:202;UT:167;SC:161,high
549300RFLICNI75BG067,,,,unmatched,12136,8416,0,MN:1356;NJ:1069;FL:686;CO:543;IN:517;KY:435;DE:277;WA:265;TX:244;SC:240,high
549300MHH03ICJYEPE85,,,,unmatched,8187,5120,0,CA:1040;FL:396;TX:315;NY:235;AZ:220;UT:193;MA:191;TN:179;CO:166;NC:147,high
593C3GZG957YOJPS2Z63,,,,unmatched,5359,3375,0,CA:2576;WA:175;NY:146;TN:73;NJ:35;FL:32;NV:27;CO:25;AZ:24;TX:23,high
54930052M48FOD3CWA54,,,,unmatched,13770,9570,0,MD:1466;NM:1071;RI:690;FL:582;NC:479;TX:475;CO:384;CA:363;UT:355;TN:283,high
2WHM8VNJH63UN14OL754,,,,unmatched,90347,51203,0,OH:24819;MI:10932;IL:4352;IN:2547;PA:1812;MN:1707;WV:1148;KY:903;CO:675;WI:664,high
549300RYBJHWWDENV610,,,,unmatched,7839,6192,0,VA:2663;NC:1682;SC:399;WV:255;MD:238;GA:219;PA:168;FL:158;OH:144;TX:123,high
213800XR2TCBQJSF1X93,,,,unmatched,11823,6849,0,MO:523;TX:518;KS:430;FL:383;NC:354;WA:335;CA:313;GA:257;VA:252;IL:206,high
5493000EUC3MM52PJV85,,,,unmatched,4889,3122,0,CA:2354;FL:223;TX:92;AZ:81;NV:64;NJ:46;WA:28;GA:25;CO:20;VA:17,high
549300LROQOOQU77WS20,,,,unmatched,12661,5807,0,CA:537;TX:435;NC:318;WA:301;GA:291;FL:263;NJ:234;VA:233;CO:195;IL:189,high
254900QNIR86GUIRYH95,,,,unmatched,6105,3059,0,CA:1861;TX:290;FL:284;NC:89;GA:80;AZ:48;VA:46;CO:42;NJ:36;NV:34,high
5493000OM9RKJW8W5K82,,,,unmatched,4961,3504,0,CA:2287;OR:253;GA:196;TN:176;UT:129;AZ:101;NV:51;WA:41;CO:37;SC:33,high
549300ZPSJZO10ZAX556,,,,unmatched,9325,4494,0,FL:621;TX:462;CA:274;NY:256;OH:253;NC:214;GA:174;PA:172;SC:160;NJ:156,high
549300QKL5FUBZ8LSF50,,,,unmatched,8223,5926,0,OR:1427;CA:840;PA:570;WA:435;MA:314;FL:268;NJ:191;IL:190;TX:184;OH:183,high
5493005PD34O8ZT7QT17,,,,unmatched,10284,7256,0,OH:1513;PA:757;IL:469;MI:431;MO:365;NJ:321;TX:319;AL:292;GA:244;NY:241,high
549300JPGMCMBEJEK584,,,,unmatched,8289,3877,0,MA:1769;NH:651;GA:184;NJ:153;CA:148;FL:94;TX:89;VA:64;IL:52;PA:51,high
5493008VVXQIDO1EZ460,,,,unmatched,8405,5759,0,CA:951;OR:805;TX:471;TN:425;GA:378;ID:300;WA:299;MO:295;IL:264;NV:241,high
2549002VH9C0PKB8K153,,,,unmatched,5687,3056,0,CA:933;NY:575;FL:388;NJ:317;TX:139;CT:89;PA:69;MA:49;GA:47;IL:45,high
549300LLKEKXL2RM1F61,,,,unmatched,4309,2839,0,NY:1919;PA:226;FL:183;NJ:142;AL:69;TX:53;CT:49;MI:29;SC:26;NC:21,high
Q708HHR4LD2B7XIZNO92,,,,unmatched,7944,4687,0,FL:899;GA:410;SC:336;NC:251;TX:177;WI:176;IL:163;MO:154;VA:147;MN:131,high
54930059GZZ7G4G40O53,,,,unmatched,3918,2858,0,TN:1004;NC:922;TX:376;VA:132;SC:117;FL:69;MN:42;AL:36;GA:21;MI:13,high
1IE8VN30JCEQV1H4R804,,,,unmatched,4645,3065,0,CA:1526;NY:538;WA:358;NJ:144;FL:134;TX:60;CT:37;MA:25;NC:24;IL:22,high
5493002N5168AC238149,,,,unmatched,3613,2638,0,NJ:2071;PA:289;FL:42;VA:35;MD:26;TX:26;NY:25;NC:17;CT:13;SC:12,high
5493002Y5XYV7DV1ZV88,,,,unmatched,11225,6891,0,FL:1346;MI:1280;TX:409;IN:364;NV:325;NC:308;CO:278;WY:244;WA:213;OH:203,high
549300UG7QXKM7KGV847,,,,unmatched,8724,4960,0,TX:943;IN:417;NY:318;OH:273;GA:245;PA:211;IL:207;MI:199;FL:183;MO:182,high
5493005DKMV1IHIM8E20,,,,unmatched,5671,3884,0,PA:1700;DE:1210;NJ:555;MD:64;FL:52;CA:47;NC:28;GA:26;VA:25;SC:18,high
254900M2C4Q6DATP2889,,,,unmatched,12186,4137,0,CA:510;FL:448;NC:357;GA:286;AZ:260;OH:245;PA:224;TN:199;NJ:191;MI:170,high
2549004FXPNKCLIN8250,,,,unmatched,11752,8115,0,OH:1310;TX:1261;CA:797;LA:765;CO:652;WA:606;ID:550;OR:532;IL:348;MT:180,high
984500F6E6940CCB6A60,,,,unmatched,4550,2966,0,NY:532;TX:458;CA:403;NJ:403;FL:227;IL:112;GA:76;TN:75;PA:70;MO:58,high
549300UT4EN6IH579Q63,,,,unmatched,4240,2872,0,TX:1923;FL:201;ID:103;WA:93;OH:82;GA:82;AZ:68;TN:66;CO:45;CA:44,high
549300PL267CW8182203,,,,unmatched,11290,4203,0,TX:477;FL:416;GA:412;CA:409;VA:330;AZ:273;CO:169;NC:157;TN:157;WA:110,high
549300A5HHOL2ED18C72,,,,unmatched,6706,3194,0,CA:1372;FL:389;TX:211;LA:85;WI:71;MD:62;OH:61;NC:58;MI:55;IL:55,high
549300HRLROF7PLJ6735,,,,unmatched,4575,2742,0,CA:898;FL:661;TX:286;GA:157;WA:61;TN:59;AZ:57;UT:47;MD:46;NV:44,high
549300BLL6VL7AXWYP56,,,,unmatched,9652,6052,0,TN:627;TX:609;NE:513;MI:454;WA:351;ID:234;OR:219;OH:218;MD:194;CA:189,high
549300NFPC3Y4W3Y7R87,,,,unmatched,7552,4267,0,VA:747;TX:623;SC:342;NC:297;CA:292;GA:272;IN:240;NM:234;FL:225;MT:168,high
54930048P8RWCQHQM310,,,,unmatched,5439,3131,0,CA:504;NY:503;FL:380;TX:240;NJ:231;AZ:117;MA:110;CT:108;MD:89;CO:86,high
549300G4ESSS6M0MEG51,,,,unmatched,9605,5971,0,IL:1723;CA:1252;WA:895;CO:383;TX:299;NC:292;MD:261;FL:109;IN:85;WY:70,high
549300UXY7OP0IC38293,,,,unmatched,10377,6396,0,KY:1184;MI:572;FL:524;CO:486;MA:288;GA:219;TN:219;IN:218;UT:207;CA:205,high
549300R8VPSFM828B312,,,,unmatched,3894,2211,0,NY:1805;CA:177;FL:55;NJ:33;NC:19;PA:15;TX:13;WA:12;TN:11;AZ:9,high
213800QUAI2VH5YM6310,,,,unmatched,5973,4493,0,MD:856;FL:627;NJ:599;VA:582;NY:269;MA:257;AL:256;DE:215;PA:149;NH:133,high
549300VQUTI5IU7GXT57,,,,unmatched,9801,5896,0,UT:1700;TX:1288;AZ:548;NV:328;FL:286;GA:253;WA:156;CO:149;CA:127;HI:122,high
549300GWD9H4FQ2VR805,,,,unmatched,4480,3386,0,CA:552;FL:316;NY:308;TX:200;CO:163;NJ:139;WA:130;MA:124;NC:111;AZ:98,high
254900DRSIZBQXDCJ875,,,,unmatched,2409,2409,0,FL:590;CA:463;TX:382;GA:205;NC:175;TN:85;PA:70;VA:61;OH:53;MD:28,high
2549004Z576VEJBK3N72,,,,unmatched,4063,2542,0,FL:640;CA:361;NY:343;NJ:236;TX:128;GA:98;AZ:69;PA:63;IL:63;MA:60,high
5493003NV9L53LK1XI52,,,,unmatched,3773,2244,0,CA:1753;FL:82;TX:73;NV:38;AZ:34;NJ:27;VA:27;CO:23;GA:21;IL:20,high
254900HEJ9F73IMPX887,,,,unmatched,8973,3486,0,TX:453;FL:364;CA:232;NC:211;GA:210;NJ:181;VA:137;PA:135;WA:130;OH:121,high
549300PQLK8E48ILXV41,,,,unmatched,7850,4388,0,CA:533;FL:421;MI:227;TX:213;LA:192;AZ:190;MO:161;GA:156;NC:154;IL:149,high
549300UR5AOWTJJ7KZ64,,,,unmatched,5432,3529,0,FL:505;CA:468;TX:301;UT:146;AZ:133;GA:129;MA:119;SC:118;WA:111;IL:106,high
549300J6N77Q8OHYNF23,,,,unmatched,7828,5501,0,TX:419;CA:416;WA:388;NC:341;IL:291;MD:267;MO:214;NH:193;GA:188;MA:176,high
5493005ICQ3QGEIWV618,,,,unmatched,3357,2224,0,NY:956;NJ:297;PA:296;FL:157;TX:101;OH:52;CT:50;GA:42;SC:42;MI:24,high
549300ALNLUNS3Y53T24,,,,unmatched,26611,5416,0,CO:1398;GA:491;TX:304;FL:274;OH:189;NC:168;CA:163;PA:147;IN:122;MI:111,high
254900WEP08K7U7S3A80,,,,unmatched,8177,6568,0,WI:943;TX:709;OH:658;AZ:564;MO:385;OR:304;IN:252;NV:222;IL:210;MS:209,high
549300T7HRS5DVBUPQ06,,,,unmatched,3766,3018,0,GA:1234;FL:235;CO:226;IN:182;AZ:181;NC:142;OH:137;AL:121;SC:55;WA:50,high
98450087981AP406JG03,,,,unmatched,3264,2642,0,CA:1294;WA:138;HI:134;FL:97;UT:96;TX:94;NY:70;GA:70;CO:64;TN:57,high
549300QR0KFPEDZPEI42,,,,unmatched,11060,7147,0,KY:2250;AL:997;TN:703;IN:657;GA:442;MS:391;FL:289;OH:283;PA:270;WV:226,high
875500CPQ9Z7QEFE5G90,,,,unmatched,2651,1847,0,TX:1366;FL:431;NM:13;CO:7;AR:6;GA:5;LA:3;VA:3;TN:3;NC:3,high
5493004UNRG4PWDF2K60,,,,unmatched,3434,1920,0,NJ:1476;NY:106;PA:60;CT:53;FL:49;NC:25;CA:19;VA:16;SC:13;MD:11,high
549300B4IYL7TZT8FA34,,,,unmatched,8795,6038,0,ID:1793;WA:655;CA:637;GA:512;NV:349;OR:242;MO:196;UT:193;TX:184;IL:180,high
549300ZGTXNHL5BKQZ27,,,,unmatched,2561,1842,0,TX:1708;NM:37;TN:32;MS:18;AL:10;CA:8;FL:6;GA:4;NC:4;AR:4,high
54930025XJJO3T0M1A92,,,,unmatched,5373,2316,0,GA:1374;WA:128;FL:101;OR:90;MA:88;AZ:71;NJ:66;ID:44;SC:40;CO:39,high
5493001X0T84TYRJ5Y59,,,,unmatched,3372,2086,0,CA:1029;FL:372;TX:130;GA:83;WA:40;AZ:37;NC:36;MI:31;TN:27;OH:26,high
70WY0ID1N53Q4254VH70,,,,unmatched,7958,3126,0,MI:1286;CA:975;TX:663;AZ:111;FL:68;NC:4;GA:4;CO:4;WA:3;LA:1,high
254900IEGKUDRDS23V26,,,,unmatched,3353,2352,0,CA:1161;NV:182;TX:181;FL:126;GA:80;VA:70;MD:62;WA:60;AZ:52;HI:44,high
549300REENMLD2RN3W58,,,,unmatched,5575,4097,0,KY:757;GA:741;MS:426;AL:214;SC:204;IN:198;TX:153;FL:142;TN:90;CA:83,high
549300COIWXM618UBE82,,,,unmatched,2938,1925,0,NC:880;CA:506;TN:123;WA:69;VA:66;FL:59;SC:56;OR:40;AZ:34;GA:19,high
549300VYK2WBD7SST478,,,,unmatched,5040,2626,0,AR:1001;GA:707;FL:429;NC:284;TX:160;TN:15;SC:8;AL:6;LA:3;MO:3,high
549300ZIQ24V0C88AC41,,,,unmatched,3616,2102,0,FL:933;CA:430;WA:89;TN:86;AZ:78;MD:69;OR:65;NC:59;GA:31;NJ:29,high
C398JSK21YCXWM603F55,,,,unmatched,11708,7752,0,IL:2719;WI:1224;CA:371;IA:328;FL:252;MN:237;MI:223;NY:179;TX:179;NC:174,high
549300PL8ER6H23P0Z91,,,,unmatched,6554,4443,0,WA:476;IL:470;CA:426;MD:368;TX:302;CO:257;VA:190;FL:180;OR:180;KY:166,high
549300RYWXR8TL5LIK35,,,,unmatched,4057,2151,0,PA:518;NJ:483;NV:151;CA:116;NY:109;FL:87;OH:75;NC:66;MA:66;CO:50,high
549300MUXFVZKH4XLG17,,,,unmatched,3278,2228,0,CA:677;TX:490;AZ:130;WA:106;NC:102;GA:102;SC:93;OH:77;UT:60;NV:59,high
CKVBED0S4DMLKJJ5XH28,,,,unmatched,5127,4497,0,MO:1522;CA:364;FL:265;IL:150;TX:142;NY:138;NC:122;NJ:119;GA:115;CO:104,high
5493001XKL0FTNOJ0866,,,,unmatched,8198,5554,0,AZ:794;MO:589;FL:414;TX:386;IN:359;OH:291;GA:260;IL:215;LA:188;NM:163,high
254900FJRICL380R4T46,,,,unmatched,2355,1565,0,TN:1505;MS:30;AR:9;KY:7;AL:3;FL:3;TX:2;MO:1;GA:1;OH:1,high
54930030Z1JWTP3SVD16,,,,unmatched,5609,3061,0,FL:458;GA:334;CO:273;MI:253;OH:173;NC:169;TN:155;PA:126;IN:115;MO:94,high
54930072OCHTUJOZQB56,,,,unmatched,7424,5784,0,IN:1919;KY:1771;TN:641;GA:214;FL:211;CO:151;NC:94;SC:94;MS:90;IL:86,high
54930078TNN7GKZ7NU89,,,,unmatched,3985,3063,0,VA:809;GA:678;MD:395;NC:215;FL:157;SC:110;TN:86;ND:80;AL:75;NY:62,high
5493000NYUJT9UC6G261,,,,unmatched,8132,5519,0,MO:1526;IL:660;FL:521;CA:395;KS:382;WA:233;AL:224;IN:223;ME:215;GA:191,high
254900LTD432L5CHIZ48,,,,unmatched,3885,1963,0,CA:920;FL:228;MN:130;VA:101;TX:100;GA:64;AZ:51;OH:48;NJ:39;MD:33,high
549300T5QSL6MC8M4D04,,,,unmatched,3181,1954,0,NY:927;CT:403;NJ:182;FL:112;MA:68;IL:37;PA:22;CA:19;SC:19;TX:18,high
54930091JQKCU3Z6IP44,,,,unmatched,25603,2519,0,GA:284;FL:276;OH:189;TX:151;NC:128;NY:123;VA:120;PA:118;TN:101;NJ:100,high
254900WTZC5SSKIN2M11,,,,unmatched,4245,2709,0,NC:235;IL:187;TX:181;GA:169;MD:143;FL:142;CA:124;CT:119;SC:111;MA:107,high
549300IKS3MMB5YK6T18,,,,unmatched,2180,1523,0,CA:1195;NY:116;AZ:21;FL:17;NV:16;WA:14;NJ:12;VA:10;OR:10;GA:10,high
549300IFOE4SCP384147,,,,unmatched,2997,2426,0,FL:1083;MI:505;IN:245;CA:67;NC:57;GA:47;TN:44;SC:43;AL:27;AZ:25,high
549300UB5TJ0YPVPT503,,,,unmatched,3894,2690,0,CA:903;MN:314;WA:247;TX:215;OR:190;NV:184;TN:127;CO:109;AZ:99;ID:49,high
54930095UWUUXAWASB02,,,,unmatched,7298,5729,0,VA:3458;NC:673;MD:586;SC:369;WV:248;DC:148;FL:56;PA:53;DE:22;GA:13,high
254900JH11ROOV921P96,,,,unmatched,2266,1600,0,CA:1259;NV:144;AZ:58;TX:42;WA:24;FL:16;HI:10;PA:9;IN:7;OR:7,high
254900FBWEZ3YUPOBN33,,,,unmatched,3876,2305,0,FL:269;NC:262;VA:149;SC:137;GA:131;TN:130;TX:120;OH:114;PA:108;IN:101,high
549300PFJ7GCGDLB2E65,,,,unmatched,2560,1736,0,GA:836;TX:302;IN:185;FL:95;LA:76;NV:58;MD:43;SC:23;MO:23;VA:21,high
5493008ZTV4S0W9DCX64,,,,unmatched,4502,1893,0,CA:461;TX:305;FL:229;AZ:106;GA:85;WA:78;NC:54;NV:53;OR:40;TN:39,high
254900VE4XTOQUE8NZ77,,,,unmatched,4109,1447,0,NY:330;NJ:271;PA:189;FL:118;TX:105;GA:82;CT:65;NC:46;OH:39;MA:25,high
54930039IUN6515TBG78,,,,unmatched,2090,1504,0,GA:517;NY:292;TX:167;CO:153;NJ:103;CA:52;FL:47;KS:32;AZ:31;IL:17,high
549300RYTR2RVL4SFJ90,,,,unmatched,3013,1893,0,TX:242;FL:241;NC:142;NJ:131;GA:121;MO:113;HI:95;PA:72;CA:65;OH:62,high
549300AT7EB9FJAF0E61,,,,unmatched,16759,10956,0,IN:2746;IL:2207;MN:1877;MI:1211;TN:999;WI:824;KY:489;ND:135;FL:59;IA:55,high
254900NZOY3XB2DNSZ34,,,,unmatched,2542,1799,0,CA:437;NJ:170;FL:130;MA:120;NY:99;WA:95;IL:89;CT:63;GA:61;PA:51,high
549300C8GOC4OYUV0Z32,,,,unmatched,4824,2639,0,MD:270;OH:262;FL:244;TX:183;PA:140;GA:128;NC:127;MO:105;IN:98;MI:96,high
549300ZZME37MXI1EF14,,,,unmatched,9985,7562,0,MO:3201;OH:849;TX:571;MD:440;MI:357;IL:283;AR:269;WA:192;KY:166;ME:116,high
549300XCVBRR56D08F03,,,,unmatched,12867,2293,0,CA:454;FL:152;NV:108;NJ:102;GA:94;AZ:91;NC:85;OH:82;WA:74;CO:70,high
5493006JISETNI0GLE61,,,,unmatched,5427,3693,0,TN:786;OH:706;IN:518;KY:489;TX:312;KS:174;IA:150;NE:149;SD:91;CO:63,high
549300XQ7B5FIVUNFE29,,,,unmatched,3603,2428,0,FL:652;MI:441;OH:213;TN:202;IN:187;NC:112;ID:109;NM:104;UT:84;TX:54,high
549300DG3IV05V4C4E03,,,,unmatched,4161,3145,0,LA:1292;TX:730;AR:516;TN:265;IN:131;GA:86;MS:73;FL:13;OH:6;AL:6,high
5493002TJKC8NLH1ZP82,,,,unmatched,2827,1694,0,CA:792;AZ:166;FL:144;UT:99;TX:54;WA:49;GA:43;AL:36;MO:33;VA:31,high
2549007JZSAICH4GZJ60,,,,unmatched,2386,1856,0,FL:711;IL:505;CA:358;IN:126;WI:111;MI:10;AZ:9;TX:4;VA:4;WA:4,high
549300YX5RPSSMR88K92,,,,unmatched,2299,1981,0,CA:834;CO:280;AZ:232;WA:132;OR:108;FL:71;TX:50;MO:35;VA:28;MI:27,high
549300W45D2J6BT4LX65,,,,unmatched,1745,1727,0,FL:260;CA:195;TX:184;NJ:175;MD:150;VA:124;GA:65;NC:63;AZ:51;SC:46,high
ZXMJHJK466PBZTM5F379,,,,unmatched,2077,1712,0,FL:298;TX:142;CA:122;NC:99;NY:75;CO:74;TN:69;GA:58;SC:54;NJ:49,high
549300YMIOLU51FSTO86,,,,unmatched,2052,1588,0,PA:346;NJ:322;DE:136;NY:108;TX:98;OH:89;MI:69;WV:66;FL:64;GA:45,high
549300QCYEU2QLIWN517,,,,unmatched,1425,1051,0,TX:765;FL:147;SC:53;NC:37;VA:9;GA:6;WA:4;LA:4;PA:4;MD:4,high
2549004XJQQPBYQSMT39,,,,unmatched,2114,1190,0,NY:550;NJ:112;FL:108;CA:87;TX:50;CT:31;MA:29;PA:25;GA:20;IL:17,high
635400IW1QMK3FNFF894,,,,unmatched,3346,2560,0,MD:838;PA:652;DE:640;NJ:226;VA:47;FL:31;NC:22;SC:11;IN:11;GA:10,high
254900WT4HAMDFWH3048,,,,unmatched,3715,1440,0,TX:190;FL:188;CA:164;NC:118;GA:93;PA:66;NJ:65;OH:58;TN:47;NV:41,high
549300S8SHBRCI7UU819,,,,unmatched,5563,3223,0,IL:917;MN:494;CA:229;FL:150;WI:118;NC:115;OH:89;GA:88;IN:76;TN:75,high
54930080168VA6Z8UX21,,,,unmatched,5952,3617,0,MD:1696;VA:681;NJ:223;PA:190;NC:101;FL:91;SC:87;DC:67;DE:61;GA:60,high
549300HCNXMTNGIMAR91,,,,unmatched,2158,1493,0,VA:309;NY:244;NJ:232;MA:167;MD:111;NC:67;GA:44;CA:41;DC:35;FL:34,high
5493009Y8ROUG903AQ21,,,,unmatched,1340,1010,0,CA:849;WA:21;NV:10;IL:9;TX:9;NY:8;FL:8;OR:8;PA:7;GA:6,high
549300G5DVGM0ZHRQC33,,,,unmatched,2652,1784,0,TX:185;FL:151;NC:141;GA:106;AZ:103;VA:102;CA:98;OH:89;SC:68;MI:63,high
2549005K0ZG1MFV3R260,,,,unmatched,1778,913,0,FL:644;TX:61;CA:44;NJ:38;GA:33;NC:11;SC:9;NY:8;TN:7;IL:7,high
5493008P6YO2KM3EO556,,,,unmatched,5493,4084,0,MI:2600;NY:372;CA:172;VA:153;MD:117;FL:81;CT:70;MA:55;KY:54;IN:52,high
549300ISCZS1R0CJMO47,,,,unmatched,2117,1726,0,TX:255;NC:107;FL:104;GA:77;TN:70;MI:69;PA:67;SC:66;MO:58;IL:55,high
549300KX4S1573HISS22,,,,unmatched,2917,1327,0,CA:417;FL:177;AZ:126;TX:73;WA:45;GA:33;PA:32;NV:29;CO:27;NJ:26,high
54930002O9LLXKR6TF11,,,,unmatched,1768,1032,0,CA:774;NV:90;AZ:22;TX:21;GA:20;WA:14;TN:12;HI:9;CO:8;FL:7,high
549300BXWU32AYWT1A56,,,,unmatched,2637,1675,0,TX:257;MI:227;NY:161;MN:157;IL:131;NJ:90;PA:86;CA:70;OH:68;VA:66,high
549300RM1IZYGQDSNL85,,,,unmatched,6074,1623,0,FL:206;TX:167;TN:152;CO:123;KY:69;NC:60;OH:60;NY:56;MI:52;ID:52,high
254900BMXWPEHXG4LF21,,,,unmatched,1644,1116,0,CA:361;FL:302;TX:72;WA:62;AZ:48;CO:39;MI:27;PA:25;OR:22;UT:21,high
549300SBA6BX8HZZF585,,,,unmatched,1101,820,0,CA:565;TX:100;GA:55;FL:40;MA:23;WA:12;CO:5;NV:5;HI:2;AZ:2,high
549300A68YW07V5R5G22,,,,unmatched,1972,957,0,CA:536;FL:125;TX:47;AZ:38;GA:26;WA:25;HI:20;NV:20;UT:17;CO:15,high
549300N3JBQ15RQ7AV97,,,,unmatched,4212,2983,0,AZ:828;CA:603;NE:295;AL:292;NV:258;VA:219;CO:183;FL:58;TX:45;UT:43,high
549300LZUXCJFE5ONM48,,,,unmatched,1795,1369,0,CA:317;TX:110;FL:98;WA:72;AZ:68;UT:60;SC:53;GA:53;CO:50;OR:46,high
549300HFBEONQN2CK447,,,,unmatched,10072,8105,0,OH:5594;IN:1546;PA:550;KY:178;FL:127;CA:14;MI:12;TN:12;NC:10;SC:9,high
5493000IIYWBLONJVJ30,,,,unmatched,2370,1430,0,CA:173;TX:112;FL:91;NC:78;WA:59;MI:55;GA:50;IL:48;MN:48;PA:46,high
54930021DZJ9CEN11D61,,,,unmatched,2604,1550,0,AL:309;FL:185;GA:184;TN:124;OH:99;NV:96;KY:77;MI:58;IN:48;NJ:39,high
549300WYBPIWKK6SQC06,,,,unmatched,14525,11534,0,MN:6525;AZ:1256;WI:1031;ND:674;FL:407;MO:405;NM:397;KS:352;TN:190;CO:39,high
2549008TT6UNYR7AXF54,,,,unmatched,5231,3566,0,WA:697;CO:538;TX:487;NM:349;OR:322;AZ:282;ID:262;KS:218;CA:113;MI:91,high
549300DNWSJUNAWUM003,,,,unmatched,2522,1388,0,NC:247;VA:226;MD:209;PA:92;SC:63;NY:60;FL:57;IL:56;KY:39;DC:34,high
5493004T9SQFCNRQ2L76,,,,unmatched,3132,2358,0,MO:680;IL:638;SC:255;TN:142;FL:106;MS:89;NC:83;NE:73;VA:71;KS:56,high
549300QVGK8WC4HQ3C28,,,,unmatched,1289,810,0,PA:185;TN:124;GA:109;NJ:99;AL:64;FL:54;NC:31;VA:30;SC:19;IL:13,high
549300NB3SBC1KHAWB92,,,,unmatched,5621,4133,0,MO:1690;NE:537;FL:434;IA:427;KY:328;AR:243;IL:195;TN:186;CO:24;KS:17,high
KD3XUN7C6T14HNAYLU02,,,,unmatched,1637,1015,0,CA:220;NY:91;FL:83;TX:82;IL:62;MA:49;CO:33;UT:31;WA:30;NJ:25,high
549300BOXNV8VLRBDT24,,,,unmatched,2879,1363,0,CA:220;TX:86;NC:59;AZ:58;FL:51;GA:45;WA:44;TN:44;IL:41;OH:40,high
5493006RIR31ORKYB608,,,,unmatched,2057,1534,0,CA:395;IA:166;AL:152;TX:133;LA:90;MS:82;AR:56;MN:47;OH:43;WA:37,high
549300LO3MP4RAI32X70,,,,unmatched,790,620,0,TX:603;MS:3;NC:2;OR:1;FL:1;VA:1;MN:1;MI:1;SC:1;AR:1,high
9845005BP6974AE5D838,,,,unmatched,1655,741,0,CA:201;FL:130;TX:78;GA:43;TN:37;PA:32;SC:25;WA:25;NC:20;VA:14,high
254900DSZI6CJXJL6Z14,,,,unmatched,1590,921,0,TX:168;FL:93;GA:66;NC:60;OH:60;IL:48;PA:46;NY:32;TN:29;MI:27,high
549300ZIXM1VUXPG4D03,,,,unmatched,1269,891,0,TX:329;MN:145;FL:102;CA:88;ND:30;PA:28;IL:27;OH:17;KY:17;AL:13,high
549300ZCR1XCLNEEI724,,,,unmatched,2116,777,0,CA:191;FL:131;TX:73;NY:59;OH:34;NJ:31;PA:23;WA:23;IL:21;AZ:18,high
549300KQHWNSVCE2MY88,,,,unmatched,1746,1219,0,TX:125;TN:91;NC:65;CA:58;GA:53;IN:53;FL:49;MN:47;OH:46;VA:46,high
549300Q6YL1SFVPEGV90,,,,unmatched,2510,822,0,CA:167;FL:122;TX:74;GA:64;WA:64;AZ:50;VA:43;NJ:42;NV:35;MA:25,high
254900I68BOSEM149Q58,,,,unmatched,1048,720,0,TX:354;NC:85;CA:49;UT:39;AZ:29;VA:26;FL:21;IN:14;MD:11;MO:11,high
549300TK6RZQSFXZHV09,,,,unmatched,2683,1473,0,MI:532;FL:157;PA:110;CA:108;NC:75;OH:68;AZ:54;IN:38;MD:34;TX:32,high
254900U1OBL1MC6M6518,,,,unmatched,734,605,0,PA:364;NJ:82;TX:19;FL:19;NC:10;OH:10;CT:10;VA:7;MI:7;IN:7,high
5493001JT9MT3Z3Y3M39,,,,unmatched,1216,801,0,FL:201;TX:95;AZ:72;CA:62;GA:31;WA:29;NC:28;MI:28;NY:23;NV:21,high
5493002QRULT2T40BH09,,,,unmatched,10720,6817,0,MO:3721;KS:2521;CA:186;AR:57;KY:52;TX:51;FL:30;NV:17;MI:16;IL:14,high
549300GSCUJKJINRJ980,,,,unmatched,13152,9934,0,IN:6870;OH:1793;MI:794;KY:194;IL:95;GA:41;FL:36;AL:23;NC:19;SC:13,high
549300W4FT4H1UWPGU95,,,,unmatched,21756,15699,0,IA:10661;IL:3954;MI:329;WI:190;NE:148;IN:78;OH:48;AZ:38;MO:33;CO:33,high
S0Q3AHZRL5K6VQE35M07,,,,unmatched,8529,5621,0,IN:3248;MI:1861;OH:327;IL:50;FL:50;AZ:10;TN:8;SC:8;GA:6;NC:6,high
549300F1COXL6UBFCP55,,,,unmatched,578,519,0,NY:448;FL:21;NJ:19;TX:5;DE:4;CT:4;PA:3;IN:2;OH:2;CO:1,medium
2549005Q4HZ55QX7YC64,,,,unmatched,909,696,0,CA:249;TX:151;MD:37;AZ:33;VA:26;WA:23;FL:21;NV:19;NC:18;MA:14,medium
2549005FUF02T1IFCA22,,,,unmatched,1029,652,0,FL:165;CA:134;TX:58;NJ:47;UT:19;PA:18;GA:18;CO:16;NC:16;SC:14,medium
5493007L4GYNO2PUBS09,,,,unmatched,3256,1295,0,MI:318;TX:156;GA:146;IL:110;IN:109;WA:89;PA:65;FL:44;NJ:35;OR:29,medium
2549009X2AG1P20YAJ63,,,,unmatched,2014,658,0,CA:299;NY:38;FL:34;TX:23;NJ:19;AZ:19;WA:18;NV:17;VA:14;NC:13,medium
5493007CLWQN2S6IZK91,,,,unmatched,2313,1339,0,VA:128;TX:115;KS:88;MO:71;NC:67;FL:61;AZ:59;GA:55;CA:48;MD:46,medium
254900BBEPZS8MDE1S61,,,,unmatched,696,500,0,CA:444;AZ:13;FL:6;OH:6;TX:5;CO:4;OR:3;NV:3;MT:2;ID:2,medium
984500CD6F0743B8F530,,,,unmatched,1261,998,0,GA:124;OH:116;PA:74;FL:61;IN:50;TN:49;NC:48;IL:42;VA:37;MI:32,medium
549300GQDT484LGI9C04,,,,unmatched,6972,609,0,CA:130;FL:89;TX:80;VA:58;NJ:52;AZ:45;NC:40;WA:31;MD:11;OH:10,medium
549300LLESTPOVRG3X73,,,,unmatched,2569,1100,0,KS:151;CA:88;WA:78;MO:67;TX:55;FL:49;NC:47;CO:45;NY:40;IL:33,medium
254900P7WLDQD9IUL038,,,,unmatched,3882,2074,0,NH:1321;MA:184;ME:126;FL:43;GA:41;VT:36;NC:32;CA:29;VA:25;WA:24,medium
549300QIUZLVR1OLDH55,,,,unmatched,5610,3566,0,MI:2770;MN:136;CA:132;FL:99;PA:39;IL:38;GA:35;NC:34;NJ:30;OH:29,medium
549300WHVRE44NRBU558,,,,unmatched,1549,980,0,MD:277;VA:204;FL:148;NC:97;TX:86;CA:30;AZ:20;WA:18;TN:16;IN:13,medium
254900YA1AQXNM8QVZ06,,,,unmatched,951,767,0,CA:85;TX:59;FL:56;IL:34;NY:34;GA:32;WI:32;WA:31;NC:29;TN:27,medium
549300YPBBHUEKV1YC68,,,,unmatched,1114,706,0,TX:159;SC:64;FL:61;VA:51;MO:40;AZ:34;CA:32;GA:30;AK:22;OH:21,medium
984500F03B9034CQB904,,,,unmatched,4756,618,0,TX:79;FL:69;NC:60;CA:45;GA:38;OH:36;PA:35;VA:34;TN:29;IN:24,medium
5493001SDQVS1NWYH012,,,,unmatched,1018,888,0,MN:140;KY:132;AZ:117;FL:96;CA:90;NC:83;AL:46;WA:44;TN:34;TX:33,medium
9845001DAE89414CBB55,,,,unmatched,8677,2547,0,IN:514;MI:449;WI:337;KS:335;IL:282;TX:174;FL:129;MO:63;OH:56;AZ:32,medium
4EP6JBYBTPTQ47LZOB67,,,,unmatched,665,527,0,CA:66;FL:59;MA:51;NY:40;GA:27;NC:22;CO:21;TX:20;SC:18;VA:15,medium
549300DT7CCDCC7O6Z60,,,,unmatched,527,361,0,CA:314;TX:10;TN:5;SC:5;AZ:5;NV:3;FL:3;OR:2;WA:2;MO:2,medium
549300PJ2WT35S77Q208,,,,unmatched,2564,1526,0,IL:307;WI:186;OH:145;FL:106;PA:65;MI:64;TX:62;MO:56;IN:51;KY:45,medium
254900A1LV2U6NM10498,,,,unmatched,670,468,0,CA:235;OH:53;FL:33;ID:17;NC:14;PA:13;TX:13;GA:11;AZ:9;TN:8,medium
HIDXEG9BLUJZKBGUT764,,,,unmatched,1630,1166,0,VA:397;MD:366;DC:220;FL:24;CA:20;NC:12;MA:11;PA:10;CO:10;TX:8,medium
549300HVFLWKU7133506,,,,unmatched,655,340,0,CA:301;TX:19;GA:3;PA:2;AZ:2;NV:2;CO:2;FL:2;MI:1;OR:1,medium
254900378RFGMBEKAF12,,,,unmatched,3556,2166,0,IA:720;IL:309;ME:257;WI:132;NC:109;MO:52;KS:50;ND:41;GA:38;TX:37,medium
5493009D2COWW65B8673,,,,unmatched,1133,518,0,CA:250;MD:75;FL:37;IL:22;UT:21;VA:17;AZ:15;CO:9;TX:7;AL:6,medium
549300S5FVOSK5DQJN30,,,,unmatched,5987,4500,0,UT:3672;CA:224;AZ:149;ID:115;WA:84;NV:54;NC:33;CO:31;TX:24;FL:20,medium
549300T61O0X0RJMQ375,,,,unmatched,1117,647,0,CA:55;KS:50;MO:49;TX:47;WA:43;FL:41;NJ:39;NC:32;VA:28;IL:23,medium
XC7Z0BA39TU7L1AKOJ12,,,,unmatched,4458,2588,0,IL:2072;FL:246;WI:139;IN:23;CA:16;GA:10;AZ:9;CO:9;MI:9;MN:9,medium
549300YD7XJM19TH5O82,,,,unmatched,4999,3231,0,IL:2769;CA:124;TX:42;TN:38;FL:31;NC:25;IN:24;MO:24;AZ:18;GA:16,medium
549300PXIFIEPL7D7R86,,,,unmatched,659,447,0,TN:123;NJ:66;TX:40;IL:29;IN:21;FL:19;CO:16;OH:13;GA:13;MS:9,medium
549300OSZK2W0WJYS771,,,,unmatched,2063,1248,0,VA:766;MD:112;FL:91;NC:62;SC:32;GA:21;PA:20;WV:19;DC:14;TN:14,medium
54930044OSTKOJMHF287,,,,unmatched,1137,814,0,DE:225;MD:182;DC:145;VA:65;PA:37;NC:31;FL:17;SC:13;NJ:9;NY:9,medium
549300INKSPQCTELMO58,,,,unmatched,3309,2598,0,MN:1395;SD:229;TX:149;ND:136;WI:119;AZ:105;FL:79;CO:72;IA:55;AL:46,medium
549300ASFUWYQO0RW077,,,,unmatched,547,420,0,NY:51;TX:49;FL:40;NJ:31;NC:26;PA:21;SC:19;GA:17;OH:16;CT:16,medium
549300I1HK1BBZLKOB84,,,,unmatched,647,455,0,TX:111;CA:55;LA:39;FL:30;NY:27;NJ:17;WA:17;AZ:13;CO:11;CT:11,medium
549300MQEDQYDJR8CP22,,,,unmatched,1017,449,0,FL:41;TX:41;OH:38;GA:36;TN:27;CA:24;NJ:22;NY:22;MO:21;PA:20,medium
549300J4330IBZ0BBI43,,,,unmatched,2417,1169,0,AL:855;FL:206;GA:32;MS:21;SC:9;CA:8;OH:6;TN:6;NJ:4;IL:4,medium
549300HIVO8XPBPNVG69,,,,unmatched,6952,4846,0,AZ:3413;CO:460;WA:286;NV:184;CA:131;NM:114;OR:97;TX:57;FL:42;PA:12,medium
549300K6K2IS7FRS7S09,,,,unmatched,980,644,0,MO:70;VA:59;FL:46;TX:42;AK:37;CA:31;NC:31;AZ:21;GA:20;MI:20,medium
549300WRDGBHKR1BXL98,,,,unmatched,1383,1014,0,IN:369;MA:146;OH:100;IL:93;MO:82;LA:49;FL:23;TX:13;NY:10;GA:10,medium
549300JRDGV1559XM376,,,,unmatched,1517,904,0,NE:217;AZ:92;ID:85;TX:59;TN:59;CO:55;IL:53;IA:48;UT:47;CA:45,medium
549300QBX5R3ZBD8FR12,,,,unmatched,592,466,0,OH:182;NC:109;SC:79;PA:27;IN:15;LA:15;KY:11;TN:8;WV:6;MI:5,medium
5493008SP1FN4D81IS17,,,,unmatched,453,359,0,TX:79;CA:49;NC:30;FL:19;WA:17;AZ:13;IL:11;VA:10;NJ:10;OH:9,medium
549300SQRR7T3EUSDD87,,,,unmatched,517,289,0,TX:171;CO:40;GA:28;TN:7;AZ:7;FL:5;SC:3;KY:3;MN:3;NC:3,medium
549300OHLAHJ10DFF198,,,,unmatched,918,679,0,UT:282;FL:120;ID:110;TX:72;NV:41;AZ:11;NE:8;TN:5;CA:4;CO:4,medium
254900O723MCLR701H50,,,,unmatched,6301,1138,0,IL:785;TX:103;FL:73;NM:57;IN:16;SC:14;NV:13;CA:12;AZ:10;MN:9,medium
VNOO6EITDJ2YUEBMSZ83,,,,unmatched,4454,2686,0,MO:808;KS:496;CO:407;AZ:328;IL:104;TX:102;NM:97;WI:83;IA:55;CA:52,medium
549300MCPCNPQAOB4032,,,,unmatched,4806,2960,0,LA:2035;AL:423;MS:214;GA:96;AR:39;IL:36;TX:33;FL:23;TN:18;SC:18,medium
549300XAHXRVSRML8V19,,,,unmatched,513,407,0,TX:135;UT:109;CO:68;CA:28;FL:17;AZ:8;VA:7;MD:7;NC:6;SC:5,medium
549300DQLGJ1YQRRHH73,,,,unmatched,449,303,0,TX:133;AZ:37;FL:21;CO:15;CA:13;IL:12;GA:10;NV:10;TN:8;MO:5,medium
254900EZRN0CBEP77K34,,,,unmatched,1167,563,0,VA:170;MD:86;DC:38;CA:31;FL:18;NC:17;TX:15;IL:15;SC:14;GA:12,medium
549300JGMQJ4R419LR70,,,,unmatched,516,402,0,TX:45;CA:44;OH:29;IL:28;FL:19;PA:18;WA:15;NY:15;AL:14;MI:13,medium
549300AOB4S7B0DB7863,,,,unmatched,771,425,0,VA:93;MD:71;FL:54;WV:29;NJ:20;GA:20;CA:18;DC:17;TX:16;NC:15,medium
549300F6Y1YO2YXN6135,,,,unmatched,306,297,0,CA:44;TX:32;FL:24;AZ:19;MA:18;WA:16;GA:15;TN:14;CO:13;IL:12,medium
549300OGIGNKGO2DX942,,,,unmatched,420,277,0,TN:89;MS:32;CA:17;GA:14;AR:13;PA:13;NC:11;NJ:9;FL:9;TX:9,medium
2549007AU24FVDMNUB40,,,,unmatched,2422,749,0,WI:262;IL:72;MN:69;CA:43;GA:29;FL:25;IN:19;NC:19;OH:19;CO:16,medium
984500FAD1FB7FEGTE82,,,,unmatched,702,330,0,NC:30;TX:27;GA:25;FL:25;CA:23;IL:18;OH:13;MD:13;CO:12;TN:12,medium
549300KX6E1IE2LM5E30,,,,unmatched,474,326,0,CA:90;WA:60;FL:35;AZ:19;CO:18;GA:15;OR:11;TX:10;MN:6;PA:6,medium
549300LLQD0X2OTG0Y27,,,,unmatched,1196,581,0,RI:205;MA:77;NH:31;DE:20;LA:17;OH:16;NC:16;TX:15;SC:15;FL:14,medium
5493007Z7FTUKQGFMZ98,,,,unmatched,436,294,0,TX:44;NY:30;GA:28;IL:17;WA:13;FL:12;NJ:11;NC:11;PA:10;CO:9,medium
WKN6AF1FCL7BBYGTGI83,,,,unmatched,1283,714,0,IN:316;FL:34;CA:31;GA:24;NC:22;TN:20;MO:20;IL:17;MI:16;AZ:16,medium
549300KPBZCTMM3Y0061,,,,unmatched,907,661,0,MD:316;VA:96;FL:36;CA:27;NC:24;GA:22;DC:14;TX:12;OH:11;AZ:9,medium
549300TULDV69V2XKY60,,,,unmatched,524,343,0,VA:70;CA:55;MD:52;DC:21;FL:21;AZ:13;NC:12;PA:11;GA:11;NJ:8,medium
5493004R423PBPM6A173,,,,unmatched,557,394,0,OH:46;TX:37;IL:24;GA:23;TN:20;NJ:19;IN:19;VA:18;MI:17;FL:15,medium
549300SFG15JDKI5MD22,,,,unmatched,3742,2733,0,MS:1973;AL:311;LA:282;FL:109;TN:28;GA:5;TX:5;NC:3;SC:3;IL:2,medium
6PTKHDJ8HDUF78PFWH30,,,,unmatched,338,289,0,FL:55;IL:43;CA:35;TX:20;CO:17;WI:14;GA:8;NJ:7;WA:6;UT:6,medium
5493005JF6BKCN6OY689,,,,unmatched,227,193,0,FL:107;AZ:24;SC:19;TX:10;GA:4;OH:3;MI:3;VA:3;NJ:2;NY:2,medium
549300C04BJ0G297NC13,,,,unmatched,556,268,0,TX:26;FL:21;CA:18;PA:16;NC:15;IL:15;NY:13;NJ:10;IN:8;CO:8,medium
549300YDBNK66R6ZES34,,,,unmatched,2287,1508,0,MO:1183;IL:91;FL:43;OH:33;TX:23;GA:18;CA:17;CO:14;NY:12;VA:12,medium
2549008LUH7QKMXQ8N53,,,,unmatched,1648,1140,0,IL:297;MO:278;IA:176;PA:97;IN:76;CO:43;MT:31;TX:25;MN:21;AR:17,medium
549300CUUEEQ66ZVK149,,,,unmatched,3061,1993,0,MO:667;IL:464;KS:153;OH:119;IN:111;WI:90;KY:70;TN:61;GA:56;IA:54,medium
549300IBT3SCF2K09D58,,,,unmatched,290,261,0,CA:34;WA:18;GA:16;MN:15;TX:15;OR:13;FL:13;AZ:12;PA:10;NC:10,medium
549300W1HU6IVVIEJ389,,,,unmatched,1461,967,0,UT:712;TX:43;CA:26;OR:24;ID:17;VA:16;AZ:15;WA:15;FL:12;NM:12,medium
254900HO9WPE4LTLQU96,,,,unmatched,570,286,0,NV:79;TX:51;FL:26;AZ:19;MD:12;CA:11;VA:10;WA:9;UT:7;TN:7,medium
54930032OCUOR526IR93,,,,unmatched,566,374,0,MS:123;GA:24;PA:21;FL:18;KY:14;AZ:13;KS:12;MO:10;TN:10;NC:9,medium
549300UV5JQXLGVWIP44,,,,unmatched,582,332,0,IL:105;TX:61;CA:20;MN:19;OH:13;UT:10;WA:10;GA:10;LA:9;VA:9,medium
549300NWKILSNQAIG053,,,,unmatched,2133,1205,0,VA:606;UT:469;NC:45;TX:38;FL:7;GA:7;AZ:5;TN:3;OH:3;WV:2,medium
549300B2JJHSM77T5Y41,,,,unmatched,1393,882,0,OH:746;GA:50;FL:16;TX:10;SC:9;TN:6;CA:4;MI:4;NV:4;WI:3,medium
549300SQKZC6HESYGO25,,,,unmatched,736,258,0,CA:27;VA:24;FL:15;IL:15;NJ:12;NC:11;AZ:10;PA:9;NY:9;OH:8,medium
5493000JFVFQFL816N45,,,,unmatched,862,529,0,AR:374;TX:63;MO:13;CO:11;NC:10;FL:9;SC:6;CA:5;LA:4;TN:3,medium
5493002F9OWLKRICTY67,,,,unmatched,776,492,0,LA:367;TX:79;MS:15;NC:5;FL:5;AR:5;GA:3;AL:3;TN:3;SC:3,medium
549300ESRQ6OLBB56N04,,,,unmatched,7688,4789,0,MT:1904;ID:977;WY:538;WA:420;UT:269;CO:259;AZ:240;TX:94;NV:75;NM:5,medium
549300NZWZUYUWEOA562,,,,unmatched,1994,1409,0,IN:1212;FL:24;CO:18;NC:16;IL:14;MI:13;GA:10;VA:8;MD:7;TX:7,medium
5493002WVA17MT4UFH84,,,,unmatched,444,191,0,TX:26;CA:19;FL:16;AZ:9;MI:8;PA:8;WI:7;GA:7;UT:7;NV:6,medium
254900KKWIJLOTNP7667,,,,unmatched,169,155,0,NY:43;TX:16;CA:12;WA:11;IN:7;MD:7;CT:6;MA:6;FL:5;AZ:5,medium
54930022CQGV47Q8PM03,,,,unmatched,602,233,0,TX:22;FL:18;CA:18;WA:16;GA:15;WI:13;MI:12;IL:12;OH:10;KY:9,medium
54930063578UDYE3JR69,,,,unmatched,1797,1219,0,OH:744;IN:154;KY:131;WV:42;NC:32;PA:29;TN:14;MI:10;FL:9;AR:8,medium
5493002YXAOJOQPEGS38,,,,unmatched,584,238,0,MO:35;TX:32;AZ:27;FL:21;KS:12;NC:11;IL:11;VA:10;NE:10;TN:9,medium
549300KR4ZW8KJC82O47,,,,unmatched,529,433,0,KS:224;MO:42;TX:27;AK:15;TN:13;FL:11;CO:8;MS:6;VA:6;NC:6,medium
549300AEULLVYD8L9B04,,,,unmatched,166,155,0,OH:17;NY:15;CA:15;VA:10;PA:9;TX:8;NJ:8;GA:8;IL:8;AZ:6,medium
254900KI7219LQKCI772,,,,unmatched,1254,974,0,CO:694;WY:105;TX:24;AZ:18;CA:17;MT:10;FL:8;OH:7;ID:7;NC:6,medium
549300JQALY53TH22D13,,,,unmatched,199,178,0,MN:23;TX:21;WA:13;CA:13;IL:12;OR:10;FL:8;NM:8;TN:7;CO:7,medium
549300AV8QD552DSI743,,,,unmatched,163,136,0,TX:29;CA:10;NY:8;MN:8;AZ:8;WA:8;PA:6;IL:5;OH:4;KS:4,medium
549300KUIZTYQRC0R888,,,,unmatched,376,232,0,MN:97;IA:27;TX:12;SD:10;FL:9;NY:6;AZ:6;GA:5;WI:4;PA:4,medium
B94HV8SXGDD3J5XESU08,,,,unmatched,1615,1172,0,IL:1046;AZ:25;NY:15;FL:13;WI:12;MI:12;IN:6;WA:4;PA:4;SC:3,medium
549300C4J510S9L1RF98,,,,unmatched,2560,2118,0,MN:1505;ND:235;AZ:148;WI:119;IA:41;FL:11;CO:11;CA:10;TX:6;GA:3,medium
254900BDGU9FU91PQA51,,,,unmatched,1040,794,0,OH:703;IL:10;FL:10;GA:9;PA:6;MA:5;KY:5;CO:5;VA:4;MT:3,medium
38CFVD4YYFWD1FV7IM34,,,,unmatched,3208,2762,0,WI:2279;MI:393;MN:29;FL:19;AZ:9;IL:7;SC:5;TN:4;NC:3;VA:2,medium
549300XAJENHWRM32Z86,,,,unmatched,1201,957,0,IL:738;MO:150;FL:18;AZ:4;GA:4;KY:4;NE:4;SC:3;WI:3;AR:3,medium
LDVFX8JEECFFE8HRWA73,,,,unmatched,6317,3757,0,NE:1773;IL:646;CO:466;KS:307;MO:215;IA:191;SD:54;WY:34;TX:12;WI:8,medium
1TMVIO1SD0RLIPEIW803,,,,unmatched,1953,1311,0,MO:915;IA:198;KS:76;MN:31;NE:16;IL:14;AR:12;FL:8;NC:7;CA:6,medium
549300TV5ZED3EINI708,,,,unmatched,752,512,0,MI:251;WI:223;FL:21;CO:3;MN:3;MT:2;NC:1;IN:1;IA:1;CT:1,medium
549300OZ550X4QD5PC74,,,,unmatched,6202,4702,0,WI:2893;MN:1772;FL:8;TX:8;AZ:3;GA:2;OR:1;MI:1;CT:1;SC:1,medium
549300RBJCM5B02O5U05,,,,unmatched,2585,2079,0,IA:1743;NE:222;MN:29;SD:24;AZ:11;FL:10;CO:5;MO:5;IL:4;KS:4,medium
5493006QG55R8V712J33,,,,unmatched,1288,864,0,LA:819;TX:10;VA:7;FL:6;MS:6;AL:5;CO:2;AR:2;NC:2;MO:1,medium
5493002LPXKMOZNXUY90,,,,unmatched,2224,1830,0,ND:941;SD:503;MN:202;AZ:124;IA:12;NE:10;FL:5;KS:4;TX:4;NC:2,medium
54930016ZSB1QWXLRJ13,,,,unmatched,2033,1546,0,UT:1140;AR:241;ID:117;TX:8;MO:8;AZ:7;AL:7;OR:4;FL:4;CA:3,medium
549300UXTDELQS5SLF91,,,,unmatched,3715,2783,0,IA:1990;WI:545;IL:183;MN:16;MO:9;FL:9;AZ:4;WA:4;MI:2;NE:2,medium
549300GS6ONO04ORI292,,,,unmatched,917,584,0,ID:356;OR:136;WA:44;MT:12;CA:4;FL:4;AL:2;TX:2;AK:2;CO:2,medium
549300QLO8TSQW5JTK72,,,,unmatched,2807,2409,0,NE:1724;IA:452;SD:44;CO:44;KS:31;WY:27;MO:25;AR:15;ND:14;TX:7,medium
549300C6TQAJABMFOR79,,,,unmatched,2511,1308,0,MI:1290;FL:6;OH:4;AZ:1;KY:1;NC:1;TX:1;IL:1;VA:1;TN:1,medium
549300TQVOMKNKFOH392,,,,unmatched,4000,3046,0,ND:2368;MN:625;AZ:11;MT:6;CO:5;SD:4;WI:3;NE:3;IL:2;FL:2,medium
549300Q76VHK6FGPX546,,,,unmatched,1621,1301,0,IA:916;SD:304;NE:39;MN:11;AZ:7;MO:5;KS:3;FL:2;CA:2;WI:2,medium
549300PZ44DNQDPOV865,,,,unmatched,3739,3183,0,NE:2875;MO:175;KS:68;IA:31;AZ:11;SD:5;FL:4;MN:3;AR:2;CO:2,medium
549300JE6M4A1G4LPS75,,,,unmatched,1167,833,0,MO:798;AR:12;KS:5;IL:3;AZ:2;FL:2;SC:2;PA:1;NE:1;IN:1,medium
549300U82B82JH54TO79,,,,unmatched,1345,1120,0,NE:1077;IA:14;CO:6;AZ:4;IL:3;NC:2;SD:2;KS:2;MO:2;FL:1,medium
549300EKCKDF80ZM4V51,,,,unmatched,115,115,0,TX:25;MN:17;CA:8;IA:7;AZ:6;ND:5;NE:5;MT:5;IL:4;SC:3,low
549300D0H09HSURFXA20,,,,unmatched,613,102,0,VA:28;CA:17;TX:8;IL:8;FL:7;GA:5;OH:5;NC:4;MI:3;PA:3,low
2549004XDCE3LGQW7H72,,,,unmatched,242,165,0,MN:35;WI:17;IL:10;FL:9;CA:8;OH:7;IA:7;IN:6;CO:6;TX:6,low
549300EHWBP6UP4Y8J37,,,,unmatched,160,119,0,MI:15;MN:14;VA:13;FL:9;IL:8;TX:8;CA:6;ID:5;OH:4;IN:4,low
549300WW4OBT30G5DK23,,,,unmatched,211,139,0,MN:24;WI:18;IL:14;OH:11;AZ:7;FL:6;GA:5;CA:5;IN:5;PA:4,low
549300L8ZRL1FNUUOA59,,,,unmatched,109,46,0,TX:13;CO:5;NY:4;FL:3;IL:3;NJ:3;GA:2;KY:2;AZ:1;CA:1,low
AM9FLTUTLEC73M6N7I37,,,,unmatched,47,47,0,CA:5;OH:4;NC:3;WA:3;GA:3;TN:3;MA:2;FL:2;UT:2;WI:2,low
254900UD8AEXTVCVAF72,,,,unmatched,306,202,0,MO:29;MD:28;OH:21;IN:18;IL:16;VA:14;KY:14;IA:10;AL:9;TN:8,low
549300W6UP8EY0KSBG85,,,,unmatched,70,70,0,KS:25;CO:7;GA:5;MO:5;NC:4;FL:4;IN:2;MA:2;AZ:2;TX:2,low
549300OSY236S7MBKO83,,,,unmatched,106,98,0,AL:55;LA:7;TX:6;NC:4;TN:4;MS:3;MO:3;VA:3;AR:3;KY:2,low
549300N1R0R39PYT7O68,,,,unmatched,61,42,0,NC:5;VA:4;OH:4;SC:3;FL:2;PA:2;TX:2;AZ:2;IL:2;TN:2,low
549300YS7PW1Y7DQZG40,,,,unmatched,499,338,0,OH:298;VA:15;FL:4;CA:3;NC:3;MO:2;WA:2;TX:1;CO:1;IL:1,low
254900LP2WHZQ61VBS60,,,,unmatched,140,104,0,IL:55;MO:10;IN:6;AZ:6;OH:5;TX:4;WI:3;MA:3;CA:2;TN:2,low
549300W5A6PQ1VJG3497,,,,unmatched,470,346,0,MO:230;KS:95;SC:3;MI:2;TN:2;AR:2;FL:2;NV:1;MD:1;AL:1,low
549300RDN1T32WR2WF91,,,,unmatched,96,82,0,MO:64;TX:6;WI:3;KS:2;IA:1;OR:1;NC:1;AR:1;FL:1;IL:1,low
549300R8N9KVQUKVNJ71,,,,unmatched,83,82,0,ND:61;MN:4;IL:2;SC:2;FL:2;KY:2;TX:2;KS:1;SD:1;OH:1,low
