lei,institution_name,nmls_id,our_lender_slug,match_status,total_applications,total_originations,vt_originations,states_with_originations,priority_match
549300TLGCPJTEG3WN76,,,,unmatched,3686,2737,2632,VT:2632;NH:43;MI:43;MA:19,medium
254900AX2RRO2WMRP742,,,,unmatched,1003,771,771,VT:771,medium
549300T2FOBK6WY4B349,,,,unmatched,1197,771,740,VT:740;NY:8;NH:8;FL:4;NC:2;MD:2;PA:1;MA:1;KY:1;NJ:1,medium
549300EMNDEK4BA8WB53,,,,unmatched,8399,6547,644,NH:806;FL:742;PA:717;NJ:658;VT:644;MA:523;GA:375;VA:364;NC:314;MD:228,high
549300I3PFIO81O8JD40,,,,unmatched,842,700,533,VT:533;NH:165;RI:1;ME:1,medium
254900JKWAH734HBIE78,,,,unmatched,1310,927,500,VT:500;NH:417;ME:9;MA:1,medium
549300DQMFK1KT7KEB48,,,,unmatched,734,631,458,VT:458;ME:68;MA:59;NH:38;CT:8,medium
5493005RDTT7HVODH436,,,,unmatched,7187,4913,402,NY:3851;PA:591;VT:402;MA:54;NH:13;FL:1;NJ:1,high
WWB2V0FCW3A0EE3ZJN75,,,,unmatched,40592,23443,352,NY:7073;MD:3115;PA:3099;CT:2398;MA:1690;NJ:1501;VA:901;DE:767;VT:352;FL:342,high
549300F0QYLUOR9SYB86,,,,unmatched,390,369,310,VT:310;NH:56;MA:3,low
549300OQ3UC55Y6EPP22,,,,unmatched,318,271,262,VT:262;NH:9,low
549300D7AV8NGI6N3S98,,,,unmatched,330,225,225,VT:225,low
5493006WZJUEUK1TVM53,,,,unmatched,208,165,165,VT:165,low
5493004R22HRZXTXSR64,,,,unmatched,156,116,116,VT:116,low
549300KO4HWF5JO6UV73,,,,unmatched,148,116,79,VT:79;NH:37,low
549300VR3QTN4GZYUR03,,,,unmatched,972,579,65,NH:282;ME:223;VT:65;MA:7;FL:2,medium
254900F9ZTVTX763V835,,,,unmatched,3196,2432,61,NJ:1831;FL:210;PA:148;VT:61;IN:53;NY:29;CA:19;NC:17;SC:14;CT:8,high
549300NIQBROW7MLXI19,,,,unmatched,58,58,58,VT:58,low
5493009BOQDC6PCFR785,,,,unmatched,4244,2740,57,NY:1922;PA:480;CT:113;MA:85;NH:74;VT:57;ME:7;FL:2,high
254900P7WLDQD9IUL038,,,,unmatched,3882,2074,36,NH:1321;MA:184;ME:126;FL:43;GA:41;VT:36;NC:32;CA:29;VA:25;WA:24,medium
549300CHBB3GN7JFXU86,,,,unmatched,655,474,33,MA:394;FL:35;VT:33;NH:4;RI:3;ME:2;CT:1;AL:1;TX:1,medium
549300S5NLOTO329NX77,,,,unmatched,648,571,28,NY:409;NJ:56;VT:28;MA:22;CT:19;NH:16;ME:12;PA:5;RI:3;FL:1,medium
549300XLRD9QLLJRCB89,,,,unmatched,1436,1003,25,MA:931;NY:44;VT:25;SC:2;CT:1,high
549300LR1ZETOWYE9Z89,,,,unmatched,1309,829,24,MA:530;CT:109;NY:84;RI:49;VT:24;NH:14;FL:9;ME:5;NJ:4;SC:1,high
549300VMVKSQE1B7DD43,,,,unmatched,3241,2224,18,ME:1794;NH:344;MA:46;VT:18;FL:6;NC:4;SC:3;NJ:1;VA:1;CO:1,medium
549300TR6MWKSIOP3B72,,,,unmatched,1280,797,14,MA:528;RI:127;NY:73;CT:40;VT:14;NH:11;FL:2;NJ:1;GA:1,high
5493008PQSMR41Y70C36,,,,unmatched,502,319,12,MA:104;FL:66;MO:38;NH:28;CT:13;VT:12;CO:11;PA:9;RI:8;AZ:6,medium
54930070JV4STJJ0XS74,,,,unmatched,1973,1031,12,NH:676;ME:327;MA:15;VT:12;VA:1,medium
549300DAUXQ2DCY4H838,,,,unmatched,1928,1386,10,MA:674;NH:317;RI:159;ME:90;NJ:68;FL:37;CT:15;VT:10;NC:8;PA:5,high
549300GCEP3NM7A1X491,,,,unmatched,4999,2788,9,NY:1749;FL:991;NJ:29;MA:9;VT:9;NC:1,high
549300J5W91RLNLMTL86,,,,unmatched,452,296,8,MA:280;VT:8;NY:6;CT:1;FL:1,medium
549300JEBULFT3BSU682,,,,unmatched,5270,3701,8,ME:3199;NH:277;MA:181;FL:24;VT:8;NC:5;CT:3;RI:2;SC:2,medium
549300N38Q5YKSSV1106,,,,unmatched,2035,1618,5,MA:1399;CT:99;RI:55;NH:40;ME:10;FL:10;VT:5,high
5493007H0KZ81N1H6352,,,,unmatched,275,216,4,MA:185;CT:17;VT:4;SC:2;FL:2;NH:2;ME:2;NY:1;PA:1,medium
549300KV83NH6PNL5E48,,,,unmatched,1124,875,3,MA:744;CT:123;VT:3;FL:2;NH:2;SC:1,high
549300MUTFJQGRZJH019,,,,unmatched,823,576,3,MA:530;CT:10;FL:10;NH:6;ME:5;SC:5;VT:3;NC:2;RI:2;NJ:1,high
254900IRE136HFEI2562,,,,unmatched,436,285,3,NY:188;NJ:22;CT:21;CA:17;FL:14;MA:4;NC:3;VT:3;PA:3;TN:2,medium
254900XN7UWEWK13RO81,,,,unmatched,5960,5199,2,NY:5094;FL:74;OH:7;SC:6;TX:5;PA:4;CT:3;NJ:2;MA:2;VT:2,high
549300NWYTCEH9RSSW54,,,,unmatched,2337,1203,2,NY:1182;FL:10;NC:4;CT:3;VT:2;DE:1;NJ:1,high
549300ERHDU3FCE3FA33,,,,unmatched,1341,847,2,NY:845;VT:2,high
549300L6YKIXOYQ57883,,,,unmatched,576,422,2,MA:419;VT:2;CT:1,medium
54930089Y8VTOF8RPD25,,,,unmatched,902,682,1,NJ:538;PA:132;FL:5;DE:2;NC:2;SC:2;VT:1,high
549300VACYYK343SKH92,,,,unmatched,853,649,1,NJ:643;SC:2;FL:2;NY:1;VT:1,high
549300XTSMAC5DOX6447,,,,unmatched,494,382,1,MA:357;RI:9;NH:7;CT:5;ME:3;VT:1,medium
549300LI67PLCC1Z3P80,,,,unmatched,512,330,1,MA:296;CT:14;RI:10;NH:8;VT:1;FL:1,medium
5493006TJ2N1MYD0XD45,,,,unmatched,289,221,1,TX:214;FL:2;AZ:2;VT:1;NM:1;TN:1,medium
549300EE39SNC5DXTC46,,,,unmatched,276,216,1,MA:194;NH:18;ME:1;FL:1;MT:1;VT:1,medium
549300C2GTHMQQJ5CS20,,,,unmatched,240,200,1,MA:191;NH:5;ME:2;FL:1;VT:1,medium
549300AX5UMUZ61L1X54,,,,unmatched,271,193,1,PA:152;NJ:14;NY:9;NC:5;SC:5;MD:2;GA:1;VT:1;TX:1;FL:1,medium
549300YOEBGKPKU43Q28,,,,unmatched,321,214,1,MA:183;CT:23;RI:3;NY:2;LA:1;VT:1;ME:1,medium
2549006HJBA7HTOZF285,,,,unmatched,280,172,1,MA:166;CT:5;VT:1,medium
5493005HTCBH4TWCVM82,,,,unmatched,801,523,1,CT:332;MA:152;NH:14;ME:12;RI:6;FL:5;MD:1;VT:1,medium
549300LV12W1ZFWAU543,,,,unmatched,143,108,1,MA:107;VT:1,medium
549300JXG84BHZE66C26,,,,unmatched,223,174,1,MA:103;NH:63;ME:7;VT:1,medium
549300YS4CB1171BRJ08,,,,unmatched,93,64,1,NJ:46;PA:13;FL:4;VT:1,medium
5493000GDQJIBPCUBG13,,,,unmatched,111,57,1,MA:50;NH:4;ME:1;FL:1;VT:1,medium
549300EWO1QALFC6LE98,,,,unmatched,935,646,1,NH:620;ME:23;MA:2;VT:1,medium
5493008NQVB5ZOWYNU83,,,,unmatched,3347,1851,1,MI:1833;OH:13;VT:1;MN:1;IN:1;WI:1;SC:1,medium
254900EKE4KU163TA318,,,,unmatched,23,23,1,NY:10;NJ:4;SC:2;CA:2;FL:2;PA:1;VT:1;CT:1,low
562V2SM4I80MJO5HYB83,,,,unmatched,312,186,1,RI:165;MA:17;CT:2;VT:1;FL:1,low
549300Z2IS3ZCJG3OT45,,,,unmatched,11,10,1,NY:9;VT:1,low
U9WBLC3ZT2VBJSNY2Y81,,,,unmatched,133,113,1,CT:105;NY:5;FL:1;MA:1;VT:1,low
549300YV7HFY5MTM2Z65,,,,unmatched,366,214,1,NH:206;ME:5;MA:2;VT:1,low
254900W4EKVR6GZ0KS84,,,,unmatched,226,196,1,CT:193;MA:2;VT:1,low
984500D092D1E2CYDB19,,,,unmatched,50,47,1,CT:44;MA:1;SC:1;VT:1,low
5493000GQWJTTR0TEH83,,,,unmatched,611,423,1,CT:409;RI:12;VT:1;MA:1,low
549300VUC1HUFKVPE720,,,,unmatched,151,115,1,OK:112;TX:1;CO:1;VT:1,low
549300HW662MN1WU8550,,,,unmatched,576697,422119,0,CA:57281;FL:49897;TX:42285;MI:22015;AZ:19328;CO:18178;GA:17047;NC:13671;IL:11397;NY:11157,high
549300FGXN1K3HLB1R50,,,,unmatched,609400,429332,0,CA:42202;FL:31530;TX:30579;MI:22693;GA:21182;NC:18462;OH:16656;PA:16043;VA:14489;NY:13729,high
549300VZVN841I2ILS84,,,,unmatched,190472,125099,0,FL:11987;OH:11011;CA:9599;PA:8399;TX:7734;NJ:7558;IL:5600;NY:5429;AZ:4945;WA:4877,high
B4TYDEB6GKMZO031MB27,,,,unmatched,217492,88530,0,CA:17758;FL:7938;TX:6141;NJ:5136;NC:4880;NY:3897;MA:3551;GA:3440;WA:3420;IL:2889,high
RVDPPPGHCGZ40J4VQ731,,,,unmatched,193807,100816,0,CA:10749;FL:9704;TX:6849;GA:5272;PA:4488;VA:4338;NC:3751;AZ:3232;NJ:3144;OH:2964,high
7H6GLXDRUGQFU57RNE97,,,,unmatched,152415,94243,0,CA:14032;TX:9775;NY:9163;IL:8778;FL:6131;OH:4171;NJ:3325;MI:2995;AZ:2864;IN:2857,high
549300AG64NHILB7ZP05,,,,unmatched,155159,91730,0,CA:9983;TX:8535;FL:7460;NJ:4334;IL:4241;GA:4168;AZ:4138;NC:3969;OH:3505;SC:2670,high
DRMSV1Q0EKMEXLAU1P80,,,,unmatched,119620,68902,0,NY:11000;PA:10441;MA:10235;NJ:7208;OH:4732;RI:3762;MI:3697;NH:3194;CT:3030;FL:2297,high
5493003GQDUH26DNNH17,,,,unmatched,179597,80547,0,VA:9684;FL:8416;CA:6361;NC:5249;MD:5163;GA:5118;TX:4267;SC:2487;WA:2289;PA:2141,high
549300GKFNPRWNS0GF29,,,,unmatched,102677,70098,0,TX:10655;WA:5796;CA:4698;FL:4388;TN:3925;PA:2626;NH:2466;MA:2329;VA:2325;NJ:2257,high
549300DD5QQUHO6PCH70,,,,unmatched,178189,82764,0,TX:6918;FL:5506;NC:4769;VA:4500;GA:4139;OH:3302;TN:3178;IL:2965;MO:2901;PA:2643,high
549300U3721PJGQZYY68,,,,unmatched,129086,70579,0,IL:10217;CA:6248;NJ:4826;MA:4507;TX:3318;FL:3204;PA:3119;OH:2795;NC:2491;CO:2143,high
549300FNXYY540N23N64,,,,unmatched,187594,66567,0,CA:5772;FL:5643;TX:4793;NY:3123;NC:2787;WA:2702;GA:2480;OH:2258;VA:2175;PA:2124,high
549300LYRWPSYPK6S325,,,,unmatched,165453,69982,0,TX:5759;FL:5374;NC:4463;GA:3946;CA:3918;VA:3646;IN:2580;OH:2477;TN:2436;SC:2168,high
549300DD4R4SYK5RAQ92,,,,unmatched,81084,57781,0,NC:8138;WA:5559;VA:4339;FL:4122;PA:3902;SC:2978;GA:2388;TX:2367;TN:2207;CA:1690,high
AD6GFRVSDT01YPT1CS68,,,,unmatched,116536,61280,0,PA:11263;OH:6725;NJ:5755;IL:3711;FL:3475;MD:2948;TX:2930;MI:2885;IN:2802;CA:2688,high
549300AQ3T62GXDU7D76,,,,unmatched,121724,86111,0,TX:6877;WA:5691;MO:5462;CO:4338;OR:4218;CA:4118;UT:3981;NV:3882;GA:3788;AZ:3467,high
549300E2UX99HKDBR481,,,,unmatched,140816,57460,0,TX:5508;CA:5105;GA:4063;FL:3881;IL:3581;MO:2619;PA:2148;MN:1842;WA:1680;NC:1619,high
6BYL5QZYBDK8S7L73M02,,,,unmatched,151786,74632,0,CA:16135;IL:4571;MN:4538;OH:3965;MO:3622;WA:3524;WI:2785;KY:2645;OR:2465;FL:2279,high
549300MGPZBLQDIL7538,,,,unmatched,103697,74450,0,TX:7468;AZ:4724;IL:4215;IN:3665;GA:3631;FL:3153;NC:2993;WI:2947;CA:2867;OH:2685,high
JJKC32MCHWDI71265Z06,,,,unmatched,83470,41001,0,NC:7920;VA:6374;FL:6117;GA:4837;MD:3245;SC:2178;PA:2152;TN:2014;TX:1260;KY:1026,high
KB1H1DSPRFMYMCUFXT09,,,,unmatched,76304,41562,0,CA:9616;NY:2733;FL:2670;TX:2647;NC:2302;NJ:1716;PA:1628;WA:1514;GA:1509;MN:1496,high
549300LBCBNR1OT00651,,,,unmatched,79599,52217,0,CA:4657;TX:3609;FL:3546;GA:2560;IL:1982;NC:1949;OH:1768;VA:1764;PA:1746;AZ:1744,high
254900DTLHVWQ7NP7R34,,,,unmatched,58895,40038,0,CA:8432;FL:4627;TX:3502;AZ:2579;UT:1917;IL:1746;CO:1646;MI:1407;WA:1253;GA:1055,high
03D0JEWFDFUS0SEEKG89,,,,unmatched,46634,23499,0,NJ:6695;NY:4324;FL:2722;MA:1975;PA:1803;SC:1143;CT:1002;NH:997;ME:699;NC:555,high
549300PIL8LFAQ04XC20,,,,unmatched,108788,32174,0,CA:6742;FL:2675;AZ:1610;TX:1571;GA:1319;NJ:1279;NC:1116;WA:1086;VA:1024;CO:963,high
549300MZ8VZJOVC63092,,,,unmatched,45691,29401,0,CA:6409;TX:3781;FL:2662;UT:2249;GA:1421;OR:864;PA:782;WA:727;AZ:672;TN:597,high
254900UL88QFG0E40516,,,,unmatched,72355,33415,0,CA:5234;FL:2872;GA:1717;OH:1553;IL:1432;AZ:1416;NC:1212;NJ:1197;VA:1180;MI:1090,high
549300XQVJ1XBNFA5536,,,,unmatched,157783,28058,0,TX:6763;FL:2098;MI:1623;AL:1274;CA:1262;GA:1218;SC:1207;LA:1097;MS:1068;OK:888,high
254900ZFWS2106HWPH46,,,,unmatched,34318,23410,0,CA:3975;FL:3741;TX:3136;NJ:1490;AZ:1127;GA:977;CO:741;WA:701;OH:688;OR:635,high
549300RPOGWJRH63HS39,,,,unmatched,51423,37767,0,OH:5380;MI:4118;TX:3238;FL:2495;IN:2257;NC:2127;PA:1934;IL:1655;TN:1404;KY:1069,high
549300121SF0K2LN2804,,,,unmatched,33320,24706,0,TX:6358;SC:1561;MO:1496;NY:1278;CA:1208;OH:1134;FL:931;PA:746;WA:716;AZ:610,high
L9VVX1KT5TFTKS0MLF66,,,,unmatched,21831,14381,0,NC:6984;SC:3577;CA:1383;VA:664;GA:442;FL:266;MA:197;TN:106;AZ:95;TX:92,high
E57ODZWZ7FF32TWEFA76,,,,unmatched,33959,15812,0,CA:5786;NY:3687;IL:1251;NJ:707;FL:565;TX:506;MD:400;WA:317;VA:311;DC:281,high
5493001WHVQBGRSWEU75,,,,unmatched,25005,17312,0,CA:3155;FL:2433;NY:1590;TX:1135;NJ:989;GA:669;AZ:590;VA:485;NC:461;CO:424,high
549300XWUSRVVOHPRY47,,,,unmatched,28287,16190,0,FL:2938;TX:2750;GA:2402;CA:1342;MN:915;NY:748;MI:631;KY:499;CO:448;TN:425,high
549300YIQ7S7Z8PIHE53,,,,unmatched,94427,24298,0,FL:1667;CA:1635;NC:1353;GA:1343;TX:1068;PA:997;OH:991;VA:957;NJ:888;IL:882,high
IUGPUX5LWRZ3B6KIZ697,,,,unmatched,18359,13184,0,GA:5627;SC:1857;FL:1846;VA:724;NC:634;CA:484;MD:455;TN:394;AL:363;IL:140,high
2549005SIVTHG14U2905,,,,unmatched,24436,14692,0,FL:5245;CA:1446;TX:1050;NY:948;IL:550;GA:471;AZ:471;NJ:453;PA:339;SC:296,high
549300KIOYNU323LVJ37,,,,unmatched,34217,24774,0,CA:3554;IL:2402;TX:1947;WA:1911;FL:1750;AZ:1562;GA:1405;OR:860;TN:854;OH:854,high
549300OPCWU6E72WUT29,,,,unmatched,41778,24192,0,CA:1845;FL:1510;NC:1387;OH:1270;IL:1245;TX:1178;GA:1042;AZ:855;VA:839;TN:821,high
54930001NSTOD85LT125,,,,unmatched,24645,15934,0,CA:1539;FL:1458;PA:1342;NJ:1110;IL:970;TX:965;MA:816;MO:782;MN:709;OH:676,high
984500U2F9A83N391A91,,,,unmatched,18971,11067,0,FL:2262;CA:1367;TX:1262;NY:950;NJ:917;GA:409;AZ:367;PA:308;CT:294;NC:293,high
5493005PKOSG7MYX0B34,,,,unmatched,28926,20869,0,PA:2325;VA:2141;MN:1746;NC:1281;MD:1233;NJ:1060;GA:1024;CT:862;WI:782;AZ:775,high
549300JYXTZDSPJEPI44,,,,unmatched,23886,14594,0,TX:1897;FL:1239;NY:1222;CA:1056;PA:866;MN:713;MI:555;NC:515;IN:489;IL:475,high
5493001GDRY0EL7VG372,,,,unmatched,20194,15382,0,TX:4151;KY:1179;CO:914;FL:795;CA:751;SC:545;TN:524;MI:399;GA:387;AZ:384,high
54930054ET8KM4O1D485,,,,unmatched,55546,16189,0,CA:1778;FL:1042;NC:865;TX:858;NJ:752;IL:709;GA:704;PA:668;OH:585;VA:529,high
549300NOCASXPA34X033,,,,unmatched,69562,16372,0,FL:1488;TX:1422;CA:1244;GA:829;AZ:635;NC:610;VA:600;CO:583;WA:518;TN:495,high
549300370QILXLFUWD20,,,,unmatched,20147,14357,0,TX:1648;FL:1590;CA:1176;GA:1124;NC:1090;CO:635;AZ:603;MI:599;OH:481;VA:436,high
549300XY701IELCE5Q08,,,,unmatched,45682,14567,0,CA:1786;TX:1143;FL:1004;GA:685;NC:664;NJ:658;CO:512;OK:493;WA:480;IL:476,high
5493008NWHQT1R22C024,,,,unmatched,22722,13125,0,FL:1724;CA:1554;VA:897;TX:880;NY:827;AZ:698;MI:616;GA:565;SC:484;IN:429,high
549300MCIFZSDHUT8X63,,,,unmatched,24275,18920,0,OH:3308;MD:2255;FL:2000;VA:1310;NC:1137;TX:1055;NJ:1051;AZ:897;WA:843;CO:659,high
54930021WPEXNHYZUL09,,,,unmatched,18947,14467,0,TX:1597;FL:1206;GA:1125;CA:1003;PA:597;LA:585;VA:490;NC:417;OH:417;ID:411,high
549300R9S3MVDV4MGF56,,,,unmatched,52143,15089,0,FL:1296;CA:1022;GA:873;TX:848;IN:732;NC:680;OH:675;NY:576;MI:570;TN:533,high
549300GS0W0TEUQS8571,,,,unmatched,14182,10740,0,CA:1957;FL:990;NY:947;TX:573;NJ:548;MA:449;CO:427;IL:381;WA:350;GA:322,high
549300VORTI31GZTJL53,,,,unmatched,18123,12305,0,TX:2136;FL:1187;IN:791;TN:697;WI:497;NC:467;GA:453;MN:448;PA:446;NY:375,high
549300CB67L6KPJLHE19,,,,unmatched,72633,14578,0,TX:2321;CA:1644;MI:1245;MS:1014;FL:774;LA:606;AL:587;PA:553;WA:550;OR:426,high
5493004AS1SPBQOFDR49,,,,unmatched,14858,8804,0,CA:2752;FL:1313;TX:1230;NJ:438;CO:244;AZ:210;NC:195;MI:195;VA:193;TN:172,high
549300KTR1JGH3K6LU06,,,,unmatched,17668,7240,0,NY:4085;CA:552;FL:358;NJ:336;GA:195;NC:136;CT:119;PA:113;IL:112;WA:111,high
549300FX7K8PTEQUU487,,,,unmatched,26508,11278,0,VA:1455;CA:1113;TX:1055;FL:972;MD:652;GA:541;NC:517;NJ:449;PA:338;AZ:290,high
549300F8C5JA44WNMI75,,,,unmatched,18919,12172,0,VA:2520;NJ:1899;FL:856;NY:768;CT:755;MA:739;OH:544;IN:489;PA:397;RI:334,high
549300RA3E0BUFO7YZ21,,,,unmatched,14901,7540,0,FL:1457;CA:1424;TX:795;NY:714;NJ:302;GA:259;NC:179;PA:177;AZ:172;TN:151,high
COOWI3L2W9TPYR3WJX37,,,,unmatched,13363,8447,0,TN:2513;LA:1305;FL:1045;TX:905;NC:690;AR:628;GA:426;AL:320;MS:167;MO:110,high
5493002B2WMHY23GFK92,,,,unmatched,15900,11444,0,FL:1201;TX:938;NC:727;AZ:557;MO:535;TN:529;SC:473;OH:451;CA:440;GA:433,high
549300S5YL3OH0IVCS62,,,,unmatched,12584,8696,0,CA:2527;FL:786;TX:524;AZ:401;NY:368;WA:337;CO:303;NJ:280;NC:254;GA:195,high
549300VCMRO4ST680C11,,,,unmatched,32888,10858,0,TX:1052;FL:935;CA:770;GA:706;NC:705;VA:580;MO:413;SC:382;OH:351;TN:349,high
549300FK3AFCFVAPH234,,,,unmatched,7697,6274,0,MA:4926;NH:248;CT:177;RI:124;FL:114;ME:60;CA:58;TX:53;NC:51;NJ:37,high
254900HA4DQWAE0W3342,,,,unmatched,15379,9160,0,TX:1692;GA:705;FL:619;CA:540;PA:524;IL:452;IN:431;OH:396;AL:335;TN:311,high
C5654JQHZUHN0772B561,,,,unmatched,26635,11693,0,TX:1101;FL:825;NC:681;GA:562;VA:488;TN:407;OH:397;PA:348;MO:340;SC:332,high
549300Y5Y88FQLI7VE83,,,,unmatched,14122,8066,0,FL:1549;CA:1010;TX:738;NC:355;GA:352;NJ:274;OH:265;PA:231;VA:205;IL:205,high
549300R0SXC1JU7ZU290,,,,unmatched,13447,10308,0,TN:2461;OH:1167;MI:696;FL:575;GA:520;VA:503;AL:495;PA:402;KY:386;IN:376,high
X05BVSK68TQ7YTOSNR22,,,,unmatched,68974,9711,0,CA:813;FL:771;TX:649;IL:493;NY:467;GA:466;NJ:451;OH:397;PA:392;VA:317,high
549300T3F9S1MKFKHC53,,,,unmatched,6908,5674,0,NY:4005;PA:479;CT:407;MA:154;NC:95;FL:72;WI:49;TN:42;SC:40;MI:39,high
54930049L5WINET09Q97,,,,unmatched,16126,10736,0,FL:2049;TX:1245;AZ:1032;OH:780;AR:515;MO:431;NC:399;TN:377;GA:377;NM:339,high
254900E6AIE4Z8YQM970,,,,unmatched,11513,6978,0,CA:1470;FL:1222;TX:651;NY:357;NJ:278;AZ:267;GA:252;HI:244;SC:197;NC:181,high
549300KJ8PAJ7E52HG32,,,,unmatched,20196,12504,0,FL:1839;SD:1570;AZ:1203;TX:1036;UT:934;CO:484;GA:407;MN:377;NE:357;CA:304,high
549300GTVXJ2PGXNLM73,,,,unmatched,12024,9307,0,TX:1195;FL:869;NC:762;OH:610;SC:592;KY:592;CT:447;VA:334;IL:302;AR:278,high
3Y4U8VZURTYWI1W2K376,,,,unmatched,35659,16529,0,IL:3906;CA:3818;WI:2970;IN:1029;AZ:962;CO:755;MN:487;MO:324;NE:297;FL:285,high
SS1TRMSN6BRNMOREEV51,,,,unmatched,19117,9656,0,MI:2677;TX:943;CA:934;FL:737;IN:410;NY:367;GA:351;AZ:303;OH:300;NJ:204,high
549300T94GSH3C4U5M59,,,,unmatched,14981,8359,0,CA:1937;IL:777;FL:679;WA:593;AZ:482;CO:385;OR:353;GA:331;NJ:280;VA:212,high
549300EKFFG3BU8DNX74,,,,unmatched,10644,5793,0,CA:1752;FL:672;TX:565;AZ:358;WA:190;GA:182;NJ:179;IL:168;PA:142;CO:119,high
2549001SI0EMFPT39035,,,,unmatched,10748,7401,0,FL:1568;WA:861;CA:706;OH:605;NJ:358;TX:357;GA:340;AZ:316;MI:262;AL:162,high
549300INFJ8TYNZ1G568,,,,unmatched,6522,6065,0,CA:1748;FL:485;TX:359;CO:314;WA:265;AZ:233;IL:200;NY:192;NJ:178;NC:172,high
PAOOWF3GUFM46FBSP561,,,,unmatched,20501,7655,0,CA:800;TX:669;FL:485;VA:355;GA:309;AL:289;AZ:265;NC:262;TN:247;CO:244,high
549300NWBS6MQJX15N44,,,,unmatched,7805,5717,0,CA:1262;TX:1171;GA:488;AZ:284;FL:275;WA:270;IL:229;PA:169;CO:168;MN:127,high
549300BX448ALT10FI43,,,,unmatched,20909,8296,0,IL:809;NY:620;NJ:552;VA:437;NC:413;OH:408;FL:397;PA:379;GA:356;CA:265,high
549300T9P3WXNMXX0I34,,,,unmatched,11998,8425,0,WI:1245;PA:1110;OH:1044;NC:765;FL:693;IL:563;IN:394;TN:333;VA:290;TX:224,high
254900VELJPWWT51WN03,,,,unmatched,5625,4489,0,CA:1623;WA:364;TX:314;GA:307;MA:300;NC:289;NY:229;FL:142;NJ:123;OH:104,high
HUX2X73FUCYHUVH1BK78,,,,unmatched,15640,8717,0,NY:2485;OH:2071;WA:869;PA:597;IN:489;OR:470;CT:299;CO:227;ME:223;ID:180,high
549300PBTV7FCWLSMM53,,,,unmatched,9758,6224,0,TX:1363;GA:446;CO:423;NC:404;FL:380;OK:315;CA:260;AL:227;MS:224;NM:223,high
5493003V40VGM7YDFM54,,,,unmatched,13160,8831,0,UT:2983;WI:802;CA:772;NJ:570;FL:427;ID:415;PA:374;TX:278;GA:253;TN:189,high
549300Q50XCC0473FG63,,,,unmatched,10408,5048,0,CA:1243;NY:460;FL:389;NJ:308;AZ:246;WA:207;VA:171;NC:137;TN:136;IL:123,high
549300RFLICNI75BG067,,,,unmatched,12136,8416,0,MN:1356;NJ:1069;FL:686;CO:543;IN:517;KY:435;DE:277;WA:265;TX:244;SC:240,high
549300MHH03ICJYEPE85,,,,unmatched,8187,5120,0,CA:1040;FL:396;TX:315;NY:235;AZ:220;UT:193;MA:191;TN:179;CO:166;NC:147,high
593C3GZG957YOJPS2Z63,,,,unmatched,5359,3375,0,CA:2576;WA:175;NY:146;TN:73;NJ:35;FL:32;NV:27;CO:25;AZ:24;TX:23,high
54930052M48FOD3CWA54,,,,unmatched,13770,9570,0,MD:1466;NM:1071;RI:690;FL:582;NC:479;TX:475;CO:384;CA:363;UT:355;TN:283,high
KI0VI4JRMCIJ329YTN75,,,,unmatched,4576,3036,0,NJ:1659;NY:656;FL:507;AL:99;PA:40;CA:10;CT:10;SC:9;NC:9;IL:6,high
2WHM8VNJH63UN14OL754,,,,unmatched,90347,51203,0,OH:24819;MI:10932;IL:4352;IN:2547;PA:1812;MN:1707;WV:1148;KY:903;CO:675;WI:664,high
213800XR2TCBQJSF1X93,,,,unmatched,11823,6849,0,MO:523;TX:518;KS:430;FL:383;NC:354;WA:335;CA:313;GA:257;VA:252;IL:206,high
549300LROQOOQU77WS20,,,,unmatched,12661,5807,0,CA:537;TX:435;NC:318;WA:301;GA:291;FL:263;NJ:234;VA:233;CO:195;IL:189,high
549300D4ZYLSQ5LMTV35,,,,unmatched,4352,2965,0,NJ:1569;PA:399;FL:338;NY:298;OH:85;DE:75;SC:49;TN:30;MD:29;CT:23,high
549300ZPSJZO10ZAX556,,,,unmatched,9325,4494,0,FL:621;TX:462;CA:274;NY:256;OH:253;NC:214;GA:174;PA:172;SC:160;NJ:156,high
549300QKL5FUBZ8LSF50,,,,unmatched,8223,5926,0,OR:1427;CA:840;PA:570;WA:435;MA:314;FL:268;NJ:191;IL:190;TX:184;OH:183,high
549300JPGMCMBEJEK584,,,,unmatched,8289,3877,0,MA:1769;NH:651;GA:184;NJ:153;CA:148;FL:94;TX:89;VA:64;IL:52;PA:51,high
549300DMHEHNYZ2OLB41,,,,unmatched,9837,6705,0,OK:3985;TX:2615;FL:12;AR:10;CO:9;CA:6;NM:6;UT:5;MS:4;KS:4,high
Q708HHR4LD2B7XIZNO92,,,,unmatched,7944,4687,0,FL:899;GA:410;SC:336;NC:251;TX:177;WI:176;IL:163;MO:154;VA:147;MN:131,high
549300YW2UBCMDRMBT48,,,,unmatched,4966,3953,0,NY:644;OH:587;NC:562;PA:364;TN:272;VA:190;GA:180;FL:177;SC:160;IN:99,high
1IE8VN30JCEQV1H4R804,,,,unmatched,4645,3065,0,CA:1526;NY:538;WA:358;NJ:144;FL:134;TX:60;CT:37;MA:25;NC:24;IL:22,high
5493002N5168AC238149,,,,unmatched,3613,2638,0,NJ:2071;PA:289;FL:42;VA:35;MD:26;TX:26;NY:25;NC:17;CT:13;SC:12,high
5493005DKMV1IHIM8E20,,,,unmatched,5671,3884,0,PA:1700;DE:1210;NJ:555;MD:64;FL:52;CA:47;NC:28;GA:26;VA:25;SC:18,high
2549004FXPNKCLIN8250,,,,unmatched,11752,8115,0,OH:1310;TX:1261;CA:797;LA:765;CO:652;WA:606;ID:550;OR:532;IL:348;MT:180,high
254900CTT87ZKAUTIJ37,,,,unmatched,7767,4886,0,PA:577;OH:524;TX:373;FL:354;MD:352;CA:261;MI:219;GA:217;MO:208;OK:194,high
549300HRLROF7PLJ6735,,,,unmatched,4575,2742,0,CA:898;FL:661;TX:286;GA:157;WA:61;TN:59;AZ:57;UT:47;MD:46;NV:44,high
549300BLL6VL7AXWYP56,,,,unmatched,9652,6052,0,TN:627;TX:609;NE:513;MI:454;WA:351;ID:234;OR:219;OH:218;MD:194;CA:189,high
549300NFPC3Y4W3Y7R87,,,,unmatched,7552,4267,0,VA:747;TX:623;SC:342;NC:297;CA:292;GA:272;IN:240;NM:234;FL:225;MT:168,high
54930048P8RWCQHQM310,,,,unmatched,5439,3131,0,CA:504;NY:503;FL:380;TX:240;NJ:231;AZ:117;MA:110;CT:108;MD:89;CO:86,high
549300UXY7OP0IC38293,,,,unmatched,10377,6396,0,KY:1184;MI:572;FL:524;CO:486;MA:288;GA:219;TN:219;IN:218;UT:207;CA:205,high
549300VJQJVZKJBDWS17,,,,unmatched,9038,6553,0,CT:3299;MA:1361;NH:320;ME:313;FL:201;NY:185;RI:148;MD:119;PA:117;NJ:112,high
213800QUAI2VH5YM6310,,,,unmatched,5973,4493,0,MD:856;FL:627;NJ:599;VA:582;NY:269;MA:257;AL:256;DE:215;PA:149;NH:133,high
549300VQUTI5IU7GXT57,,,,unmatched,9801,5896,0,UT:1700;TX:1288;AZ:548;NV:328;FL:286;GA:253;WA:156;CO:149;CA:127;HI:122,high
549300GWD9H4FQ2VR805,,,,unmatched,4480,3386,0,CA:552;FL:316;NY:308;TX:200;CO:163;NJ:139;WA:130;MA:124;NC:111;AZ:98,high
254900DRSIZBQXDCJ875,,,,unmatched,2409,2409,0,FL:590;CA:463;TX:382;GA:205;NC:175;TN:85;PA:70;VA:61;OH:53;MD:28,high
2549004Z576VEJBK3N72,,,,unmatched,4063,2542,0,FL:640;CA:361;NY:343;NJ:236;TX:128;GA:98;AZ:69;PA:63;IL:63;MA:60,high
549300AG10BX85DF5S49,,,,unmatched,6424,4978,0,IL:1069;CA:805;OK:712;NJ:554;WA:321;WI:169;TX:155;MA:150;DE:122;IA:90,high
549300PQLK8E48ILXV41,,,,unmatched,7850,4388,0,CA:533;FL:421;MI:227;TX:213;LA:192;AZ:190;MO:161;GA:156;NC:154;IL:149,high
549300UR5AOWTJJ7KZ64,,,,unmatched,5432,3529,0,FL:505;CA:468;TX:301;UT:146;AZ:133;GA:129;MA:119;SC:118;WA:111;IL:106,high
549300J6N77Q8OHYNF23,,,,unmatched,7828,5501,0,TX:419;CA:416;WA:388;NC:341;IL:291;MD:267;MO:214;NH:193;GA:188;MA:176,high
549300ALNLUNS3Y53T24,,,,unmatched,26611,5416,0,CO:1398;GA:491;TX:304;FL:274;OH:189;NC:168;CA:163;PA:147;IN:122;MI:111,high
5493004UNRG4PWDF2K60,,,,unmatched,3434,1920,0,NJ:1476;NY:106;PA:60;CT:53;FL:49;NC:25;CA:19;VA:16;SC:13;MD:11,high
54930025XJJO3T0M1A92,,,,unmatched,5373,2316,0,GA:1374;WA:128;FL:101;OR:90;MA:88;AZ:71;NJ:66;ID:44;SC:40;CO:39,high
5493001X0T84TYRJ5Y59,,,,unmatched,3372,2086,0,CA:1029;FL:372;TX:130;GA:83;WA:40;AZ:37;NC:36;MI:31;TN:27;OH:26,high
549300REENMLD2RN3W58,,,,unmatched,5575,4097,0,KY:757;GA:741;MS:426;AL:214;SC:204;IN:198;TX:153;FL:142;TN:90;CA:83,high
549300GCEUZLVML1J263,,,,unmatched,2393,1885,0,MA:908;PA:474;MD:101;NC:74;NH:71;GA:66;FL:48;RI:42;TX:26;ME:23,high
549300ZIQ24V0C88AC41,,,,unmatched,3616,2102,0,FL:933;CA:430;WA:89;TN:86;AZ:78;MD:69;OR:65;NC:59;GA:31;NJ:29,high
C398JSK21YCXWM603F55,,,,unmatched,11708,7752,0,IL:2719;WI:1224;CA:371;IA:328;FL:252;MN:237;MI:223;NY:179;TX:179;NC:174,high
549300PL8ER6H23P0Z91,,,,unmatched,6554,4443,0,WA:476;IL:470;CA:426;MD:368;TX:302;CO:257;VA:190;FL:180;OR:180;KY:166,high
549300GRGZDEH4ZGQS06,,,,unmatched,9623,7079,0,NM:2064;FL:832;OK:493;TX:430;VA:402;WI:395;AZ:386;ID:349;MO:235;MD:195,high
549300RYWXR8TL5LIK35,,,,unmatched,4057,2151,0,PA:518;NJ:483;NV:151;CA:116;NY:109;FL:87;OH:75;NC:66;MA:66;CO:50,high
CKVBED0S4DMLKJJ5XH28,,,,unmatched,5127,4497,0,MO:1522;CA:364;FL:265;IL:150;TX:142;NY:138;NC:122;NJ:119;GA:115;CO:104,high
5493001XKL0FTNOJ0866,,,,unmatched,8198,5554,0,AZ:794;MO:589;FL:414;TX:386;IN:359;OH:291;GA:260;IL:215;LA:188;NM:163,high
54930078TNN7GKZ7NU89,,,,unmatched,3985,3063,0,VA:809;GA:678;MD:395;NC:215;FL:157;SC:110;TN:86;ND:80;AL:75;NY:62,high
WV0OVGBTLUP1XIUJE722,,,,unmatched,5566,3106,0,CT:1541;MA:616;NY:564;NJ:215;RI:105;PA:21;FL:14;NH:11;ME:9;CA:3,high
5493004RLLKTQS8K7U51,,,,unmatched,3878,2099,0,TX:639;FL:282;OK:185;NC:127;IL:104;AZ:96;NY:78;CA:78;NJ:51;MA:42,high
549300T5QSL6MC8M4D04,,,,unmatched,3181,1954,0,NY:927;CT:403;NJ:182;FL:112;MA:68;IL:37;PA:22;CA:19;SC:19;TX:18,high
54930091JQKCU3Z6IP44,,,,unmatched,25603,2519,0,GA:284;FL:276;OH:189;TX:151;NC:128;NY:123;VA:120;PA:118;TN:101;NJ:100,high
54930095UWUUXAWASB02,,,,unmatched,7298,5729,0,VA:3458;NC:673;MD:586;SC:369;WV:248;DC:148;FL:56;PA:53;DE:22;GA:13,high
549300AT7EB9FJAF0E61,,,,unmatched,16759,10956,0,IN:2746;IL:2207;MN:1877;MI:1211;TN:999;WI:824;KY:489;ND:135;FL:59;IA:55,high
549300C8GOC4OYUV0Z32,,,,unmatched,4824,2639,0,MD:270;OH:262;FL:244;TX:183;PA:140;GA:128;NC:127;MO:105;IN:98;MI:96,high
549300ZZME37MXI1EF14,,,,unmatched,9985,7562,0,MO:3201;OH:849;TX:571;MD:440;MI:357;IL:283;AR:269;WA:192;KY:166;ME:116,high
549300XCVBRR56D08F03,,,,unmatched,12867,2293,0,CA:454;FL:152;NV:108;NJ:102;GA:94;AZ:91;NC:85;OH:82;WA:74;CO:70,high
2549008X67CV1MNM7747,,,,unmatched,2234,1270,0,NY:744;FL:235;CT:107;NJ:85;PA:27;NC:12;GA:12;SC:10;AZ:8;DE:6,high
549300HTMO7FGRKRLV06,,,,unmatched,1803,1200,0,NY:842;FL:112;NJ:84;TX:28;AZ:27;PA:26;CT:20;GA:10;OH:8;NC:7,high
ZXMJHJK466PBZTM5F379,,,,unmatched,2077,1712,0,FL:298;TX:142;CA:122;NC:99;NY:75;CO:74;TN:69;GA:58;SC:54;NJ:49,high
549300GE8KIGZVQV1223,,,,unmatched,1969,1593,0,MA:431;FL:363;MD:162;CT:157;RI:137;SC:113;NH:93;PA:61;NC:23;DE:14,high
635400IW1QMK3FNFF894,,,,unmatched,3346,2560,0,MD:838;PA:652;DE:640;NJ:226;VA:47;FL:31;NC:22;SC:11;IN:11;GA:10,high
549300S8SHBRCI7UU819,,,,unmatched,5563,3223,0,IL:917;MN:494;CA:229;FL:150;WI:118;NC:115;OH:89;GA:88;IN:76;TN:75,high
54930080168VA6Z8UX21,,,,unmatched,5952,3617,0,MD:1696;VA:681;NJ:223;PA:190;NC:101;FL:91;SC:87;DC:67;DE:61;GA:60,high
549300HCNXMTNGIMAR91,,,,unmatched,2158,1493,0,VA:309;NY:244;NJ:232;MA:167;MD:111;NC:67;GA:44;CA:41;DC:35;FL:34,high
549300H12E7AUMUHP294,,,,unmatched,1980,1256,0,NJ:374;PA:297;MD:111;FL:88;IL:79;NC:59;VA:35;NY:25;DE:24;TX:21,high
5493009Y8ROUG903AQ21,,,,unmatched,1340,1010,0,CA:849;WA:21;NV:10;IL:9;TX:9;NY:8;FL:8;OR:8;PA:7;GA:6,high
5493008P6YO2KM3EO556,,,,unmatched,5493,4084,0,MI:2600;NY:372;CA:172;VA:153;MD:117;FL:81;CT:70;MA:55;KY:54;IN:52,high
549300ISCZS1R0CJMO47,,,,unmatched,2117,1726,0,TX:255;NC:107;FL:104;GA:77;TN:70;MI:69;PA:67;SC:66;MO:58;IL:55,high
5493000IIYWBLONJVJ30,,,,unmatched,2370,1430,0,CA:173;TX:112;FL:91;NC:78;WA:59;MI:55;GA:50;IL:48;MN:48;PA:46,high
5493003B2LEGQHDWRN55,,,,unmatched,1477,885,0,MA:652;NH:72;VA:35;CT:17;RI:14;ME:12;MD:10;NJ:9;CA:9;FL:8,high
KD3XUN7C6T14HNAYLU02,,,,unmatched,1637,1015,0,CA:220;NY:91;FL:83;TX:82;IL:62;MA:49;CO:33;UT:31;WA:30;NJ:25,high
549300BOXNV8VLRBDT24,,,,unmatched,2879,1363,0,CA:220;TX:86;NC:59;AZ:58;FL:51;GA:45;WA:44;TN:44;IL:41;OH:40,high
5493001JT9MT3Z3Y3M39,,,,unmatched,1216,801,0,FL:201;TX:95;AZ:72;CA:62;GA:31;WA:29;NC:28;MI:28;NY:23;NV:21,high
549300ZTT08EKQRVTR15,,,,unmatched,7639,5109,0,VA:3237;MD:1172;NC:317;WV:149;DC:96;IN:24;FL:22;SC:20;PA:18;DE:13,high
549300UF3FPC7U6RFC59,,,,unmatched,10804,7285,0,MO:4768;CO:733;OK:544;KS:353;NC:269;AR:104;FL:91;IL:68;IA:46;TX:35,high
COINQMNIM6RBU631DD85,,,,unmatched,20365,13363,0,AR:6555;OK:3409;MO:2139;KS:735;TX:71;FL:46;CA:32;IN:27;TN:26;NC:26,high
2549005FUF02T1IFCA22,,,,unmatched,1029,652,0,FL:165;CA:134;TX:58;NJ:47;UT:19;PA:18;GA:18;CO:16;NC:16;SC:14,medium
5493007L4GYNO2PUBS09,,,,unmatched,3256,1295,0,MI:318;TX:156;GA:146;IL:110;IN:109;WA:89;PA:65;FL:44;NJ:35;OR:29,medium
2549009X2AG1P20YAJ63,,,,unmatched,2014,658,0,CA:299;NY:38;FL:34;TX:23;NJ:19;AZ:19;WA:18;NV:17;VA:14;NC:13,medium
549300VGMMXKSX821O69,,,,unmatched,951,539,0,NY:339;FL:72;MD:28;NJ:24;IL:14;PA:12;CT:9;SC:7;NC:7;TX:6,medium
5493007CLWQN2S6IZK91,,,,unmatched,2313,1339,0,VA:128;TX:115;KS:88;MO:71;NC:67;FL:61;AZ:59;GA:55;CA:48;MD:46,medium
2549001NJY765EZWDI06,,,,unmatched,815,508,0,NY:325;CT:41;NJ:32;PA:20;MA:19;FL:19;MD:16;TX:7;VA:6;SC:5,medium
549300LLESTPOVRG3X73,,,,unmatched,2569,1100,0,KS:151;CA:88;WA:78;MO:67;TX:55;FL:49;NC:47;CO:45;NY:40;IL:33,medium
PINLJ7T7GLTF48NFP863,,,,unmatched,1520,1173,0,MA:293;AL:200;LA:94;DE:84;CO:73;AR:64;RI:42;NY:40;NM:40;ME:36,medium
4EP6JBYBTPTQ47LZOB67,,,,unmatched,665,527,0,CA:66;FL:59;MA:51;NY:40;GA:27;NC:22;CO:21;TX:20;SC:18;VA:15,medium
HIDXEG9BLUJZKBGUT764,,,,unmatched,1630,1166,0,VA:397;MD:366;DC:220;FL:24;CA:20;NC:12;MA:11;PA:10;CO:10;TX:8,medium
254900378RFGMBEKAF12,,,,unmatched,3556,2166,0,IA:720;IL:309;ME:257;WI:132;NC:109;MO:52;KS:50;ND:41;GA:38;TX:37,medium
549300T61O0X0RJMQ375,,,,unmatched,1117,647,0,CA:55;KS:50;MO:49;TX:47;WA:43;FL:41;NJ:39;NC:32;VA:28;IL:23,medium
549300HVW3AI97UKTO72,,,,unmatched,5116,3362,0,MN:2594;WI:213;FL:118;MI:65;GA:64;AZ:32;WA:29;CA:25;TN:25;NC:24,medium
5493002JA8HUVL2CRT33,,,,unmatched,709,442,0,NJ:87;OH:79;PA:76;NC:56;FL:27;OK:22;IL:22;NY:19;TX:18;IN:11,medium
549300MQEDQYDJR8CP22,,,,unmatched,1017,449,0,FL:41;TX:41;OH:38;GA:36;TN:27;CA:24;NJ:22;NY:22;MO:21;PA:20,medium
549300K6K2IS7FRS7S09,,,,unmatched,980,644,0,MO:70;VA:59;FL:46;TX:42;AK:37;CA:31;NC:31;AZ:21;GA:20;MI:20,medium
5493008SP1FN4D81IS17,,,,unmatched,453,359,0,TX:79;CA:49;NC:30;FL:19;WA:17;AZ:13;IL:11;VA:10;NJ:10;OH:9,medium
549300AENO88GEUWCZ39,,,,unmatched,1280,846,0,MN:142;IN:65;CO:58;FL:56;CA:52;OK:39;KY:36;TX:34;DE:27;WI:26,medium
254900EZRN0CBEP77K34,,,,unmatched,1167,563,0,VA:170;MD:86;DC:38;CA:31;FL:18;NC:17;TX:15;IL:15;SC:14;GA:12,medium
54930053KPO7OG48FP72,,,,unmatched,446,279,0,PA:146;IN:39;FL:34;OH:27;VA:8;MI:5;CA:3;CO:3;MD:2;MN:2,medium
549300YIBRM1ZYA6GT07,,,,unmatched,3216,2076,0,RI:1833;MA:150;CT:57;FL:18;NH:9;ME:3;SC:2;NY:1;NC:1;NJ:1,medium
549300LLQD0X2OTG0Y27,,,,unmatched,1196,581,0,RI:205;MA:77;NH:31;DE:20;LA:17;OH:16;NC:16;TX:15;SC:15;FL:14,medium
WKN6AF1FCL7BBYGTGI83,,,,unmatched,1283,714,0,IN:316;FL:34;CA:31;GA:24;NC:22;TN:20;MO:20;IL:17;MI:16;AZ:16,medium
549300KT5OWPGQKWUN86,,,,unmatched,523,415,0,RI:212;MA:99;CT:29;PA:22;TX:16;NJ:14;FL:10;NH:6;CA:1;NY:1,medium
549300KPBZCTMM3Y0061,,,,unmatched,907,661,0,MD:316;VA:96;FL:36;CA:27;NC:24;GA:22;DC:14;TX:12;OH:11;AZ:9,medium
6PTKHDJ8HDUF78PFWH30,,,,unmatched,338,289,0,FL:55;IL:43;CA:35;TX:20;CO:17;WI:14;GA:8;NJ:7;WA:6;UT:6,medium
5493005JF6BKCN6OY689,,,,unmatched,227,193,0,FL:107;AZ:24;SC:19;TX:10;GA:4;OH:3;MI:3;VA:3;NJ:2;NY:2,medium
549300TTPRGSP8DGY569,,,,unmatched,696,471,0,VA:134;MD:113;DC:55;CA:20;FL:14;NC:11;NJ:10;PA:8;OK:8;WV:8,medium
549300C04BJ0G297NC13,,,,unmatched,556,268,0,TX:26;FL:21;CA:18;PA:16;NC:15;IL:15;NY:13;NJ:10;IN:8;CO:8,medium
549300JD1162QW84ZO34,,,,unmatched,818,581,0,RI:315;NY:53;MI:41;AZ:40;MA:24;PA:20;WA:14;CT:13;NJ:12;OH:9,medium
5493002WVA17MT4UFH84,,,,unmatched,444,191,0,TX:26;CA:19;FL:16;AZ:9;MI:8;PA:8;WI:7;GA:7;UT:7;NV:6,medium
549300T7AIY7RU1YDP31,,,,unmatched,2212,1448,0,CO:489;KS:423;MO:254;WY:84;TX:51;UT:35;ID:25;NM:19;FL:17;AZ:6,medium
549300KUIZTYQRC0R888,,,,unmatched,376,232,0,MN:97;IA:27;TX:12;SD:10;FL:9;NY:6;AZ:6;GA:5;WI:4;PA:4,medium
LDVFX8JEECFFE8HRWA73,,,,unmatched,6317,3757,0,NE:1773;IL:646;CO:466;KS:307;MO:215;IA:191;SD:54;WY:34;TX:12;WI:8,medium
254900DTLB5WWMBJAD86,,,,unmatched,1679,1312,0,WI:1245;IL:12;FL:10;MN:7;TN:5;AZ:5;OH:4;TX:4;NC:3;CO:3,medium
549300AUFLERO59VGC71,,,,unmatched,635,556,0,WI:314;IL:219;FL:7;TN:4;SC:3;NC:2;MN:1;IN:1;IA:1;OR:1,medium
549300MU2YI0HXIT3257,,,,unmatched,202,101,0,FL:29;OH:10;IL:7;OR:6;CO:6;AZ:5;WI:5;IN:4;TX:3;GA:3,low
549300ZGCIDP1G72QO72,,,,unmatched,367,187,0,OH:132;KY:9;IN:9;MI:7;FL:6;CA:5;GA:4;PA:2;CO:2;NC:2,low
549300W6UP8EY0KSBG85,,,,unmatched,70,70,0,KS:25;CO:7;GA:5;MO:5;NC:4;FL:4;IN:2;MA:2;AZ:2;TX:2,low
549300N1R0R39PYT7O68,,,,unmatched,61,42,0,NC:5;VA:4;OH:4;SC:3;FL:2;PA:2;TX:2;AZ:2;IL:2;TN:2,low
549300X7KG2H84UCP685,,,,unmatched,306,254,0,CO:103;WA:35;UT:32;NE:31;MO:14;KS:7;IL:7;ID:7;WY:6;IA:3,low
