year,state,county_fips,county_name,lei,institution_name,applications,originations,denials,market_share_orig_pct,apps_conventional,apps_fha,apps_va,apps_usda_other,apps_other_loan_type,orig_conventional,orig_fha,orig_va,orig_usda_other,orig_other_loan_type,priority_market
2025,VT,50001,,549300TLGCPJTEG3WN76,,170,122,7,19.06,168,0,2,0,0,120,0,2,0,0,national
2025,VT,50001,,254900AX2RRO2WMRP742,,168,121,28,18.91,168,0,0,0,0,121,0,0,0,0,national
2025,VT,50001,,5493004R22HRZXTXSR64,,112,83,6,12.97,110,0,0,2,0,83,0,0,0,0,national
2025,VT,50001,,5493005RDTT7HVODH436,,45,28,6,4.38,45,0,0,0,0,28,0,0,0,0,national
2025,VT,50001,,549300DQMFK1KT7KEB48,,27,26,0,4.06,26,0,1,0,0,25,0,1,0,0,national
2025,VT,50001,,549300FGXN1K3HLB1R50,,43,24,13,3.75,37,6,0,0,0,21,3,0,0,0,national
2025,VT,50001,,DRMSV1Q0EKMEXLAU1P80,,36,20,12,3.12,36,0,0,0,0,20,0,0,0,0,national
2025,VT,50001,,WWB2V0FCW3A0EE3ZJN75,,28,20,6,3.12,26,2,0,0,0,18,2,0,0,0,national
2025,VT,50001,,549300EMNDEK4BA8WB53,,22,19,1,2.97,20,2,0,0,0,17,2,0,0,0,national
2025,VT,50001,,549300GKFNPRWNS0GF29,,25,18,3,2.81,15,5,3,2,0,12,4,1,1,0,national
2025,VT,50001,,549300I3PFIO81O8JD40,,20,15,1,2.34,19,1,0,0,0,15,0,0,0,0,national
2025,VT,50001,,549300T2FOBK6WY4B349,,21,14,1,2.19,21,0,0,0,0,14,0,0,0,0,national
2025,VT,50001,,549300KO4HWF5JO6UV73,,12,9,1,1.41,12,0,0,0,0,9,0,0,0,0,national
2025,VT,50001,,254900JKWAH734HBIE78,,9,6,1,0.94,9,0,0,0,0,6,0,0,0,0,national
2025,VT,50001,,549300NIQBROW7MLXI19,,6,6,0,0.94,6,0,0,0,0,6,0,0,0,0,national
2025,VT,50001,,549300XQVJ1XBNFA5536,,12,6,3,0.94,12,0,0,0,0,6,0,0,0,0,national
2025,VT,50001,,RVDPPPGHCGZ40J4VQ731,,8,6,0,0.94,2,3,3,0,0,1,2,3,0,0,national
2025,VT,50001,,549300D7AV8NGI6N3S98,,13,5,1,0.78,13,0,0,0,0,5,0,0,0,0,national
2025,VT,50001,,549300DD5QQUHO6PCH70,,10,5,2,0.78,1,0,9,0,0,0,0,5,0,0,national
2025,VT,50001,,549300LBCBNR1OT00651,,6,5,1,0.78,2,2,2,0,0,2,2,1,0,0,national
2025,VT,50001,,549300LYRWPSYPK6S325,,13,5,1,0.78,2,5,6,0,0,1,2,2,0,0,national
2025,VT,50001,,549300S5NLOTO329NX77,,4,4,0,0.62,4,0,0,0,0,4,0,0,0,0,national
2025,VT,50001,,HUX2X73FUCYHUVH1BK78,,9,4,4,0.62,8,1,0,0,0,4,0,0,0,0,national
2025,VT,50001,,03D0JEWFDFUS0SEEKG89,,4,3,1,0.47,4,0,0,0,0,3,0,0,0,0,national
2025,VT,50001,,5493003GQDUH26DNNH17,,5,3,0,0.47,3,0,2,0,0,2,0,1,0,0,national
2025,VT,50001,,5493009BOQDC6PCFR785,,4,3,1,0.47,4,0,0,0,0,3,0,0,0,0,national
2025,VT,50001,,549300AQ3T62GXDU7D76,,3,3,0,0.47,2,1,0,0,0,2,1,0,0,0,national
2025,VT,50001,,549300E2UX99HKDBR481,,14,3,2,0.47,7,6,1,0,0,2,1,0,0,0,national
2025,VT,50001,,549300F0QYLUOR9SYB86,,3,3,0,0.47,3,0,0,0,0,3,0,0,0,0,national
2025,VT,50001,,549300FNXYY540N23N64,,14,3,7,0.47,10,4,0,0,0,1,2,0,0,0,national
2025,VT,50001,,549300MGPZBLQDIL7538,,4,3,0,0.47,2,2,0,0,0,1,2,0,0,0,national
2025,VT,50001,,549300XY701IELCE5Q08,,9,3,3,0.47,8,0,1,0,0,2,0,1,0,0,national
2025,VT,50001,,C5654JQHZUHN0772B561,,3,3,0,0.47,1,0,2,0,0,1,0,2,0,0,national
2025,VT,50001,,549300DD4R4SYK5RAQ92,,4,2,0,0.31,3,1,0,0,0,2,0,0,0,0,national
2025,VT,50001,,549300R9S3MVDV4MGF56,,3,2,1,0.31,1,2,0,0,0,1,1,0,0,0,national
2025,VT,50001,,549300YIQ7S7Z8PIHE53,,14,2,12,0.31,13,1,0,0,0,1,1,0,0,0,national
2025,VT,50001,,7H6GLXDRUGQFU57RNE97,,5,2,1,0.31,5,0,0,0,0,2,0,0,0,0,national
2025,VT,50001,,213800XR2TCBQJSF1X93,,1,1,0,0.16,1,0,0,0,0,1,0,0,0,0,national
2025,VT,50001,,2549004FXPNKCLIN8250,,2,1,1,0.16,2,0,0,0,0,1,0,0,0,0,national
2025,VT,50001,,254900F9ZTVTX763V835,,1,1,0,0.16,1,0,0,0,0,1,0,0,0,0,national
2025,VT,50001,,254900ZFWS2106HWPH46,,2,1,1,0.16,1,1,0,0,0,0,1,0,0,0,national
2025,VT,50001,,5493001GDRY0EL7VG372,,2,1,0,0.16,0,0,2,0,0,0,0,1,0,0,national
2025,VT,50001,,5493001WHVQBGRSWEU75,,1,1,0,0.16,1,0,0,0,0,1,0,0,0,0,national
2025,VT,50001,,54930052M48FOD3CWA54,,1,1,0,0.16,0,1,0,0,0,0,1,0,0,0,national
2025,VT,50001,,5493006WZJUEUK1TVM53,,1,1,0,0.16,1,0,0,0,0,1,0,0,0,0,national
2025,VT,50001,,54930078TNN7GKZ7NU89,,1,1,0,0.16,0,0,1,0,0,0,0,1,0,0,national
2025,VT,50001,,54930095UWUUXAWASB02,,1,1,0,0.16,1,0,0,0,0,1,0,0,0,0,national
2025,VT,50001,,549300AG64NHILB7ZP05,,3,1,2,0.16,3,0,0,0,0,1,0,0,0,0,national
2025,VT,50001,,549300C8GOC4OYUV0Z32,,1,1,0,0.16,1,0,0,0,0,1,0,0,0,0,national
2025,VT,50001,,549300CHBB3GN7JFXU86,,1,1,0,0.16,1,0,0,0,0,1,0,0,0,0,national
2025,VT,50001,,549300HW662MN1WU8550,,1,1,0,0.16,1,0,0,0,0,1,0,0,0,0,national
2025,VT,50001,,549300K6K2IS7FRS7S09,,1,1,0,0.16,0,0,1,0,0,0,0,1,0,0,national
2025,VT,50001,,549300KJ8PAJ7E52HG32,,1,1,0,0.16,1,0,0,0,0,1,0,0,0,0,national
2025,VT,50001,,549300LLESTPOVRG3X73,,3,1,1,0.16,3,0,0,0,0,1,0,0,0,0,national
2025,VT,50001,,549300NOCASXPA34X033,,4,1,3,0.16,2,1,1,0,0,0,0,1,0,0,national
2025,VT,50001,,549300OPCWU6E72WUT29,,3,1,0,0.16,0,3,0,0,0,0,1,0,0,0,national
2025,VT,50001,,549300T5QSL6MC8M4D04,,1,1,0,0.16,0,1,0,0,0,0,1,0,0,0,national
2025,VT,50001,,549300T94GSH3C4U5M59,,1,1,0,0.16,1,0,0,0,0,1,0,0,0,0,national
2025,VT,50001,,549300T9P3WXNMXX0I34,,1,1,0,0.16,1,0,0,0,0,1,0,0,0,0,national
2025,VT,50001,,549300UR5AOWTJJ7KZ64,,1,1,0,0.16,1,0,0,0,0,1,0,0,0,0,national
2025,VT,50001,,549300VGMMXKSX821O69,,1,1,0,0.16,1,0,0,0,0,1,0,0,0,0,national
2025,VT,50001,,549300VR3QTN4GZYUR03,,3,1,1,0.16,3,0,0,0,0,1,0,0,0,0,national
2025,VT,50001,,549300VZVN841I2ILS84,,2,1,0,0.16,1,1,0,0,0,1,0,0,0,0,national
2025,VT,50001,,549300W6UP8EY0KSBG85,,1,1,0,0.16,1,0,0,0,0,1,0,0,0,0,national
2025,VT,50001,,549300XTSMAC5DOX6447,,1,1,0,0.16,1,0,0,0,0,1,0,0,0,0,national
2025,VT,50001,,6BYL5QZYBDK8S7L73M02,,5,1,4,0.16,5,0,0,0,0,1,0,0,0,0,national
2025,VT,50001,,E57ODZWZ7FF32TWEFA76,,1,1,0,0.16,1,0,0,0,0,1,0,0,0,0,national
2025,VT,50001,,X05BVSK68TQ7YTOSNR22,,3,1,1,0.16,3,0,0,0,0,1,0,0,0,0,national
2025,VT,50001,,549300PIL8LFAQ04XC20,,5,0,5,0.0,5,0,0,0,0,0,0,0,0,0,national
2025,VT,50001,,B4TYDEB6GKMZO031MB27,,5,0,4,0.0,5,0,0,0,0,0,0,0,0,0,national
2025,VT,50003,,549300FGXN1K3HLB1R50,,73,49,13,9.44,56,13,4,0,0,36,10,3,0,0,national
2025,VT,50003,,549300TLGCPJTEG3WN76,,55,35,2,6.74,55,0,0,0,0,35,0,0,0,0,national
2025,VT,50003,,WWB2V0FCW3A0EE3ZJN75,,48,30,14,5.78,44,3,1,0,0,28,1,1,0,0,national
2025,VT,50003,,DRMSV1Q0EKMEXLAU1P80,,55,29,23,5.59,55,0,0,0,0,29,0,0,0,0,national
2025,VT,50003,,549300EMNDEK4BA8WB53,,29,26,0,5.01,23,5,1,0,0,20,5,1,0,0,national
2025,VT,50003,,549300XLRD9QLLJRCB89,,32,21,3,4.05,32,0,0,0,0,21,0,0,0,0,national
2025,VT,50003,,5493005RDTT7HVODH436,,30,19,6,3.66,30,0,0,0,0,19,0,0,0,0,national
2025,VT,50003,,254900F9ZTVTX763V835,,20,15,1,2.89,19,0,1,0,0,14,0,1,0,0,national
2025,VT,50003,,03D0JEWFDFUS0SEEKG89,,24,14,5,2.7,24,0,0,0,0,14,0,0,0,0,national
2025,VT,50003,,549300MGPZBLQDIL7538,,20,13,3,2.5,12,8,0,0,0,8,5,0,0,0,national
2025,VT,50003,,549300DD5QQUHO6PCH70,,25,12,7,2.31,2,3,20,0,0,2,2,8,0,0,national
2025,VT,50003,,549300LR1ZETOWYE9Z89,,20,12,7,2.31,19,1,0,0,0,12,0,0,0,0,national
2025,VT,50003,,B4TYDEB6GKMZO031MB27,,21,12,4,2.31,21,0,0,0,0,12,0,0,0,0,national
2025,VT,50003,,549300E2UX99HKDBR481,,25,11,1,2.12,9,14,2,0,0,5,6,0,0,0,national
2025,VT,50003,,549300AG64NHILB7ZP05,,12,10,1,1.93,6,6,0,0,0,6,4,0,0,0,national
2025,VT,50003,,5493003GQDUH26DNNH17,,14,9,3,1.73,12,0,2,0,0,8,0,1,0,0,national
2025,VT,50003,,549300GCEP3NM7A1X491,,13,8,3,1.54,13,0,0,0,0,8,0,0,0,0,national
2025,VT,50003,,549300LYRWPSYPK6S325,,18,8,2,1.54,7,8,3,0,0,4,2,2,0,0,national
2025,VT,50003,,549300TR6MWKSIOP3B72,,13,8,4,1.54,13,0,0,0,0,8,0,0,0,0,national
2025,VT,50003,,6BYL5QZYBDK8S7L73M02,,13,8,3,1.54,13,0,0,0,0,8,0,0,0,0,national
2025,VT,50003,,549300AQ3T62GXDU7D76,,8,7,0,1.35,5,2,0,1,0,4,2,0,1,0,national
2025,VT,50003,,549300FNXYY540N23N64,,14,7,0,1.35,9,2,3,0,0,4,0,3,0,0,national
2025,VT,50003,,549300J5W91RLNLMTL86,,9,7,1,1.35,8,0,1,0,0,6,0,1,0,0,national
2025,VT,50003,,254900AX2RRO2WMRP742,,7,6,0,1.16,7,0,0,0,0,6,0,0,0,0,national
2025,VT,50003,,549300F0QYLUOR9SYB86,,6,6,0,1.16,6,0,0,0,0,6,0,0,0,0,national
2025,VT,50003,,254900UL88QFG0E40516,,12,5,3,0.96,12,0,0,0,0,5,0,0,0,0,national
2025,VT,50003,,549300121SF0K2LN2804,,6,5,0,0.96,3,2,1,0,0,3,1,1,0,0,national
2025,VT,50003,,549300DQMFK1KT7KEB48,,6,5,1,0.96,6,0,0,0,0,5,0,0,0,0,national
2025,VT,50003,,549300YIQ7S7Z8PIHE53,,20,5,15,0.96,14,5,1,0,0,5,0,0,0,0,national
2025,VT,50003,,549300OPCWU6E72WUT29,,7,4,0,0.77,5,1,1,0,0,4,0,0,0,0,national
2025,VT,50003,,549300R9S3MVDV4MGF56,,5,4,1,0.77,4,1,0,0,0,3,1,0,0,0,national
2025,VT,50003,,549300T3F9S1MKFKHC53,,6,4,0,0.77,3,1,2,0,0,2,0,2,0,0,national
2025,VT,50003,,E57ODZWZ7FF32TWEFA76,,5,4,0,0.77,5,0,0,0,0,4,0,0,0,0,national
2025,VT,50003,,KB1H1DSPRFMYMCUFXT09,,5,4,1,0.77,5,0,0,0,0,4,0,0,0,0,national
2025,VT,50003,,RVDPPPGHCGZ40J4VQ731,,8,4,1,0.77,3,3,2,0,0,1,2,1,0,0,national
2025,VT,50003,,549300GKFNPRWNS0GF29,,6,3,1,0.58,4,1,1,0,0,2,1,0,0,0,national
2025,VT,50003,,549300GS0W0TEUQS8571,,7,3,1,0.58,7,0,0,0,0,3,0,0,0,0,national
2025,VT,50003,,549300HW662MN1WU8550,,5,3,1,0.58,1,2,2,0,0,1,1,1,0,0,national
2025,VT,50003,,549300JPGMCMBEJEK584,,3,3,0,0.58,3,0,0,0,0,3,0,0,0,0,national
2025,VT,50003,,549300U3721PJGQZYY68,,7,3,0,0.58,7,0,0,0,0,3,0,0,0,0,national
2025,VT,50003,,7H6GLXDRUGQFU57RNE97,,5,3,0,0.58,5,0,0,0,0,3,0,0,0,0,national
2025,VT,50003,,213800XR2TCBQJSF1X93,,4,2,2,0.39,4,0,0,0,0,2,0,0,0,0,national
2025,VT,50003,,5493001XKL0FTNOJ0866,,3,2,0,0.39,3,0,0,0,0,2,0,0,0,0,national
2025,VT,50003,,54930054ET8KM4O1D485,,4,2,0,0.39,4,0,0,0,0,2,0,0,0,0,national
2025,VT,50003,,549300ALNLUNS3Y53T24,,4,2,1,0.39,2,2,0,0,0,1,1,0,0,0,national
2025,VT,50003,,549300F8C5JA44WNMI75,,2,2,0,0.39,2,0,0,0,0,2,0,0,0,0,national
2025,VT,50003,,549300GTVXJ2PGXNLM73,,3,2,1,0.39,3,0,0,0,0,2,0,0,0,0,national
2025,VT,50003,,549300I3PFIO81O8JD40,,2,2,0,0.39,2,0,0,0,0,2,0,0,0,0,national
2025,VT,50003,,549300LBCBNR1OT00651,,3,2,1,0.39,3,0,0,0,0,2,0,0,0,0,national
2025,VT,50003,,549300NWYTCEH9RSSW54,,3,2,1,0.39,3,0,0,0,0,2,0,0,0,0,national
2025,VT,50003,,549300VJQJVZKJBDWS17,,2,2,0,0.39,2,0,0,0,0,2,0,0,0,0,national
2025,VT,50003,,549300VZVN841I2ILS84,,6,2,0,0.39,3,2,1,0,0,2,0,0,0,0,national
2025,VT,50003,,549300XY701IELCE5Q08,,3,2,0,0.39,3,0,0,0,0,2,0,0,0,0,national
2025,VT,50003,,AD6GFRVSDT01YPT1CS68,,3,2,0,0.39,2,1,0,0,0,2,0,0,0,0,national
2025,VT,50003,,C5654JQHZUHN0772B561,,2,2,0,0.39,1,0,1,0,0,1,0,1,0,0,national
2025,VT,50003,,2549004Z576VEJBK3N72,,1,1,0,0.19,1,0,0,0,0,1,0,0,0,0,national
2025,VT,50003,,2549008X67CV1MNM7747,,1,1,0,0.19,1,0,0,0,0,1,0,0,0,0,national
2025,VT,50003,,254900DTLHVWQ7NP7R34,,2,1,0,0.19,2,0,0,0,0,1,0,0,0,0,national
2025,VT,50003,,254900HA4DQWAE0W3342,,1,1,0,0.19,0,1,0,0,0,0,1,0,0,0,national
2025,VT,50003,,254900JKWAH734HBIE78,,1,1,0,0.19,1,0,0,0,0,1,0,0,0,0,national
2025,VT,50003,,254900P7WLDQD9IUL038,,2,1,1,0.19,2,0,0,0,0,1,0,0,0,0,national
2025,VT,50003,,254900XN7UWEWK13RO81,,1,1,0,0.19,1,0,0,0,0,1,0,0,0,0,national
2025,VT,50003,,54930001NSTOD85LT125,,1,1,0,0.19,1,0,0,0,0,1,0,0,0,0,national
2025,VT,50003,,54930025XJJO3T0M1A92,,1,1,0,0.19,1,0,0,0,0,1,0,0,0,0,national
2025,VT,50003,,5493002N5168AC238149,,2,1,0,0.19,2,0,0,0,0,1,0,0,0,0,national
2025,VT,50003,,549300370QILXLFUWD20,,1,1,0,0.19,1,0,0,0,0,1,0,0,0,0,national
2025,VT,50003,,5493007H0KZ81N1H6352,,1,1,0,0.19,1,0,0,0,0,1,0,0,0,0,national
2025,VT,50003,,5493008NWHQT1R22C024,,2,1,0,0.19,2,0,0,0,0,1,0,0,0,0,national
2025,VT,50003,,5493009BOQDC6PCFR785,,2,1,1,0.19,2,0,0,0,0,1,0,0,0,0,national
2025,VT,50003,,549300BOXNV8VLRBDT24,,1,1,0,0.19,1,0,0,0,0,1,0,0,0,0,national
2025,VT,50003,,549300BX448ALT10FI43,,3,1,0,0.19,1,0,2,0,0,1,0,0,0,0,national
2025,VT,50003,,549300DAUXQ2DCY4H838,,1,1,0,0.19,1,0,0,0,0,1,0,0,0,0,national
2025,VT,50003,,549300ERHDU3FCE3FA33,,2,1,1,0.19,2,0,0,0,0,1,0,0,0,0,national
2025,VT,50003,,549300FK3AFCFVAPH234,,1,1,0,0.19,1,0,0,0,0,1,0,0,0,0,national
2025,VT,50003,,549300GE8KIGZVQV1223,,1,1,0,0.19,0,1,0,0,0,0,1,0,0,0,national
2025,VT,50003,,549300GWD9H4FQ2VR805,,1,1,0,0.19,1,0,0,0,0,1,0,0,0,0,national
2025,VT,50003,,549300HVW3AI97UKTO72,,1,1,0,0.19,1,0,0,0,0,1,0,0,0,0,national
2025,VT,50003,,549300JEBULFT3BSU682,,2,1,1,0.19,2,0,0,0,0,1,0,0,0,0,national
2025,VT,50003,,549300KIOYNU323LVJ37,,1,1,0,0.19,1,0,0,0,0,1,0,0,0,0,national
2025,VT,50003,,549300KO4HWF5JO6UV73,,2,1,0,0.19,2,0,0,0,0,1,0,0,0,0,national
2025,VT,50003,,549300KTR1JGH3K6LU06,,1,1,0,0.19,1,0,0,0,0,1,0,0,0,0,national
2025,VT,50003,,549300LROQOOQU77WS20,,1,1,0,0.19,1,0,0,0,0,1,0,0,0,0,national
2025,VT,50003,,549300LV12W1ZFWAU543,,1,1,0,0.19,1,0,0,0,0,1,0,0,0,0,national
2025,VT,50003,,549300MCIFZSDHUT8X63,,1,1,0,0.19,1,0,0,0,0,1,0,0,0,0,national
2025,VT,50003,,549300MHH03ICJYEPE85,,1,1,0,0.19,0,1,0,0,0,0,1,0,0,0,national
2025,VT,50003,,549300OQ3UC55Y6EPP22,,1,1,0,0.19,1,0,0,0,0,1,0,0,0,0,national
2025,VT,50003,,549300PIL8LFAQ04XC20,,7,1,6,0.19,7,0,0,0,0,1,0,0,0,0,national
2025,VT,50003,,549300Q50XCC0473FG63,,1,1,0,0.19,1,0,0,0,0,1,0,0,0,0,national
2025,VT,50003,,549300RA3E0BUFO7YZ21,,2,1,1,0.19,2,0,0,0,0,1,0,0,0,0,national
2025,VT,50003,,549300S5NLOTO329NX77,,2,1,0,0.19,2,0,0,0,0,1,0,0,0,0,national
2025,VT,50003,,549300S5YL3OH0IVCS62,,2,1,0,0.19,0,2,0,0,0,0,1,0,0,0,national
2025,VT,50003,,549300T2FOBK6WY4B349,,4,1,2,0.19,4,0,0,0,0,1,0,0,0,0,national
2025,VT,50003,,549300T5QSL6MC8M4D04,,2,1,0,0.19,0,1,0,1,0,0,1,0,0,0,national
2025,VT,50003,,549300T94GSH3C4U5M59,,3,1,1,0.19,3,0,0,0,0,1,0,0,0,0,national
2025,VT,50003,,549300VACYYK343SKH92,,1,1,0,0.19,1,0,0,0,0,1,0,0,0,0,national
2025,VT,50003,,549300VORTI31GZTJL53,,2,1,1,0.19,2,0,0,0,0,1,0,0,0,0,national
2025,VT,50003,,549300ZPSJZO10ZAX556,,1,1,0,0.19,1,0,0,0,0,1,0,0,0,0,national
2025,VT,50003,,984500U2F9A83N391A91,,1,1,0,0.19,1,0,0,0,0,1,0,0,0,0,national
2025,VT,50003,,C398JSK21YCXWM603F55,,2,1,0,0.19,2,0,0,0,0,1,0,0,0,0,national
2025,VT,50003,,CKVBED0S4DMLKJJ5XH28,,1,1,0,0.19,1,0,0,0,0,1,0,0,0,0,national
2025,VT,50003,,IUGPUX5LWRZ3B6KIZ697,,1,1,0,0.19,0,1,0,0,0,0,1,0,0,0,national
2025,VT,50003,,JJKC32MCHWDI71265Z06,,1,1,0,0.19,1,0,0,0,0,1,0,0,0,0,national
2025,VT,50003,,54930091JQKCU3Z6IP44,,7,0,0,0.0,7,0,0,0,0,0,0,0,0,0,national
2025,VT,50003,,549300XQVJ1XBNFA5536,,6,0,5,0.0,6,0,0,0,0,0,0,0,0,0,national
2025,VT,50003,,X05BVSK68TQ7YTOSNR22,,5,0,3,0.0,5,0,0,0,0,0,0,0,0,0,national
2025,VT,50005,,549300T2FOBK6WY4B349,,154,104,15,17.51,154,0,0,0,0,104,0,0,0,0,national
2025,VT,50005,,549300TLGCPJTEG3WN76,,101,77,9,12.96,99,0,1,1,0,76,0,1,0,0,national
2025,VT,50005,,549300I3PFIO81O8JD40,,85,68,9,11.45,75,7,3,0,0,61,5,2,0,0,national
2025,VT,50005,,549300OQ3UC55Y6EPP22,,56,43,3,7.24,56,0,0,0,0,43,0,0,0,0,national
2025,VT,50005,,549300FGXN1K3HLB1R50,,51,31,14,5.22,32,13,6,0,0,19,8,4,0,0,national
2025,VT,50005,,5493005RDTT7HVODH436,,48,29,5,4.88,48,0,0,0,0,29,0,0,0,0,national
2025,VT,50005,,549300DQMFK1KT7KEB48,,24,21,0,3.54,24,0,0,0,0,21,0,0,0,0,national
2025,VT,50005,,549300XY701IELCE5Q08,,27,17,7,2.86,20,7,0,0,0,12,5,0,0,0,national
2025,VT,50005,,549300EMNDEK4BA8WB53,,16,15,0,2.53,12,4,0,0,0,11,4,0,0,0,national
2025,VT,50005,,03D0JEWFDFUS0SEEKG89,,19,11,3,1.85,19,0,0,0,0,11,0,0,0,0,national
2025,VT,50005,,549300AQ3T62GXDU7D76,,12,10,0,1.68,7,4,1,0,0,6,4,0,0,0,national
2025,VT,50005,,549300DD5QQUHO6PCH70,,19,10,0,1.68,1,3,15,0,0,1,2,7,0,0,national
2025,VT,50005,,254900AX2RRO2WMRP742,,9,8,0,1.35,9,0,0,0,0,8,0,0,0,0,national
2025,VT,50005,,549300AG64NHILB7ZP05,,13,8,3,1.35,4,7,2,0,0,2,4,2,0,0,national
2025,VT,50005,,5493003GQDUH26DNNH17,,9,7,0,1.18,4,0,5,0,0,3,0,4,0,0,national
2025,VT,50005,,549300OPCWU6E72WUT29,,9,7,1,1.18,5,3,1,0,0,3,3,1,0,0,national
2025,VT,50005,,254900JKWAH734HBIE78,,13,6,2,1.01,13,0,0,0,0,6,0,0,0,0,national
2025,VT,50005,,549300D7AV8NGI6N3S98,,9,6,1,1.01,9,0,0,0,0,6,0,0,0,0,national
2025,VT,50005,,549300AENO88GEUWCZ39,,5,5,0,0.84,4,1,0,0,0,4,1,0,0,0,national
2025,VT,50005,,549300LBCBNR1OT00651,,7,5,1,0.84,4,1,2,0,0,3,1,1,0,0,national
2025,VT,50005,,549300MGPZBLQDIL7538,,7,5,0,0.84,6,1,0,0,0,4,1,0,0,0,national
2025,VT,50005,,549300VMVKSQE1B7DD43,,7,5,2,0.84,4,3,0,0,0,4,1,0,0,0,national
2025,VT,50005,,C5654JQHZUHN0772B561,,9,5,3,0.84,6,0,3,0,0,2,0,3,0,0,national
2025,VT,50005,,WWB2V0FCW3A0EE3ZJN75,,9,5,4,0.84,9,0,0,0,0,5,0,0,0,0,national
2025,VT,50005,,549300GKFNPRWNS0GF29,,8,4,0,0.67,7,0,0,1,0,3,0,0,1,0,national
2025,VT,50005,,549300HW662MN1WU8550,,4,4,0,0.67,2,0,2,0,0,2,0,2,0,0,national
2025,VT,50005,,549300VR3QTN4GZYUR03,,5,4,1,0.67,5,0,0,0,0,4,0,0,0,0,national
2025,VT,50005,,7H6GLXDRUGQFU57RNE97,,6,4,0,0.67,6,0,0,0,0,4,0,0,0,0,national
2025,VT,50005,,DRMSV1Q0EKMEXLAU1P80,,20,4,10,0.67,20,0,0,0,0,4,0,0,0,0,national
2025,VT,50005,,254900UL88QFG0E40516,,9,3,3,0.51,9,0,0,0,0,3,0,0,0,0,national
2025,VT,50005,,549300E2UX99HKDBR481,,14,3,3,0.51,5,7,2,0,0,2,0,1,0,0,national
2025,VT,50005,,549300F0QYLUOR9SYB86,,4,3,0,0.51,4,0,0,0,0,3,0,0,0,0,national
2025,VT,50005,,549300FNXYY540N23N64,,10,3,5,0.51,7,2,1,0,0,3,0,0,0,0,national
2025,VT,50005,,549300YIQ7S7Z8PIHE53,,9,3,5,0.51,7,2,0,0,0,3,0,0,0,0,national
2025,VT,50005,,6BYL5QZYBDK8S7L73M02,,13,3,8,0.51,13,0,0,0,0,3,0,0,0,0,national
2025,VT,50005,,254900P7WLDQD9IUL038,,2,2,0,0.34,2,0,0,0,0,2,0,0,0,0,national
2025,VT,50005,,549300121SF0K2LN2804,,2,2,0,0.34,2,0,0,0,0,2,0,0,0,0,national
2025,VT,50005,,5493001WHVQBGRSWEU75,,3,2,1,0.34,3,0,0,0,0,2,0,0,0,0,national
2025,VT,50005,,54930054ET8KM4O1D485,,4,2,0,0.34,4,0,0,0,0,2,0,0,0,0,national
2025,VT,50005,,549300FK3AFCFVAPH234,,2,2,0,0.34,2,0,0,0,0,2,0,0,0,0,national
2025,VT,50005,,549300S5NLOTO329NX77,,2,2,0,0.34,2,0,0,0,0,2,0,0,0,0,national
2025,VT,50005,,549300U3721PJGQZYY68,,5,2,0,0.34,4,1,0,0,0,2,0,0,0,0,national
2025,VT,50005,,B4TYDEB6GKMZO031MB27,,7,2,3,0.34,7,0,0,0,0,2,0,0,0,0,national
2025,VT,50005,,RVDPPPGHCGZ40J4VQ731,,4,2,0,0.34,0,1,3,0,0,0,0,2,0,0,national
2025,VT,50005,,254900EZRN0CBEP77K34,,1,1,0,0.17,1,0,0,0,0,1,0,0,0,0,national
2025,VT,50005,,5493000IIYWBLONJVJ30,,1,1,0,0.17,1,0,0,0,0,1,0,0,0,0,national
2025,VT,50005,,5493002B2WMHY23GFK92,,1,1,0,0.17,1,0,0,0,0,1,0,0,0,0,national
2025,VT,50005,,54930049L5WINET09Q97,,3,1,2,0.17,1,1,1,0,0,0,0,1,0,0,national
2025,VT,50005,,54930070JV4STJJ0XS74,,1,1,0,0.17,1,0,0,0,0,1,0,0,0,0,national
2025,VT,50005,,549300CHBB3GN7JFXU86,,1,1,0,0.17,1,0,0,0,0,1,0,0,0,0,national
2025,VT,50005,,549300DD4R4SYK5RAQ92,,3,1,1,0.17,1,2,0,0,0,0,1,0,0,0,national
2025,VT,50005,,549300JEBULFT3BSU682,,1,1,0,0.17,1,0,0,0,0,1,0,0,0,0,national
2025,VT,50005,,549300JPGMCMBEJEK584,,1,1,0,0.17,1,0,0,0,0,1,0,0,0,0,national
2025,VT,50005,,549300KTR1JGH3K6LU06,,1,1,0,0.17,1,0,0,0,0,1,0,0,0,0,national
2025,VT,50005,,549300KV83NH6PNL5E48,,2,1,0,0.17,2,0,0,0,0,1,0,0,0,0,national
2025,VT,50005,,549300LI67PLCC1Z3P80,,1,1,0,0.17,1,0,0,0,0,1,0,0,0,0,national
2025,VT,50005,,549300LROQOOQU77WS20,,2,1,0,0.17,2,0,0,0,0,1,0,0,0,0,national
2025,VT,50005,,549300LYRWPSYPK6S325,,5,1,1,0.17,3,1,1,0,0,0,1,0,0,0,national
2025,VT,50005,,549300NOCASXPA34X033,,3,1,1,0.17,1,2,0,0,0,0,1,0,0,0,national
2025,VT,50005,,549300PIL8LFAQ04XC20,,5,1,3,0.17,5,0,0,0,0,1,0,0,0,0,national
2025,VT,50005,,549300PL8ER6H23P0Z91,,1,1,0,0.17,0,1,0,0,0,0,1,0,0,0,national
2025,VT,50005,,549300PQLK8E48ILXV41,,1,1,0,0.17,1,0,0,0,0,1,0,0,0,0,national
2025,VT,50005,,549300R0SXC1JU7ZU290,,2,1,1,0.17,0,2,0,0,0,0,1,0,0,0,national
2025,VT,50005,,549300R9S3MVDV4MGF56,,1,1,0,0.17,1,0,0,0,0,1,0,0,0,0,national
2025,VT,50005,,549300REENMLD2RN3W58,,1,1,0,0.17,0,1,0,0,0,0,1,0,0,0,national
2025,VT,50005,,549300S5YL3OH0IVCS62,,2,1,0,0.17,0,2,0,0,0,0,1,0,0,0,national
2025,VT,50005,,549300VJQJVZKJBDWS17,,1,1,0,0.17,1,0,0,0,0,1,0,0,0,0,national
2025,VT,50005,,549300VZVN841I2ILS84,,2,1,0,0.17,1,1,0,0,0,1,0,0,0,0,national
2025,VT,50005,,549300ZGCIDP1G72QO72,,1,1,0,0.17,1,0,0,0,0,1,0,0,0,0,national
2025,VT,50005,,C398JSK21YCXWM603F55,,1,1,0,0.17,1,0,0,0,0,1,0,0,0,0,national
2025,VT,50005,,COINQMNIM6RBU631DD85,,1,1,0,0.17,1,0,0,0,0,1,0,0,0,0,national
2025,VT,50005,,KB1H1DSPRFMYMCUFXT09,,2,1,0,0.17,2,0,0,0,0,1,0,0,0,0,national
2025,VT,50005,,Q708HHR4LD2B7XIZNO92,,2,1,1,0.17,2,0,0,0,0,1,0,0,0,0,national
2025,VT,50005,,WKN6AF1FCL7BBYGTGI83,,2,1,1,0.17,2,0,0,0,0,1,0,0,0,0,national
2025,VT,50007,,549300TLGCPJTEG3WN76,,1553,1213,55,33.92,1552,0,1,0,0,1212,0,1,0,0,national
2025,VT,50007,,254900AX2RRO2WMRP742,,389,305,35,8.53,389,0,0,0,0,305,0,0,0,0,national
2025,VT,50007,,549300DQMFK1KT7KEB48,,250,225,3,6.29,246,0,3,1,0,221,0,3,1,0,national
2025,VT,50007,,549300EMNDEK4BA8WB53,,200,177,2,4.95,171,17,12,0,0,152,15,10,0,0,national
2025,VT,50007,,549300T2FOBK6WY4B349,,204,141,15,3.94,204,0,0,0,0,141,0,0,0,0,national
2025,VT,50007,,549300I3PFIO81O8JD40,,152,133,5,3.72,148,4,0,0,0,130,3,0,0,0,national
2025,VT,50007,,549300GKFNPRWNS0GF29,,164,130,7,3.64,130,21,10,3,0,103,18,8,1,0,national
2025,VT,50007,,DRMSV1Q0EKMEXLAU1P80,,207,115,63,3.22,205,2,0,0,0,114,1,0,0,0,national
2025,VT,50007,,549300FGXN1K3HLB1R50,,166,109,31,3.05,140,16,10,0,0,94,9,6,0,0,national
2025,VT,50007,,WWB2V0FCW3A0EE3ZJN75,,151,92,40,2.57,149,1,1,0,0,91,0,1,0,0,national
2025,VT,50007,,5493005RDTT7HVODH436,,128,90,12,2.52,128,0,0,0,0,90,0,0,0,0,national
2025,VT,50007,,03D0JEWFDFUS0SEEKG89,,102,62,19,1.73,100,2,0,0,0,61,1,0,0,0,national
2025,VT,50007,,549300HW662MN1WU8550,,75,62,4,1.73,62,7,6,0,0,52,4,6,0,0,national
2025,VT,50007,,549300D7AV8NGI6N3S98,,75,59,7,1.65,75,0,0,0,0,59,0,0,0,0,national
2025,VT,50007,,254900JKWAH734HBIE78,,68,44,11,1.23,68,0,0,0,0,44,0,0,0,0,national
2025,VT,50007,,5493009BOQDC6PCFR785,,54,35,6,0.98,54,0,0,0,0,35,0,0,0,0,national
2025,VT,50007,,549300XY701IELCE5Q08,,43,29,9,0.81,30,7,6,0,0,19,6,4,0,0,national
2025,VT,50007,,549300MGPZBLQDIL7538,,34,27,2,0.76,31,3,0,0,0,25,2,0,0,0,national
2025,VT,50007,,549300NIQBROW7MLXI19,,26,26,0,0.73,26,0,0,0,0,26,0,0,0,0,national
2025,VT,50007,,549300FNXYY540N23N64,,53,19,7,0.53,35,7,11,0,0,14,2,3,0,0,national
2025,VT,50007,,549300F0QYLUOR9SYB86,,18,18,0,0.5,18,0,0,0,0,18,0,0,0,0,national
2025,VT,50007,,HUX2X73FUCYHUVH1BK78,,42,18,13,0.5,41,1,0,0,0,18,0,0,0,0,national
2025,VT,50007,,5493001GDRY0EL7VG372,,17,17,0,0.48,8,0,9,0,0,8,0,9,0,0,national
2025,VT,50007,,5493003GQDUH26DNNH17,,29,17,7,0.48,22,0,7,0,0,12,0,5,0,0,national
2025,VT,50007,,549300LYRWPSYPK6S325,,32,17,5,0.48,3,13,16,0,0,2,6,9,0,0,national
2025,VT,50007,,RVDPPPGHCGZ40J4VQ731,,32,17,3,0.48,14,2,16,0,0,9,2,6,0,0,national
2025,VT,50007,,549300DD4R4SYK5RAQ92,,29,16,4,0.45,24,4,1,0,0,15,0,1,0,0,national
2025,VT,50007,,549300DD5QQUHO6PCH70,,33,14,4,0.39,2,1,30,0,0,1,0,13,0,0,national
2025,VT,50007,,549300KJ8PAJ7E52HG32,,17,14,1,0.39,17,0,0,0,0,14,0,0,0,0,national
2025,VT,50007,,5493006WZJUEUK1TVM53,,16,13,1,0.36,16,0,0,0,0,13,0,0,0,0,national
2025,VT,50007,,549300AQ3T62GXDU7D76,,14,13,0,0.36,12,2,0,0,0,11,2,0,0,0,national
2025,VT,50007,,549300GS0W0TEUQS8571,,16,13,0,0.36,16,0,0,0,0,13,0,0,0,0,national
2025,VT,50007,,549300KO4HWF5JO6UV73,,15,13,1,0.36,15,0,0,0,0,13,0,0,0,0,national
2025,VT,50007,,549300LBCBNR1OT00651,,19,13,3,0.36,17,2,0,0,0,13,0,0,0,0,national
2025,VT,50007,,7H6GLXDRUGQFU57RNE97,,18,13,0,0.36,18,0,0,0,0,13,0,0,0,0,national
2025,VT,50007,,2549004FXPNKCLIN8250,,12,11,0,0.31,12,0,0,0,0,11,0,0,0,0,national
2025,VT,50007,,5493008PQSMR41Y70C36,,14,10,0,0.28,13,1,0,0,0,9,1,0,0,0,national
2025,VT,50007,,549300OPCWU6E72WUT29,,13,10,1,0.28,8,3,2,0,0,5,3,2,0,0,national
2025,VT,50007,,B4TYDEB6GKMZO031MB27,,28,10,8,0.28,28,0,0,0,0,10,0,0,0,0,national
2025,VT,50007,,54930054ET8KM4O1D485,,22,9,3,0.25,20,0,2,0,0,7,0,2,0,0,national
2025,VT,50007,,549300E2UX99HKDBR481,,19,9,1,0.25,10,9,0,0,0,4,5,0,0,0,national
2025,VT,50007,,PINLJ7T7GLTF48NFP863,,13,9,0,0.25,13,0,0,0,0,9,0,0,0,0,national
2025,VT,50007,,5493004R22HRZXTXSR64,,10,8,0,0.22,10,0,0,0,0,8,0,0,0,0,national
2025,VT,50007,,549300YIQ7S7Z8PIHE53,,31,8,17,0.22,25,6,0,0,0,7,1,0,0,0,national
2025,VT,50007,,5493001WHVQBGRSWEU75,,8,7,1,0.2,7,1,0,0,0,6,1,0,0,0,national
2025,VT,50007,,6BYL5QZYBDK8S7L73M02,,25,7,13,0.2,24,1,0,0,0,7,0,0,0,0,national
2025,VT,50007,,254900UL88QFG0E40516,,26,6,13,0.17,26,0,0,0,0,6,0,0,0,0,national
2025,VT,50007,,549300OQ3UC55Y6EPP22,,7,6,0,0.17,7,0,0,0,0,6,0,0,0,0,national
2025,VT,50007,,549300PIL8LFAQ04XC20,,39,6,24,0.17,39,0,0,0,0,6,0,0,0,0,national
2025,VT,50007,,549300AG64NHILB7ZP05,,9,5,2,0.14,8,1,0,0,0,5,0,0,0,0,national
2025,VT,50007,,549300U3721PJGQZYY68,,8,5,1,0.14,8,0,0,0,0,5,0,0,0,0,national
2025,VT,50007,,549300VZVN841I2ILS84,,12,5,1,0.14,10,1,1,0,0,4,0,1,0,0,national
2025,VT,50007,,549300AENO88GEUWCZ39,,4,4,0,0.11,3,0,1,0,0,3,0,1,0,0,national
2025,VT,50007,,549300GWD9H4FQ2VR805,,4,4,0,0.11,4,0,0,0,0,4,0,0,0,0,national
2025,VT,50007,,549300LROQOOQU77WS20,,12,4,2,0.11,11,0,1,0,0,4,0,0,0,0,national
2025,VT,50007,,549300R9S3MVDV4MGF56,,11,4,6,0.11,6,3,2,0,0,1,1,2,0,0,national
2025,VT,50007,,549300S5YL3OH0IVCS62,,4,4,0,0.11,0,4,0,0,0,0,4,0,0,0,national
2025,VT,50007,,549300T5QSL6MC8M4D04,,5,4,0,0.11,3,0,2,0,0,3,0,1,0,0,national
2025,VT,50007,,AD6GFRVSDT01YPT1CS68,,6,4,0,0.11,5,0,1,0,0,4,0,0,0,0,national
2025,VT,50007,,JJKC32MCHWDI71265Z06,,4,4,0,0.11,4,0,0,0,0,4,0,0,0,0,national
2025,VT,50007,,213800XR2TCBQJSF1X93,,4,3,1,0.08,3,0,1,0,0,2,0,1,0,0,national
2025,VT,50007,,2549001SI0EMFPT39035,,3,3,0,0.08,3,0,0,0,0,3,0,0,0,0,national
2025,VT,50007,,5493000IIYWBLONJVJ30,,3,3,0,0.08,3,0,0,0,0,3,0,0,0,0,national
2025,VT,50007,,549300EKFFG3BU8DNX74,,3,3,0,0.08,3,0,0,0,0,3,0,0,0,0,national
2025,VT,50007,,KB1H1DSPRFMYMCUFXT09,,4,3,0,0.08,3,1,0,0,0,3,0,0,0,0,national
2025,VT,50007,,X05BVSK68TQ7YTOSNR22,,22,3,9,0.08,22,0,0,0,0,3,0,0,0,0,national
2025,VT,50007,,ZXMJHJK466PBZTM5F379,,4,3,0,0.08,4,0,0,0,0,3,0,0,0,0,national
2025,VT,50007,,254900DRSIZBQXDCJ875,,2,2,0,0.06,2,0,0,0,0,2,0,0,0,0,national
2025,VT,50007,,254900ZFWS2106HWPH46,,3,2,0,0.06,3,0,0,0,0,2,0,0,0,0,national
2025,VT,50007,,2WHM8VNJH63UN14OL754,,2,2,0,0.06,2,0,0,0,0,2,0,0,0,0,national
2025,VT,50007,,3Y4U8VZURTYWI1W2K376,,2,2,0,0.06,2,0,0,0,0,2,0,0,0,0,national
2025,VT,50007,,54930049L5WINET09Q97,,2,2,0,0.06,1,1,0,0,0,1,1,0,0,0,national
2025,VT,50007,,5493004RLLKTQS8K7U51,,2,2,0,0.06,2,0,0,0,0,2,0,0,0,0,national
2025,VT,50007,,549300FX7K8PTEQUU487,,5,2,2,0.06,5,0,0,0,0,2,0,0,0,0,national
2025,VT,50007,,549300INFJ8TYNZ1G568,,2,2,0,0.06,2,0,0,0,0,2,0,0,0,0,national
2025,VT,50007,,549300LLESTPOVRG3X73,,2,2,0,0.06,2,0,0,0,0,2,0,0,0,0,national
2025,VT,50007,,549300T94GSH3C4U5M59,,2,2,0,0.06,2,0,0,0,0,2,0,0,0,0,national
2025,VT,50007,,549300VORTI31GZTJL53,,2,2,0,0.06,2,0,0,0,0,2,0,0,0,0,national
2025,VT,50007,,549300XQVJ1XBNFA5536,,21,2,11,0.06,21,0,0,0,0,2,0,0,0,0,national
2025,VT,50007,,PAOOWF3GUFM46FBSP561,,8,2,0,0.06,7,1,0,0,0,2,0,0,0,0,national
2025,VT,50007,,2549004Z576VEJBK3N72,,1,1,0,0.03,1,0,0,0,0,1,0,0,0,0,national
2025,VT,50007,,254900E6AIE4Z8YQM970,,2,1,0,0.03,2,0,0,0,0,1,0,0,0,0,national
2025,VT,50007,,254900HA4DQWAE0W3342,,3,1,0,0.03,1,1,1,0,0,0,1,0,0,0,national
2025,VT,50007,,254900IRE136HFEI2562,,1,1,0,0.03,1,0,0,0,0,1,0,0,0,0,national
2025,VT,50007,,254900P7WLDQD9IUL038,,2,1,1,0.03,2,0,0,0,0,1,0,0,0,0,national
2025,VT,50007,,4EP6JBYBTPTQ47LZOB67,,1,1,0,0.03,1,0,0,0,0,1,0,0,0,0,national
2025,VT,50007,,5493002JA8HUVL2CRT33,,2,1,1,0.03,2,0,0,0,0,1,0,0,0,0,national
2025,VT,50007,,5493003B2LEGQHDWRN55,,1,1,0,0.03,1,0,0,0,0,1,0,0,0,0,national
2025,VT,50007,,54930053KPO7OG48FP72,,1,1,0,0.03,1,0,0,0,0,1,0,0,0,0,national
2025,VT,50007,,5493009Y8ROUG903AQ21,,1,1,0,0.03,1,0,0,0,0,1,0,0,0,0,national
2025,VT,50007,,549300ALNLUNS3Y53T24,,4,1,2,0.03,2,2,0,0,0,1,0,0,0,0,national
2025,VT,50007,,549300BX448ALT10FI43,,4,1,0,0.03,0,2,2,0,0,0,0,1,0,0,national
2025,VT,50007,,549300C04BJ0G297NC13,,1,1,0,0.03,1,0,0,0,0,1,0,0,0,0,national
2025,VT,50007,,549300C8GOC4OYUV0Z32,,1,1,0,0.03,1,0,0,0,0,1,0,0,0,0,national
2025,VT,50007,,549300CHBB3GN7JFXU86,,1,1,0,0.03,1,0,0,0,0,1,0,0,0,0,national
2025,VT,50007,,549300DAUXQ2DCY4H838,,1,1,0,0.03,1,0,0,0,0,1,0,0,0,0,national
2025,VT,50007,,549300FK3AFCFVAPH234,,2,1,1,0.03,2,0,0,0,0,1,0,0,0,0,national
2025,VT,50007,,549300GE8KIGZVQV1223,,1,1,0,0.03,1,0,0,0,0,1,0,0,0,0,national
2025,VT,50007,,549300KIOYNU323LVJ37,,1,1,0,0.03,1,0,0,0,0,1,0,0,0,0,national
2025,VT,50007,,549300KPBZCTMM3Y0061,,1,1,0,0.03,1,0,0,0,0,1,0,0,0,0,national
2025,VT,50007,,549300LR1ZETOWYE9Z89,,1,1,0,0.03,1,0,0,0,0,1,0,0,0,0,national
2025,VT,50007,,549300MHH03ICJYEPE85,,4,1,0,0.03,0,4,0,0,0,0,1,0,0,0,national
2025,VT,50007,,549300NOCASXPA34X033,,15,1,10,0.03,12,2,1,0,0,0,0,1,0,0,national
2025,VT,50007,,549300PL8ER6H23P0Z91,,1,1,0,0.03,1,0,0,0,0,1,0,0,0,0,national
2025,VT,50007,,549300PQLK8E48ILXV41,,2,1,0,0.03,2,0,0,0,0,1,0,0,0,0,national
2025,VT,50007,,549300Q50XCC0473FG63,,1,1,0,0.03,1,0,0,0,0,1,0,0,0,0,national
2025,VT,50007,,549300QKL5FUBZ8LSF50,,1,1,0,0.03,1,0,0,0,0,1,0,0,0,0,national
2025,VT,50007,,549300RA3E0BUFO7YZ21,,4,1,2,0.03,4,0,0,0,0,1,0,0,0,0,national
2025,VT,50007,,549300RFLICNI75BG067,,1,1,0,0.03,1,0,0,0,0,1,0,0,0,0,national
2025,VT,50007,,549300S5NLOTO329NX77,,1,1,0,0.03,1,0,0,0,0,1,0,0,0,0,national
2025,VT,50007,,549300UF3FPC7U6RFC59,,1,1,0,0.03,1,0,0,0,0,1,0,0,0,0,national
2025,VT,50007,,549300UXY7OP0IC38293,,3,1,0,0.03,3,0,0,0,0,1,0,0,0,0,national
2025,VT,50007,,549300VCMRO4ST680C11,,1,1,0,0.03,0,0,1,0,0,0,0,1,0,0,national
2025,VT,50007,,549300VMVKSQE1B7DD43,,1,1,0,0.03,1,0,0,0,0,1,0,0,0,0,national
2025,VT,50007,,549300VR3QTN4GZYUR03,,1,1,0,0.03,1,0,0,0,0,1,0,0,0,0,national
2025,VT,50007,,549300Y5Y88FQLI7VE83,,1,1,0,0.03,1,0,0,0,0,1,0,0,0,0,national
2025,VT,50007,,549300Z2IS3ZCJG3OT45,,1,1,0,0.03,1,0,0,0,0,1,0,0,0,0,national
2025,VT,50007,,549300ZIQ24V0C88AC41,,1,1,0,0.03,1,0,0,0,0,1,0,0,0,0,national
2025,VT,50007,,549300ZZME37MXI1EF14,,1,1,0,0.03,0,1,0,0,0,0,1,0,0,0,national
2025,VT,50007,,984500U2F9A83N391A91,,1,1,0,0.03,1,0,0,0,0,1,0,0,0,0,national
2025,VT,50007,,C398JSK21YCXWM603F55,,1,1,0,0.03,1,0,0,0,0,1,0,0,0,0,national
2025,VT,50007,,C5654JQHZUHN0772B561,,9,1,4,0.03,4,0,5,0,0,0,0,1,0,0,national
2025,VT,50007,,E57ODZWZ7FF32TWEFA76,,1,1,0,0.03,1,0,0,0,0,1,0,0,0,0,national
2025,VT,50007,,HIDXEG9BLUJZKBGUT764,,1,1,0,0.03,1,0,0,0,0,1,0,0,0,0,national
2025,VT,50007,,KD3XUN7C6T14HNAYLU02,,2,1,0,0.03,2,0,0,0,0,1,0,0,0,0,national
2025,VT,50007,,Q708HHR4LD2B7XIZNO92,,1,1,0,0.03,0,0,1,0,0,0,0,1,0,0,national
2025,VT,50007,,WKN6AF1FCL7BBYGTGI83,,1,1,0,0.03,1,0,0,0,0,1,0,0,0,0,national
2025,VT,50007,,54930091JQKCU3Z6IP44,,18,0,4,0.0,18,0,0,0,0,0,0,0,0,0,national
2025,VT,50009,,549300FGXN1K3HLB1R50,,20,15,5,10.79,11,7,2,0,0,8,5,2,0,0,national
2025,VT,50009,,549300I3PFIO81O8JD40,,15,12,0,8.63,14,1,0,0,0,11,1,0,0,0,national
2025,VT,50009,,549300OQ3UC55Y6EPP22,,14,12,0,8.63,14,0,0,0,0,12,0,0,0,0,national
2025,VT,50009,,549300T2FOBK6WY4B349,,26,12,4,8.63,26,0,0,0,0,12,0,0,0,0,national
2025,VT,50009,,549300TLGCPJTEG3WN76,,16,11,0,7.91,16,0,0,0,0,11,0,0,0,0,national
2025,VT,50009,,DRMSV1Q0EKMEXLAU1P80,,14,9,2,6.47,14,0,0,0,0,9,0,0,0,0,national
2025,VT,50009,,254900JKWAH734HBIE78,,14,7,2,5.04,14,0,0,0,0,7,0,0,0,0,national
2025,VT,50009,,5493003GQDUH26DNNH17,,6,4,2,2.88,4,0,2,0,0,2,0,2,0,0,national
2025,VT,50009,,5493005RDTT7HVODH436,,4,3,1,2.16,4,0,0,0,0,3,0,0,0,0,national
2025,VT,50009,,549300DD5QQUHO6PCH70,,9,3,3,2.16,1,0,8,0,0,0,0,3,0,0,national
2025,VT,50009,,549300E2UX99HKDBR481,,4,3,0,2.16,1,3,0,0,0,1,2,0,0,0,national
2025,VT,50009,,549300GKFNPRWNS0GF29,,3,3,0,2.16,2,1,0,0,0,2,1,0,0,0,national
2025,VT,50009,,549300MGPZBLQDIL7538,,3,3,0,2.16,2,1,0,0,0,2,1,0,0,0,national
2025,VT,50009,,549300VMVKSQE1B7DD43,,4,3,0,2.16,4,0,0,0,0,3,0,0,0,0,national
2025,VT,50009,,254900P7WLDQD9IUL038,,2,2,0,1.44,2,0,0,0,0,2,0,0,0,0,national
2025,VT,50009,,54930070JV4STJJ0XS74,,2,2,0,1.44,2,0,0,0,0,2,0,0,0,0,national
2025,VT,50009,,549300AQ3T62GXDU7D76,,2,2,0,1.44,1,1,0,0,0,1,1,0,0,0,national
2025,VT,50009,,549300BX448ALT10FI43,,2,2,0,1.44,0,0,2,0,0,0,0,2,0,0,national
2025,VT,50009,,549300DQMFK1KT7KEB48,,4,2,1,1.44,3,0,1,0,0,2,0,0,0,0,national
2025,VT,50009,,549300EMNDEK4BA8WB53,,3,2,0,1.44,1,2,0,0,0,1,1,0,0,0,national
2025,VT,50009,,549300FNXYY540N23N64,,3,2,0,1.44,1,1,1,0,0,1,1,0,0,0,national
2025,VT,50009,,549300JEBULFT3BSU682,,4,2,1,1.44,4,0,0,0,0,2,0,0,0,0,national
2025,VT,50009,,254900UL88QFG0E40516,,2,1,1,0.72,2,0,0,0,0,1,0,0,0,0,national
2025,VT,50009,,549300121SF0K2LN2804,,1,1,0,0.72,1,0,0,0,0,1,0,0,0,0,national
2025,VT,50009,,5493001GDRY0EL7VG372,,1,1,0,0.72,0,0,1,0,0,0,0,1,0,0,national
2025,VT,50009,,5493003B2LEGQHDWRN55,,2,1,0,0.72,2,0,0,0,0,1,0,0,0,0,national
2025,VT,50009,,54930052M48FOD3CWA54,,1,1,0,0.72,0,1,0,0,0,0,1,0,0,0,national
2025,VT,50009,,5493005PKOSG7MYX0B34,,2,1,0,0.72,2,0,0,0,0,1,0,0,0,0,national
2025,VT,50009,,5493007H0KZ81N1H6352,,1,1,0,0.72,1,0,0,0,0,1,0,0,0,0,national
2025,VT,50009,,5493009BOQDC6PCFR785,,1,1,0,0.72,1,0,0,0,0,1,0,0,0,0,national
2025,VT,50009,,549300AG64NHILB7ZP05,,1,1,0,0.72,1,0,0,0,0,1,0,0,0,0,national
2025,VT,50009,,549300D7AV8NGI6N3S98,,1,1,0,0.72,1,0,0,0,0,1,0,0,0,0,national
2025,VT,50009,,549300EWO1QALFC6LE98,,1,1,0,0.72,1,0,0,0,0,1,0,0,0,0,national
2025,VT,50009,,549300JPGMCMBEJEK584,,2,1,1,0.72,2,0,0,0,0,1,0,0,0,0,national
2025,VT,50009,,549300KO4HWF5JO6UV73,,1,1,0,0.72,1,0,0,0,0,1,0,0,0,0,national
2025,VT,50009,,549300PIL8LFAQ04XC20,,3,1,2,0.72,3,0,0,0,0,1,0,0,0,0,national
2025,VT,50009,,549300RFLICNI75BG067,,1,1,0,0.72,1,0,0,0,0,1,0,0,0,0,national
2025,VT,50009,,549300U3721PJGQZYY68,,1,1,0,0.72,1,0,0,0,0,1,0,0,0,0,national
2025,VT,50009,,549300VORTI31GZTJL53,,1,1,0,0.72,1,0,0,0,0,1,0,0,0,0,national
2025,VT,50009,,549300VZVN841I2ILS84,,2,1,0,0.72,0,1,0,1,0,0,1,0,0,0,national
2025,VT,50009,,549300XCVBRR56D08F03,,1,1,0,0.72,1,0,0,0,0,1,0,0,0,0,national
2025,VT,50009,,B4TYDEB6GKMZO031MB27,,1,1,0,0.72,1,0,0,0,0,1,0,0,0,0,national
2025,VT,50009,,RVDPPPGHCGZ40J4VQ731,,1,1,0,0.72,0,1,0,0,0,0,1,0,0,0,national
2025,VT,50009,,WWB2V0FCW3A0EE3ZJN75,,1,1,0,0.72,1,0,0,0,0,1,0,0,0,0,national
2025,VT,50009,,X05BVSK68TQ7YTOSNR22,,3,1,2,0.72,3,0,0,0,0,1,0,0,0,0,national
2025,VT,50009,,549300YIQ7S7Z8PIHE53,,6,0,6,0.0,5,1,0,0,0,0,0,0,0,0,national
2025,VT,50011,,549300TLGCPJTEG3WN76,,426,312,21,23.41,426,0,0,0,0,312,0,0,0,0,national
2025,VT,50011,,254900AX2RRO2WMRP742,,225,176,26,13.2,225,0,0,0,0,176,0,0,0,0,national
2025,VT,50011,,5493006WZJUEUK1TVM53,,169,139,11,10.43,166,0,0,3,0,137,0,0,2,0,national
2025,VT,50011,,549300FGXN1K3HLB1R50,,106,80,20,6.0,72,24,10,0,0,56,15,9,0,0,national
2025,VT,50011,,549300I3PFIO81O8JD40,,78,63,5,4.73,70,8,0,0,0,58,5,0,0,0,national
2025,VT,50011,,549300EMNDEK4BA8WB53,,49,44,0,3.3,31,9,9,0,0,27,8,9,0,0,national
2025,VT,50011,,549300T2FOBK6WY4B349,,72,42,7,3.15,72,0,0,0,0,42,0,0,0,0,national
2025,VT,50011,,549300GKFNPRWNS0GF29,,61,37,5,2.78,36,13,5,7,0,23,9,3,2,0,national
2025,VT,50011,,549300DQMFK1KT7KEB48,,32,29,0,2.18,29,0,3,0,0,26,0,3,0,0,national
2025,VT,50011,,5493005RDTT7HVODH436,,40,27,4,2.03,40,0,0,0,0,27,0,0,0,0,national
2025,VT,50011,,549300DD5QQUHO6PCH70,,53,24,5,1.8,3,4,46,0,0,1,3,20,0,0,national
2025,VT,50011,,549300DD4R4SYK5RAQ92,,29,21,3,1.58,18,2,6,3,0,12,0,6,3,0,national
2025,VT,50011,,549300LYRWPSYPK6S325,,40,21,3,1.58,3,13,24,0,0,3,1,17,0,0,national
2025,VT,50011,,549300HW662MN1WU8550,,22,19,1,1.43,5,8,9,0,0,5,8,6,0,0,national
2025,VT,50011,,549300AQ3T62GXDU7D76,,19,18,0,1.35,12,6,0,1,0,11,6,0,1,0,national
2025,VT,50011,,549300E2UX99HKDBR481,,30,18,3,1.35,19,10,1,0,0,11,7,0,0,0,national
2025,VT,50011,,549300XY701IELCE5Q08,,24,17,4,1.28,16,6,2,0,0,11,4,2,0,0,national
2025,VT,50011,,DRMSV1Q0EKMEXLAU1P80,,60,17,32,1.28,60,0,0,0,0,17,0,0,0,0,national
2025,VT,50011,,5493001GDRY0EL7VG372,,17,15,1,1.13,4,0,11,2,0,4,0,10,1,0,national
2025,VT,50011,,WWB2V0FCW3A0EE3ZJN75,,34,14,14,1.05,31,2,1,0,0,12,1,1,0,0,national
2025,VT,50011,,549300MGPZBLQDIL7538,,16,13,1,0.98,13,2,1,0,0,12,0,1,0,0,national
2025,VT,50011,,03D0JEWFDFUS0SEEKG89,,24,12,7,0.9,24,0,0,0,0,12,0,0,0,0,national
2025,VT,50011,,549300FNXYY540N23N64,,37,10,5,0.75,19,7,11,0,0,4,2,4,0,0,national
2025,VT,50011,,RVDPPPGHCGZ40J4VQ731,,30,10,3,0.75,10,11,9,0,0,4,2,4,0,0,national
2025,VT,50011,,549300OPCWU6E72WUT29,,10,8,0,0.6,5,5,0,0,0,4,4,0,0,0,national
2025,VT,50011,,549300OQ3UC55Y6EPP22,,9,8,0,0.6,9,0,0,0,0,8,0,0,0,0,national
2025,VT,50011,,254900UL88QFG0E40516,,18,6,5,0.45,18,0,0,0,0,6,0,0,0,0,national
2025,VT,50011,,5493001WHVQBGRSWEU75,,7,6,1,0.45,2,4,1,0,0,2,3,1,0,0,national
2025,VT,50011,,5493003GQDUH26DNNH17,,18,6,6,0.45,13,0,5,0,0,5,0,1,0,0,national
2025,VT,50011,,549300AG64NHILB7ZP05,,11,6,4,0.45,7,3,1,0,0,3,2,1,0,0,national
2025,VT,50011,,549300NOCASXPA34X033,,10,6,2,0.45,5,3,2,0,0,3,1,2,0,0,national
2025,VT,50011,,549300YIQ7S7Z8PIHE53,,26,6,20,0.45,16,10,0,0,0,4,2,0,0,0,national
2025,VT,50011,,HUX2X73FUCYHUVH1BK78,,12,6,4,0.45,12,0,0,0,0,6,0,0,0,0,national
2025,VT,50011,,254900JKWAH734HBIE78,,6,5,1,0.38,6,0,0,0,0,5,0,0,0,0,national
2025,VT,50011,,549300D7AV8NGI6N3S98,,9,5,1,0.38,9,0,0,0,0,5,0,0,0,0,national
2025,VT,50011,,549300NIQBROW7MLXI19,,5,5,0,0.38,5,0,0,0,0,5,0,0,0,0,national
2025,VT,50011,,549300LBCBNR1OT00651,,11,4,5,0.3,7,3,1,0,0,2,2,0,0,0,national
2025,VT,50011,,549300S5NLOTO329NX77,,5,4,0,0.3,5,0,0,0,0,4,0,0,0,0,national
2025,VT,50011,,6BYL5QZYBDK8S7L73M02,,15,4,10,0.3,15,0,0,0,0,4,0,0,0,0,national
2025,VT,50011,,C5654JQHZUHN0772B561,,4,4,0,0.3,0,0,4,0,0,0,0,4,0,0,national
2025,VT,50011,,2549004FXPNKCLIN8250,,3,3,0,0.23,1,1,1,0,0,1,1,1,0,0,national
2025,VT,50011,,549300BX448ALT10FI43,,5,3,0,0.23,2,0,3,0,0,1,0,2,0,0,national
2025,VT,50011,,549300R9S3MVDV4MGF56,,8,3,5,0.23,2,3,3,0,0,1,0,2,0,0,national
2025,VT,50011,,549300T5QSL6MC8M4D04,,3,3,0,0.23,2,0,1,0,0,2,0,1,0,0,national
2025,VT,50011,,549300XQVJ1XBNFA5536,,7,3,2,0.23,7,0,0,0,0,3,0,0,0,0,national
2025,VT,50011,,AD6GFRVSDT01YPT1CS68,,4,3,0,0.23,4,0,0,0,0,3,0,0,0,0,national
2025,VT,50011,,5493004R22HRZXTXSR64,,2,2,0,0.15,2,0,0,0,0,2,0,0,0,0,national
2025,VT,50011,,5493009BOQDC6PCFR785,,6,2,2,0.15,6,0,0,0,0,2,0,0,0,0,national
2025,VT,50011,,549300F0QYLUOR9SYB86,,2,2,0,0.15,2,0,0,0,0,2,0,0,0,0,national
2025,VT,50011,,549300PQLK8E48ILXV41,,2,2,0,0.15,2,0,0,0,0,2,0,0,0,0,national
2025,VT,50011,,549300RA3E0BUFO7YZ21,,2,2,0,0.15,2,0,0,0,0,2,0,0,0,0,national
2025,VT,50011,,549300XWUSRVVOHPRY47,,2,2,0,0.15,1,1,0,0,0,1,1,0,0,0,national
2025,VT,50011,,7H6GLXDRUGQFU57RNE97,,3,2,0,0.15,3,0,0,0,0,2,0,0,0,0,national
2025,VT,50011,,984500U2F9A83N391A91,,2,2,0,0.15,2,0,0,0,0,2,0,0,0,0,national
2025,VT,50011,,2549001SI0EMFPT39035,,1,1,0,0.08,1,0,0,0,0,1,0,0,0,0,national
2025,VT,50011,,254900HA4DQWAE0W3342,,1,1,0,0.08,0,1,0,0,0,0,1,0,0,0,national
2025,VT,50011,,254900ZFWS2106HWPH46,,1,1,0,0.08,0,0,1,0,0,0,0,1,0,0,national
2025,VT,50011,,5493001JT9MT3Z3Y3M39,,1,1,0,0.08,1,0,0,0,0,1,0,0,0,0,national
2025,VT,50011,,5493002WVA17MT4UFH84,,1,1,0,0.08,1,0,0,0,0,1,0,0,0,0,national
2025,VT,50011,,54930048P8RWCQHQM310,,1,1,0,0.08,1,0,0,0,0,1,0,0,0,0,national
2025,VT,50011,,5493008PQSMR41Y70C36,,2,1,1,0.08,2,0,0,0,0,1,0,0,0,0,national
2025,VT,50011,,5493008SP1FN4D81IS17,,1,1,0,0.08,1,0,0,0,0,1,0,0,0,0,national
2025,VT,50011,,549300AENO88GEUWCZ39,,2,1,0,0.08,2,0,0,0,0,1,0,0,0,0,national
2025,VT,50011,,549300BLL6VL7AXWYP56,,1,1,0,0.08,1,0,0,0,0,1,0,0,0,0,national
2025,VT,50011,,549300C04BJ0G297NC13,,1,1,0,0.08,1,0,0,0,0,1,0,0,0,0,national
2025,VT,50011,,549300GE8KIGZVQV1223,,1,1,0,0.08,1,0,0,0,0,1,0,0,0,0,national
2025,VT,50011,,549300GRGZDEH4ZGQS06,,1,1,0,0.08,1,0,0,0,0,1,0,0,0,0,national
2025,VT,50011,,549300GS0W0TEUQS8571,,1,1,0,0.08,1,0,0,0,0,1,0,0,0,0,national
2025,VT,50011,,549300GWD9H4FQ2VR805,,1,1,0,0.08,1,0,0,0,0,1,0,0,0,0,national
2025,VT,50011,,549300JEBULFT3BSU682,,2,1,0,0.08,2,0,0,0,0,1,0,0,0,0,national
2025,VT,50011,,549300K6K2IS7FRS7S09,,1,1,0,0.08,1,0,0,0,0,1,0,0,0,0,national
2025,VT,50011,,549300KO4HWF5JO6UV73,,2,1,0,0.08,2,0,0,0,0,1,0,0,0,0,national
2025,VT,50011,,549300KTR1JGH3K6LU06,,1,1,0,0.08,1,0,0,0,0,1,0,0,0,0,national
2025,VT,50011,,549300LROQOOQU77WS20,,2,1,0,0.08,2,0,0,0,0,1,0,0,0,0,national
2025,VT,50011,,549300PIL8LFAQ04XC20,,5,1,1,0.08,5,0,0,0,0,1,0,0,0,0,national
2025,VT,50011,,549300REENMLD2RN3W58,,2,1,0,0.08,0,0,2,0,0,0,0,1,0,0,national
2025,VT,50011,,549300S5YL3OH0IVCS62,,2,1,0,0.08,0,2,0,0,0,0,1,0,0,0,national
2025,VT,50011,,549300S8SHBRCI7UU819,,1,1,0,0.08,1,0,0,0,0,1,0,0,0,0,national
2025,VT,50011,,549300VCMRO4ST680C11,,3,1,1,0.08,0,0,3,0,0,0,0,1,0,0,national
2025,VT,50011,,549300VJQJVZKJBDWS17,,1,1,0,0.08,1,0,0,0,0,1,0,0,0,0,national
2025,VT,50011,,549300VQUTI5IU7GXT57,,2,1,1,0.08,0,2,0,0,0,0,1,0,0,0,national
2025,VT,50011,,549300VZVN841I2ILS84,,1,1,0,0.08,1,0,0,0,0,1,0,0,0,0,national
2025,VT,50011,,549300Y5Y88FQLI7VE83,,1,1,0,0.08,1,0,0,0,0,1,0,0,0,0,national
2025,VT,50011,,JJKC32MCHWDI71265Z06,,1,1,0,0.08,1,0,0,0,0,1,0,0,0,0,national
2025,VT,50011,,PAOOWF3GUFM46FBSP561,,1,1,0,0.08,1,0,0,0,0,1,0,0,0,0,national
2025,VT,50011,,Q708HHR4LD2B7XIZNO92,,1,1,0,0.08,1,0,0,0,0,1,0,0,0,0,national
2025,VT,50013,,549300TLGCPJTEG3WN76,,89,63,2,26.81,89,0,0,0,0,63,0,0,0,0,national
2025,VT,50013,,549300T2FOBK6WY4B349,,39,28,5,11.91,39,0,0,0,0,28,0,0,0,0,national
2025,VT,50013,,549300FGXN1K3HLB1R50,,16,12,2,5.11,12,1,3,0,0,9,1,2,0,0,national
2025,VT,50013,,254900AX2RRO2WMRP742,,15,11,1,4.68,15,0,0,0,0,11,0,0,0,0,national
2025,VT,50013,,5493005RDTT7HVODH436,,16,11,2,4.68,16,0,0,0,0,11,0,0,0,0,national
2025,VT,50013,,549300I3PFIO81O8JD40,,12,11,0,4.68,12,0,0,0,0,11,0,0,0,0,national
2025,VT,50013,,549300EMNDEK4BA8WB53,,11,9,0,3.83,8,2,1,0,0,6,2,1,0,0,national
2025,VT,50013,,549300DQMFK1KT7KEB48,,9,7,0,2.98,9,0,0,0,0,7,0,0,0,0,national
2025,VT,50013,,5493006WZJUEUK1TVM53,,10,5,5,2.13,10,0,0,0,0,5,0,0,0,0,national
2025,VT,50013,,549300GKFNPRWNS0GF29,,7,5,0,2.13,6,1,0,0,0,4,1,0,0,0,national
2025,VT,50013,,549300HW662MN1WU8550,,6,5,0,2.13,5,1,0,0,0,4,1,0,0,0,national
2025,VT,50013,,DRMSV1Q0EKMEXLAU1P80,,7,4,3,1.7,7,0,0,0,0,4,0,0,0,0,national
2025,VT,50013,,WWB2V0FCW3A0EE3ZJN75,,9,4,4,1.7,9,0,0,0,0,4,0,0,0,0,national
2025,VT,50013,,03D0JEWFDFUS0SEEKG89,,8,3,1,1.28,8,0,0,0,0,3,0,0,0,0,national
2025,VT,50013,,5493003GQDUH26DNNH17,,6,3,1,1.28,6,0,0,0,0,3,0,0,0,0,national
2025,VT,50013,,549300FNXYY540N23N64,,3,3,0,1.28,0,1,2,0,0,0,1,2,0,0,national
2025,VT,50013,,549300OQ3UC55Y6EPP22,,3,3,0,1.28,3,0,0,0,0,3,0,0,0,0,national
2025,VT,50013,,2549004FXPNKCLIN8250,,2,2,0,0.85,2,0,0,0,0,2,0,0,0,0,national
2025,VT,50013,,549300D7AV8NGI6N3S98,,2,2,0,0.85,2,0,0,0,0,2,0,0,0,0,national
2025,VT,50013,,549300DD4R4SYK5RAQ92,,4,2,1,0.85,4,0,0,0,0,2,0,0,0,0,national
2025,VT,50013,,549300F0QYLUOR9SYB86,,2,2,0,0.85,2,0,0,0,0,2,0,0,0,0,national
2025,VT,50013,,549300NIQBROW7MLXI19,,2,2,0,0.85,2,0,0,0,0,2,0,0,0,0,national
2025,VT,50013,,549300NOCASXPA34X033,,3,2,0,0.85,0,1,2,0,0,0,0,2,0,0,national
2025,VT,50013,,549300U3721PJGQZYY68,,2,2,0,0.85,2,0,0,0,0,2,0,0,0,0,national
2025,VT,50013,,549300XY701IELCE5Q08,,4,2,1,0.85,1,3,0,0,0,1,1,0,0,0,national
2025,VT,50013,,7H6GLXDRUGQFU57RNE97,,3,2,1,0.85,3,0,0,0,0,2,0,0,0,0,national
2025,VT,50013,,E57ODZWZ7FF32TWEFA76,,2,2,0,0.85,2,0,0,0,0,2,0,0,0,0,national
2025,VT,50013,,HUX2X73FUCYHUVH1BK78,,2,2,0,0.85,2,0,0,0,0,2,0,0,0,0,national
2025,VT,50013,,RVDPPPGHCGZ40J4VQ731,,5,2,0,0.85,1,1,3,0,0,1,0,1,0,0,national
2025,VT,50013,,213800XR2TCBQJSF1X93,,1,1,0,0.43,1,0,0,0,0,1,0,0,0,0,national
2025,VT,50013,,2549005SIVTHG14U2905,,1,1,0,0.43,1,0,0,0,0,1,0,0,0,0,national
2025,VT,50013,,254900JKWAH734HBIE78,,1,1,0,0.43,1,0,0,0,0,1,0,0,0,0,national
2025,VT,50013,,5493001WHVQBGRSWEU75,,1,1,0,0.43,0,1,0,0,0,0,1,0,0,0,national
2025,VT,50013,,5493009BOQDC6PCFR785,,3,1,2,0.43,3,0,0,0,0,1,0,0,0,0,national
2025,VT,50013,,549300AG64NHILB7ZP05,,3,1,1,0.43,2,1,0,0,0,0,1,0,0,0,national
2025,VT,50013,,549300AQ3T62GXDU7D76,,2,1,0,0.43,0,2,0,0,0,0,1,0,0,0,national
2025,VT,50013,,549300DD5QQUHO6PCH70,,4,1,0,0.43,0,1,3,0,0,0,0,1,0,0,national
2025,VT,50013,,549300DMHEHNYZ2OLB41,,1,1,0,0.43,1,0,0,0,0,1,0,0,0,0,national
2025,VT,50013,,549300E2UX99HKDBR481,,4,1,0,0.43,2,2,0,0,0,0,1,0,0,0,national
2025,VT,50013,,549300GS0W0TEUQS8571,,1,1,0,0.43,1,0,0,0,0,1,0,0,0,0,national
2025,VT,50013,,549300ISCZS1R0CJMO47,,1,1,0,0.43,1,0,0,0,0,1,0,0,0,0,national
2025,VT,50013,,549300KV83NH6PNL5E48,,1,1,0,0.43,1,0,0,0,0,1,0,0,0,0,national
2025,VT,50013,,549300LBCBNR1OT00651,,1,1,0,0.43,1,0,0,0,0,1,0,0,0,0,national
2025,VT,50013,,549300LYRWPSYPK6S325,,4,1,2,0.43,0,4,0,0,0,0,1,0,0,0,national
2025,VT,50013,,549300MGPZBLQDIL7538,,2,1,1,0.43,2,0,0,0,0,1,0,0,0,0,national
2025,VT,50013,,549300PIL8LFAQ04XC20,,2,1,0,0.43,2,0,0,0,0,1,0,0,0,0,national
2025,VT,50013,,549300Q50XCC0473FG63,,1,1,0,0.43,1,0,0,0,0,1,0,0,0,0,national
2025,VT,50013,,549300S5NLOTO329NX77,,1,1,0,0.43,1,0,0,0,0,1,0,0,0,0,national
2025,VT,50013,,549300VZVN841I2ILS84,,1,1,0,0.43,1,0,0,0,0,1,0,0,0,0,national
2025,VT,50013,,C5654JQHZUHN0772B561,,1,1,0,0.43,1,0,0,0,0,1,0,0,0,0,national
2025,VT,50013,,KB1H1DSPRFMYMCUFXT09,,1,1,0,0.43,1,0,0,0,0,1,0,0,0,0,national
2025,VT,50013,,PINLJ7T7GLTF48NFP863,,1,1,0,0.43,1,0,0,0,0,1,0,0,0,0,national
2025,VT,50013,,ZXMJHJK466PBZTM5F379,,1,1,0,0.43,1,0,0,0,0,1,0,0,0,0,national
2025,VT,50013,,B4TYDEB6GKMZO031MB27,,5,0,1,0.0,5,0,0,0,0,0,0,0,0,0,national
2025,VT,50015,,549300TLGCPJTEG3WN76,,154,105,17,15.77,152,0,1,1,0,105,0,0,0,0,national
2025,VT,50015,,549300T2FOBK6WY4B349,,106,72,9,10.81,106,0,0,0,0,72,0,0,0,0,national
2025,VT,50015,,549300I3PFIO81O8JD40,,84,70,3,10.51,84,0,0,0,0,70,0,0,0,0,national
2025,VT,50015,,254900AX2RRO2WMRP742,,42,36,3,5.41,42,0,0,0,0,36,0,0,0,0,national
2025,VT,50015,,549300AQ3T62GXDU7D76,,39,26,1,3.9,32,5,2,0,0,21,4,1,0,0,national
2025,VT,50015,,549300FGXN1K3HLB1R50,,39,24,8,3.6,31,6,2,0,0,20,2,2,0,0,national
2025,VT,50015,,03D0JEWFDFUS0SEEKG89,,36,21,6,3.15,36,0,0,0,0,21,0,0,0,0,national
2025,VT,50015,,5493005RDTT7HVODH436,,24,19,4,2.85,24,0,0,0,0,19,0,0,0,0,national
2025,VT,50015,,254900JKWAH734HBIE78,,23,18,3,2.7,23,0,0,0,0,18,0,0,0,0,national
2025,VT,50015,,549300EMNDEK4BA8WB53,,24,17,1,2.55,20,3,1,0,0,15,1,1,0,0,national
2025,VT,50015,,549300OQ3UC55Y6EPP22,,19,17,2,2.55,19,0,0,0,0,17,0,0,0,0,national
2025,VT,50015,,549300DQMFK1KT7KEB48,,20,16,0,2.4,20,0,0,0,0,16,0,0,0,0,national
2025,VT,50015,,DRMSV1Q0EKMEXLAU1P80,,36,15,18,2.25,36,0,0,0,0,15,0,0,0,0,national
2025,VT,50015,,WWB2V0FCW3A0EE3ZJN75,,28,13,13,1.95,27,1,0,0,0,12,1,0,0,0,national
2025,VT,50015,,549300GKFNPRWNS0GF29,,16,10,0,1.5,15,1,0,0,0,10,0,0,0,0,national
2025,VT,50015,,549300D7AV8NGI6N3S98,,12,9,1,1.35,12,0,0,0,0,9,0,0,0,0,national
2025,VT,50015,,B4TYDEB6GKMZO031MB27,,13,8,3,1.2,13,0,0,0,0,8,0,0,0,0,national
2025,VT,50015,,549300HW662MN1WU8550,,11,7,1,1.05,8,3,0,0,0,4,3,0,0,0,national
2025,VT,50015,,5493006WZJUEUK1TVM53,,11,6,1,0.9,11,0,0,0,0,6,0,0,0,0,national
2025,VT,50015,,549300AG64NHILB7ZP05,,10,6,2,0.9,9,1,0,0,0,5,1,0,0,0,national
2025,VT,50015,,549300GS0W0TEUQS8571,,6,6,0,0.9,6,0,0,0,0,6,0,0,0,0,national
2025,VT,50015,,549300DD5QQUHO6PCH70,,9,5,1,0.75,0,1,8,0,0,0,0,5,0,0,national
2025,VT,50015,,549300MGPZBLQDIL7538,,5,5,0,0.75,4,1,0,0,0,4,1,0,0,0,national
2025,VT,50015,,549300VMVKSQE1B7DD43,,6,5,0,0.75,6,0,0,0,0,5,0,0,0,0,national
2025,VT,50015,,549300VZVN841I2ILS84,,8,5,1,0.75,7,0,1,0,0,4,0,1,0,0,national
2025,VT,50015,,549300XY701IELCE5Q08,,13,5,5,0.75,10,3,0,0,0,5,0,0,0,0,national
2025,VT,50015,,7H6GLXDRUGQFU57RNE97,,10,5,2,0.75,9,1,0,0,0,4,1,0,0,0,national
2025,VT,50015,,E57ODZWZ7FF32TWEFA76,,5,5,0,0.75,5,0,0,0,0,5,0,0,0,0,national
2025,VT,50015,,549300OPCWU6E72WUT29,,8,4,3,0.6,1,5,2,0,0,1,2,1,0,0,national
2025,VT,50015,,549300UR5AOWTJJ7KZ64,,5,4,0,0.6,5,0,0,0,0,4,0,0,0,0,national
2025,VT,50015,,549300YIQ7S7Z8PIHE53,,12,4,7,0.6,9,2,1,0,0,4,0,0,0,0,national
2025,VT,50015,,6BYL5QZYBDK8S7L73M02,,5,4,1,0.6,5,0,0,0,0,4,0,0,0,0,national
2025,VT,50015,,C5654JQHZUHN0772B561,,5,4,1,0.6,2,0,3,0,0,2,0,2,0,0,national
2025,VT,50015,,54930054ET8KM4O1D485,,4,3,1,0.45,4,0,0,0,0,3,0,0,0,0,national
2025,VT,50015,,549300DD4R4SYK5RAQ92,,3,3,0,0.45,3,0,0,0,0,3,0,0,0,0,national
2025,VT,50015,,549300E2UX99HKDBR481,,12,3,2,0.45,8,4,0,0,0,2,1,0,0,0,national
2025,VT,50015,,549300FK3AFCFVAPH234,,3,3,0,0.45,3,0,0,0,0,3,0,0,0,0,national
2025,VT,50015,,549300FNXYY540N23N64,,14,3,2,0.45,9,5,0,0,0,1,2,0,0,0,national
2025,VT,50015,,549300GWD9H4FQ2VR805,,3,3,0,0.45,3,0,0,0,0,3,0,0,0,0,national
2025,VT,50015,,549300NIQBROW7MLXI19,,3,3,0,0.45,3,0,0,0,0,3,0,0,0,0,national
2025,VT,50015,,549300S5NLOTO329NX77,,4,3,0,0.45,4,0,0,0,0,3,0,0,0,0,national
2025,VT,50015,,RVDPPPGHCGZ40J4VQ731,,7,3,0,0.45,3,2,2,0,0,2,0,1,0,0,national
2025,VT,50015,,2549005FUF02T1IFCA22,,2,2,0,0.3,2,0,0,0,0,2,0,0,0,0,national
2025,VT,50015,,4EP6JBYBTPTQ47LZOB67,,2,2,0,0.3,2,0,0,0,0,2,0,0,0,0,national
2025,VT,50015,,549300F0QYLUOR9SYB86,,2,2,0,0.3,2,0,0,0,0,2,0,0,0,0,national
2025,VT,50015,,549300KO4HWF5JO6UV73,,2,2,0,0.3,2,0,0,0,0,2,0,0,0,0,national
2025,VT,50015,,549300LR1ZETOWYE9Z89,,2,2,0,0.3,2,0,0,0,0,2,0,0,0,0,national
2025,VT,50015,,549300LYRWPSYPK6S325,,15,2,3,0.3,1,11,3,0,0,0,1,1,0,0,national
2025,VT,50015,,549300NOCASXPA34X033,,3,2,1,0.3,1,2,0,0,0,1,1,0,0,0,national
2025,VT,50015,,549300U3721PJGQZYY68,,4,2,0,0.3,4,0,0,0,0,2,0,0,0,0,national
2025,VT,50015,,KB1H1DSPRFMYMCUFXT09,,3,2,0,0.3,3,0,0,0,0,2,0,0,0,0,national
2025,VT,50015,,PINLJ7T7GLTF48NFP863,,2,2,0,0.3,2,0,0,0,0,2,0,0,0,0,national
2025,VT,50015,,213800QUAI2VH5YM6310,,1,1,0,0.15,1,0,0,0,0,1,0,0,0,0,national
2025,VT,50015,,2549001NJY765EZWDI06,,1,1,0,0.15,1,0,0,0,0,1,0,0,0,0,national
2025,VT,50015,,2549001SI0EMFPT39035,,1,1,0,0.15,1,0,0,0,0,1,0,0,0,0,national
2025,VT,50015,,254900DTLHVWQ7NP7R34,,2,1,0,0.15,2,0,0,0,0,1,0,0,0,0,national
2025,VT,50015,,254900EZRN0CBEP77K34,,1,1,0,0.15,1,0,0,0,0,1,0,0,0,0,national
2025,VT,50015,,254900UL88QFG0E40516,,2,1,1,0.15,2,0,0,0,0,1,0,0,0,0,national
2025,VT,50015,,54930001NSTOD85LT125,,1,1,0,0.15,1,0,0,0,0,1,0,0,0,0,national
2025,VT,50015,,5493000GDQJIBPCUBG13,,1,1,0,0.15,1,0,0,0,0,1,0,0,0,0,national
2025,VT,50015,,549300121SF0K2LN2804,,1,1,0,0.15,1,0,0,0,0,1,0,0,0,0,national
2025,VT,50015,,5493001GDRY0EL7VG372,,3,1,0,0.15,0,0,3,0,0,0,0,1,0,0,national
2025,VT,50015,,5493001WHVQBGRSWEU75,,1,1,0,0.15,0,1,0,0,0,0,1,0,0,0,national
2025,VT,50015,,549300370QILXLFUWD20,,2,1,1,0.15,2,0,0,0,0,1,0,0,0,0,national
2025,VT,50015,,5493003GQDUH26DNNH17,,4,1,0,0.15,2,0,2,0,0,1,0,0,0,0,national
2025,VT,50015,,5493005JF6BKCN6OY689,,1,1,0,0.15,1,0,0,0,0,1,0,0,0,0,national
2025,VT,50015,,5493009BOQDC6PCFR785,,2,1,1,0.15,2,0,0,0,0,1,0,0,0,0,national
2025,VT,50015,,549300AENO88GEUWCZ39,,1,1,0,0.15,0,1,0,0,0,0,1,0,0,0,national
2025,VT,50015,,549300AUFLERO59VGC71,,1,1,0,0.15,1,0,0,0,0,1,0,0,0,0,national
2025,VT,50015,,549300C2GTHMQQJ5CS20,,1,1,0,0.15,1,0,0,0,0,1,0,0,0,0,national
2025,VT,50015,,549300CHBB3GN7JFXU86,,1,1,0,0.15,1,0,0,0,0,1,0,0,0,0,national
2025,VT,50015,,549300EE39SNC5DXTC46,,1,1,0,0.15,1,0,0,0,0,1,0,0,0,0,national
2025,VT,50015,,549300FX7K8PTEQUU487,,1,1,0,0.15,0,0,1,0,0,0,0,1,0,0,national
2025,VT,50015,,549300INFJ8TYNZ1G568,,2,1,1,0.15,2,0,0,0,0,1,0,0,0,0,national
2025,VT,50015,,549300J6N77Q8OHYNF23,,1,1,0,0.15,1,0,0,0,0,1,0,0,0,0,national
2025,VT,50015,,549300JEBULFT3BSU682,,1,1,0,0.15,1,0,0,0,0,1,0,0,0,0,national
2025,VT,50015,,549300JPGMCMBEJEK584,,2,1,1,0.15,2,0,0,0,0,1,0,0,0,0,national
2025,VT,50015,,549300KJ8PAJ7E52HG32,,1,1,0,0.15,1,0,0,0,0,1,0,0,0,0,national
2025,VT,50015,,549300LBCBNR1OT00651,,2,1,1,0.15,1,0,1,0,0,1,0,0,0,0,national
2025,VT,50015,,549300LROQOOQU77WS20,,3,1,1,0.15,2,0,1,0,0,1,0,0,0,0,national
2025,VT,50015,,549300MUTFJQGRZJH019,,1,1,0,0.15,1,0,0,0,0,1,0,0,0,0,national
2025,VT,50015,,549300MZ8VZJOVC63092,,1,1,0,0.15,1,0,0,0,0,1,0,0,0,0,national
2025,VT,50015,,549300PIL8LFAQ04XC20,,5,1,4,0.15,5,0,0,0,0,1,0,0,0,0,national
2025,VT,50015,,549300PQLK8E48ILXV41,,1,1,0,0.15,1,0,0,0,0,1,0,0,0,0,national
2025,VT,50015,,549300RPOGWJRH63HS39,,1,1,0,0.15,0,0,1,0,0,0,0,1,0,0,national
2025,VT,50015,,549300T5QSL6MC8M4D04,,1,1,0,0.15,0,1,0,0,0,0,1,0,0,0,national
2025,VT,50015,,549300T61O0X0RJMQ375,,1,1,0,0.15,1,0,0,0,0,1,0,0,0,0,national
2025,VT,50015,,549300T94GSH3C4U5M59,,1,1,0,0.15,1,0,0,0,0,1,0,0,0,0,national
2025,VT,50015,,549300VCMRO4ST680C11,,1,1,0,0.15,0,0,1,0,0,0,0,1,0,0,national
2025,VT,50015,,6PTKHDJ8HDUF78PFWH30,,1,1,0,0.15,1,0,0,0,0,1,0,0,0,0,national
2025,VT,50015,,984500U2F9A83N391A91,,1,1,0,0.15,1,0,0,0,0,1,0,0,0,0,national
2025,VT,50015,,AD6GFRVSDT01YPT1CS68,,1,1,0,0.15,1,0,0,0,0,1,0,0,0,0,national
2025,VT,50015,,HUX2X73FUCYHUVH1BK78,,3,1,2,0.15,3,0,0,0,0,1,0,0,0,0,national
2025,VT,50015,,WV0OVGBTLUP1XIUJE722,,1,1,0,0.15,1,0,0,0,0,1,0,0,0,0,national
2025,VT,50015,,ZXMJHJK466PBZTM5F379,,1,1,0,0.15,1,0,0,0,0,1,0,0,0,0,national
2025,VT,50017,,254900JKWAH734HBIE78,,98,70,17,13.41,98,0,0,0,0,70,0,0,0,0,national
2025,VT,50017,,549300TLGCPJTEG3WN76,,85,62,7,11.88,85,0,0,0,0,62,0,0,0,0,national
2025,VT,50017,,549300EMNDEK4BA8WB53,,46,38,2,7.28,39,4,3,0,0,32,4,2,0,0,national
2025,VT,50017,,549300FGXN1K3HLB1R50,,60,35,15,6.7,43,15,2,0,0,26,8,1,0,0,national
2025,VT,50017,,549300T2FOBK6WY4B349,,53,35,5,6.7,53,0,0,0,0,35,0,0,0,0,national
2025,VT,50017,,549300D7AV8NGI6N3S98,,41,27,6,5.17,40,0,1,0,0,26,0,1,0,0,national
2025,VT,50017,,549300F0QYLUOR9SYB86,,19,19,0,3.64,19,0,0,0,0,19,0,0,0,0,national
2025,VT,50017,,549300VR3QTN4GZYUR03,,40,17,15,3.26,40,0,0,0,0,17,0,0,0,0,national
2025,VT,50017,,DRMSV1Q0EKMEXLAU1P80,,32,17,13,3.26,32,0,0,0,0,17,0,0,0,0,national
2025,VT,50017,,549300DD5QQUHO6PCH70,,26,16,2,3.07,4,3,19,0,0,1,3,12,0,0,national
2025,VT,50017,,549300I3PFIO81O8JD40,,18,14,0,2.68,15,3,0,0,0,12,2,0,0,0,national
2025,VT,50017,,549300KO4HWF5JO6UV73,,15,13,1,2.49,15,0,0,0,0,13,0,0,0,0,national
2025,VT,50017,,549300OQ3UC55Y6EPP22,,14,12,1,2.3,14,0,0,0,0,12,0,0,0,0,national
2025,VT,50017,,5493005RDTT7HVODH436,,26,10,4,1.92,26,0,0,0,0,10,0,0,0,0,national
2025,VT,50017,,549300HW662MN1WU8550,,12,10,1,1.92,8,2,2,0,0,7,2,1,0,0,national
2025,VT,50017,,254900AX2RRO2WMRP742,,15,9,5,1.72,15,0,0,0,0,9,0,0,0,0,national
2025,VT,50017,,549300GKFNPRWNS0GF29,,11,8,0,1.53,6,5,0,0,0,4,4,0,0,0,national
2025,VT,50017,,254900P7WLDQD9IUL038,,14,7,4,1.34,14,0,0,0,0,7,0,0,0,0,national
2025,VT,50017,,549300AG64NHILB7ZP05,,8,7,0,1.34,5,3,0,0,0,5,2,0,0,0,national
2025,VT,50017,,549300DQMFK1KT7KEB48,,8,7,0,1.34,8,0,0,0,0,7,0,0,0,0,national
2025,VT,50017,,549300OPCWU6E72WUT29,,9,6,1,1.15,7,2,0,0,0,4,2,0,0,0,national
2025,VT,50017,,549300E2UX99HKDBR481,,16,5,3,0.96,6,9,1,0,0,2,2,1,0,0,national
2025,VT,50017,,549300LBCBNR1OT00651,,9,5,2,0.96,8,1,0,0,0,5,0,0,0,0,national
2025,VT,50017,,254900UL88QFG0E40516,,12,4,5,0.77,12,0,0,0,0,4,0,0,0,0,national
2025,VT,50017,,549300FNXYY540N23N64,,13,4,4,0.77,7,5,1,0,0,2,1,1,0,0,national
2025,VT,50017,,549300S5NLOTO329NX77,,5,4,0,0.77,5,0,0,0,0,4,0,0,0,0,national
2025,VT,50017,,549300MGPZBLQDIL7538,,4,3,1,0.57,2,1,1,0,0,2,0,1,0,0,national
2025,VT,50017,,B4TYDEB6GKMZO031MB27,,7,3,1,0.57,7,0,0,0,0,3,0,0,0,0,national
2025,VT,50017,,RVDPPPGHCGZ40J4VQ731,,6,3,2,0.57,0,2,4,0,0,0,0,3,0,0,national
2025,VT,50017,,WWB2V0FCW3A0EE3ZJN75,,8,3,3,0.57,8,0,0,0,0,3,0,0,0,0,national
2025,VT,50017,,549300121SF0K2LN2804,,3,2,0,0.38,3,0,0,0,0,2,0,0,0,0,national
2025,VT,50017,,5493003GQDUH26DNNH17,,7,2,1,0.38,4,0,3,0,0,1,0,1,0,0,national
2025,VT,50017,,5493007L4GYNO2PUBS09,,2,2,0,0.38,0,2,0,0,0,0,2,0,0,0,national
2025,VT,50017,,549300NIQBROW7MLXI19,,2,2,0,0.38,2,0,0,0,0,2,0,0,0,0,national
2025,VT,50017,,549300NOCASXPA34X033,,5,2,2,0.38,3,2,0,0,0,0,2,0,0,0,national
2025,VT,50017,,549300R9S3MVDV4MGF56,,6,2,2,0.38,3,2,1,0,0,2,0,0,0,0,national
2025,VT,50017,,549300VZVN841I2ILS84,,7,2,2,0.38,3,2,2,0,0,1,0,1,0,0,national
2025,VT,50017,,549300XY701IELCE5Q08,,8,2,4,0.38,8,0,0,0,0,2,0,0,0,0,national
2025,VT,50017,,549300YIQ7S7Z8PIHE53,,16,2,13,0.38,12,3,1,0,0,2,0,0,0,0,national
2025,VT,50017,,549300YW2UBCMDRMBT48,,3,2,1,0.38,1,2,0,0,0,1,1,0,0,0,national
2025,VT,50017,,549300ZZME37MXI1EF14,,2,2,0,0.38,0,2,0,0,0,0,2,0,0,0,national
2025,VT,50017,,AD6GFRVSDT01YPT1CS68,,2,2,0,0.38,1,1,0,0,0,1,1,0,0,0,national
2025,VT,50017,,03D0JEWFDFUS0SEEKG89,,4,1,3,0.19,4,0,0,0,0,1,0,0,0,0,national
2025,VT,50017,,2549005SIVTHG14U2905,,1,1,0,0.19,1,0,0,0,0,1,0,0,0,0,national
2025,VT,50017,,254900HA4DQWAE0W3342,,1,1,0,0.19,0,1,0,0,0,0,1,0,0,0,national
2025,VT,50017,,54930054ET8KM4O1D485,,3,1,0,0.19,2,0,1,0,0,0,0,1,0,0,national
2025,VT,50017,,54930070JV4STJJ0XS74,,4,1,2,0.19,4,0,0,0,0,1,0,0,0,0,national
2025,VT,50017,,5493009BOQDC6PCFR785,,1,1,0,0.19,1,0,0,0,0,1,0,0,0,0,national
2025,VT,50017,,549300AENO88GEUWCZ39,,1,1,0,0.19,1,0,0,0,0,1,0,0,0,0,national
2025,VT,50017,,549300AQ3T62GXDU7D76,,2,1,0,0.19,1,1,0,0,0,1,0,0,0,0,national
2025,VT,50017,,549300BLL6VL7AXWYP56,,1,1,0,0.19,1,0,0,0,0,1,0,0,0,0,national
2025,VT,50017,,549300BOXNV8VLRBDT24,,1,1,0,0.19,1,0,0,0,0,1,0,0,0,0,national
2025,VT,50017,,549300CHBB3GN7JFXU86,,1,1,0,0.19,1,0,0,0,0,1,0,0,0,0,national
2025,VT,50017,,549300DD4R4SYK5RAQ92,,3,1,1,0.19,3,0,0,0,0,1,0,0,0,0,national
2025,VT,50017,,549300F8C5JA44WNMI75,,2,1,0,0.19,1,1,0,0,0,0,1,0,0,0,national
2025,VT,50017,,549300GRGZDEH4ZGQS06,,1,1,0,0.19,1,0,0,0,0,1,0,0,0,0,national
2025,VT,50017,,549300KT5OWPGQKWUN86,,1,1,0,0.19,1,0,0,0,0,1,0,0,0,0,national
2025,VT,50017,,549300LROQOOQU77WS20,,1,1,0,0.19,1,0,0,0,0,1,0,0,0,0,national
2025,VT,50017,,549300LYRWPSYPK6S325,,5,1,0,0.19,2,1,2,0,0,0,1,0,0,0,national
2025,VT,50017,,549300PIL8LFAQ04XC20,,5,1,3,0.19,5,0,0,0,0,1,0,0,0,0,national
2025,VT,50017,,549300VCMRO4ST680C11,,1,1,0,0.19,0,0,1,0,0,0,0,1,0,0,national
2025,VT,50017,,549300VGMMXKSX821O69,,1,1,0,0.19,1,0,0,0,0,1,0,0,0,0,national
2025,VT,50017,,549300XQVJ1XBNFA5536,,7,1,2,0.19,7,0,0,0,0,1,0,0,0,0,national
2025,VT,50017,,7H6GLXDRUGQFU57RNE97,,3,1,1,0.19,3,0,0,0,0,1,0,0,0,0,national
2025,VT,50017,,KB1H1DSPRFMYMCUFXT09,,5,1,2,0.19,5,0,0,0,0,1,0,0,0,0,national
2025,VT,50017,,LDVFX8JEECFFE8HRWA73,,2,1,0,0.19,2,0,0,0,0,1,0,0,0,0,national
2025,VT,50017,,X05BVSK68TQ7YTOSNR22,,7,1,6,0.19,7,0,0,0,0,1,0,0,0,0,national
2025,VT,50019,,549300T2FOBK6WY4B349,,224,151,19,23.59,224,0,0,0,0,151,0,0,0,0,national
2025,VT,50019,,549300OQ3UC55Y6EPP22,,132,114,8,17.81,131,0,1,0,0,113,0,1,0,0,national
2025,VT,50019,,549300I3PFIO81O8JD40,,87,70,3,10.94,80,6,1,0,0,64,5,1,0,0,national
2025,VT,50019,,549300TLGCPJTEG3WN76,,68,49,6,7.66,68,0,0,0,0,49,0,0,0,0,national
2025,VT,50019,,549300FGXN1K3HLB1R50,,67,39,20,6.09,44,18,5,0,0,26,10,3,0,0,national
2025,VT,50019,,WWB2V0FCW3A0EE3ZJN75,,32,17,13,2.66,31,1,0,0,0,17,0,0,0,0,national
2025,VT,50019,,549300DD5QQUHO6PCH70,,28,15,4,2.34,2,2,24,0,0,2,1,12,0,0,national
2025,VT,50019,,549300XY701IELCE5Q08,,19,15,2,2.34,14,5,0,0,0,11,4,0,0,0,national
2025,VT,50019,,5493005RDTT7HVODH436,,20,14,3,2.19,20,0,0,0,0,14,0,0,0,0,national
2025,VT,50019,,549300DQMFK1KT7KEB48,,15,11,1,1.72,14,0,0,1,0,11,0,0,0,0,national
2025,VT,50019,,254900AX2RRO2WMRP742,,11,10,0,1.56,11,0,0,0,0,10,0,0,0,0,national
2025,VT,50019,,549300AQ3T62GXDU7D76,,9,8,0,1.25,8,1,0,0,0,7,1,0,0,0,national
2025,VT,50019,,549300EMNDEK4BA8WB53,,13,8,0,1.25,10,2,1,0,0,6,1,1,0,0,national
2025,VT,50019,,549300MGPZBLQDIL7538,,9,8,0,1.25,5,2,2,0,0,4,2,2,0,0,national
2025,VT,50019,,03D0JEWFDFUS0SEEKG89,,22,7,7,1.09,22,0,0,0,0,7,0,0,0,0,national
2025,VT,50019,,549300GKFNPRWNS0GF29,,11,7,1,1.09,7,3,0,1,0,3,3,0,1,0,national
2025,VT,50019,,54930049L5WINET09Q97,,8,6,1,0.94,3,5,0,0,0,3,3,0,0,0,national
2025,VT,50019,,DRMSV1Q0EKMEXLAU1P80,,12,6,4,0.94,12,0,0,0,0,6,0,0,0,0,national
2025,VT,50019,,549300E2UX99HKDBR481,,9,5,1,0.78,4,5,0,0,0,4,1,0,0,0,national
2025,VT,50019,,C5654JQHZUHN0772B561,,8,5,3,0.78,4,0,4,0,0,3,0,2,0,0,national
2025,VT,50019,,549300HW662MN1WU8550,,5,4,1,0.62,0,3,2,0,0,0,3,1,0,0,national
2025,VT,50019,,5493003GQDUH26DNNH17,,9,3,1,0.47,6,0,3,0,0,2,0,1,0,0,national
2025,VT,50019,,549300AENO88GEUWCZ39,,7,3,4,0.47,3,3,1,0,0,1,1,1,0,0,national
2025,VT,50019,,549300AG64NHILB7ZP05,,9,3,6,0.47,4,4,1,0,0,1,2,0,0,0,national
2025,VT,50019,,549300ALNLUNS3Y53T24,,5,3,2,0.47,1,4,0,0,0,0,3,0,0,0,national
2025,VT,50019,,549300U3721PJGQZYY68,,3,3,0,0.47,2,1,0,0,0,2,1,0,0,0,national
2025,VT,50019,,549300VZVN841I2ILS84,,7,3,0,0.47,5,1,1,0,0,3,0,0,0,0,national
2025,VT,50019,,7H6GLXDRUGQFU57RNE97,,7,3,1,0.47,6,1,0,0,0,3,0,0,0,0,national
2025,VT,50019,,B4TYDEB6GKMZO031MB27,,7,3,2,0.47,7,0,0,0,0,3,0,0,0,0,national
2025,VT,50019,,5493001WHVQBGRSWEU75,,3,2,1,0.31,0,2,1,0,0,0,1,1,0,0,national
2025,VT,50019,,549300D7AV8NGI6N3S98,,2,2,0,0.31,2,0,0,0,0,2,0,0,0,0,national
2025,VT,50019,,549300FNXYY540N23N64,,11,2,3,0.31,7,3,1,0,0,1,0,1,0,0,national
2025,VT,50019,,549300GS0W0TEUQS8571,,2,2,0,0.31,2,0,0,0,0,2,0,0,0,0,national
2025,VT,50019,,549300LBCBNR1OT00651,,5,2,3,0.31,5,0,0,0,0,2,0,0,0,0,national
2025,VT,50019,,549300LYRWPSYPK6S325,,8,2,0,0.31,0,1,7,0,0,0,0,2,0,0,national
2025,VT,50019,,549300VMVKSQE1B7DD43,,3,2,0,0.31,3,0,0,0,0,2,0,0,0,0,national
2025,VT,50019,,549300YIQ7S7Z8PIHE53,,13,2,10,0.31,9,3,1,0,0,2,0,0,0,0,national
2025,VT,50019,,HUX2X73FUCYHUVH1BK78,,2,2,0,0.31,2,0,0,0,0,2,0,0,0,0,national
2025,VT,50019,,RVDPPPGHCGZ40J4VQ731,,9,2,1,0.31,0,5,4,0,0,0,2,0,0,0,national
2025,VT,50019,,213800XR2TCBQJSF1X93,,2,1,1,0.16,1,1,0,0,0,1,0,0,0,0,national
2025,VT,50019,,254900DTLHVWQ7NP7R34,,1,1,0,0.16,1,0,0,0,0,1,0,0,0,0,national
2025,VT,50019,,254900JKWAH734HBIE78,,1,1,0,0.16,1,0,0,0,0,1,0,0,0,0,national
2025,VT,50019,,254900UL88QFG0E40516,,6,1,3,0.16,6,0,0,0,0,1,0,0,0,0,national
2025,VT,50019,,3Y4U8VZURTYWI1W2K376,,1,1,0,0.16,1,0,0,0,0,1,0,0,0,0,national
2025,VT,50019,,5493001GDRY0EL7VG372,,1,1,0,0.16,0,0,1,0,0,0,0,1,0,0,national
2025,VT,50019,,54930021WPEXNHYZUL09,,1,1,0,0.16,0,0,1,0,0,0,0,1,0,0,national
2025,VT,50019,,5493004R22HRZXTXSR64,,1,1,0,0.16,1,0,0,0,0,1,0,0,0,0,national
2025,VT,50019,,5493004UNRG4PWDF2K60,,1,1,0,0.16,1,0,0,0,0,1,0,0,0,0,national
2025,VT,50019,,54930052M48FOD3CWA54,,2,1,0,0.16,2,0,0,0,0,1,0,0,0,0,national
2025,VT,50019,,54930054ET8KM4O1D485,,5,1,0,0.16,5,0,0,0,0,1,0,0,0,0,national
2025,VT,50019,,5493006WZJUEUK1TVM53,,1,1,0,0.16,1,0,0,0,0,1,0,0,0,0,national
2025,VT,50019,,549300AT7EB9FJAF0E61,,1,1,0,0.16,1,0,0,0,0,1,0,0,0,0,national
2025,VT,50019,,549300DD4R4SYK5RAQ92,,2,1,0,0.16,2,0,0,0,0,1,0,0,0,0,national
2025,VT,50019,,549300GTVXJ2PGXNLM73,,1,1,0,0.16,0,0,1,0,0,0,0,1,0,0,national
2025,VT,50019,,549300INFJ8TYNZ1G568,,1,1,0,0.16,1,0,0,0,0,1,0,0,0,0,national
2025,VT,50019,,549300LLQD0X2OTG0Y27,,1,1,0,0.16,1,0,0,0,0,1,0,0,0,0,national
2025,VT,50019,,549300N38Q5YKSSV1106,,1,1,0,0.16,1,0,0,0,0,1,0,0,0,0,national
2025,VT,50019,,549300NOCASXPA34X033,,1,1,0,0.16,0,1,0,0,0,0,1,0,0,0,national
2025,VT,50019,,549300OPCWU6E72WUT29,,6,1,5,0.16,2,4,0,0,0,0,1,0,0,0,national
2025,VT,50019,,549300R9S3MVDV4MGF56,,2,1,1,0.16,1,1,0,0,0,1,0,0,0,0,national
2025,VT,50019,,549300T94GSH3C4U5M59,,1,1,0,0.16,0,1,0,0,0,0,1,0,0,0,national
2025,VT,50019,,549300VR3QTN4GZYUR03,,1,1,0,0.16,1,0,0,0,0,1,0,0,0,0,national
2025,VT,50019,,549300XQVJ1XBNFA5536,,3,1,1,0.16,3,0,0,0,0,1,0,0,0,0,national
2025,VT,50019,,AD6GFRVSDT01YPT1CS68,,4,1,2,0.16,4,0,0,0,0,1,0,0,0,0,national
2025,VT,50019,,C398JSK21YCXWM603F55,,1,1,0,0.16,0,0,1,0,0,0,0,1,0,0,national
2025,VT,50019,,COOWI3L2W9TPYR3WJX37,,1,1,0,0.16,1,0,0,0,0,1,0,0,0,0,national
2025,VT,50019,,549300PIL8LFAQ04XC20,,5,0,4,0.0,5,0,0,0,0,0,0,0,0,0,national
2025,VT,50019,,6BYL5QZYBDK8S7L73M02,,8,0,7,0.0,8,0,0,0,0,0,0,0,0,0,national
2025,VT,50019,,X05BVSK68TQ7YTOSNR22,,5,0,4,0.0,5,0,0,0,0,0,0,0,0,0,national
2025,VT,50021,,549300TLGCPJTEG3WN76,,182,126,15,12.82,182,0,0,0,0,126,0,0,0,0,national
2025,VT,50021,,549300FGXN1K3HLB1R50,,181,120,34,12.21,119,48,14,0,0,78,30,12,0,0,national
2025,VT,50021,,5493005RDTT7HVODH436,,114,84,15,8.55,114,0,0,0,0,84,0,0,0,0,national
2025,VT,50021,,549300EMNDEK4BA8WB53,,74,63,0,6.41,65,7,2,0,0,55,6,2,0,0,national
2025,VT,50021,,DRMSV1Q0EKMEXLAU1P80,,111,47,46,4.78,109,1,1,0,0,46,1,0,0,0,national
2025,VT,50021,,WWB2V0FCW3A0EE3ZJN75,,66,45,14,4.58,63,2,1,0,0,43,1,1,0,0,national
2025,VT,50021,,549300121SF0K2LN2804,,52,44,2,4.48,43,8,1,0,0,35,8,1,0,0,national
2025,VT,50021,,549300AQ3T62GXDU7D76,,54,41,2,4.17,42,10,2,0,0,32,7,2,0,0,national
2025,VT,50021,,254900JKWAH734HBIE78,,46,31,8,3.15,46,0,0,0,0,31,0,0,0,0,national
2025,VT,50021,,254900AX2RRO2WMRP742,,38,30,5,3.05,38,0,0,0,0,30,0,0,0,0,national
2025,VT,50021,,03D0JEWFDFUS0SEEKG89,,46,22,17,2.24,46,0,0,0,0,22,0,0,0,0,national
2025,VT,50021,,549300DD5QQUHO6PCH70,,39,20,5,2.03,1,4,34,0,0,1,3,16,0,0,national
2025,VT,50021,,549300DQMFK1KT7KEB48,,20,16,0,1.63,18,0,1,1,0,15,0,0,1,0,national
2025,VT,50021,,549300GKFNPRWNS0GF29,,18,15,1,1.53,15,2,1,0,0,12,2,1,0,0,national
2025,VT,50021,,549300VR3QTN4GZYUR03,,29,14,7,1.42,29,0,0,0,0,14,0,0,0,0,national
2025,VT,50021,,549300XQVJ1XBNFA5536,,34,14,8,1.42,34,0,0,0,0,14,0,0,0,0,national
2025,VT,50021,,5493004R22HRZXTXSR64,,18,12,2,1.22,18,0,0,0,0,12,0,0,0,0,national
2025,VT,50021,,549300HW662MN1WU8550,,14,12,0,1.22,8,1,5,0,0,7,1,4,0,0,national
2025,VT,50021,,549300LYRWPSYPK6S325,,17,11,1,1.12,0,10,7,0,0,0,6,5,0,0,national
2025,VT,50021,,549300LBCBNR1OT00651,,13,10,1,1.02,8,3,2,0,0,6,2,2,0,0,national
2025,VT,50021,,549300YIQ7S7Z8PIHE53,,45,9,27,0.92,29,14,2,0,0,5,4,0,0,0,national
2025,VT,50021,,549300E2UX99HKDBR481,,28,8,2,0.81,13,13,1,1,0,1,5,1,1,0,national
2025,VT,50021,,549300FNXYY540N23N64,,31,8,8,0.81,26,2,3,0,0,7,0,1,0,0,national
2025,VT,50021,,B4TYDEB6GKMZO031MB27,,20,7,5,0.71,20,0,0,0,0,7,0,0,0,0,national
2025,VT,50021,,254900UL88QFG0E40516,,28,6,11,0.61,28,0,0,0,0,6,0,0,0,0,national
2025,VT,50021,,5493003GQDUH26DNNH17,,17,6,4,0.61,9,0,8,0,0,2,0,4,0,0,national
2025,VT,50021,,5493009BOQDC6PCFR785,,9,6,2,0.61,9,0,0,0,0,6,0,0,0,0,national
2025,VT,50021,,549300XY701IELCE5Q08,,20,6,6,0.61,15,5,0,0,0,4,2,0,0,0,national
2025,VT,50021,,6BYL5QZYBDK8S7L73M02,,15,6,5,0.61,15,0,0,0,0,6,0,0,0,0,national
2025,VT,50021,,RVDPPPGHCGZ40J4VQ731,,16,6,4,0.61,6,5,5,0,0,2,2,2,0,0,national
2025,VT,50021,,549300I3PFIO81O8JD40,,5,5,0,0.51,4,1,0,0,0,4,1,0,0,0,national
2025,VT,50021,,549300OQ3UC55Y6EPP22,,5,5,0,0.51,5,0,0,0,0,5,0,0,0,0,national
2025,VT,50021,,549300MGPZBLQDIL7538,,6,4,1,0.41,5,1,0,0,0,3,1,0,0,0,national
2025,VT,50021,,549300TR6MWKSIOP3B72,,6,4,1,0.41,6,0,0,0,0,4,0,0,0,0,national
2025,VT,50021,,549300VZVN841I2ILS84,,8,4,1,0.41,7,1,0,0,0,4,0,0,0,0,national
2025,VT,50021,,7H6GLXDRUGQFU57RNE97,,8,4,1,0.41,7,1,0,0,0,4,0,0,0,0,national
2025,VT,50021,,C398JSK21YCXWM603F55,,4,4,0,0.41,0,0,4,0,0,0,0,4,0,0,national
2025,VT,50021,,HUX2X73FUCYHUVH1BK78,,7,4,3,0.41,7,0,0,0,0,4,0,0,0,0,national
2025,VT,50021,,549300AG64NHILB7ZP05,,8,3,3,0.31,5,2,1,0,0,2,1,0,0,0,national
2025,VT,50021,,549300DD4R4SYK5RAQ92,,6,3,0,0.31,6,0,0,0,0,3,0,0,0,0,national
2025,VT,50021,,549300LR1ZETOWYE9Z89,,8,3,4,0.31,8,0,0,0,0,3,0,0,0,0,national
2025,VT,50021,,549300LROQOOQU77WS20,,6,3,1,0.31,6,0,0,0,0,3,0,0,0,0,national
2025,VT,50021,,AD6GFRVSDT01YPT1CS68,,6,3,1,0.31,6,0,0,0,0,3,0,0,0,0,national
2025,VT,50021,,2549004FXPNKCLIN8250,,2,2,0,0.2,2,0,0,0,0,2,0,0,0,0,national
2025,VT,50021,,254900DRSIZBQXDCJ875,,2,2,0,0.2,2,0,0,0,0,2,0,0,0,0,national
2025,VT,50021,,549300370QILXLFUWD20,,3,2,1,0.2,3,0,0,0,0,2,0,0,0,0,national
2025,VT,50021,,549300F0QYLUOR9SYB86,,2,2,0,0.2,2,0,0,0,0,2,0,0,0,0,national
2025,VT,50021,,549300GS0W0TEUQS8571,,2,2,0,0.2,2,0,0,0,0,2,0,0,0,0,national
2025,VT,50021,,549300H12E7AUMUHP294,,2,2,0,0.2,1,1,0,0,0,1,1,0,0,0,national
2025,VT,50021,,549300NOCASXPA34X033,,8,2,2,0.2,4,2,2,0,0,1,1,0,0,0,national
2025,VT,50021,,549300OPCWU6E72WUT29,,8,2,2,0.2,3,5,0,0,0,1,1,0,0,0,national
2025,VT,50021,,549300PIL8LFAQ04XC20,,9,2,3,0.2,9,0,0,0,0,2,0,0,0,0,national
2025,VT,50021,,549300S5YL3OH0IVCS62,,2,2,0,0.2,0,2,0,0,0,0,2,0,0,0,national
2025,VT,50021,,549300T2FOBK6WY4B349,,4,2,1,0.2,4,0,0,0,0,2,0,0,0,0,national
2025,VT,50021,,549300VJQJVZKJBDWS17,,2,2,0,0.2,2,0,0,0,0,2,0,0,0,0,national
2025,VT,50021,,549300XWUSRVVOHPRY47,,4,2,0,0.2,1,3,0,0,0,1,1,0,0,0,national
2025,VT,50021,,C5654JQHZUHN0772B561,,8,2,5,0.2,6,0,2,0,0,2,0,0,0,0,national
2025,VT,50021,,X05BVSK68TQ7YTOSNR22,,11,2,6,0.2,11,0,0,0,0,2,0,0,0,0,national
2025,VT,50021,,2549001SI0EMFPT39035,,1,1,0,0.1,1,0,0,0,0,1,0,0,0,0,national
2025,VT,50021,,2549005FUF02T1IFCA22,,1,1,0,0.1,1,0,0,0,0,1,0,0,0,0,national
2025,VT,50021,,2549008X67CV1MNM7747,,1,1,0,0.1,1,0,0,0,0,1,0,0,0,0,national
2025,VT,50021,,254900CTT87ZKAUTIJ37,,1,1,0,0.1,1,0,0,0,0,1,0,0,0,0,national
2025,VT,50021,,254900E6AIE4Z8YQM970,,3,1,0,0.1,3,0,0,0,0,1,0,0,0,0,national
2025,VT,50021,,254900EKE4KU163TA318,,1,1,0,0.1,1,0,0,0,0,1,0,0,0,0,national
2025,VT,50021,,254900F9ZTVTX763V835,,2,1,0,0.1,2,0,0,0,0,1,0,0,0,0,national
2025,VT,50021,,254900W4EKVR6GZ0KS84,,1,1,0,0.1,1,0,0,0,0,1,0,0,0,0,national
2025,VT,50021,,254900XN7UWEWK13RO81,,1,1,0,0.1,1,0,0,0,0,1,0,0,0,0,national
2025,VT,50021,,54930001NSTOD85LT125,,3,1,0,0.1,3,0,0,0,0,1,0,0,0,0,national
2025,VT,50021,,5493002WVA17MT4UFH84,,1,1,0,0.1,1,0,0,0,0,1,0,0,0,0,national
2025,VT,50021,,5493003B2LEGQHDWRN55,,3,1,2,0.1,3,0,0,0,0,1,0,0,0,0,national
2025,VT,50021,,54930048P8RWCQHQM310,,2,1,1,0.1,2,0,0,0,0,1,0,0,0,0,national
2025,VT,50021,,54930052M48FOD3CWA54,,1,1,0,0.1,1,0,0,0,0,1,0,0,0,0,national
2025,VT,50021,,54930054ET8KM4O1D485,,12,1,0,0.1,10,2,0,0,0,1,0,0,0,0,national
2025,VT,50021,,5493005HTCBH4TWCVM82,,1,1,0,0.1,1,0,0,0,0,1,0,0,0,0,national
2025,VT,50021,,54930078TNN7GKZ7NU89,,1,1,0,0.1,1,0,0,0,0,1,0,0,0,0,national
2025,VT,50021,,5493007CLWQN2S6IZK91,,2,1,0,0.1,0,0,2,0,0,0,0,1,0,0,national
2025,VT,50021,,54930089Y8VTOF8RPD25,,1,1,0,0.1,1,0,0,0,0,1,0,0,0,0,national
2025,VT,50021,,5493008P6YO2KM3EO556,,1,1,0,0.1,1,0,0,0,0,1,0,0,0,0,national
2025,VT,50021,,549300AX5UMUZ61L1X54,,1,1,0,0.1,1,0,0,0,0,1,0,0,0,0,national
2025,VT,50021,,549300D4ZYLSQ5LMTV35,,2,1,0,0.1,2,0,0,0,0,1,0,0,0,0,national
2025,VT,50021,,549300D7AV8NGI6N3S98,,6,1,2,0.1,6,0,0,0,0,1,0,0,0,0,national
2025,VT,50021,,549300ERHDU3FCE3FA33,,1,1,0,0.1,1,0,0,0,0,1,0,0,0,0,national
2025,VT,50021,,549300GCEP3NM7A1X491,,1,1,0,0.1,1,0,0,0,0,1,0,0,0,0,national
2025,VT,50021,,549300GCEUZLVML1J263,,1,1,0,0.1,1,0,0,0,0,1,0,0,0,0,national
2025,VT,50021,,549300GTVXJ2PGXNLM73,,2,1,0,0.1,2,0,0,0,0,1,0,0,0,0,national
2025,VT,50021,,549300JEBULFT3BSU682,,1,1,0,0.1,1,0,0,0,0,1,0,0,0,0,national
2025,VT,50021,,549300KO4HWF5JO6UV73,,2,1,1,0.1,2,0,0,0,0,1,0,0,0,0,national
2025,VT,50021,,549300KTR1JGH3K6LU06,,2,1,0,0.1,2,0,0,0,0,1,0,0,0,0,national
2025,VT,50021,,549300LLESTPOVRG3X73,,1,1,0,0.1,1,0,0,0,0,1,0,0,0,0,national
2025,VT,50021,,549300MHH03ICJYEPE85,,2,1,0,0.1,0,2,0,0,0,0,1,0,0,0,national
2025,VT,50021,,549300MU2YI0HXIT3257,,1,1,0,0.1,1,0,0,0,0,1,0,0,0,0,national
2025,VT,50021,,549300N38Q5YKSSV1106,,1,1,0,0.1,1,0,0,0,0,1,0,0,0,0,national
2025,VT,50021,,549300NFPC3Y4W3Y7R87,,1,1,0,0.1,1,0,0,0,0,1,0,0,0,0,national
2025,VT,50021,,549300NIQBROW7MLXI19,,1,1,0,0.1,1,0,0,0,0,1,0,0,0,0,national
2025,VT,50021,,549300R9S3MVDV4MGF56,,4,1,2,0.1,2,2,0,0,0,1,0,0,0,0,national
2025,VT,50021,,549300RFLICNI75BG067,,1,1,0,0.1,1,0,0,0,0,1,0,0,0,0,national
2025,VT,50021,,549300RYWXR8TL5LIK35,,1,1,0,0.1,1,0,0,0,0,1,0,0,0,0,national
2025,VT,50021,,549300S5NLOTO329NX77,,1,1,0,0.1,1,0,0,0,0,1,0,0,0,0,national
2025,VT,50021,,549300S8SHBRCI7UU819,,1,1,0,0.1,1,0,0,0,0,1,0,0,0,0,national
2025,VT,50021,,549300T3F9S1MKFKHC53,,2,1,0,0.1,2,0,0,0,0,1,0,0,0,0,national
2025,VT,50021,,549300T5QSL6MC8M4D04,,1,1,0,0.1,0,0,1,0,0,0,0,1,0,0,national
2025,VT,50021,,549300T7AIY7RU1YDP31,,1,1,0,0.1,1,0,0,0,0,1,0,0,0,0,national
2025,VT,50021,,549300U3721PJGQZYY68,,9,1,1,0.1,9,0,0,0,0,1,0,0,0,0,national
2025,VT,50021,,549300UR5AOWTJJ7KZ64,,1,1,0,0.1,1,0,0,0,0,1,0,0,0,0,national
2025,VT,50021,,549300UXY7OP0IC38293,,1,1,0,0.1,1,0,0,0,0,1,0,0,0,0,national
2025,VT,50021,,549300VCMRO4ST680C11,,2,1,1,0.1,0,0,2,0,0,0,0,1,0,0,national
2025,VT,50021,,549300VMVKSQE1B7DD43,,2,1,0,0.1,2,0,0,0,0,1,0,0,0,0,national
2025,VT,50021,,549300YV7HFY5MTM2Z65,,2,1,1,0.1,2,0,0,0,0,1,0,0,0,0,national
2025,VT,50021,,549300YW2UBCMDRMBT48,,1,1,0,0.1,0,1,0,0,0,0,1,0,0,0,national
2025,VT,50021,,593C3GZG957YOJPS2Z63,,2,1,0,0.1,2,0,0,0,0,1,0,0,0,0,national
2025,VT,50021,,635400IW1QMK3FNFF894,,1,1,0,0.1,0,1,0,0,0,0,1,0,0,0,national
2025,VT,50021,,984500D092D1E2CYDB19,,1,1,0,0.1,1,0,0,0,0,1,0,0,0,0,national
2025,VT,50021,,984500U2F9A83N391A91,,2,1,1,0.1,2,0,0,0,0,1,0,0,0,0,national
2025,VT,50021,,IUGPUX5LWRZ3B6KIZ697,,1,1,0,0.1,1,0,0,0,0,1,0,0,0,0,national
2025,VT,50021,,JJKC32MCHWDI71265Z06,,2,1,0,0.1,2,0,0,0,0,1,0,0,0,0,national
2025,VT,50021,,KB1H1DSPRFMYMCUFXT09,,5,1,0,0.1,5,0,0,0,0,1,0,0,0,0,national
2025,VT,50021,,PAOOWF3GUFM46FBSP561,,4,1,0,0.1,3,1,0,0,0,1,0,0,0,0,national
2025,VT,50023,,549300TLGCPJTEG3WN76,,470,350,24,25.33,467,0,2,1,0,348,0,2,0,0,national
2025,VT,50023,,549300T2FOBK6WY4B349,,213,128,24,9.26,213,0,0,0,0,128,0,0,0,0,national
2025,VT,50023,,549300D7AV8NGI6N3S98,,144,101,8,7.31,143,0,1,0,0,100,0,1,0,0,national
2025,VT,50023,,549300FGXN1K3HLB1R50,,123,88,27,6.37,97,21,5,0,0,72,12,4,0,0,national
2025,VT,50023,,549300DQMFK1KT7KEB48,,75,66,2,4.78,73,0,2,0,0,64,0,2,0,0,national
2025,VT,50023,,549300I3PFIO81O8JD40,,71,61,2,4.41,70,0,1,0,0,60,0,1,0,0,national
2025,VT,50023,,549300EMNDEK4BA8WB53,,67,56,0,4.05,57,4,6,0,0,46,4,6,0,0,national
2025,VT,50023,,254900AX2RRO2WMRP742,,51,38,8,2.75,51,0,0,0,0,38,0,0,0,0,national
2025,VT,50023,,549300OQ3UC55Y6EPP22,,38,35,1,2.53,37,0,1,0,0,34,0,1,0,0,national
2025,VT,50023,,5493005RDTT7HVODH436,,54,32,11,2.32,54,0,0,0,0,32,0,0,0,0,national
2025,VT,50023,,549300CHBB3GN7JFXU86,,34,28,2,2.03,32,1,1,0,0,27,0,1,0,0,national
2025,VT,50023,,DRMSV1Q0EKMEXLAU1P80,,55,27,22,1.95,54,1,0,0,0,26,1,0,0,0,national
2025,VT,50023,,549300GKFNPRWNS0GF29,,41,26,0,1.88,25,12,2,2,0,13,10,1,2,0,national
2025,VT,50023,,WWB2V0FCW3A0EE3ZJN75,,37,26,5,1.88,35,2,0,0,0,24,2,0,0,0,national
2025,VT,50023,,254900JKWAH734HBIE78,,22,19,2,1.37,22,0,0,0,0,19,0,0,0,0,national
2025,VT,50023,,03D0JEWFDFUS0SEEKG89,,28,15,8,1.09,28,0,0,0,0,15,0,0,0,0,national
2025,VT,50023,,5493003GQDUH26DNNH17,,20,12,3,0.87,13,0,7,0,0,7,0,5,0,0,national
2025,VT,50023,,549300AQ3T62GXDU7D76,,17,12,1,0.87,13,4,0,0,0,10,2,0,0,0,national
2025,VT,50023,,549300F0QYLUOR9SYB86,,14,12,1,0.87,14,0,0,0,0,12,0,0,0,0,national
2025,VT,50023,,549300LYRWPSYPK6S325,,21,12,1,0.87,1,5,15,0,0,0,4,8,0,0,national
2025,VT,50023,,549300MGPZBLQDIL7538,,15,12,2,0.87,9,6,0,0,0,8,4,0,0,0,national
2025,VT,50023,,549300DD5QQUHO6PCH70,,36,11,9,0.8,8,4,24,0,0,0,2,9,0,0,national
2025,VT,50023,,549300XY701IELCE5Q08,,15,11,2,0.8,10,4,1,0,0,6,4,1,0,0,national
2025,VT,50023,,549300FNXYY540N23N64,,32,10,4,0.72,25,4,3,0,0,6,2,2,0,0,national
2025,VT,50023,,549300NIQBROW7MLXI19,,10,10,0,0.72,10,0,0,0,0,10,0,0,0,0,national
2025,VT,50023,,7H6GLXDRUGQFU57RNE97,,10,10,0,0.72,9,0,1,0,0,9,0,1,0,0,national
2025,VT,50023,,5493004R22HRZXTXSR64,,11,9,0,0.65,11,0,0,0,0,9,0,0,0,0,national
2025,VT,50023,,549300HW662MN1WU8550,,13,8,1,0.58,8,2,3,0,0,5,2,1,0,0,national
2025,VT,50023,,549300KO4HWF5JO6UV73,,11,8,3,0.58,11,0,0,0,0,8,0,0,0,0,national
2025,VT,50023,,549300OPCWU6E72WUT29,,15,8,2,0.58,5,10,0,0,0,3,5,0,0,0,national
2025,VT,50023,,6BYL5QZYBDK8S7L73M02,,14,8,5,0.58,13,1,0,0,0,8,0,0,0,0,national
2025,VT,50023,,B4TYDEB6GKMZO031MB27,,16,8,5,0.58,16,0,0,0,0,8,0,0,0,0,national
2025,VT,50023,,C5654JQHZUHN0772B561,,13,8,3,0.58,4,0,9,0,0,2,0,6,0,0,national
2025,VT,50023,,549300AG64NHILB7ZP05,,9,6,2,0.43,5,3,1,0,0,3,2,1,0,0,national
2025,VT,50023,,RVDPPPGHCGZ40J4VQ731,,16,6,3,0.43,5,6,5,0,0,2,3,1,0,0,national
2025,VT,50023,,549300GS0W0TEUQS8571,,6,5,0,0.36,6,0,0,0,0,5,0,0,0,0,national
2025,VT,50023,,549300LBCBNR1OT00651,,10,5,2,0.36,8,1,1,0,0,4,0,1,0,0,national
2025,VT,50023,,549300NOCASXPA34X033,,11,5,5,0.36,4,5,2,0,0,0,4,1,0,0,national
2025,VT,50023,,549300YIQ7S7Z8PIHE53,,13,5,5,0.36,9,3,1,0,0,5,0,0,0,0,national
2025,VT,50023,,254900UL88QFG0E40516,,10,4,5,0.29,10,0,0,0,0,4,0,0,0,0,national
2025,VT,50023,,549300VZVN841I2ILS84,,6,4,0,0.29,6,0,0,0,0,4,0,0,0,0,national
2025,VT,50023,,5493001GDRY0EL7VG372,,3,3,0,0.22,2,1,0,0,0,2,1,0,0,0,national
2025,VT,50023,,549300DD4R4SYK5RAQ92,,4,3,0,0.22,4,0,0,0,0,3,0,0,0,0,national
2025,VT,50023,,549300E2UX99HKDBR481,,11,3,2,0.22,7,4,0,0,0,1,2,0,0,0,national
2025,VT,50023,,549300FK3AFCFVAPH234,,4,3,0,0.22,2,2,0,0,0,2,1,0,0,0,national
2025,VT,50023,,E57ODZWZ7FF32TWEFA76,,4,3,0,0.22,4,0,0,0,0,3,0,0,0,0,national
2025,VT,50023,,254900378RFGMBEKAF12,,2,2,0,0.14,2,0,0,0,0,2,0,0,0,0,national
2025,VT,50023,,5493009BOQDC6PCFR785,,4,2,2,0.14,4,0,0,0,0,2,0,0,0,0,national
2025,VT,50023,,549300PIL8LFAQ04XC20,,9,2,4,0.14,9,0,0,0,0,2,0,0,0,0,national
2025,VT,50023,,549300R9S3MVDV4MGF56,,11,2,7,0.14,5,3,3,0,0,1,0,1,0,0,national
2025,VT,50023,,AD6GFRVSDT01YPT1CS68,,6,2,1,0.14,6,0,0,0,0,2,0,0,0,0,national
2025,VT,50023,,CKVBED0S4DMLKJJ5XH28,,2,2,0,0.14,2,0,0,0,0,2,0,0,0,0,national
2025,VT,50023,,HUX2X73FUCYHUVH1BK78,,2,2,0,0.14,2,0,0,0,0,2,0,0,0,0,national
2025,VT,50023,,PINLJ7T7GLTF48NFP863,,2,2,0,0.14,2,0,0,0,0,2,0,0,0,0,national
2025,VT,50023,,213800XR2TCBQJSF1X93,,1,1,0,0.07,1,0,0,0,0,1,0,0,0,0,national
2025,VT,50023,,2549009X2AG1P20YAJ63,,1,1,0,0.07,1,0,0,0,0,1,0,0,0,0,national
2025,VT,50023,,254900DTLB5WWMBJAD86,,2,1,0,0.07,2,0,0,0,0,1,0,0,0,0,national
2025,VT,50023,,254900IRE136HFEI2562,,1,1,0,0.07,1,0,0,0,0,1,0,0,0,0,national
2025,VT,50023,,54930001NSTOD85LT125,,1,1,0,0.07,1,0,0,0,0,1,0,0,0,0,national
2025,VT,50023,,5493001WHVQBGRSWEU75,,1,1,0,0.07,1,0,0,0,0,1,0,0,0,0,national
2025,VT,50023,,54930021WPEXNHYZUL09,,2,1,1,0.07,0,1,1,0,0,0,0,1,0,0,national
2025,VT,50023,,549300370QILXLFUWD20,,1,1,0,0.07,1,0,0,0,0,1,0,0,0,0,national
2025,VT,50023,,5493003V40VGM7YDFM54,,1,1,0,0.07,0,1,0,0,0,0,1,0,0,0,national
2025,VT,50023,,54930078TNN7GKZ7NU89,,1,1,0,0.07,1,0,0,0,0,1,0,0,0,0,national
2025,VT,50023,,5493007L4GYNO2PUBS09,,1,1,0,0.07,0,1,0,0,0,0,1,0,0,0,national
2025,VT,50023,,54930080168VA6Z8UX21,,1,1,0,0.07,1,0,0,0,0,1,0,0,0,0,national
2025,VT,50023,,5493008PQSMR41Y70C36,,1,1,0,0.07,1,0,0,0,0,1,0,0,0,0,national
2025,VT,50023,,5493008SP1FN4D81IS17,,1,1,0,0.07,1,0,0,0,0,1,0,0,0,0,national
2025,VT,50023,,54930091JQKCU3Z6IP44,,3,1,0,0.07,3,0,0,0,0,1,0,0,0,0,national
2025,VT,50023,,5493009Y8ROUG903AQ21,,1,1,0,0.07,1,0,0,0,0,1,0,0,0,0,national
2025,VT,50023,,549300BX448ALT10FI43,,2,1,0,0.07,0,1,1,0,0,0,1,0,0,0,national
2025,VT,50023,,549300C8GOC4OYUV0Z32,,2,1,0,0.07,2,0,0,0,0,1,0,0,0,0,national
2025,VT,50023,,549300CB67L6KPJLHE19,,2,1,1,0.07,2,0,0,0,0,1,0,0,0,0,national
2025,VT,50023,,549300DAUXQ2DCY4H838,,1,1,0,0.07,1,0,0,0,0,1,0,0,0,0,national
2025,VT,50023,,549300FX7K8PTEQUU487,,1,1,0,0.07,0,0,1,0,0,0,0,1,0,0,national
2025,VT,50023,,549300GWD9H4FQ2VR805,,1,1,0,0.07,1,0,0,0,0,1,0,0,0,0,national
2025,VT,50023,,549300HCNXMTNGIMAR91,,1,1,0,0.07,1,0,0,0,0,1,0,0,0,0,national
2025,VT,50023,,549300JPGMCMBEJEK584,,2,1,1,0.07,2,0,0,0,0,1,0,0,0,0,national
2025,VT,50023,,549300KJ8PAJ7E52HG32,,1,1,0,0.07,1,0,0,0,0,1,0,0,0,0,national
2025,VT,50023,,549300LLESTPOVRG3X73,,2,1,0,0.07,2,0,0,0,0,1,0,0,0,0,national
2025,VT,50023,,549300LLQD0X2OTG0Y27,,1,1,0,0.07,1,0,0,0,0,1,0,0,0,0,national
2025,VT,50023,,549300LROQOOQU77WS20,,4,1,1,0.07,4,0,0,0,0,1,0,0,0,0,national
2025,VT,50023,,549300MHH03ICJYEPE85,,1,1,0,0.07,0,1,0,0,0,0,1,0,0,0,national
2025,VT,50023,,549300PBTV7FCWLSMM53,,1,1,0,0.07,0,1,0,0,0,0,1,0,0,0,national
2025,VT,50023,,549300RFLICNI75BG067,,2,1,0,0.07,2,0,0,0,0,1,0,0,0,0,national
2025,VT,50023,,549300S5NLOTO329NX77,,1,1,0,0.07,1,0,0,0,0,1,0,0,0,0,national
2025,VT,50023,,549300T5QSL6MC8M4D04,,2,1,0,0.07,2,0,0,0,0,1,0,0,0,0,national
2025,VT,50023,,549300U3721PJGQZYY68,,6,1,1,0.07,4,0,2,0,0,1,0,0,0,0,national
2025,VT,50023,,549300UXY7OP0IC38293,,1,1,0,0.07,1,0,0,0,0,1,0,0,0,0,national
2025,VT,50023,,549300VCMRO4ST680C11,,2,1,0,0.07,0,1,1,0,0,0,1,0,0,0,national
2025,VT,50023,,549300VR3QTN4GZYUR03,,1,1,0,0.07,1,0,0,0,0,1,0,0,0,0,national
2025,VT,50023,,549300XQVJ1XBNFA5536,,8,1,5,0.07,8,0,0,0,0,1,0,0,0,0,national
2025,VT,50023,,549300Y5Y88FQLI7VE83,,2,1,1,0.07,2,0,0,0,0,1,0,0,0,0,national
2025,VT,50023,,549300ZTT08EKQRVTR15,,1,1,0,0.07,1,0,0,0,0,1,0,0,0,0,national
2025,VT,50023,,593C3GZG957YOJPS2Z63,,1,1,0,0.07,1,0,0,0,0,1,0,0,0,0,national
2025,VT,50023,,HIDXEG9BLUJZKBGUT764,,1,1,0,0.07,1,0,0,0,0,1,0,0,0,0,national
2025,VT,50023,,KB1H1DSPRFMYMCUFXT09,,1,1,0,0.07,1,0,0,0,0,1,0,0,0,0,national
2025,VT,50023,,PAOOWF3GUFM46FBSP561,,3,1,0,0.07,3,0,0,0,0,1,0,0,0,0,national
2025,VT,50023,,Q708HHR4LD2B7XIZNO92,,2,1,0,0.07,2,0,0,0,0,1,0,0,0,0,national
2025,VT,50023,,X05BVSK68TQ7YTOSNR22,,4,1,2,0.07,4,0,0,0,0,1,0,0,0,0,national
2025,VT,50023,,54930054ET8KM4O1D485,,6,0,0,0.0,6,0,0,0,0,0,0,0,0,0,national
2025,VT,50025,,549300F0QYLUOR9SYB86,,185,177,6,20.51,185,0,0,0,0,177,0,0,0,0,national
2025,VT,50025,,549300FGXN1K3HLB1R50,,95,64,22,7.42,74,15,6,0,0,52,7,5,0,0,national
2025,VT,50025,,549300TLGCPJTEG3WN76,,82,54,8,6.26,82,0,0,0,0,54,0,0,0,0,national
2025,VT,50025,,WWB2V0FCW3A0EE3ZJN75,,92,44,34,5.1,90,2,0,0,0,43,1,0,0,0,national
2025,VT,50025,,254900F9ZTVTX763V835,,58,40,1,4.63,53,2,3,0,0,37,2,1,0,0,national
2025,VT,50025,,549300EMNDEK4BA8WB53,,44,32,2,3.71,39,3,2,0,0,28,2,2,0,0,national
2025,VT,50025,,549300GKFNPRWNS0GF29,,45,29,2,3.36,39,6,0,0,0,23,6,0,0,0,national
2025,VT,50025,,DRMSV1Q0EKMEXLAU1P80,,60,25,29,2.9,60,0,0,0,0,25,0,0,0,0,national
2025,VT,50025,,03D0JEWFDFUS0SEEKG89,,44,23,9,2.67,44,0,0,0,0,23,0,0,0,0,national
2025,VT,50025,,254900JKWAH734HBIE78,,29,19,4,2.2,29,0,0,0,0,19,0,0,0,0,national
2025,VT,50025,,RVDPPPGHCGZ40J4VQ731,,24,16,0,1.85,13,8,3,0,0,10,3,3,0,0,national
2025,VT,50025,,5493005RDTT7HVODH436,,26,15,4,1.74,26,0,0,0,0,15,0,0,0,0,national
2025,VT,50025,,549300U3721PJGQZYY68,,23,14,2,1.62,22,1,0,0,0,13,1,0,0,0,national
2025,VT,50025,,B4TYDEB6GKMZO031MB27,,20,13,6,1.51,20,0,0,0,0,13,0,0,0,0,national
2025,VT,50025,,254900AX2RRO2WMRP742,,17,12,3,1.39,17,0,0,0,0,12,0,0,0,0,national
2025,VT,50025,,7H6GLXDRUGQFU57RNE97,,20,12,3,1.39,20,0,0,0,0,12,0,0,0,0,national
2025,VT,50025,,549300DQMFK1KT7KEB48,,14,11,1,1.27,14,0,0,0,0,11,0,0,0,0,national
2025,VT,50025,,549300T3F9S1MKFKHC53,,13,11,0,1.27,13,0,0,0,0,11,0,0,0,0,national
2025,VT,50025,,549300VZVN841I2ILS84,,17,11,2,1.27,14,2,1,0,0,10,1,0,0,0,national
2025,VT,50025,,549300GS0W0TEUQS8571,,10,10,0,1.16,10,0,0,0,0,10,0,0,0,0,national
2025,VT,50025,,549300DD5QQUHO6PCH70,,22,9,4,1.04,9,0,13,0,0,4,0,5,0,0,national
2025,VT,50025,,549300KJ8PAJ7E52HG32,,13,9,0,1.04,10,0,3,0,0,8,0,1,0,0,national
2025,VT,50025,,6BYL5QZYBDK8S7L73M02,,15,8,5,0.93,15,0,0,0,0,8,0,0,0,0,national
2025,VT,50025,,549300AG64NHILB7ZP05,,8,7,0,0.81,5,3,0,0,0,5,2,0,0,0,national
2025,VT,50025,,549300HW662MN1WU8550,,15,7,3,0.81,12,2,1,0,0,5,1,1,0,0,national
2025,VT,50025,,549300MGPZBLQDIL7538,,16,7,1,0.81,16,0,0,0,0,7,0,0,0,0,national
2025,VT,50025,,5493003GQDUH26DNNH17,,15,6,5,0.7,12,0,3,0,0,5,0,1,0,0,national
2025,VT,50025,,549300E2UX99HKDBR481,,15,5,1,0.58,8,6,1,0,0,2,3,0,0,0,national
2025,VT,50025,,549300KO4HWF5JO6UV73,,5,5,0,0.58,5,0,0,0,0,5,0,0,0,0,national
2025,VT,50025,,549300LYRWPSYPK6S325,,10,5,0,0.58,2,4,4,0,0,1,2,2,0,0,national
2025,VT,50025,,549300OPCWU6E72WUT29,,11,5,3,0.58,3,8,0,0,0,1,4,0,0,0,national
2025,VT,50025,,KB1H1DSPRFMYMCUFXT09,,11,5,1,0.58,11,0,0,0,0,5,0,0,0,0,national
2025,VT,50025,,2549005FUF02T1IFCA22,,4,4,0,0.46,4,0,0,0,0,4,0,0,0,0,national
2025,VT,50025,,5493009BOQDC6PCFR785,,5,4,0,0.46,5,0,0,0,0,4,0,0,0,0,national
2025,VT,50025,,549300AQ3T62GXDU7D76,,9,4,2,0.46,9,0,0,0,0,4,0,0,0,0,national
2025,VT,50025,,549300DAUXQ2DCY4H838,,6,4,2,0.46,6,0,0,0,0,4,0,0,0,0,national
2025,VT,50025,,549300LBCBNR1OT00651,,7,4,1,0.46,7,0,0,0,0,4,0,0,0,0,national
2025,VT,50025,,549300XLRD9QLLJRCB89,,6,4,2,0.46,6,0,0,0,0,4,0,0,0,0,national
2025,VT,50025,,549300YIQ7S7Z8PIHE53,,14,4,8,0.46,8,3,3,0,0,3,1,0,0,0,national
2025,VT,50025,,E57ODZWZ7FF32TWEFA76,,6,4,0,0.46,6,0,0,0,0,4,0,0,0,0,national
2025,VT,50025,,HUX2X73FUCYHUVH1BK78,,9,4,2,0.46,9,0,0,0,0,4,0,0,0,0,national
2025,VT,50025,,254900P7WLDQD9IUL038,,7,3,3,0.35,7,0,0,0,0,3,0,0,0,0,national
2025,VT,50025,,254900UL88QFG0E40516,,10,3,5,0.35,10,0,0,0,0,3,0,0,0,0,national
2025,VT,50025,,549300FK3AFCFVAPH234,,4,3,0,0.35,4,0,0,0,0,3,0,0,0,0,national
2025,VT,50025,,549300FNXYY540N23N64,,16,3,3,0.35,14,0,2,0,0,2,0,1,0,0,national
2025,VT,50025,,549300KTR1JGH3K6LU06,,6,3,2,0.35,6,0,0,0,0,3,0,0,0,0,national
2025,VT,50025,,549300PIL8LFAQ04XC20,,7,3,4,0.35,7,0,0,0,0,3,0,0,0,0,national
2025,VT,50025,,549300S5NLOTO329NX77,,3,3,0,0.35,3,0,0,0,0,3,0,0,0,0,national
2025,VT,50025,,549300VR3QTN4GZYUR03,,3,3,0,0.35,3,0,0,0,0,3,0,0,0,0,national
2025,VT,50025,,C5654JQHZUHN0772B561,,11,3,6,0.35,8,0,3,0,0,2,0,1,0,0,national
2025,VT,50025,,CKVBED0S4DMLKJJ5XH28,,3,3,0,0.35,3,0,0,0,0,3,0,0,0,0,national
2025,VT,50025,,1IE8VN30JCEQV1H4R804,,2,2,0,0.23,2,0,0,0,0,2,0,0,0,0,national
2025,VT,50025,,213800XR2TCBQJSF1X93,,5,2,0,0.23,5,0,0,0,0,2,0,0,0,0,national
2025,VT,50025,,254900E6AIE4Z8YQM970,,4,2,0,0.23,4,0,0,0,0,2,0,0,0,0,national
2025,VT,50025,,5493001WHVQBGRSWEU75,,4,2,2,0.23,3,0,1,0,0,1,0,1,0,0,national
2025,VT,50025,,54930054ET8KM4O1D485,,12,2,3,0.23,10,1,1,0,0,2,0,0,0,0,national
2025,VT,50025,,549300DD4R4SYK5RAQ92,,4,2,2,0.23,4,0,0,0,0,2,0,0,0,0,national
2025,VT,50025,,549300GWD9H4FQ2VR805,,2,2,0,0.23,2,0,0,0,0,2,0,0,0,0,national
2025,VT,50025,,549300L6YKIXOYQ57883,,2,2,0,0.23,2,0,0,0,0,2,0,0,0,0,national
2025,VT,50025,,549300LLESTPOVRG3X73,,3,2,0,0.23,3,0,0,0,0,2,0,0,0,0,national
2025,VT,50025,,549300MUTFJQGRZJH019,,2,2,0,0.23,2,0,0,0,0,2,0,0,0,0,national
2025,VT,50025,,549300R9S3MVDV4MGF56,,3,2,1,0.23,0,3,0,0,0,0,2,0,0,0,national
2025,VT,50025,,549300UR5AOWTJJ7KZ64,,3,2,1,0.23,3,0,0,0,0,2,0,0,0,0,national
2025,VT,50025,,549300UXY7OP0IC38293,,3,2,0,0.23,3,0,0,0,0,2,0,0,0,0,national
2025,VT,50025,,549300VJQJVZKJBDWS17,,2,2,0,0.23,2,0,0,0,0,2,0,0,0,0,national
2025,VT,50025,,549300X7KG2H84UCP685,,2,2,0,0.23,0,2,0,0,0,0,2,0,0,0,national
2025,VT,50025,,549300XY701IELCE5Q08,,14,2,5,0.23,13,1,0,0,0,2,0,0,0,0,national
2025,VT,50025,,549300Y5Y88FQLI7VE83,,2,2,0,0.23,2,0,0,0,0,2,0,0,0,0,national
2025,VT,50025,,AD6GFRVSDT01YPT1CS68,,6,2,1,0.23,6,0,0,0,0,2,0,0,0,0,national
2025,VT,50025,,KI0VI4JRMCIJ329YTN75,,3,2,0,0.23,3,0,0,0,0,2,0,0,0,0,national
2025,VT,50025,,2549001SI0EMFPT39035,,2,1,0,0.12,2,0,0,0,0,1,0,0,0,0,national
2025,VT,50025,,2549005SIVTHG14U2905,,2,1,0,0.12,2,0,0,0,0,1,0,0,0,0,national
2025,VT,50025,,2549006HJBA7HTOZF285,,1,1,0,0.12,1,0,0,0,0,1,0,0,0,0,national
2025,VT,50025,,2549008X67CV1MNM7747,,3,1,0,0.12,3,0,0,0,0,1,0,0,0,0,national
2025,VT,50025,,254900VELJPWWT51WN03,,1,1,0,0.12,1,0,0,0,0,1,0,0,0,0,national
2025,VT,50025,,3Y4U8VZURTYWI1W2K376,,1,1,0,0.12,1,0,0,0,0,1,0,0,0,0,national
2025,VT,50025,,54930001NSTOD85LT125,,1,1,0,0.12,1,0,0,0,0,1,0,0,0,0,national
2025,VT,50025,,5493000IIYWBLONJVJ30,,1,1,0,0.12,1,0,0,0,0,1,0,0,0,0,national
2025,VT,50025,,549300121SF0K2LN2804,,3,1,0,0.12,3,0,0,0,0,1,0,0,0,0,national
2025,VT,50025,,5493001XKL0FTNOJ0866,,2,1,0,0.12,2,0,0,0,0,1,0,0,0,0,national
2025,VT,50025,,5493005DKMV1IHIM8E20,,1,1,0,0.12,1,0,0,0,0,1,0,0,0,0,national
2025,VT,50025,,5493007L4GYNO2PUBS09,,2,1,0,0.12,0,2,0,0,0,0,1,0,0,0,national
2025,VT,50025,,5493008NQVB5ZOWYNU83,,1,1,0,0.12,1,0,0,0,0,1,0,0,0,0,national
2025,VT,50025,,5493008NWHQT1R22C024,,1,1,0,0.12,1,0,0,0,0,1,0,0,0,0,national
2025,VT,50025,,549300AENO88GEUWCZ39,,2,1,0,0.12,2,0,0,0,0,1,0,0,0,0,national
2025,VT,50025,,549300AG10BX85DF5S49,,1,1,0,0.12,1,0,0,0,0,1,0,0,0,0,national
2025,VT,50025,,549300ALNLUNS3Y53T24,,4,1,0,0.12,4,0,0,0,0,1,0,0,0,0,national
2025,VT,50025,,549300GTVXJ2PGXNLM73,,2,1,1,0.12,2,0,0,0,0,1,0,0,0,0,national
2025,VT,50025,,549300HCNXMTNGIMAR91,,3,1,1,0.12,3,0,0,0,0,1,0,0,0,0,national
2025,VT,50025,,549300HTMO7FGRKRLV06,,1,1,0,0.12,1,0,0,0,0,1,0,0,0,0,national
2025,VT,50025,,549300I3PFIO81O8JD40,,1,1,0,0.12,1,0,0,0,0,1,0,0,0,0,national
2025,VT,50025,,549300JPGMCMBEJEK584,,3,1,0,0.12,3,0,0,0,0,1,0,0,0,0,national
2025,VT,50025,,549300KIOYNU323LVJ37,,1,1,0,0.12,1,0,0,0,0,1,0,0,0,0,national
2025,VT,50025,,549300KV83NH6PNL5E48,,1,1,0,0.12,1,0,0,0,0,1,0,0,0,0,national
2025,VT,50025,,549300LR1ZETOWYE9Z89,,1,1,0,0.12,1,0,0,0,0,1,0,0,0,0,national
2025,VT,50025,,549300LROQOOQU77WS20,,2,1,0,0.12,2,0,0,0,0,1,0,0,0,0,national
2025,VT,50025,,549300MQEDQYDJR8CP22,,1,1,0,0.12,1,0,0,0,0,1,0,0,0,0,national
2025,VT,50025,,549300N1R0R39PYT7O68,,1,1,0,0.12,1,0,0,0,0,1,0,0,0,0,national
2025,VT,50025,,549300N38Q5YKSSV1106,,1,1,0,0.12,1,0,0,0,0,1,0,0,0,0,national
2025,VT,50025,,549300NIQBROW7MLXI19,,1,1,0,0.12,1,0,0,0,0,1,0,0,0,0,national
2025,VT,50025,,549300NWBS6MQJX15N44,,1,1,0,0.12,1,0,0,0,0,1,0,0,0,0,national
2025,VT,50025,,549300OQ3UC55Y6EPP22,,1,1,0,0.12,1,0,0,0,0,1,0,0,0,0,national
2025,VT,50025,,549300RA3E0BUFO7YZ21,,2,1,1,0.12,2,0,0,0,0,1,0,0,0,0,national
2025,VT,50025,,549300REENMLD2RN3W58,,1,1,0,0.12,1,0,0,0,0,1,0,0,0,0,national
2025,VT,50025,,549300RFLICNI75BG067,,1,1,0,0.12,1,0,0,0,0,1,0,0,0,0,national
2025,VT,50025,,549300S5YL3OH0IVCS62,,1,1,0,0.12,0,1,0,0,0,0,1,0,0,0,national
2025,VT,50025,,549300T2FOBK6WY4B349,,1,1,0,0.12,1,0,0,0,0,1,0,0,0,0,national
2025,VT,50025,,549300T5QSL6MC8M4D04,,2,1,0,0.12,0,1,1,0,0,0,1,0,0,0,national
2025,VT,50025,,549300T61O0X0RJMQ375,,1,1,0,0.12,1,0,0,0,0,1,0,0,0,0,national
2025,VT,50025,,549300TR6MWKSIOP3B72,,1,1,0,0.12,1,0,0,0,0,1,0,0,0,0,national
2025,VT,50025,,549300VCMRO4ST680C11,,2,1,0,0.12,0,0,2,0,0,0,0,1,0,0,national
2025,VT,50025,,549300XWUSRVVOHPRY47,,2,1,0,0.12,2,0,0,0,0,1,0,0,0,0,national
2025,VT,50025,,549300YIBRM1ZYA6GT07,,1,1,0,0.12,1,0,0,0,0,1,0,0,0,0,national
2025,VT,50025,,549300YS4CB1171BRJ08,,1,1,0,0.12,1,0,0,0,0,1,0,0,0,0,national
2025,VT,50025,,549300YW2UBCMDRMBT48,,1,1,0,0.12,1,0,0,0,0,1,0,0,0,0,national
2025,VT,50025,,549300ZIQ24V0C88AC41,,1,1,0,0.12,1,0,0,0,0,1,0,0,0,0,national
2025,VT,50025,,562V2SM4I80MJO5HYB83,,2,1,1,0.12,2,0,0,0,0,1,0,0,0,0,national
2025,VT,50025,,593C3GZG957YOJPS2Z63,,1,1,0,0.12,1,0,0,0,0,1,0,0,0,0,national
2025,VT,50025,,Q708HHR4LD2B7XIZNO92,,1,1,0,0.12,1,0,0,0,0,1,0,0,0,0,national
2025,VT,50025,,X05BVSK68TQ7YTOSNR22,,6,0,6,0.0,6,0,0,0,0,0,0,0,0,0,national
2025,VT,50027,,254900JKWAH734HBIE78,,386,272,67,20.57,386,0,0,0,0,272,0,0,0,0,national
2025,VT,50027,,549300EMNDEK4BA8WB53,,163,138,3,10.44,140,18,3,2,0,122,12,3,1,0,national
2025,VT,50027,,549300FGXN1K3HLB1R50,,142,96,32,7.26,111,22,9,0,0,76,14,6,0,0,national
2025,VT,50027,,549300F0QYLUOR9SYB86,,71,64,5,4.84,71,0,0,0,0,64,0,0,0,0,national
2025,VT,50027,,DRMSV1Q0EKMEXLAU1P80,,121,62,44,4.69,121,0,0,0,0,62,0,0,0,0,national
2025,VT,50027,,549300TLGCPJTEG3WN76,,78,53,6,4.01,78,0,0,0,0,53,0,0,0,0,national
2025,VT,50027,,WWB2V0FCW3A0EE3ZJN75,,74,38,26,2.87,67,4,3,0,0,33,3,2,0,0,national
2025,VT,50027,,549300KO4HWF5JO6UV73,,34,25,7,1.89,34,0,0,0,0,25,0,0,0,0,national
2025,VT,50027,,549300HW662MN1WU8550,,35,24,7,1.82,27,5,3,0,0,18,3,3,0,0,national
2025,VT,50027,,549300GKFNPRWNS0GF29,,37,23,6,1.74,32,3,0,2,0,20,2,0,1,0,national
2025,VT,50027,,549300VR3QTN4GZYUR03,,36,23,6,1.74,36,0,0,0,0,23,0,0,0,0,national
2025,VT,50027,,549300DD5QQUHO6PCH70,,53,22,10,1.66,5,2,46,0,0,1,1,20,0,0,national
2025,VT,50027,,5493005RDTT7HVODH436,,32,21,4,1.59,32,0,0,0,0,21,0,0,0,0,national
2025,VT,50027,,254900P7WLDQD9IUL038,,32,20,8,1.51,31,0,1,0,0,19,0,1,0,0,national
2025,VT,50027,,549300121SF0K2LN2804,,28,20,3,1.51,22,6,0,0,0,16,4,0,0,0,national
2025,VT,50027,,B4TYDEB6GKMZO031MB27,,38,20,8,1.51,37,1,0,0,0,20,0,0,0,0,national
2025,VT,50027,,7H6GLXDRUGQFU57RNE97,,26,19,0,1.44,26,0,0,0,0,19,0,0,0,0,national
2025,VT,50027,,549300DQMFK1KT7KEB48,,21,16,1,1.21,19,0,0,2,0,14,0,0,2,0,national
2025,VT,50027,,549300U3721PJGQZYY68,,27,16,2,1.21,27,0,0,0,0,16,0,0,0,0,national
2025,VT,50027,,549300MGPZBLQDIL7538,,26,15,5,1.13,19,5,2,0,0,9,4,2,0,0,national
2025,VT,50027,,03D0JEWFDFUS0SEEKG89,,26,13,8,0.98,26,0,0,0,0,13,0,0,0,0,national
2025,VT,50027,,5493003GQDUH26DNNH17,,25,13,3,0.98,21,0,4,0,0,10,0,3,0,0,national
2025,VT,50027,,549300LYRWPSYPK6S325,,27,13,2,0.98,2,15,10,0,0,1,8,4,0,0,national
2025,VT,50027,,549300VZVN841I2ILS84,,23,11,2,0.83,20,3,0,0,0,11,0,0,0,0,national
2025,VT,50027,,549300YIQ7S7Z8PIHE53,,23,11,9,0.83,17,5,1,0,0,7,3,1,0,0,national
2025,VT,50027,,254900AX2RRO2WMRP742,,16,9,6,0.68,16,0,0,0,0,9,0,0,0,0,national
2025,VT,50027,,549300T2FOBK6WY4B349,,14,9,1,0.68,14,0,0,0,0,9,0,0,0,0,national
2025,VT,50027,,54930070JV4STJJ0XS74,,17,8,5,0.61,17,0,0,0,0,8,0,0,0,0,national
2025,VT,50027,,549300AQ3T62GXDU7D76,,8,8,0,0.61,7,0,1,0,0,7,0,1,0,0,national
2025,VT,50027,,549300I3PFIO81O8JD40,,11,8,1,0.61,11,0,0,0,0,8,0,0,0,0,national
2025,VT,50027,,E57ODZWZ7FF32TWEFA76,,10,8,1,0.61,10,0,0,0,0,8,0,0,0,0,national
2025,VT,50027,,KB1H1DSPRFMYMCUFXT09,,12,8,2,0.61,11,0,1,0,0,8,0,0,0,0,national
2025,VT,50027,,54930052M48FOD3CWA54,,10,7,0,0.53,8,2,0,0,0,6,1,0,0,0,national
2025,VT,50027,,5493007L4GYNO2PUBS09,,12,7,1,0.53,1,11,0,0,0,0,7,0,0,0,national
2025,VT,50027,,549300D7AV8NGI6N3S98,,14,7,3,0.53,14,0,0,0,0,7,0,0,0,0,national
2025,VT,50027,,549300F8C5JA44WNMI75,,11,7,0,0.53,6,4,0,1,0,4,2,0,1,0,national
2025,VT,50027,,549300FNXYY540N23N64,,22,7,9,0.53,12,7,3,0,0,4,2,1,0,0,national
2025,VT,50027,,254900UL88QFG0E40516,,25,6,12,0.45,25,0,0,0,0,6,0,0,0,0,national
2025,VT,50027,,549300FK3AFCFVAPH234,,7,6,0,0.45,7,0,0,0,0,6,0,0,0,0,national
2025,VT,50027,,549300OPCWU6E72WUT29,,10,6,0,0.45,4,6,0,0,0,2,4,0,0,0,national
2025,VT,50027,,549300XY701IELCE5Q08,,20,6,8,0.45,19,1,0,0,0,6,0,0,0,0,national
2025,VT,50027,,54930054ET8KM4O1D485,,17,5,0,0.38,17,0,0,0,0,5,0,0,0,0,national
2025,VT,50027,,549300GS0W0TEUQS8571,,6,5,0,0.38,6,0,0,0,0,5,0,0,0,0,national
2025,VT,50027,,549300LBCBNR1OT00651,,6,5,0,0.38,4,0,2,0,0,3,0,2,0,0,national
2025,VT,50027,,549300LR1ZETOWYE9Z89,,7,5,1,0.38,7,0,0,0,0,5,0,0,0,0,national
2025,VT,50027,,549300OQ3UC55Y6EPP22,,7,5,0,0.38,7,0,0,0,0,5,0,0,0,0,national
2025,VT,50027,,RVDPPPGHCGZ40J4VQ731,,15,5,2,0.38,3,7,5,0,0,2,1,2,0,0,national
2025,VT,50027,,254900F9ZTVTX763V835,,5,4,0,0.3,5,0,0,0,0,4,0,0,0,0,national
2025,VT,50027,,549300AG64NHILB7ZP05,,12,4,7,0.3,4,6,2,0,0,2,0,2,0,0,national
2025,VT,50027,,549300E2UX99HKDBR481,,27,4,4,0.3,17,9,1,0,0,3,1,0,0,0,national
2025,VT,50027,,549300PIL8LFAQ04XC20,,12,4,7,0.3,12,0,0,0,0,4,0,0,0,0,national
2025,VT,50027,,549300XQVJ1XBNFA5536,,16,4,5,0.3,16,0,0,0,0,4,0,0,0,0,national
2025,VT,50027,,549300C8GOC4OYUV0Z32,,4,3,0,0.23,4,0,0,0,0,3,0,0,0,0,national
2025,VT,50027,,549300DAUXQ2DCY4H838,,4,3,0,0.23,3,0,1,0,0,3,0,0,0,0,national
2025,VT,50027,,549300DD4R4SYK5RAQ92,,5,3,0,0.23,5,0,0,0,0,3,0,0,0,0,national
2025,VT,50027,,549300MHH03ICJYEPE85,,3,3,0,0.23,0,3,0,0,0,0,3,0,0,0,national
2025,VT,50027,,549300S5NLOTO329NX77,,3,3,0,0.23,3,0,0,0,0,3,0,0,0,0,national
2025,VT,50027,,6BYL5QZYBDK8S7L73M02,,12,3,8,0.23,12,0,0,0,0,3,0,0,0,0,national
2025,VT,50027,,AD6GFRVSDT01YPT1CS68,,3,3,0,0.23,2,1,0,0,0,2,1,0,0,0,national
2025,VT,50027,,C5654JQHZUHN0772B561,,8,3,3,0.23,6,0,2,0,0,3,0,0,0,0,national
2025,VT,50027,,HUX2X73FUCYHUVH1BK78,,6,3,2,0.23,6,0,0,0,0,3,0,0,0,0,national
2025,VT,50027,,254900E6AIE4Z8YQM970,,2,2,0,0.15,2,0,0,0,0,2,0,0,0,0,national
2025,VT,50027,,254900HA4DQWAE0W3342,,2,2,0,0.15,0,2,0,0,0,0,2,0,0,0,national
2025,VT,50027,,4EP6JBYBTPTQ47LZOB67,,3,2,0,0.15,3,0,0,0,0,2,0,0,0,0,national
2025,VT,50027,,5493001X0T84TYRJ5Y59,,2,2,0,0.15,2,0,0,0,0,2,0,0,0,0,national
2025,VT,50027,,5493007H0KZ81N1H6352,,3,2,0,0.15,3,0,0,0,0,2,0,0,0,0,national
2025,VT,50027,,549300GRGZDEH4ZGQS06,,2,2,0,0.15,2,0,0,0,0,2,0,0,0,0,national
2025,VT,50027,,549300KTR1JGH3K6LU06,,2,2,0,0.15,2,0,0,0,0,2,0,0,0,0,national
2025,VT,50027,,549300N38Q5YKSSV1106,,2,2,0,0.15,2,0,0,0,0,2,0,0,0,0,national
2025,VT,50027,,549300NIQBROW7MLXI19,,2,2,0,0.15,2,0,0,0,0,2,0,0,0,0,national
2025,VT,50027,,549300R9S3MVDV4MGF56,,6,2,1,0.15,2,2,2,0,0,0,2,0,0,0,national
2025,VT,50027,,549300T3F9S1MKFKHC53,,3,2,0,0.15,2,0,1,0,0,1,0,1,0,0,national
2025,VT,50027,,549300T94GSH3C4U5M59,,5,2,0,0.15,5,0,0,0,0,2,0,0,0,0,national
2025,VT,50027,,549300VORTI31GZTJL53,,2,2,0,0.15,2,0,0,0,0,2,0,0,0,0,national
2025,VT,50027,,593C3GZG957YOJPS2Z63,,4,2,0,0.15,4,0,0,0,0,2,0,0,0,0,national
2025,VT,50027,,2549004Z576VEJBK3N72,,1,1,0,0.08,1,0,0,0,0,1,0,0,0,0,national
2025,VT,50027,,254900EZRN0CBEP77K34,,1,1,0,0.08,1,0,0,0,0,1,0,0,0,0,national
2025,VT,50027,,254900IRE136HFEI2562,,1,1,0,0.08,1,0,0,0,0,1,0,0,0,0,national
2025,VT,50027,,254900VELJPWWT51WN03,,1,1,0,0.08,1,0,0,0,0,1,0,0,0,0,national
2025,VT,50027,,5493000GQWJTTR0TEH83,,1,1,0,0.08,1,0,0,0,0,1,0,0,0,0,national
2025,VT,50027,,5493001XKL0FTNOJ0866,,2,1,0,0.08,1,1,0,0,0,1,0,0,0,0,national
2025,VT,50027,,549300370QILXLFUWD20,,2,1,0,0.08,2,0,0,0,0,1,0,0,0,0,national
2025,VT,50027,,5493003B2LEGQHDWRN55,,1,1,0,0.08,1,0,0,0,0,1,0,0,0,0,national
2025,VT,50027,,54930048P8RWCQHQM310,,1,1,0,0.08,1,0,0,0,0,1,0,0,0,0,national
2025,VT,50027,,5493004AS1SPBQOFDR49,,1,1,0,0.08,1,0,0,0,0,1,0,0,0,0,national
2025,VT,50027,,5493004R22HRZXTXSR64,,2,1,0,0.08,2,0,0,0,0,1,0,0,0,0,national
2025,VT,50027,,5493005PKOSG7MYX0B34,,1,1,0,0.08,1,0,0,0,0,1,0,0,0,0,national
2025,VT,50027,,5493006TJ2N1MYD0XD45,,1,1,0,0.08,1,0,0,0,0,1,0,0,0,0,national
2025,VT,50027,,5493007CLWQN2S6IZK91,,1,1,0,0.08,0,0,1,0,0,0,0,1,0,0,national
2025,VT,50027,,5493008NWHQT1R22C024,,1,1,0,0.08,1,0,0,0,0,1,0,0,0,0,national
2025,VT,50027,,549300BX448ALT10FI43,,4,1,1,0.08,1,0,3,0,0,1,0,0,0,0,national
2025,VT,50027,,549300GWD9H4FQ2VR805,,3,1,0,0.08,3,0,0,0,0,1,0,0,0,0,national
2025,VT,50027,,549300HRLROF7PLJ6735,,1,1,0,0.08,1,0,0,0,0,1,0,0,0,0,national
2025,VT,50027,,549300INFJ8TYNZ1G568,,2,1,1,0.08,2,0,0,0,0,1,0,0,0,0,national
2025,VT,50027,,549300J5W91RLNLMTL86,,1,1,0,0.08,1,0,0,0,0,1,0,0,0,0,national
2025,VT,50027,,549300JD1162QW84ZO34,,1,1,0,0.08,1,0,0,0,0,1,0,0,0,0,national
2025,VT,50027,,549300JEBULFT3BSU682,,1,1,0,0.08,1,0,0,0,0,1,0,0,0,0,national
2025,VT,50027,,549300JPGMCMBEJEK584,,2,1,1,0.08,2,0,0,0,0,1,0,0,0,0,national
2025,VT,50027,,549300JXG84BHZE66C26,,1,1,0,0.08,1,0,0,0,0,1,0,0,0,0,national
2025,VT,50027,,549300JYXTZDSPJEPI44,,2,1,1,0.08,1,1,0,0,0,1,0,0,0,0,national
2025,VT,50027,,549300K6K2IS7FRS7S09,,1,1,0,0.08,1,0,0,0,0,1,0,0,0,0,national
2025,VT,50027,,549300KIOYNU323LVJ37,,1,1,0,0.08,0,1,0,0,0,0,1,0,0,0,national
2025,VT,50027,,549300KJ8PAJ7E52HG32,,1,1,0,0.08,1,0,0,0,0,1,0,0,0,0,national
2025,VT,50027,,549300KUIZTYQRC0R888,,1,1,0,0.08,1,0,0,0,0,1,0,0,0,0,national
2025,VT,50027,,549300LROQOOQU77WS20,,4,1,0,0.08,4,0,0,0,0,1,0,0,0,0,national
2025,VT,50027,,549300MCIFZSDHUT8X63,,1,1,0,0.08,1,0,0,0,0,1,0,0,0,0,national
2025,VT,50027,,549300NOCASXPA34X033,,6,1,3,0.08,4,1,1,0,0,0,0,1,0,0,national
2025,VT,50027,,549300T5QSL6MC8M4D04,,2,1,0,0.08,0,2,0,0,0,0,1,0,0,0,national
2025,VT,50027,,549300T9P3WXNMXX0I34,,3,1,0,0.08,2,0,1,0,0,1,0,0,0,0,national
2025,VT,50027,,549300TR6MWKSIOP3B72,,4,1,2,0.08,4,0,0,0,0,1,0,0,0,0,national
2025,VT,50027,,549300TTPRGSP8DGY569,,1,1,0,0.08,1,0,0,0,0,1,0,0,0,0,national
2025,VT,50027,,549300UF3FPC7U6RFC59,,1,1,0,0.08,1,0,0,0,0,1,0,0,0,0,national
2025,VT,50027,,549300UXY7OP0IC38293,,1,1,0,0.08,1,0,0,0,0,1,0,0,0,0,national
2025,VT,50027,,549300VMVKSQE1B7DD43,,3,1,1,0.08,3,0,0,0,0,1,0,0,0,0,national
2025,VT,50027,,549300VUC1HUFKVPE720,,1,1,0,0.08,1,0,0,0,0,1,0,0,0,0,national
2025,VT,50027,,549300YOEBGKPKU43Q28,,1,1,0,0.08,1,0,0,0,0,1,0,0,0,0,national
2025,VT,50027,,549300YW2UBCMDRMBT48,,2,1,0,0.08,1,0,1,0,0,1,0,0,0,0,national
2025,VT,50027,,6PTKHDJ8HDUF78PFWH30,,1,1,0,0.08,1,0,0,0,0,1,0,0,0,0,national
2025,VT,50027,,CKVBED0S4DMLKJJ5XH28,,1,1,0,0.08,1,0,0,0,0,1,0,0,0,0,national
2025,VT,50027,,IUGPUX5LWRZ3B6KIZ697,,2,1,0,0.08,2,0,0,0,0,1,0,0,0,0,national
2025,VT,50027,,KI0VI4JRMCIJ329YTN75,,1,1,0,0.08,1,0,0,0,0,1,0,0,0,0,national
2025,VT,50027,,L9VVX1KT5TFTKS0MLF66,,1,1,0,0.08,1,0,0,0,0,1,0,0,0,0,national
2025,VT,50027,,PINLJ7T7GLTF48NFP863,,1,1,0,0.08,1,0,0,0,0,1,0,0,0,0,national
2025,VT,50027,,SS1TRMSN6BRNMOREEV51,,1,1,0,0.08,1,0,0,0,0,1,0,0,0,0,national
2025,VT,50027,,U9WBLC3ZT2VBJSNY2Y81,,1,1,0,0.08,1,0,0,0,0,1,0,0,0,0,national
2025,VT,50027,,WV0OVGBTLUP1XIUJE722,,2,1,0,0.08,2,0,0,0,0,1,0,0,0,0,national
2025,VT,50027,,ZXMJHJK466PBZTM5F379,,1,1,0,0.08,1,0,0,0,0,1,0,0,0,0,national
2025,VT,50027,,X05BVSK68TQ7YTOSNR22,,14,0,7,0.0,14,0,0,0,0,0,0,0,0,0,national
