lei,institution_name_hmda,nmls_id,our_lender_slug,legal_name,match_confidence,match_method,virginia_originations,florida_originations,total_originations,priority_match,notes
549300FGXN1K3HLB1R50,"Rocket Mortgage, LLC",3030,rocket-mortgage,"Rocket Mortgage, LLC",high,reuse_prior_state_curated_lei+curated_lei_public_nmls,14489,31530,14489,high,reuse_prior_state_curated_lei map for VA activity (14489 VA originations); slug=rocket-mortgage.
549300HW662MN1WU8550,"United Wholesale Mortgage, LLC",3038,united-wholesale-mortgage,"United Wholesale Mortgage, LLC",high,reuse_prior_state_curated_lei+curated_lei_public_nmls,10136,49897,10136,high,reuse_prior_state_curated_lei map for VA activity (10136 VA originations); slug=united-wholesale-mortgage.
5493003GQDUH26DNNH17,Navy Federal Credit Union,399807,navy-federal-jacksonville,Navy Federal Credit Union (Jacksonville Area),high,reuse_prior_state_curated_lei+curated_lei+directory_name,9684,8416,9684,high,reuse_prior_state_curated_lei map for VA activity (9684 VA originations); slug=navy-federal-jacksonville.
JJKC32MCHWDI71265Z06,Truist Bank,405457,truist-bank,Truist Bank,high,reuse_prior_state_curated_lei+curated_lei_public_nmls,6374,6117,6374,high,reuse_prior_state_curated_lei map for VA activity (6374 VA originations); slug=truist-bank.
549300DD5QQUHO6PCH70,"Movement Mortgage, LLC",39179,movement-mortgage-myrtle-beach,Movement Mortgage — Myrtle Beach,high,reuse_prior_state_curated_lei+curated_lei+directory_name,4500,5506,4500,high,reuse_prior_state_curated_lei map for VA activity (4500 VA originations); slug=movement-mortgage-myrtle-beach.
549300DD4R4SYK5RAQ92,"Cardinal Financial Company, Limited Partnership",66247,cardinal-financial,"Cardinal Financial Company, Limited Partnership",high,reuse_prior_state_curated_lei+curated_lei_public_nmls,4339,4122,4339,high,reuse_prior_state_curated_lei map for VA activity (4339 VA originations); slug=cardinal-financial.
RVDPPPGHCGZ40J4VQ731,Fairway Independent Mortgage Corporation,2909,fairway-mortgage-augusta-sheppard,Fairway Independent Mortgage — Augusta (Sheppard Team),high,reuse_prior_state_curated_lei+curated_lei+directory_name,4338,9704,4338,high,reuse_prior_state_curated_lei map for VA activity (4338 VA originations); slug=fairway-mortgage-augusta-sheppard.
549300RWXUAFD1WAE410,"ATLANTIC BAY MORTGAGE GROUP, L.L.C.",72043,atlantic-bay-mortgage-charleston,"Atlantic Bay Mortgage Group, L.L.C.",high,reuse_prior_state_curated_lei+reuse_prior_state_curated_lei+sc_curated+sc_curated_gleif+public_nmls+sc_directory,4244,0,4244,high,reuse_prior_state_curated_lei map for VA activity (4244 VA originations); slug=atlantic-bay-mortgage-charleston.
549300LYRWPSYPK6S325,Guild Mortgage Company LLC,3274,guild-mortgage-metrowest,Guild Mortgage (West Valley Branches),high,reuse_prior_state_curated_lei+curated_lei+directory_name,3646,5374,3646,high,reuse_prior_state_curated_lei map for VA activity (3646 VA originations); slug=guild-mortgage-metrowest.
5493009LKZIV63KY6458,VIRGINIA FEDERAL CREDIT UNION,407552,virginia-credit-union,Virginia Credit Union (Virginia Federal Credit Union),high,va_md_curated+va_md_deepen_gleif+public_nmls,3576,0,3576,high,va_md_curated map for VA activity (3576 VA originations); slug=virginia-credit-union.
54930095UWUUXAWASB02,"Atlantic Coast Mortgage, LLC",643114,atlantic-coast-mortgage,"Atlantic Coast Mortgage, LLC",high,reuse_prior_state_curated_lei+va_md_curated+va_md_curated_gleif+public_nmls,3458,0,3458,high,reuse_prior_state_curated_lei map for VA activity (3458 VA originations); slug=atlantic-coast-mortgage.
549300ZTT08EKQRVTR15,Atlantic Union Bank,551889,atlantic-union-bank,Atlantic Union Bank,high,reuse_prior_state_curated_lei+va_md_curated+va_md_curated_gleif+public_nmls,3237,0,3237,high,reuse_prior_state_curated_lei map for VA activity (3237 VA originations); slug=atlantic-union-bank.
549300VZVN841I2ILS84,Freedom Mortgage Corporation,2767,freedom-mortgage,Freedom Mortgage Corporation,high,reuse_prior_state_curated_lei+curated_lei_public_nmls,2938,11987,2938,high,reuse_prior_state_curated_lei map for VA activity (2938 VA originations); slug=freedom-mortgage.
549300KBWX4NV5Q1E376,"NVR Mortgage Finance, Inc.",1127,nvr-mortgage,"NVR Mortgage Finance, Inc.",high,reuse_prior_state_curated_lei+reuse_prior_state_curated_lei+sc_curated+sc_curated_gleif+public_nmls,2711,0,2711,high,reuse_prior_state_curated_lei map for VA activity (2711 VA originations); slug=nvr-mortgage.
549300CHR7TPQ6LLXG47,LANGLEY FEDERAL CREDIT UNION,402897,langley-federal-credit-union,Langley Federal Credit Union,high,va_md_curated+va_md_deepen_gleif+public_nmls,2701,0,2701,high,va_md_curated map for VA activity (2701 VA originations); slug=langley-federal-credit-union.
B4TYDEB6GKMZO031MB27,"Guaranteed Rate, Inc.",2611,guaranteed-rate,"Guaranteed Rate, Inc.",high,reuse_prior_state_curated_lei+curated_lei_public_nmls,2688,7938,2688,high,reuse_prior_state_curated_lei map for VA activity (2688 VA originations); slug=guaranteed-rate.
549300RYBJHWWDENV610,Alcova Mortgage LLC,40508,alcova-mortgage,Alcova Mortgage LLC,high,reuse_prior_state_curated_lei+va_md_curated+va_md_curated_gleif+public_nmls,2663,0,2663,high,reuse_prior_state_curated_lei map for VA activity (2663 VA originations); slug=alcova-mortgage.
549300EM8ID8J7F8OM55,"First Heritage Mortgage, LLC",86548,first-heritage-mortgage,"First Heritage Mortgage, LLC",high,reuse_prior_state_curated_lei+reuse_prior_state_curated_lei+sc_curated+sc_curated_gleif+public_nmls,2637,0,2637,high,reuse_prior_state_curated_lei map for VA activity (2637 VA originations); slug=first-heritage-mortgage.
549300F8C5JA44WNMI75,AMERICAN NEIGHBORHOOD MORTGAGE ACCEPTANCE COMPANY LLC,338923,anniemac-home-mortgage,American Neighborhood Mortgage Acceptance Company LLC (dba AnnieMac),high,reuse_prior_state_curated_lei+reuse_prior_state_curated_lei+nj_curated+nj_curated_gleif+public_nmls,2520,0,2520,high,reuse_prior_state_curated_lei map for VA activity (2520 VA originations); slug=anniemac-home-mortgage.
549300GKFNPRWNS0GF29,"AmeriHome Mortgage Company, LLC",1120271,amerihome-mortgage,"AmeriHome Mortgage Company, LLC",high,reuse_prior_state_curated_lei+curated_lei_public_nmls,2325,4388,2325,high,reuse_prior_state_curated_lei map for VA activity (2325 VA originations); slug=amerihome-mortgage.
549300AG64NHILB7ZP05,"PennyMac Loan Services, LLC",35953,pennymac,"PennyMac Loan Services, LLC",high,reuse_prior_state_curated_lei+curated_lei_public_nmls,2215,7460,2215,high,reuse_prior_state_curated_lei map for VA activity (2215 VA originations); slug=pennymac.
549300FNXYY540N23N64,Newrez LLC,2289,newrez,Newrez LLC,high,reuse_prior_state_curated_lei+curated_lei_public_nmls,2175,5643,2175,high,reuse_prior_state_curated_lei map for VA activity (2175 VA originations); slug=newrez.
5493005PKOSG7MYX0B34,"Prosperity Home Mortgage, LLC",75164,prosperity-home-mortgage,"Prosperity Home Mortgage, LLC",high,reuse_prior_state_curated_lei+reuse_fl_tx_ga_ca_nc_sc_nj_ny_curated_lei+nj_curated+nj_curated_gleif+public_nmls,2141,0,2141,high,reuse_prior_state_curated_lei map for VA activity (2141 VA originations); slug=prosperity-home-mortgage.
54930039UO39UJGI7078,TowneBank,512138,townebank,TowneBank / TowneBank Mortgage,high,reuse_prior_state_curated_lei+va_md_curated+va_md_curated_gleif+public_nmls,2077,0,2077,high,reuse_prior_state_curated_lei map for VA activity (2077 VA originations); slug=townebank.
549300LBCBNR1OT00651,NATIONSTAR MORTGAGE LLC,2104,mr-cooper,Nationstar Mortgage LLC,high,reuse_prior_state_curated_lei+curated_lei_public_nmls,1764,3546,1764,high,reuse_prior_state_curated_lei map for VA activity (1764 VA originations); slug=mr-cooper.
549300MGPZBLQDIL7538,"PrimeLending, a PlainsCapital Company",1921,primelending-columbus,PrimeLending — Columbus Team,high,reuse_prior_state_curated_lei+curated_lei+directory_name,1757,3153,1757,high,reuse_prior_state_curated_lei map for VA activity (1757 VA originations); slug=primelending-columbus.
549300U3721PJGQZYY68,Nationstar Mortgage LLC,2104,mr-cooper,Nationstar Mortgage LLC,high,reuse_prior_state_curated_lei+curated_lei_public_nmls,1737,3204,1737,high,reuse_prior_state_curated_lei map for VA activity (1737 VA originations); slug=mr-cooper.
AD6GFRVSDT01YPT1CS68,"PNC Bank, National Association",446038,pnc-bank,"PNC Bank, National Association",high,reuse_prior_state_curated_lei+curated_lei_public_nmls,1721,3475,1721,high,reuse_prior_state_curated_lei map for VA activity (1721 VA originations); slug=pnc-bank.
549300BWFA5UY7H4WJ62,C & F Mortgage Corporation,147312,cf-mortgage,C&F Mortgage Corporation,high,va_md_curated+va_md_deepen_gleif+public_nmls,1514,0,1514,high,va_md_curated map for VA activity (1514 VA originations); slug=cf-mortgage.
549300FX7K8PTEQUU487,PENTAGON FEDERAL CREDIT UNION,401822,penfed-dc-mid-city,Pentagon Federal Credit Union,high,reuse_prior_state_curated_lei+gleif_name_to_directory,1455,972,1455,high,reuse_prior_state_curated_lei map for VA activity (1455 VA originations); slug=penfed-dc-mid-city.
5493000E527OH5Y8TR73,"NEWPORT NEWS SHIPBUILDING EMPLOYEES CREDIT UNION, INC. DBA BAYPORT CREDIT UNION",476890,bayport-credit-union,BayPort Credit Union,high,va_md_curated+va_md_deepen_gleif+public_nmls,1411,0,1411,high,va_md_curated map for VA activity (1411 VA originations); slug=bayport-credit-union.
7H6GLXDRUGQFU57RNE97,"JPMorgan Chase Bank, National Association",399798,jpmorgan-chase-bank,"JPMorgan Chase Bank, National Association",high,reuse_prior_state_curated_lei+curated_lei_public_nmls,1406,6131,1406,high,reuse_prior_state_curated_lei map for VA activity (1406 VA originations); slug=jpmorgan-chase-bank.
549300MKOZ81ZWTNKB12,United Bank,522399,united-bank,United Bank,high,va_md_curated+va_md_deepen_gleif+public_nmls,1374,0,1374,high,va_md_curated map for VA activity (1374 VA originations); slug=united-bank.
549300BM4NS8HDJT3X28,"INTERCOASTAL MORTGAGE, LLC",56323,intercoastal-mortgage,"Intercoastal Mortgage, LLC",high,va_md_curated+va_md_deepen_gleif+public_nmls,1359,0,1359,high,va_md_curated map for VA activity (1359 VA originations); slug=intercoastal-mortgage.
549300FOXIQQV5UZD367,"SOUTHERN TRUST MORTGAGE, LLC",2921,southern-trust-mortgage,Southern Trust Mortgage LLC,high,va_md_curated+va_md_deepen_gleif+public_nmls,1342,0,1342,high,va_md_curated map for VA activity (1342 VA originations); slug=southern-trust-mortgage.
549300MCIFZSDHUT8X63,"NFM, INC.",2893,nfm-lending,"NFM, Inc. (dba NFM Lending)",high,reuse_prior_state_curated_lei+reuse_prior_state_curated_lei+nj_curated+nj_curated_gleif+public_nmls,1310,0,1310,high,reuse_prior_state_curated_lei map for VA activity (1310 VA originations); slug=nfm-lending.
KB1H1DSPRFMYMCUFXT09,"Wells Fargo Bank, National Association",399801,wells-fargo-bank,"Wells Fargo Bank, National Association",high,reuse_prior_state_curated_lei+curated_lei_public_nmls,1270,2670,1270,high,reuse_prior_state_curated_lei map for VA activity (1270 VA originations); slug=wells-fargo-bank.
549300AQ3T62GXDU7D76,Ally Bank,181005,ally-bank,Ally Bank,high,reuse_prior_state_curated_lei+curated_lei_public_nmls,1028,2790,1028,high,reuse_prior_state_curated_lei map for VA activity (1028 VA originations); slug=ally-bank.
549300PIL8LFAQ04XC20,Better Mortgage Corporation,330511,better-mortgage,Better Mortgage Corporation,high,reuse_prior_state_curated_lei+curated_lei_public_nmls,1024,2675,1024,high,reuse_prior_state_curated_lei map for VA activity (1024 VA originations); slug=better-mortgage.
DRMSV1Q0EKMEXLAU1P80,"Citizens Bank, National Association",433960,citizens-bank,"Citizens Bank, National Association",high,reuse_prior_state_curated_lei+curated_lei_public_nmls,994,2297,994,high,reuse_prior_state_curated_lei map for VA activity (994 VA originations); slug=citizens-bank.
549300YIQ7S7Z8PIHE53,AMERISAVE MORTGAGE CORPORATION,1168,amerisave,AmeriSave Mortgage Corporation,high,reuse_prior_state_curated_lei+curated_lei_public_nmls,957,1667,957,high,reuse_prior_state_curated_lei map for VA activity (957 VA originations); slug=amerisave.
WWB2V0FCW3A0EE3ZJN75,Manufacturers and Traders Trust Company,381076,mt-bank,Manufacturers and Traders Trust Company (M&T Bank),high,reuse_prior_state_curated_lei+reuse_prior_state_curated_lei+reuse_fl_tx_ga_ca_nc_sc_nj_ny_curated_lei+reuse_fl_tx_ga_ca_nc_sc_nj_curated_lei+nj_curated+nj_curated_gleif+public_nmls,901,0,901,high,reuse_prior_state_curated_lei map for VA activity (901 VA originations); slug=mt-bank.
5493008NWHQT1R22C024,"AMERICAN FINANCIAL NETWORK, INC.",237341,american-financial-network,"American Financial Network, Inc.",high,reuse_prior_state_curated_lei+ca_curated+ca_curated_gleif+public_nmls,897,0,897,high,reuse_prior_state_curated_lei map for VA activity (897 VA originations); slug=american-financial-network.
549300E2UX99HKDBR481,"Broker Solutions, Inc.",6606,new-american-funding,"Broker Solutions, Inc.",high,reuse_prior_state_curated_lei+curated_lei_public_nmls,894,3881,894,high,reuse_prior_state_curated_lei map for VA activity (894 VA originations); slug=new-american-funding.
6BYL5QZYBDK8S7L73M02,U.S. Bank National Association,402216,us-bank,U.S. Bank National Association,high,reuse_prior_state_curated_lei+curated_lei_public_nmls,880,2279,880,high,reuse_prior_state_curated_lei map for VA activity (880 VA originations); slug=us-bank.
549300OPCWU6E72WUT29,"MUTUAL OF OMAHA MORTGAGE, INC.",1025894,mutual-of-omaha-mortgage,"Mutual of Omaha Mortgage, Inc.",high,reuse_prior_state_curated_lei+reuse_fl_tx_ga_curated_lei+ga_curated_gleif+public_nmls,839,0,839,high,reuse_prior_state_curated_lei map for VA activity (839 VA originations); slug=mutual-of-omaha-mortgage.
DZC62HF6UIZYJ08V1J90,"Fulton Bank, National Association",485401,fulton-bank,"Fulton Bank, National Association",high,reuse_prior_state_curated_lei+pa_curated+gleif+public_nmls_zillow_company,797,0,797,high,reuse_prior_state_curated_lei map for VA activity (797 VA originations); slug=fulton-bank.
IUGPUX5LWRZ3B6KIZ697,Ameris Bank,405455,ameris-bank,Ameris Bank,high,reuse_prior_state_curated_lei+curated_lei_public_nmls,724,1846,724,high,reuse_prior_state_curated_lei map for VA activity (724 VA originations); slug=ameris-bank.
549300RPOGWJRH63HS39,UNION HOME MORTGAGE CORP.,1904,atlantic-bay-mortgage-charleston,Union Home Mortgage Corp.,high,reuse_prior_state_curated_lei+reuse_fl_tx_ga_ca_curated_lei+reuse_fl_tx_ga_curated_lei+ga_curated_gleif+company_nmls+ga_directory,713,0,713,high,reuse_prior_state_curated_lei map for VA activity (713 VA originations); slug=atlantic-bay-mortgage-charleston.
N8T7HW55LK5D2ORCKP39,First National Bank of Pennsylvania,766529,first-national-bank-of-pennsylvania,First National Bank of Pennsylvania,high,reuse_prior_state_curated_lei+pa_curated+gleif+fnb_online_nmls,684,0,684,high,reuse_prior_state_curated_lei map for VA activity (684 VA originations); slug=first-national-bank-of-pennsylvania.
54930080168VA6Z8UX21,TOWER Federal Credit Union,586147,tower-federal-credit-union,Tower Federal Credit Union,high,reuse_prior_state_curated_lei+va_md_curated+va_md_curated_gleif+public_nmls,681,0,681,high,reuse_prior_state_curated_lei map for VA activity (681 VA originations); slug=tower-federal-credit-union.
L9VVX1KT5TFTKS0MLF66,First-Citizens Bank & Trust Company,503941,first-citizens-bank,First-Citizens Bank & Trust Company,high,reuse_prior_state_curated_lei+sc_curated+sc_curated_gleif+public_nmls,664,0,664,high,reuse_prior_state_curated_lei map for VA activity (664 VA originations); slug=first-citizens-bank.
5493001SXWZ4OFP8Z903,"CrossCountry Mortgage, LLC",3029,crosscountry-mortgage-metrowest,CrossCountry Mortgage (West Valley),high,reuse_prior_state_curated_lei+curated_lei+directory_name,657,11582,657,high,reuse_prior_state_curated_lei map for VA activity (657 VA originations); slug=crosscountry-mortgage-metrowest.
549300RN01LBYR8ZVX74,"LOWER, LLC",1124061,lower,"Lower, LLC",high,reuse_prior_state_curated_lei+sc_curated+sc_curated_gleif+public_nmls,635,0,635,high,reuse_prior_state_curated_lei map for VA activity (635 VA originations); slug=lower.
549300NOCASXPA34X033,"LAKEVIEW LOAN SERVICING, LLC",4095,lakeview-loan-servicing,"Lakeview Loan Servicing, LLC",high,reuse_prior_state_curated_lei+curated_public_nmls+directory_profile,600,1488,600,high,reuse_prior_state_curated_lei map for VA activity (600 VA originations); slug=lakeview-loan-servicing.
213800QUAI2VH5YM6310,"EMBRACE HOME LOANS, INC.",2184,embrace-home-loans,"Embrace Home Loans, Inc.",high,reuse_prior_state_curated_lei+reuse_prior_state_curated_lei+nj_curated+nj_curated_gleif+public_nmls,582,0,582,high,reuse_prior_state_curated_lei map for VA activity (582 VA originations); slug=embrace-home-loans.
5493000YNV8IX4VD3X12,"VANDERBILT MORTGAGE AND FINANCE, INC.",1561,silverton-mortgage-myrtle-beach,"Vanderbilt Mortgage and Finance, Inc. (dba Silverton Mortgage)",high,reuse_prior_state_curated_lei+sc_curated+sc_curated_gleif+public_nmls+silverton_dba,580,0,580,high,reuse_prior_state_curated_lei map for VA activity (580 VA originations); slug=silverton-mortgage-myrtle-beach.
254900DTLHVWQ7NP7R34,"CMG Mortgage, Inc.",2458338,cmg-home-loans-dennis-vo,CMG Home Loans (Dennis Vo Team),high,reuse_prior_state_curated_lei+curated_lei+directory_name,545,4627,545,high,reuse_prior_state_curated_lei map for VA activity (545 VA originations); slug=cmg-home-loans-dennis-vo.
54930054ET8KM4O1D485,"SOFI BANK, NATIONAL ASSOCIATION",1121636,sofi-bank,"SoFi Bank, National Association",high,reuse_prior_state_curated_lei+curated_lei_public_nmls,529,1042,529,high,reuse_prior_state_curated_lei map for VA activity (529 VA originations); slug=sofi-bank.
5493008CPTDVOS570626,"Primary Residential Mortgage, Inc.",3094,primary-residential-mortgage,Primary Residential Mortgage (Aaron Swenson Branch),high,reuse_prior_state_curated_lei+curated_lei+directory_name,526,3765,526,high,reuse_prior_state_curated_lei map for VA activity (526 VA originations); slug=primary-residential-mortgage.
549300R9S3MVDV4MGF56,"CARRINGTON MORTGAGE SERVICES, LLC",2250,carrington-mortgage,"Carrington Mortgage Services, LLC",high,reuse_prior_state_curated_lei+reuse_fl_tx_ga_curated_lei+ga_curated_alt_lei+company_nmls,525,0,525,high,reuse_prior_state_curated_lei map for VA activity (525 VA originations); slug=carrington-mortgage.
549300MZ8VZJOVC63092,"KIND LENDING, LLC",3925,kind-lending,"Kind Lending, LLC",high,reuse_prior_state_curated_lei+ca_curated+ca_curated_gleif+public_nmls,523,0,523,high,reuse_prior_state_curated_lei map for VA activity (523 VA originations); slug=kind-lending.
54930021WPEXNHYZUL09,"PLANET HOME LENDING, LLC",17022,planet-home-lending,"Planet Home Lending, LLC",high,reuse_prior_state_curated_lei+ga_curated_gleif+public_nmls,490,0,490,high,reuse_prior_state_curated_lei map for VA activity (490 VA originations); slug=planet-home-lending.
C5654JQHZUHN0772B561,USAA Federal Savings Bank,399809,usaa-federal-savings-bank,USAA Federal Savings Bank,high,reuse_prior_state_curated_lei+curated_lei_public_nmls,488,825,488,high,reuse_prior_state_curated_lei map for VA activity (488 VA originations); slug=usaa-federal-savings-bank.
5493001WHVQBGRSWEU75,"HOMEBRIDGE FINANCIAL SERVICES, INC.",6521,homebridge-financial,"Homebridge Financial Services, Inc.",high,reuse_prior_state_curated_lei+curated_public_nmls+directory_profile,485,2433,485,high,reuse_prior_state_curated_lei map for VA activity (485 VA originations); slug=homebridge-financial.
03D0JEWFDFUS0SEEKG89,"TD Bank, National Association",481428,td-bank,"TD Bank, National Association",high,reuse_prior_state_curated_lei+curated_lei_public_nmls,450,2722,450,high,reuse_prior_state_curated_lei map for VA activity (450 VA originations); slug=td-bank.
549300GPO6DWUZR4UY30,FIRST HOME MORTGAGE CORPORATION,71603,first-home-mortgage,First Home Mortgage Corporation,high,reuse_prior_state_curated_lei+va_md_curated+va_md_curated_gleif+public_nmls,448,0,448,high,reuse_prior_state_curated_lei map for VA activity (448 VA originations); slug=first-home-mortgage.
549300370QILXLFUWD20,"ZILLOW HOME LOANS, LLC",1027871,zillow-home-loans,"Zillow Home Loans, LLC",high,reuse_prior_state_curated_lei+reuse_fl_tx_ga_curated_lei+ga_curated_gleif+public_nmls,436,0,436,high,reuse_prior_state_curated_lei map for VA activity (436 VA originations); slug=zillow-home-loans.
549300XY701IELCE5Q08,BETTER MORTGAGE CORPORATION,330511,better-mortgage,Better Mortgage Corporation,high,reuse_prior_state_curated_lei+curated_lei_public_nmls,387,1004,387,medium,reuse_prior_state_curated_lei map for VA activity (387 VA originations); slug=better-mortgage.
549300SUCQ1358EGVE89,"NEW DAY FINANCIAL, LLC",1043,new-day-financial,"New Day Financial, LLC",high,reuse_prior_state_curated_lei+reuse_prior_state_curated_lei+reuse_fl_tx_ga_ca_nc_sc_nj_ny_curated_lei+sc_curated+sc_curated_gleif+public_nmls,372,0,372,medium,reuse_prior_state_curated_lei map for VA activity (372 VA originations); slug=new-day-financial.
549300EMNDEK4BA8WB53,EMM LOANS LLC,2926,emm-loans,EMM Loans LLC,high,reuse_prior_state_curated_lei+reuse_prior_state_curated_lei+pa_curated+gleif+emm_loans_nmls,364,0,364,medium,reuse_prior_state_curated_lei map for VA activity (364 VA originations); slug=emm-loans.
54930001NSTOD85LT125,"GUARANTEED RATE AFFINITY, LLC",1598647,guaranteed-rate-affinity,"Guaranteed Rate Affinity, LLC",high,reuse_prior_state_curated_lei+reuse_fl_tx_ga_ca_nc_sc_nj_ny_curated_lei+reuse_fl_tx_ga_ca_nc_sc_curated_lei+sc_curated+sc_curated_gleif+public_nmls,351,0,351,medium,reuse_prior_state_curated_lei map for VA activity (351 VA originations); slug=guaranteed-rate-affinity.
E57ODZWZ7FF32TWEFA76,"Citibank, National Association",412915,citibank,"Citibank, National Association",high,reuse_prior_state_curated_lei+reuse_prior_state_curated_lei+nj_curated+nj_curated_gleif+public_nmls,311,0,311,medium,reuse_prior_state_curated_lei map for VA activity (311 VA originations); slug=citibank.
549300H3IZO24NSOO931,"loanDepot.com, LLC",174457,loandepot,"loanDepot.com, LLC",high,reuse_prior_state_curated_lei+curated_lei_public_nmls,285,10692,285,medium,reuse_prior_state_curated_lei map for VA activity (285 VA originations); slug=loandepot.
254900ZFWS2106HWPH46,"PARAMOUNT RESIDENTIAL MORTGAGE GROUP, INC.",75243,prmg,Paramount Residential Mortgage Group (PRMG),medium,reuse_prior_state_curated_lei+gleif_name_to_directory,247,3741,247,medium,reuse_prior_state_curated_lei map for VA activity (247 VA originations); slug=prmg.
549300SK2GVCQXPD4S58,"SUN WEST MORTGAGE COMPANY, INC.",3277,sun-west-mortgage,"Sun West Mortgage Company, Inc.",high,reuse_prior_state_curated_lei+ca_curated+ca_curated_gleif+public_nmls,245,0,245,medium,reuse_prior_state_curated_lei map for VA activity (245 VA originations); slug=sun-west-mortgage.
549300O6Z0I6KYMESL47,AMWEST FUNDING CORP.,167441,amwest-funding,AmWest Funding Corp.,high,reuse_prior_state_curated_lei+ca_curated+ca_curated_gleif+public_nmls,241,0,241,medium,reuse_prior_state_curated_lei map for VA activity (241 VA originations); slug=amwest-funding.
254900HA4DQWAE0W3342,"AMERIHOME MORTGAGE COMPANY, LLC",1120271,amerihome-mortgage,"AmeriHome Mortgage Company, LLC",high,reuse_prior_state_curated_lei+ga_curated_alt_lei+company_nmls,230,0,230,medium,reuse_prior_state_curated_lei map for VA activity (230 VA originations); slug=amerihome-mortgage.
549300KIOYNU323LVJ37,AMERICAN PACIFIC MORTGAGE CORPORATION,1850,american-pacific-mortgage-inland-empire,American Pacific Mortgage (Inland Empire),medium,reuse_prior_state_curated_lei+gleif_name_to_directory,229,1750,229,medium,reuse_prior_state_curated_lei map for VA activity (229 VA originations); slug=american-pacific-mortgage-inland-empire.
549300121SF0K2LN2804,"PRIMELENDING, A PLAINSCAPITAL COMPANY",1921,primelending-columbus,PrimeLending — Columbus Team,high,reuse_prior_state_curated_lei+gleif_name_to_directory,225,931,225,medium,reuse_prior_state_curated_lei map for VA activity (225 VA originations); slug=primelending-columbus.
5493004WMLN60ZJ2ON46,"Paramount Residential Mortgage Group, Inc.",75243,prmg,Paramount Residential Mortgage Group (PRMG),high,reuse_prior_state_curated_lei+curated_lei+directory_name,190,4200,190,medium,reuse_prior_state_curated_lei map for VA activity (190 VA originations); slug=prmg.
549300XWUSRVVOHPRY47,Academy Mortgage Corporation,3113,academy-mortgage,Academy Mortgage Corporation,high,reuse_prior_state_curated_lei+curated_lei_public_nmls,188,2938,188,medium,reuse_prior_state_curated_lei map for VA activity (188 VA originations); slug=academy-mortgage.
549300JYXTZDSPJEPI44,"PLAZA HOME MORTGAGE, INC.",2113,plaza-home-mortgage,"Plaza Home Mortgage, Inc.",high,reuse_prior_state_curated_lei+ny_curated+ny_curated_gleif+public_nmls,183,0,183,medium,reuse_prior_state_curated_lei map for VA activity (183 VA originations); slug=plaza-home-mortgage.
549300XQVJ1XBNFA5536,21ST MORTGAGE CORPORATION,2280,21st-mortgage,21st Mortgage Corporation,medium,reuse_prior_state_curated_lei+curated_public_nmls+directory_profile,161,2098,161,medium,reuse_prior_state_curated_lei map for VA activity (161 VA originations); slug=21st-mortgage.
8I3UVGYULPJQIP7FQV10,"SouthState Bank, National Association",405461,southstate-bank,"SouthState Bank, National Association",high,reuse_prior_state_curated_lei+curated_lei_public_nmls,129,2616,129,medium,reuse_prior_state_curated_lei map for VA activity (129 VA originations); slug=southstate-bank.
COOWI3L2W9TPYR3WJX37,First Horizon Bank,405456,first-horizon-bank,First Horizon Bank,high,reuse_prior_state_curated_lei+curated_lei_public_nmls,89,1045,89,medium,reuse_prior_state_curated_lei map for VA activity (89 VA originations); slug=first-horizon-bank.
SS1TRMSN6BRNMOREEV51,"Flagstar Bank, National Association",399797,flagstar-bank,"Flagstar Bank, National Association",high,reuse_prior_state_curated_lei+curated_lei_public_nmls,79,737,79,medium,reuse_prior_state_curated_lei map for VA activity (79 VA originations); slug=flagstar-bank.
2WHM8VNJH63UN14OL754,The Huntington National Bank,402436,huntington-national-bank,The Huntington National Bank,high,reuse_prior_state_curated_lei+pa_curated+gleif+huntington_nmls,51,0,51,medium,reuse_prior_state_curated_lei map for VA activity (51 VA originations); slug=huntington-national-bank.
EQTWLK1G7ODGC2MGLV11,Regions Bank,467341,regions-bank,Regions Bank,high,reuse_prior_state_curated_lei+curated_lei_public_nmls,48,5826,48,medium,reuse_prior_state_curated_lei map for VA activity (48 VA originations); slug=regions-bank.
549300VJQJVZKJBDWS17,"TOTAL MORTGAGE SERVICES, LLC",2764,total-mortgage-services,"Total Mortgage Services, LLC",high,reuse_prior_state_curated_lei+reuse_prior_state_curated_lei+ma_curated+ma_curated_gleif+public_nmls,47,0,47,medium,reuse_prior_state_curated_lei map for VA activity (47 VA originations); slug=total-mortgage-services.
54930052M48FOD3CWA54,"PRIMARY RESIDENTIAL MORTGAGE, INC.",3094,primary-residential-mortgage,"Primary Residential Mortgage, Inc.",high,reuse_prior_state_curated_lei+reuse_prior_state_curated_lei+ne_curated+ne_curated_gleif+public_nmls,39,0,39,medium,reuse_prior_state_curated_lei map for VA activity (39 VA originations); slug=primary-residential-mortgage.
549300DE8TS4EYTPX729,"AFFORDABLE MORTGAGE ADVISORS, LLC",139164,hma-mortgage,"Affordable Mortgage Advisors, LLC dba HMA Mortgage",high,reuse_prior_state_curated_lei+pa_curated+gleif+hma_mortgage_nmls,39,0,39,medium,reuse_prior_state_curated_lei map for VA activity (39 VA originations); slug=hma-mortgage.
5493002N5168AC238149,"OceanFirst Bank, National Association",409701,oceanfirst-bank,"OceanFirst Bank, National Association",high,reuse_prior_state_curated_lei+nj_curated+nj_curated_gleif+public_nmls,35,0,35,medium,reuse_prior_state_curated_lei map for VA activity (35 VA originations); slug=oceanfirst-bank.
QFROUN1UWUYU0DVIWD51,"Eagle Home Mortgage, LLC",2925,eagle-home-mortgage,"Eagle Home Mortgage, LLC",high,reuse_prior_state_curated_lei+curated_lei_public_nmls,26,3553,26,medium,reuse_prior_state_curated_lei map for VA activity (26 VA originations); slug=eagle-home-mortgage.
549300FK3AFCFVAPH234,"Leader Bank, National Association",449250,leader-bank,"Leader Bank, National Association",high,reuse_prior_state_curated_lei+ma_curated+ma_curated_gleif+public_nmls,25,0,25,medium,reuse_prior_state_curated_lei map for VA activity (25 VA originations); slug=leader-bank.
5493005DKMV1IHIM8E20,"Wilmington Savings Fund Society, FSB",417673,wsfs-bank,"Wilmington Savings Fund Society, FSB",high,reuse_prior_state_curated_lei+pa_curated+gleif+wsfs_nmls,25,0,25,medium,reuse_prior_state_curated_lei map for VA activity (25 VA originations); slug=wsfs-bank.
254900P7WLDQD9IUL038,Service Federal Credit Union,491588,service-credit-union,Service Credit Union (Service Federal Credit Union),high,reuse_prior_state_curated_lei+ct_nh_curated+ct_nh_curated_gleif+public_nmls,25,0,25,medium,reuse_prior_state_curated_lei map for VA activity (25 VA originations); slug=service-credit-union.
549300CLRXFVF83ZL806,"NATIONWIDE MORTGAGE BANKERS, INC.",819382,nationwide-mortgage-bankers,"Nationwide Mortgage Bankers, Inc. (NMB / NMBNOW)",high,reuse_prior_state_curated_lei+ny_curated+ny_curated_gleif+public_nmls,23,0,23,medium,reuse_prior_state_curated_lei map for VA activity (23 VA originations); slug=nationwide-mortgage-bankers.
549300LLKEKXL2RM1F61,CONTOUR MORTGAGE CORPORATION,34384,contour-mortgage,Contour Mortgage Corporation,high,reuse_prior_state_curated_lei+ny_curated+ny_curated_gleif+public_nmls,19,0,19,medium,reuse_prior_state_curated_lei map for VA activity (19 VA originations); slug=contour-mortgage.
54930034MNPILHP25H80,Gateway First Bank,7233,gateway-mortgage-myrtle-beach,Gateway First Bank,high,reuse_prior_state_curated_lei+sc_curated+sc_curated_gleif+public_nmls+sc_directory,19,0,19,medium,reuse_prior_state_curated_lei map for VA activity (19 VA originations); slug=gateway-mortgage-myrtle-beach.
549300I0ICF6REKHOC74,"DIRECT MORTGAGE LOANS, LLC",832799,direct-mortgage-loans,"Direct Mortgage Loans, LLC",high,va_md_curated+va_md_deepen_gleif+public_nmls,19,0,19,medium,va_md_curated map for VA activity (19 VA originations); slug=direct-mortgage-loans.
549300T3F9S1MKFKHC53,HOMESTEAD FUNDING CORP.,3232,homestead-funding,Homestead Funding Corp.,high,reuse_prior_state_curated_lei+ny_curated+ny_curated_gleif+public_nmls,18,0,18,medium,reuse_prior_state_curated_lei map for VA activity (18 VA originations); slug=homestead-funding.
5493004XJV6Y8XQYPX87,ABERDEEN PROVING GROUND FEDERAL CREDIT UNION,480340,apg-federal-credit-union,APG Federal Credit Union,high,va_md_curated+va_md_deepen_gleif+public_nmls,10,0,10,medium,va_md_curated map for VA activity (10 VA originations); slug=apg-federal-credit-union.
5493005JPZ3LXXMB0S24,"Carrington Mortgage Services, LLC",2250,carrington-mortgage,"Carrington Mortgage Services, LLC",high,reuse_prior_state_curated_lei+curated_lei_public_nmls,9,2916,9,medium,reuse_prior_state_curated_lei map for VA activity (9 VA originations); slug=carrington-mortgage.
549300GCEUZLVML1J263,RADIUS FINANCIAL GROUP INC.,1846,radius-financial-group,Radius Financial Group Inc.,high,reuse_prior_state_curated_lei+ma_curated+ma_curated_gleif+public_nmls,7,0,7,medium,reuse_prior_state_curated_lei map for VA activity (7 VA originations); slug=radius-financial-group.
549300JI0UWY4QIWDV89,"NORTHPOINT MORTGAGE, INC.",1515,northpoint-mortgage,"Northpoint Mortgage, Inc.",high,reuse_prior_state_curated_lei+ma_curated+ma_curated_gleif+public_nmls,5,0,5,medium,reuse_prior_state_curated_lei map for VA activity (5 VA originations); slug=northpoint-mortgage.
549300D4ZYLSQ5LMTV35,ABSOLUTE HOME MORTGAGE CORPORATION,176743,absolute-home-mortgage,Absolute Home Mortgage Corporation,high,reuse_prior_state_curated_lei+nj_curated+nj_curated_gleif+public_nmls,5,0,5,medium,reuse_prior_state_curated_lei map for VA activity (5 VA originations); slug=absolute-home-mortgage.
549300N5GF79IZ5Y7G10,AMERICAN HERITAGE FCU,433838,american-heritage-federal-credit-union,American Heritage Federal Credit Union,high,reuse_prior_state_curated_lei+pa_curated+gleif+ahfcu_nmls,4,0,4,medium,reuse_prior_state_curated_lei map for VA activity (4 VA originations); slug=american-heritage-federal-credit-union.
549300IKNQI45EOJU155,"Capital City Home Loans, LLC",75615,capital-city-home-loans,Capital City Home Loans (Alpharetta),medium,reuse_prior_state_curated_lei+gleif_name_to_directory,4,599,4,medium,reuse_prior_state_curated_lei map for VA activity (4 VA originations); slug=capital-city-home-loans.
254900ACUWEGW702BR80,"FM Home Loans, LLC",2212,fm-home-loans,"FM Home Loans, LLC",high,reuse_prior_state_curated_lei+ny_curated+ny_curated_gleif+public_nmls,3,0,3,medium,reuse_prior_state_curated_lei map for VA activity (3 VA originations); slug=fm-home-loans.
KI0VI4JRMCIJ329YTN75,Valley National Bank,411254,valley-national-bank,Valley National Bank,high,reuse_prior_state_curated_lei+nj_curated+nj_curated_gleif+public_nmls,3,0,3,medium,reuse_prior_state_curated_lei map for VA activity (3 VA originations); slug=valley-national-bank.
254900F9ZTVTX763V835,"Advisors Mortgage Group, L.L.C.",33041,advisors-mortgage-group,"Advisors Mortgage Group, L.L.C.",high,reuse_prior_state_curated_lei+nj_curated+nj_curated_gleif+public_nmls,3,0,3,medium,reuse_prior_state_curated_lei map for VA activity (3 VA originations); slug=advisors-mortgage-group.
549300SYR11CYON0JE74,"BAYCOAST MORTGAGE COMPANY, LLC",1082048,baycoast-mortgage,"BayCoast Mortgage Company, LLC",high,reuse_prior_state_curated_lei+ma_curated+ma_curated_gleif+public_nmls,2,0,2,medium,reuse_prior_state_curated_lei map for VA activity (2 VA originations); slug=baycoast-mortgage.
549300TOOOOW36EX6R40,SUNCOAST CREDIT UNION,417636,suncoast-credit-union,Suncoast Credit Union,high,reuse_prior_state_curated_lei+curated_public_nmls+directory_profile,1,8364,1,medium,reuse_prior_state_curated_lei map for VA activity (1 VA originations); slug=suncoast-credit-union.
549300VMVKSQE1B7DD43,The Camden National Bank,486887,camden-national-bank,Camden National Bank,high,reuse_prior_state_curated_lei+ne_curated+ne_curated_gleif+public_nmls,1,0,1,medium,reuse_prior_state_curated_lei map for VA activity (1 VA originations); slug=camden-national-bank.
549300LBK5BTNFKZJD14,Univest Bank and Trust Co.,415882,univest-bank,Univest Bank and Trust Co.,high,reuse_prior_state_curated_lei+pa_curated+gleif+univest_nmls,1,0,1,medium,reuse_prior_state_curated_lei map for VA activity (1 VA originations); slug=univest-bank.
