lei,institution_name,nmls_id,our_lender_slug,match_status,total_applications,total_originations,mn_originations,states_with_originations,priority_match,minnesota_originations
549300WYBPIWKK6SQC06,,,,unmatched,14525,11534,6525,MN:6525;AZ:1256;WI:1031;ND:674;FL:407;MO:405;NM:397;KS:352;TN:190;CO:39,high,6525
6BYL5QZYBDK8S7L73M02,,,,unmatched,151786,74632,4538,CA:16135;IL:4571;MN:4538;OH:3965;MO:3622;WA:3524;WI:2785;KY:2645;OR:2465;FL:2279,high,4538
549300LG07PXWSIMC813,,,,unmatched,7239,4909,4135,MN:4135;WI:640;AZ:95;FL:37;NV:1;CO:1,medium,4135
549300NL3JN3ABDPH257,,,,unmatched,5654,3801,3656,MN:3656;WI:126;ND:19,medium,3656
549300QDGMFASKEN7Z77,,,,unmatched,4287,2827,2694,MN:2694;WI:66;FL:14;AZ:6;IA:4;IL:4;CO:3;NE:3;UT:2;OH:2,medium,2694
549300HVW3AI97UKTO72,,,,unmatched,5116,3362,2594,MN:2594;WI:213;FL:118;MI:65;GA:64;AZ:32;WA:29;CA:25;TN:25;NC:24,medium,2594
549300AT7EB9FJAF0E61,,,,unmatched,16759,10956,1877,IN:2746;IL:2207;MN:1877;MI:1211;TN:999;WI:824;KY:489;ND:135;FL:59;IA:55,high,1877
549300E2UX99HKDBR481,,,,unmatched,140816,57460,1842,TX:5508;CA:5105;GA:4063;FL:3881;IL:3581;MO:2619;PA:2148;MN:1842;WA:1680;NC:1619,high,1842
549300OZ550X4QD5PC74,,,,unmatched,6202,4702,1772,WI:2893;MN:1772;FL:8;TX:8;AZ:3;GA:2;OR:1;MI:1;CT:1;SC:1,medium,1772
5493005PKOSG7MYX0B34,,,,unmatched,28926,20869,1746,PA:2325;VA:2141;MN:1746;NC:1281;MD:1233;NJ:1060;GA:1024;CT:862;WI:782;AZ:775,high,1746
2WHM8VNJH63UN14OL754,,,,unmatched,90347,51203,1707,OH:24819;MI:10932;IL:4352;IN:2547;PA:1812;MN:1707;WV:1148;KY:903;CO:675;WI:664,high,1707
549300C4J510S9L1RF98,,,,unmatched,2560,2118,1505,MN:1505;ND:235;AZ:148;WI:119;IA:41;FL:11;CO:11;CA:10;TX:6;GA:3,medium,1505
KB1H1DSPRFMYMCUFXT09,,,,unmatched,76304,41562,1496,CA:9616;NY:2733;FL:2670;TX:2647;NC:2302;NJ:1716;PA:1628;WA:1514;GA:1509;MN:1496,high,1496
549300INKSPQCTELMO58,,,,unmatched,3309,2598,1395,MN:1395;SD:229;TX:149;ND:136;WI:119;AZ:105;FL:79;CO:72;IA:55;AL:46,medium,1395
549300H3IZO24NSOO931,,,,unmatched,77363,56951,1365,TX:15642;FL:10692;CA:6607;NC:2756;SC:2694;AZ:2623;IN:1952;NV:1669;MN:1365;CO:1283,high,1365
549300RFLICNI75BG067,,,,unmatched,12136,8416,1356,MN:1356;NJ:1069;FL:686;CO:543;IN:517;KY:435;DE:277;WA:265;TX:244;SC:240,high,1356
549300OZIFHR7THILC90,,,,unmatched,1800,1537,1238,MN:1238;WI:229;ND:32;SD:11;IA:8;CO:4;FL:4;NE:3;IL:2;MT:2,medium,1238
5493007VDBJSG0E0S678,,,,unmatched,1229,1218,1102,MN:1102;WI:86;AZ:16;FL:8;CO:4;IA:2,medium,1102
549300ZZZUYWXK72JD21,,,,unmatched,1531,1178,958,MN:958;WI:154;ND:40;FL:12;SD:7;IA:2;CO:2;CA:2;AZ:1,medium,958
549300XWUSRVVOHPRY47,,,,unmatched,28287,16190,915,FL:2938;TX:2750;GA:2402;CA:1342;MN:915;NY:748;MI:631;KY:499;CO:448;TN:425,high,915
549300ZBB5XXXOWVNS92,,,,unmatched,1101,937,911,MN:911;WI:12;CO:4;FL:3;ND:3;AZ:2;SD:1;IN:1,medium,911
549300LUSWY3HVRZHF54,,,,unmatched,1355,924,904,MN:904;ND:14;WI:5;OR:1,medium,904
254900B9B6TYYGLOXT47,,,,unmatched,1115,824,743,MN:743;WI:29;IL:19;MO:10;FL:6;KS:5;AZ:4;NE:3;SD:3;IA:2,medium,743
549300Z1TH1HE4A6TS23,,,,unmatched,990,725,715,MN:715;WI:10,medium,715
549300JYXTZDSPJEPI44,,,,unmatched,23886,14594,713,TX:1897;FL:1239;NY:1222;CA:1056;PA:866;MN:713;MI:555;NC:515;IN:489;IL:475,high,713
54930001NSTOD85LT125,,,,unmatched,24645,15934,709,CA:1539;FL:1458;PA:1342;NJ:1110;IL:970;TX:965;MA:816;MO:782;MN:709;OH:676,high,709
5493001YIUWLFRXQUO81,,,,unmatched,1797,1370,647,MN:647;FL:191;PA:159;NC:117;CO:68;WI:58;ID:35;CA:20;MI:19;OR:15,high,647
549300TQVOMKNKFOH392,,,,unmatched,4000,3046,625,ND:2368;MN:625;AZ:11;MT:6;CO:5;SD:4;WI:3;NE:3;IL:2;FL:2,medium,625
549300DRA4BDXW23LD45,,,,unmatched,2210,1609,624,MN:624;WI:301;IL:93;MT:72;IN:54;IA:47;NE:45;OH:42;OK:40;SD:29,medium,624
549300QRWA4IGMDEDT70,,,,unmatched,1045,676,618,MN:618;WI:58,medium,618
549300A0SVCQJPHVGV20,,,,unmatched,3591,2835,599,WI:1466;MN:599;TX:361;TN:309;KY:19;FL:16;NJ:13;IA:13;GA:7;CO:5,high,599
549300PXL1KA5TOL2O82,,,,unmatched,8501,7003,571,TX:2129;FL:1223;OH:1088;NC:723;MN:571;IL:566;IN:437;MI:185;TN:74;SC:7,high,571
ZF85QS7OXKPBG52R7N18,,,,unmatched,10488,6805,553,WI:4974;IL:1060;MN:553;MO:100;MI:49;FL:32;AZ:11;OH:7;CO:5;TX:3,high,553
549300GS2JP8CQK0MD31,,,,unmatched,845,556,524,MN:524;WI:32,medium,524
549300WYC8C6REMY4E38,,,,unmatched,777,588,517,MN:517;SD:49;WI:13;ND:3;FL:3;IA:2;WA:1,medium,517
549300S8SHBRCI7UU819,,,,unmatched,5563,3223,494,IL:917;MN:494;CA:229;FL:150;WI:118;NC:115;OH:89;GA:88;IN:76;TN:75,high,494
549300TWX5Q3V5VXNF89,,,,unmatched,671,556,491,MN:491;WI:62;FL:2;SC:1,medium,491
3Y4U8VZURTYWI1W2K376,,,,unmatched,35659,16529,487,IL:3906;CA:3818;WI:2970;IN:1029;AZ:962;CO:755;MN:487;MO:324;NE:297;FL:285,high,487
549300EWFHPBZH38K695,,,,unmatched,1985,1390,485,WI:653;MN:485;IL:199;TX:23;IA:6;MI:5;ND:3;AL:2;MO:2;KY:2,medium,485
5493008SV4X2EID9J711,,,,unmatched,687,578,477,MN:477;ND:85;WI:7;AZ:3;TX:3;IA:2;FL:1,medium,477
549300DMYENRV818D594,,,,unmatched,8506,6441,476,TX:1607;GA:638;TN:631;CO:511;MN:476;VA:456;MD:424;AR:355;FL:329;PA:299,high,476
549300NJVKCDJA5YC939,,,,unmatched,5321,3783,450,GA:982;AZ:757;CA:454;MN:450;FL:310;CO:204;SC:183;TX:102;IA:98;NC:96,high,450
549300VORTI31GZTJL53,,,,unmatched,18123,12305,448,TX:2136;FL:1187;IN:791;TN:697;WI:497;NC:467;GA:453;MN:448;PA:446;NY:375,high,448
549300KER3YVZ3U5RK57,,,,unmatched,11480,8154,402,IA:6247;NE:1444;MN:402;MO:21;IL:18;WI:18;SD:4,high,402
54930082GM1TWV6QVI24,,,,unmatched,675,509,391,MN:391;ND:61;WI:43;FL:6;AZ:5;OH:1;CO:1;SD:1,medium,391
549300KJ8PAJ7E52HG32,,,,unmatched,20196,12504,377,FL:1839;SD:1570;AZ:1203;TX:1036;UT:934;CO:484;GA:407;MN:377;NE:357;CA:304,high,377
549300YSSK1TDPTWQ036,,,,unmatched,586,499,353,MN:353;WI:142;SC:1;MT:1;TX:1;MO:1,low,353
549300TN0C13QXN1P552,,,,unmatched,489,352,340,MN:340;WI:11;AZ:1,low,340
549300UB5TJ0YPVPT503,,,,unmatched,3894,2690,314,CA:903;MN:314;WA:247;TX:215;OR:190;NV:184;TN:127;CO:109;AZ:99;ID:49,high,314
549300ANTUZH5AQQXR02,,,,unmatched,383,318,314,MN:314;WI:1;SC:1;FL:1;MI:1,low,314
254900KSUTZO899YU680,,,,unmatched,372,318,310,MN:310;SD:5;IA:2;WI:1,low,310
549300IQ5NY7CSJLZW53,,,,unmatched,1866,1306,302,SD:972;MN:302;IA:12;WI:8;AZ:3;NE:2;ND:1;VA:1;MT:1;CA:1,medium,302
549300VPYRW4D9VH0G53,,,,unmatched,418,311,302,MN:302;IA:3;SD:3;WI:2;IN:1,low,302
549300DM47883NLNBK72,,,,unmatched,336,292,291,MN:291;WI:1,low,291
254900Y3CWQSLFVW8D53,,,,unmatched,325,288,250,MN:250;ND:36;WI:2,low,250
549300X83ACLZT2UNN87,,,,unmatched,438,251,249,MN:249;WI:2,low,249
549300323EON4W3CCM44,,,,unmatched,8059,5418,244,CA:1108;FL:702;IL:626;TX:527;CO:377;MN:244;AZ:204;WA:202;UT:167;SC:161,high,244
549300YVBUEC0SGSZW55,,,,unmatched,354,250,244,MN:244;WI:5;FL:1,low,244
549300BFT56DKVQ9BL15,,,,unmatched,368,335,243,MN:243;WI:92,low,243
549300QTN66CFMVWLH03,,,,unmatched,503,359,238,MN:238;AZ:65;FL:28;WI:21;CA:2;GA:1;IN:1;NM:1;TX:1;IA:1,low,238
C398JSK21YCXWM603F55,,,,unmatched,11708,7752,237,IL:2719;WI:1224;CA:371;IA:328;FL:252;MN:237;MI:223;NY:179;TX:179;NC:174,high,237
549300VJ9DGB4OZNPL63,,,,unmatched,439,250,232,MN:232;WI:16;IA:1;SD:1,low,232
25490091LXRCWGWGZ525,,,,unmatched,468,235,230,MN:230;WI:5,low,230
549300LZLYU85WF65870,,,,unmatched,2124,1521,229,IA:1090;MN:229;WI:143;CO:29;IL:23;FL:3;NC:1;MO:1;ND:1;AZ:1,medium,229
549300HWDY3N8UVJO697,,,,unmatched,291,230,224,MN:224;SD:5;WI:1,low,224
549300FKWBMLIMGZ7Q40,,,,unmatched,353,241,219,MN:219;FL:4;WI:4;IN:3;CO:3;GA:2;TN:2;MT:1;ND:1;NV:1,low,219
5493005A0757T9GRRI44,,,,unmatched,565,446,219,MN:219;ND:205;SD:9;AZ:5;FL:4;OR:1;TX:1;PA:1;MI:1,low,219
213800M6RMI3YBX62W88,,,,unmatched,628,467,217,SD:229;MN:217;ND:3;WI:3;NE:3;AZ:2;FL:2;IA:2;GA:1;NC:1,low,217
549300GWO8DN75PL7X16,,,,unmatched,249,216,214,MN:214;IA:1;FL:1,low,214
5493002LPXKMOZNXUY90,,,,unmatched,2224,1830,202,ND:941;SD:503;MN:202;AZ:124;IA:12;NE:10;FL:5;KS:4;TX:4;NC:2,medium,202
549300WKFR15017V9850,,,,unmatched,1615,1165,197,CO:516;MN:197;MO:171;CA:99;ME:66;WA:23;KS:16;FL:14;WI:8;AZ:7,medium,197
984500DB378C704F4610,,,,unmatched,420,246,197,MN:197;WI:11;MO:9;FL:7;IA:3;MI:3;KS:2;TN:2;GA:2;SD:1,low,197
254900ERAT50PIMMZH17,,,,unmatched,309,192,188,MN:188;CA:4,low,188
2138004QPZ7FMGPTU106,,,,unmatched,549,464,185,SD:270;MN:185;WI:3;AZ:3;FL:2;CO:1,low,185
549300RD5IG88VPO6P22,,,,unmatched,4492,2872,183,TX:379;IL:307;NY:250;CA:187;MN:183;NJ:151;MI:136;OH:121;WA:119;VA:111,high,183
549300FSZH0FMQ1T8Y90,,,,unmatched,2808,2145,181,IA:1849;MN:181;NE:48;SD:35;WI:11;IL:10;MO:6;CO:2;AZ:2;ND:1,medium,181
549300BXWU32AYWT1A56,,,,unmatched,2637,1675,157,TX:257;MI:227;NY:161;MN:157;IL:131;NJ:90;PA:86;CA:70;OH:68;VA:66,high,157
549300ZIXM1VUXPG4D03,,,,unmatched,1269,891,145,TX:329;MN:145;FL:102;CA:88;ND:30;PA:28;IL:27;OH:17;KY:17;AL:13,high,145
549300AENO88GEUWCZ39,,,,unmatched,1280,846,142,MN:142;IN:65;CO:58;FL:56;CA:52;OK:39;KY:36;TX:34;DE:27;WI:26,medium,142
254900WRP19TBSQG0Z89,,,,unmatched,187,166,141,MN:141;ND:8;MT:3;FL:3;SD:2;WI:2;CA:2;WY:2;VA:1;AZ:1,low,141
5493001SDQVS1NWYH012,,,,unmatched,1018,888,140,MN:140;KY:132;AZ:117;FL:96;CA:90;NC:83;AL:46;WA:44;TN:34;TX:33,medium,140
549300QIUZLVR1OLDH55,,,,unmatched,5610,3566,136,MI:2770;MN:136;CA:132;FL:99;PA:39;IL:38;GA:35;NC:34;NJ:30;OH:29,medium,136
2549009PBYH62M6NZK12,,,,unmatched,271,223,133,MN:133;WI:88;SD:1;ND:1,low,133
Q708HHR4LD2B7XIZNO92,,,,unmatched,7944,4687,131,FL:899;GA:410;SC:336;NC:251;TX:177;WI:176;IL:163;MO:154;VA:147;MN:131,high,131
5493002B2O407LCTBX72,,,,unmatched,264,182,131,MN:131;WI:44;IA:2;FL:1;OH:1;NE:1;CO:1;MT:1,low,131
549300KGWK2C69R8ZN27,,,,unmatched,184,131,131,MN:131,low,131
254900LTD432L5CHIZ48,,,,unmatched,3885,1963,130,CA:920;FL:228;MN:130;VA:101;TX:100;GA:64;AZ:51;OH:48;NJ:39;MD:33,high,130
549300NWBS6MQJX15N44,,,,unmatched,7805,5717,127,CA:1262;TX:1171;GA:488;AZ:284;FL:275;WA:270;IL:229;PA:169;CO:168;MN:127,high,127
2549002N9QET42VCAS33,,,,unmatched,158,138,125,MN:125;WI:6;IA:3;FL:1;MO:1;SC:1;KS:1,low,125
549300OHXNUMVE33Q475,,,,unmatched,255,185,122,MN:122;ND:58;KY:1;GA:1;MT:1;SD:1;AZ:1,low,122
549300H1I95THVU5ZB04,,,,unmatched,133,125,122,MN:122;WI:2;MT:1,low,122
549300B934MYWT57IX38,,,,unmatched,148,136,121,MN:121;WI:15,low,121
213800THW6KSUL191M34,,,,unmatched,831,645,120,ND:518;MN:120;SD:4;AZ:2;MT:1,medium,120
549300DL0FLZ3XZV5J76,,,,unmatched,178,122,120,MN:120;WI:2,low,120
254900NR9EA98B6A4L55,,,,unmatched,165,120,117,MN:117;MT:1;WI:1;SD:1,low,117
549300USNPUCH96WTF23,,,,unmatched,179,143,115,MN:115;IA:23;SD:5,low,115
2549006G3AQ9DK986571,,,,unmatched,137,117,113,MN:113;WI:4,low,113
254900J2U7OF6AWF3P54,,,,unmatched,119,114,110,MN:110;ND:2;WI:1;FL:1,low,110
549300IJ5M3CD2DPIX47,,,,unmatched,122,114,110,MN:110;CA:1;IL:1;MI:1;ND:1,low,110
254900PUAN5SKAJB2J42,,,,unmatched,160,112,105,MN:105;WI:7,low,105
254900LW5BPW0G1LMW49,,,,unmatched,707,609,102,NE:285;KS:139;MN:102;WI:31;OK:27;IA:25,medium,102
54930020YWIK7HGH2R34,,,,unmatched,4883,3374,100,TX:2983;MN:100;TN:79;LA:73;NC:38;FL:32;AZ:29;KY:10;GA:9;AR:8,high,100
54930002ZF7XTZGVKY26,,,,unmatched,121,102,100,MN:100;ND:1;IA:1,low,100
254900U7G0LJ4QNSFC86,,,,unmatched,257,224,98,IA:122;MN:98;WI:2;IL:1;AZ:1,low,98
549300KUIZTYQRC0R888,,,,unmatched,376,232,97,MN:97;IA:27;TX:12;SD:10;FL:9;NY:6;AZ:6;GA:5;WI:4;PA:4,medium,97
2549009GERLEDM651T51,,,,unmatched,105,103,97,MN:97;WI:6,low,97
254900QE8DMX9C02HU80,,,,unmatched,135,125,96,MN:96;SD:18;IA:8;WI:3,low,96
254900CCCPJ8S6GUIT87,,,,unmatched,104,103,96,MN:96;WI:7,low,96
549300URHBBJ2KIQ3616,,,,unmatched,110,97,95,MN:95;CO:1;WI:1,low,95
549300ODTHTLPTSBD612,,,,unmatched,117,110,94,MN:94;WI:13;SD:3,low,94
5493007YN2BYYXCI7W64,,,,unmatched,1465,650,93,SD:494;MN:93;ND:25;MT:10;NE:10;WY:9;IA:6;IN:1;ME:1;CO:1,medium,93
549300M5DZ6P9KNT7H33,,,,unmatched,117,95,93,MN:93;FL:2,low,93
5493009L8OBHJQW5DQ13,,,,unmatched,105,96,92,MN:92;WI:3;AZ:1,low,92
254900M984EPKRAPEO90,,,,unmatched,103,91,91,MN:91,low,91
5493006PPEKKNUB9O715,,,,unmatched,107,91,89,MN:89;WI:2,low,89
549300OQMIO8XPU2KT43,,,,unmatched,104,90,86,MN:86;WI:4,low,86
549300BB4LSE4JRRGV15,,,,unmatched,346,275,85,ND:168;MN:85;AZ:5;CA:3;WI:3;GA:1;CO:1;SC:1;TX:1;NC:1,low,85
25490018IFQOT83Q7H49,,,,unmatched,2239,1623,84,OR:329;OH:275;PA:174;SC:161;CA:98;FL:90;MN:84;TX:56;WI:43;NC:34,high,84
549300MNZNDD5FZ2PF62,,,,unmatched,95,85,84,MN:84;WI:1,low,84
549300SUC4CLYKKZWS29,,,,unmatched,387,289,82,WI:206;MN:82;IA:1,low,82
25490099UNYWX2PZ4J91,,,,unmatched,218,182,81,WI:93;MN:81;NC:2;AZ:1;AR:1;IA:1;MI:1;GA:1;FL:1,low,81
2549008O36ZLTWMCKU62,,,,unmatched,93,84,79,MN:79;WI:3;FL:1;IA:1,low,79
549300SKSQ3IYUXJCH36,,,,unmatched,127,84,77,MN:77;WI:6;FL:1,low,77
549300AO417FCNJGKM49,,,,unmatched,179,118,73,MN:73;WI:39;AZ:2;FL:1;MI:1;MT:1;OK:1,low,73
549300LX1HMON836J004,,,,unmatched,98,73,73,MN:73,low,73
549300VE85K2XTVRSG76,,,,unmatched,83,80,72,MN:72;FL:2;SD:2;ND:2;OR:1;AZ:1,low,72
254900X5VVSXLQGRTJ55,,,,unmatched,82,73,72,MN:72;FL:1,low,72
549300G6F5FVAHSGKU13,,,,unmatched,96,74,72,MN:72;UT:1;ND:1,low,72
VEQ70DCTAI4TBBHPYI39,,,,unmatched,688,542,71,NE:327;IA:132;MN:71;WI:2;AZ:2;FL:2;SC:1;MO:1;OK:1;AL:1,medium,71
549300PLVU3OBFUIPI18,,,,unmatched,277,243,71,ND:172;MN:71,low,71
2549007AU24FVDMNUB40,,,,unmatched,2422,749,69,WI:262;IL:72;MN:69;CA:43;GA:29;FL:25;IN:19;NC:19;OH:19;CO:16,medium,69
5493000JZXUB8NOEMF64,,,,unmatched,674,546,68,ND:469;MN:68;SD:5;AZ:3;IA:1,medium,68
254900E01NSQ6T7WDM16,,,,unmatched,105,68,68,MN:68,low,68
549300CMT3RKMW1QLO34,,,,unmatched,82,69,64,MN:64;WI:5,low,64
549300G3WIMVDYUYQC27,,,,unmatched,68,64,63,MN:63;FL:1,low,63
254900X6OAHFW6BUT219,,,,unmatched,2047,1435,61,WI:1374;MN:61,medium,61
5493001DKNDZW3UIWI38,,,,unmatched,73,63,60,MN:60;WI:1;FL:1;TN:1,low,60
549300UONVHJ0G6DSL23,,,,unmatched,551,484,58,ND:326;MT:89;MN:58;SD:5;AZ:3;FL:2;MO:1,low,58
549300B3BEP9WW99IR76,,,,unmatched,166,107,58,MN:58;WI:48;FL:1,low,58
5493001HOFQNI04A3474,,,,unmatched,82,81,58,MN:58;WI:13;IA:10,low,58
254900GWSHKTMAYXI472,,,,unmatched,61,59,58,MN:58;WI:1,low,58
254900TFUMB07CBEN720,,,,unmatched,79,62,57,MN:57;WI:5,low,57
254900CN1DD55MJDFH69,,,,unmatched,12013,8896,56,WI:8766;IL:74;MN:56,high,56
5493008BSTI0PQR0IL08,,,,unmatched,574,385,56,WI:329;MN:56,low,56
549300S46DHLT3EQ9F05,,,,unmatched,191,154,56,MT:93;MN:56;WA:1;MO:1;CO:1;WI:1;SD:1,low,56
254900G7NNSN8LRSPM89,,,,unmatched,72,69,55,MN:55;FL:5;ND:3;WI:3;NE:1;CO:1;WA:1,low,55
2549007GLTHLP3ZYS308,,,,unmatched,59,58,55,MN:55;AZ:1;TX:1;WI:1,low,55
25490085TUTOSF6Q7Y94,,,,unmatched,70,55,55,MN:55,low,55
254900HBR13MJYNT3634,,,,unmatched,57,55,55,MN:55,low,55
549300YSKDQJCQKT0775,,,,unmatched,67,55,55,MN:55,low,55
549300J9E3YDKIBPUY45,,,,unmatched,178,152,54,ND:93;MN:54;SD:2;FL:2;AZ:1,low,54
549300Q88XHYAWBJTS50,,,,unmatched,65,58,54,MN:54;WI:3;FL:1,low,54
549300Q9WQZE336R0U94,,,,unmatched,70,56,54,MN:54;TX:1;WI:1,low,54
5493002XYKZPDHNHJY97,,,,unmatched,55,53,52,MN:52;FL:1,low,52
549300TLO48M0X8Z5B67,,,,unmatched,53,53,50,MN:50;WI:3,low,50
254900CPIGHZEFW97Z79,,,,unmatched,59,49,49,MN:49,low,49
5493000IIYWBLONJVJ30,,,,unmatched,2370,1430,48,CA:173;TX:112;FL:91;NC:78;WA:59;MI:55;GA:50;IL:48;MN:48;PA:46,high,48
254900P681DTTH4I3144,,,,unmatched,335,240,48,ND:121;AZ:62;MN:48;SD:2;TX:1;MT:1;ID:1;IL:1;UT:1;FL:1,low,48
3F3G50WF6GG95B8BM859,,,,unmatched,96,90,48,MN:48;ND:42,low,48
5493006RIR31ORKYB608,,,,unmatched,2057,1534,47,CA:395;IA:166;AL:152;TX:133;LA:90;MS:82;AR:56;MN:47;OH:43;WA:37,high,47
549300KQHWNSVCE2MY88,,,,unmatched,1746,1219,47,TX:125;TN:91;NC:65;CA:58;GA:53;IN:53;FL:49;MN:47;OH:46;VA:46,high,47
5493007DIB8YPDM6NR52,,,,unmatched,3222,1160,47,WI:893;IA:197;MN:47;IL:23,medium,47
549300XDIQEEL7H1YU47,,,,unmatched,65,47,47,MN:47,low,47
2549007Q0B6XK1XTYG16,,,,unmatched,51,47,46,MN:46;FL:1,low,46
254900ASL383AJ6GSJ43,,,,unmatched,136,102,46,MN:46;ND:28;WI:27;SD:1,low,46
254900NRU0TO5WZHHH62,,,,unmatched,82,70,46,MN:46;NE:17;MI:7,low,46
549300MX8VQ8VRHIUY36,,,,unmatched,74,47,45,MN:45;WI:2,low,45
549300OTZJELCR34CD18,,,,unmatched,49,45,45,MN:45,low,45
25490074OSKMLQ1W0I88,,,,unmatched,53,48,44,MN:44;FL:1;AZ:1;NC:1;WI:1,low,44
5493007GTTV61V305H74,,,,unmatched,50,45,44,MN:44;FL:1,low,44
5493009OGIRBMW7R8T35,,,,unmatched,45,44,44,MN:44,low,44
549300J61UYIFWNCZS06,,,,unmatched,48,44,43,MN:43;ND:1,low,43
54930059GZZ7G4G40O53,,,,unmatched,3918,2858,42,TN:1004;NC:922;TX:376;VA:132;SC:117;FL:69;MN:42;AL:36;GA:21;MI:13,high,42
549300M3TJGNW53OWQ30,,,,unmatched,47,42,42,MN:42,low,42
5493005T71YXBHEO2093,,,,unmatched,1483,567,41,IL:356;GA:63;MN:41;NV:35;IN:29;FL:12;WI:10;MI:7;TN:5;CA:4,medium,41
254900QRJBX9155TRB79,,,,unmatched,70,44,41,MN:41;WI:3,low,41
254900237R332M8L2724,,,,unmatched,66,43,41,MN:41;WI:2,low,41
2549004EEJO192FMAC61,,,,unmatched,100,99,40,ND:56;MN:40;FL:2;SD:1,low,40
254900MSHJQMAF6B3Q76,,,,unmatched,51,43,40,MN:40;AZ:1;FL:1;CT:1,low,40
254900R1W1FMZ4RIZ113,,,,unmatched,66,62,39,MN:39;ND:23,low,39
549300Y6FW0UWRZJW587,,,,unmatched,47,45,38,MN:38;WI:7,low,38
549300HDE2HTZZL30G11,,,,unmatched,47,39,38,MN:38;WI:1,low,38
9845005EAC5FTC8B2656,,,,unmatched,39,39,36,MN:36;WI:2;IA:1,low,36
254900J9CE43FKIA7D19,,,,unmatched,38,38,36,MN:36;WI:1;MI:1,low,36
254900FKPTR6FQ8IH565,,,,unmatched,36,36,36,MN:36,low,36
549300VF12R0WS33KN43,,,,unmatched,702,559,35,ND:516;MN:35;SD:2;AZ:1;CA:1;FL:1;ID:1;NY:1;WY:1,medium,35
2549004XDCE3LGQW7H72,,,,unmatched,242,165,35,MN:35;WI:17;IL:10;FL:9;CA:8;OH:7;IA:7;IN:6;CO:6;TX:6,low,35
254900DJ8WC0BQHYR275,,,,unmatched,114,106,34,IA:64;MN:34;MI:2;WI:1;AZ:1;CO:1;WY:1;FL:1;ND:1,low,34
254900WUFBTURHYEWD17,,,,unmatched,40,34,34,MN:34,low,34
549300HH2N9Q3HH7XL57,,,,unmatched,34,34,32,MN:32;WI:2,low,32
1TMVIO1SD0RLIPEIW803,,,,unmatched,1953,1311,31,MO:915;IA:198;KS:76;MN:31;NE:16;IL:14;AR:12;FL:8;NC:7;CA:6,medium,31
254900WAOJC0EM7P8C35,,,,unmatched,40,32,31,MN:31;WI:1,low,31
5493007NUZE2Z68U3P36,,,,unmatched,32,30,30,MN:30,low,30
38CFVD4YYFWD1FV7IM34,,,,unmatched,3208,2762,29,WI:2279;MI:393;MN:29;FL:19;AZ:9;IL:7;SC:5;TN:4;NC:3;VA:2,medium,29
549300RBJCM5B02O5U05,,,,unmatched,2585,2079,29,IA:1743;NE:222;MN:29;SD:24;AZ:11;FL:10;CO:5;MO:5;IL:4;KS:4,medium,29
5493004O4O6HBJZIXH92,,,,unmatched,34,30,29,MN:29;ND:1,low,29
5493001FOLPDJ44AZD23,,,,unmatched,28,28,28,MN:28,low,28
25490052LT8QG1RXJ172,,,,unmatched,29,28,27,MN:27;ND:1,low,27
254900RND4J0SY320F06,,,,unmatched,48,37,26,MN:26;IA:6;IL:2;SD:2;PA:1,low,26
549300ZQ87KRTMFMIK55,,,,unmatched,73,30,26,MN:26;WI:4,low,26
549300MSU5WVAU4ZN645,,,,unmatched,7196,4961,25,PA:3102;OH:1229;VA:228;MD:75;SC:71;GA:59;NC:50;MN:25;FL:18;TN:13,high,25
254900OD9TDRYGWJ0N48,,,,unmatched,395,314,25,SD:189;WY:40;CO:39;MN:25;AZ:3;IA:3;NE:2;FL:2;WI:2;IL:2,low,25
254900J67JRUY8SSE075,,,,unmatched,36,34,25,MN:25;AZ:3;WI:2;MT:1;CA:1;FL:1;TX:1,low,25
549300K3JILC7UMYWR39,,,,unmatched,140,130,25,WI:100;MN:25;MI:1;IL:1;MT:1;FL:1;DC:1,low,25
549300BQRQCIPWG06A21,,,,unmatched,33,31,25,MN:25;ND:6,low,25
5493003QF1L7XNSWRM19,,,,unmatched,50,26,25,MN:25;WI:1,low,25
549300WW4OBT30G5DK23,,,,unmatched,211,139,24,MN:24;WI:18;IL:14;OH:11;AZ:7;FL:6;GA:5;CA:5;IN:5;PA:4,low,24
5493003SVUBV3VW5CT40,,,,unmatched,104,86,24,IA:52;MN:24;FL:3;AZ:2;WI:2;CA:1;IL:1;NC:1,low,24
549300J40Q51KLQJLO73,,,,unmatched,30,25,24,MN:24;MI:1,low,24
549300JQALY53TH22D13,,,,unmatched,199,178,23,MN:23;TX:21;WA:13;CA:13;IL:12;OR:10;FL:8;NM:8;TN:7;CO:7,medium,23
254900WS1VXVLBPOY323,,,,unmatched,26,24,23,MN:23;FL:1,low,23
549300Q6UYO4VXM0VF43,,,,unmatched,30,24,23,MN:23;WI:1,low,23
549300K25LF5SIJKLD23,,,,unmatched,30,27,22,MN:22;WI:2;FL:1;SD:1;MS:1,low,22
254900GRI3U90GF3IF79,,,,unmatched,26,22,22,MN:22,low,22
5493003JI7ZC424UAF50,,,,unmatched,26,22,22,MN:22,low,22
2549008LUH7QKMXQ8N53,,,,unmatched,1648,1140,21,IL:297;MO:278;IA:176;PA:97;IN:76;CO:43;MT:31;TX:25;MN:21;AR:17,medium,21
549300UQPFB0RR8JCA42,,,,unmatched,680,578,21,SD:433;ND:109;MN:21;AZ:4;IA:2;NE:2;CO:2;TN:1;NV:1;MI:1,medium,21
549300B6S67QUY869538,,,,unmatched,21,20,20,MN:20,low,20
549300UV5JQXLGVWIP44,,,,unmatched,582,332,19,IL:105;TX:61;CA:20;MN:19;OH:13;UT:10;WA:10;GA:10;LA:9;VA:9,medium,19
549300K1K5K5L0W6QR97,,,,unmatched,24,21,19,MN:19;CA:1;WI:1,low,19
2549004O2ZT0HSAP5S70,,,,unmatched,149,91,18,MI:69;MN:18;IL:4,low,18
549300X2ZT06KCNAN962,,,,unmatched,28,26,18,MN:18;ND:8,low,18
549300EKCKDF80ZM4V51,,,,unmatched,115,115,17,TX:25;MN:17;CA:8;IA:7;AZ:6;ND:5;NE:5;MT:5;IL:4;SC:3,low,17
IWRZQFYIRJ0IMURZBB68,,,,unmatched,3907,3194,16,WI:3047;IL:61;MN:16;FL:14;AZ:11;NC:6;TX:5;CO:5;MI:5;IN:4,medium,16
549300UXTDELQS5SLF91,,,,unmatched,3715,2783,16,IA:1990;WI:545;IL:183;MN:16;MO:9;FL:9;AZ:4;WA:4;MI:2;NE:2,medium,16
254900VH0YZ5TAKFLL81,,,,unmatched,211,162,16,IA:146;MN:16,low,16
5493003LIT6MPMIF5W07,,,,unmatched,165,143,16,ND:106;SD:19;MN:16;MI:1;MO:1,low,16
549300TIX8J3RRFKXZ81,,,,unmatched,25,20,16,MN:16;WI:4,low,16
549300IBT3SCF2K09D58,,,,unmatched,290,261,15,CA:34;WA:18;GA:16;MN:15;TX:15;OR:13;FL:13;AZ:12;PA:10;NC:10,medium,15
54930099BVD0E448JX38,,,,unmatched,537,457,15,NE:353;IA:60;MN:15;MO:7;CO:6;FL:3;SD:2;KS:2;TX:2;ID:1,low,15
54930076NULTCIRS5P09,,,,unmatched,15,15,15,MN:15,low,15
254900NTAC4H10MGSU23,,,,unmatched,15897,11414,14,WI:11322;IL:46;MN:14;FL:13;MI:8;CO:6;AZ:5,high,14
549300RFPLMCMJL7BS81,,,,unmatched,268,246,14,OH:48;KY:18;NC:17;GA:15;MN:14;CA:14;MI:14;IN:12;TX:10;AL:8,medium,14
549300T1ONVEMLQ4B629,,,,unmatched,753,633,14,SD:576;MN:14;IA:13;NE:12;CO:3;AZ:2;TN:2;FL:2;ND:2;TX:2,medium,14
549300EHWBP6UP4Y8J37,,,,unmatched,160,119,14,MI:15;MN:14;VA:13;FL:9;IL:8;TX:8;CA:6;ID:5;OH:4;IN:4,low,14
254900VCWCM4JYEUI429,,,,unmatched,23,15,14,MN:14;CA:1,low,14
549300R92KASZD16MT49,,,,unmatched,76,63,14,SD:36;MN:14;IA:13,low,14
549300TSV5GUFPY3IT90,,,,unmatched,94,86,13,WI:73;MN:13,low,13
549300Z77WUYJM3QG591,,,,unmatched,1511,977,12,SD:942;IA:18;MN:12;AZ:3;NE:2,medium,12
5493002T397LUNQ31179,,,,unmatched,185,154,12,WI:140;MN:12;FL:2,low,12
549300R4F5COFJE0DN81,,,,unmatched,1652,864,11,CA:531;AZ:75;FL:44;TX:33;NV:32;WA:21;TN:14;IL:12;VA:11;MN:11,high,11
549300Q76VHK6FGPX546,,,,unmatched,1621,1301,11,IA:916;SD:304;NE:39;MN:11;AZ:7;MO:5;KS:3;FL:2;CA:2;WI:2,medium,11
5493008L7BNNEPSS6V79,,,,unmatched,138,123,11,WI:107;MN:11;IA:5,low,11
254900X5QCTPBYKG4S42,,,,unmatched,158,110,11,WI:99;MN:11,low,11
VUAW1MW1BHNL595RH698,,,,unmatched,92,74,11,WI:63;MN:11,low,11
5493008LABVG9QJ78G04,,,,unmatched,11,11,11,MN:11,low,11
254900IER2H3R8YLBW04,,,,unmatched,480,382,10,WI:371;MN:10;MI:1,low,10
549300H8LM6VPYEHWU46,,,,unmatched,103,94,10,WI:83;MN:10;KS:1,low,10
549300BTTR873E71L054,,,,unmatched,3991,3103,9,VA:1016;NC:752;WV:488;SC:311;PA:187;TX:172;MD:134;FL:9;MN:9;GA:7,high,9
XC7Z0BA39TU7L1AKOJ12,,,,unmatched,4458,2588,9,IL:2072;FL:246;WI:139;IN:23;CA:16;GA:10;AZ:9;CO:9;MI:9;MN:9,medium,9
254900O723MCLR701H50,,,,unmatched,6301,1138,9,IL:785;TX:103;FL:73;NM:57;IN:16;SC:14;NV:13;CA:12;AZ:10;MN:9,medium,9
254900FI363837PZX856,,,,unmatched,328,228,9,IA:159;MO:14;NE:13;MN:9;IL:7;SD:5;AZ:4;KS:4;FL:3;WI:2,low,9
549300KCR7QWQQCWBG94,,,,unmatched,216,163,9,SD:145;IA:9;MN:9,low,9
549300AV8QD552DSI743,,,,unmatched,163,136,8,TX:29;CA:10;NY:8;MN:8;AZ:8;WA:8;PA:6;IL:5;OH:4;KS:4,medium,8
549300UKYJZO6CZXIX60,,,,unmatched,729,576,8,IL:476;TN:22;IN:16;FL:13;MI:11;MN:8;WI:5;OH:5;GA:5;SC:3,medium,8
549300REHZOIYMHDPI61,,,,unmatched,679,564,8,SD:541;IA:13;MN:8;NE:1;ND:1,medium,8
254900O2VYWY7LKZ6T60,,,,unmatched,91,35,8,MN:8;IN:7;OH:4;ND:3;PA:3;NE:3;NJ:2;MI:2;IA:2;AZ:1,low,8
54930019RBT2SM6CQS78,,,,unmatched,284,219,8,ND:166;WI:37;MN:8;SD:3;AZ:1;MI:1;NV:1;ID:1;UT:1,low,8
89Z2WRK82BORVH42CP71,,,,unmatched,43,34,8,IA:26;MN:8,low,8
5493003VXRP1TSRJCM25,,,,unmatched,10,8,8,MN:8,low,8
549300MIVSVBBGZIFR79,,,,unmatched,8,8,8,MN:8,low,8
549300XRXBA38J60S618,,,,unmatched,1095,856,7,CA:561;ID:170;AZ:37;UT:13;NV:13;TN:10;FL:9;TX:8;MN:7;WA:7,high,7
98450058D88OE4463626,,,,unmatched,301,209,7,CA:60;FL:55;TX:22;NC:13;VA:12;NJ:12;MN:7;AZ:6;PA:5;CO:4,medium,7
254900DTLB5WWMBJAD86,,,,unmatched,1679,1312,7,WI:1245;IL:12;FL:10;MN:7;TN:5;AZ:5;OH:4;TX:4;NC:3;CO:3,medium,7
549300T03X096VF60C57,,,,unmatched,663,443,7,SD:417;MN:7;IA:6;AZ:3;ND:2;NE:1;WA:1;MT:1;ID:1;ME:1,low,7
549300C5STIFBCFMRJ96,,,,unmatched,153,133,7,ND:120;MN:7;AZ:4;MO:1;SD:1,low,7
549300C0NMWZNSX3W048,,,,unmatched,132,129,7,WI:120;MN:7;IA:2,low,7
5493004F7BXDIUFVPV87,,,,unmatched,2660,1665,6,CA:1531;TX:20;WA:15;CO:13;AZ:12;NC:11;OR:10;MN:6;ID:4;OH:4,high,6
549300KX6E1IE2LM5E30,,,,unmatched,474,326,6,CA:90;WA:60;FL:35;AZ:19;CO:18;GA:15;OR:11;TX:10;MN:6;PA:6,medium,6
5493004MWCDBCBTXE044,,,,unmatched,176,155,6,IL:76;CA:29;FL:25;MN:6;MT:4;WI:3;NC:2;TN:2;MI:2;MA:1,medium,6
Q107R4XFOZ6F6K73C488,,,,unmatched,207,180,6,SD:170;MN:6;AZ:2;ND:1;IA:1,low,6
254900TTMRDRR2EQSI59,,,,unmatched,145,117,6,WI:111;MN:6,low,6
254900MY1ZANX8HECH55,,,,unmatched,76,67,6,WI:60;MN:6;IA:1,low,6
254900CIEUZUO7CHPG88,,,,unmatched,5075,4028,5,WI:3632;MI:260;IL:121;FL:8;MN:5;AZ:2,medium,5
549300P7J9S1WSW4VU68,,,,unmatched,119,102,5,IL:55;CA:19;MN:5;FL:5;WI:4;MT:4;NC:2;AZ:2;IN:2;WA:1,low,5
3HICJPQ15PGZSBFDNJ82,,,,unmatched,103,90,5,IL:48;CA:10;WI:6;FL:6;AZ:5;MN:5;MT:4;TX:1;MI:1;SC:1,low,5
549300ZUA8339ZH6W934,,,,unmatched,126,45,5,KY:26;MN:5;WV:4;OH:3;TN:2;GA:2;KS:1;FL:1;NC:1,low,5
549300Q26XXW77S35W27,,,,unmatched,84,81,5,WI:71;MN:5;FL:4;WY:1,low,5
254900WQBZOLXT53K570,,,,unmatched,226,167,5,IA:143;SD:15;MN:5;NE:3;AZ:1,low,5
549300U7UH8QCS8WQ406,,,,unmatched,1579,1220,4,IN:1121;FL:15;OH:14;MI:10;GA:9;IL:9;NC:5;MO:5;SC:4;MN:4,medium,4
549300M2Z8GR3VL0QQ74,,,,unmatched,1311,783,4,SD:738;MT:17;WY:8;MN:4;ND:2;TX:2;MO:2;KS:1;IN:1;NE:1,medium,4
549300P6ZERWX5BPWX45,,,,unmatched,1021,744,4,WI:695;IL:44;MN:4;MI:1,medium,4
549300IZ5GOBKOERL931,,,,unmatched,722,648,4,IA:634;WI:7;MN:4;IL:1;MO:1;NE:1,medium,4
549300O4KTZGM04CCZ47,,,,unmatched,644,423,4,IL:308;WI:72;OH:14;CA:7;FL:5;MN:4;MA:2;IN:2;AZ:2;TX:1,low,4
2I8LP0RLR14D1X6W0P51,,,,unmatched,65,55,4,IL:27;CA:11;MN:4;MI:3;MT:3;WI:2;FL:2;IN:2;SC:1,low,4
549300R8N9KVQUKVNJ71,,,,unmatched,83,82,4,ND:61;MN:4;IL:2;SC:2;FL:2;KY:2;TX:2;KS:1;SD:1;OH:1,low,4
549300HZKPV04SFK9K27,,,,unmatched,415,377,4,WI:372;MN:4;IA:1,low,4
549300N6U5XCH70TOK35,,,,unmatched,622,465,3,NJ:424;NY:15;PA:8;NC:5;FL:4;MN:3;MD:3;TN:1;MA:1;VA:1,medium,3
549300SQRR7T3EUSDD87,,,,unmatched,517,289,3,TX:171;CO:40;GA:28;TN:7;AZ:7;FL:5;SC:3;KY:3;MN:3;NC:3,medium,3
549300HGDJQ37M5BE268,,,,unmatched,1169,958,3,IL:910;FL:19;MO:9;MN:3;AZ:2;GA:2;TX:2;MI:2;SC:1;TN:1,medium,3
549300L9MOPDT0NKE883,,,,unmatched,1406,980,3,KS:805;OK:79;MO:53;FL:8;CA:4;TX:3;NC:3;NM:3;MN:3;IL:2,medium,3
549300TV5ZED3EINI708,,,,unmatched,752,512,3,MI:251;WI:223;FL:21;CO:3;MN:3;MT:2;NC:1;IN:1;IA:1;CT:1,medium,3
549300PZ44DNQDPOV865,,,,unmatched,3739,3183,3,NE:2875;MO:175;KS:68;IA:31;AZ:11;SD:5;FL:4;MN:3;AR:2;CO:2,medium,3
R6KJ2D7C3UT8OVTWHS39,,,,unmatched,1996,1487,3,NE:1373;KS:35;IA:19;MO:18;CO:13;AZ:6;MN:3;TX:3;SD:3;IN:2,medium,3
II61D6IY86YZ37HBBL25,,,,unmatched,910,716,3,IA:576;AZ:101;NE:21;MO:5;MN:3;KS:2;IL:2;FL:2;SD:1;TN:1,medium,3
549300X6ESK4SUBRYL85,,,,unmatched,481,357,3,IL:278;FL:19;TX:12;MI:9;WI:5;GA:4;CO:4;CA:3;MN:3;AZ:3,low,3
01ERPZV3DOLNXY2MLB90,,,,unmatched,150,121,3,IL:55;CA:21;FL:7;WI:7;IA:6;MT:5;AZ:4;MN:3;MI:3;ND:2,low,3
549300VTMXH07KUIB722,,,,unmatched,191,149,3,SD:140;IA:3;MN:3;NE:2;TX:1,low,3
549300ZJODJ0SZUNMX12,,,,unmatched,516,390,3,IA:384;MN:3;MO:1;WI:1;IN:1,low,3
549300XRB0LTJL53XI04,,,,unmatched,260,183,3,ND:94;AZ:84;MN:3;SD:2,low,3
25490072C0PMGDUJQU77,,,,unmatched,137,107,3,IA:102;MN:3;AR:1;MO:1,low,3
549300J51TCIL2CWJP16,,,,unmatched,106,106,3,WI:103;MN:3,low,3
254900UKANDAKWQ7CR03,,,,unmatched,87,84,3,IA:81;MN:3,low,3
5493000N2MFQSET3L013,,,,unmatched,68,61,3,ND:56;MN:3;AZ:2,low,3
VN1JLT1F3FLLVN3FZG89,,,,unmatched,7547,4663,2,PA:3223;OH:1386;KY:18;FL:12;IN:5;NC:3;WV:3;MN:2;IL:2;GA:2,high,2
549300YB1H2FRI6JPM51,,,,unmatched,18732,14279,2,MI:12864;FL:1196;OH:66;IL:61;IN:47;WI:33;TN:3;SC:3;MN:2;NC:1,high,2
254900ZELVKWROFNEC29,,,,unmatched,643,408,2,PA:297;NJ:53;GA:11;FL:11;DE:8;NC:6;CO:3;MN:2;MA:2;MD:2,medium,2
54930053KPO7OG48FP72,,,,unmatched,446,279,2,PA:146;IN:39;FL:34;OH:27;VA:8;MI:5;CA:3;CO:3;MD:2;MN:2,medium,2
549300R0DP2GXAIMGB41,,,,unmatched,2171,1529,2,CO:1334;AZ:98;NM:34;NE:15;WY:9;TX:8;KS:5;MO:3;MN:2;MI:2,medium,2
549300HN58ONH5KNJJ12,,,,unmatched,1243,1064,2,WI:806;MO:197;IL:32;FL:6;CO:4;TN:3;TX:3;MI:3;MN:2;KS:2,medium,2
5493009PLGT79KQ6HO15,,,,unmatched,651,566,2,NE:492;IA:45;AZ:4;FL:3;MO:3;TX:3;CO:3;VA:2;MN:2;OK:1,medium,2
5493006P0JVBBAHVXV08,,,,unmatched,1175,897,2,WI:882;FL:3;MN:2;MI:1;AZ:1;TX:1;MO:1;SC:1;TN:1;NV:1,medium,2
549300BRLQAIJ1LJA253,,,,unmatched,2222,1837,2,WI:1810;MI:5;FL:5;IL:2;CO:2;MN:2;AZ:2;OH:2;AL:1;WY:1,medium,2
549300FUMS21JPQM1N03,,,,unmatched,3063,2454,2,WI:2436;MI:8;MN:2;TN:2;IL:2;FL:1;GA:1;OH:1;NJ:1,medium,2
549300GG5XNEIGHQTG04,,,,unmatched,2609,1836,2,NE:1606;IA:200;KS:8;SD:7;FL:3;MN:2;NV:2;MO:2;OK:1;TX:1,medium,2
549300NDNZ6EWP8BJI88,,,,unmatched,967,759,2,IA:735;NV:4;MO:4;NE:3;FL:3;CO:3;MN:2;AR:1;IL:1;LA:1,medium,2
254900RNV63A0TIZNK90,,,,unmatched,887,633,2,CO:493;OR:65;AZ:37;MI:21;WA:10;FL:3;MN:2;NE:1;WY:1,medium,2
54930015EUQKUCIRBQ14,,,,unmatched,1164,677,2,NE:633;IA:42;MN:2,medium,2
254900WO60HTEULEHM24,,,,unmatched,81,53,2,GA:26;CA:8;FL:6;IL:5;MN:2;WA:1;HI:1;TN:1;NY:1;CT:1,low,2
549300VUVWGNUHYOLA93,,,,unmatched,103,50,2,GA:35;NC:3;TX:2;MN:2;TN:1;IA:1;MD:1;SC:1;CA:1;AL:1,low,2
CLHA5EVJO4FMZ2WOBV70,,,,unmatched,177,151,2,IL:101;CA:19;FL:8;UT:6;WI:2;MN:2;MT:2;MO:2;MI:1;NC:1,low,2
549300UDBUNBNEKR8J69,,,,unmatched,115,87,2,IL:47;CA:16;WI:4;FL:4;MT:4;UT:3;AZ:2;MN:2;MA:2;ND:1,low,2
549300KX2KT8MOAS5Q71,,,,unmatched,115,98,2,WI:43;IL:25;CA:9;IN:5;AZ:3;FL:2;MN:2;IA:2;WA:2;MT:2,low,2
549300FOO7XNZ1564N12,,,,unmatched,89,65,2,IL:47;CA:8;MT:2;MN:2;NC:1;NJ:1;IN:1;AZ:1;IA:1;OH:1,low,2
89450088V2BYQUO61B62,,,,unmatched,183,120,2,LA:106;TX:6;MN:2;FL:1;MS:1;CA:1;IL:1;WA:1;MO:1,low,2
549300XMCDBXHD84QD46,,,,unmatched,325,289,2,IA:273;MO:2;FL:2;KS:2;MN:2;OH:1;WI:1;NC:1;CO:1;PA:1,low,2
2549001R6R928Y08SC30,,,,unmatched,185,127,2,SD:113;MN:2;WY:2;ND:1;FL:1;MT:1;TX:1;NC:1;MS:1;VA:1,low,2
549300BNZVNK1XN85P72,,,,unmatched,347,282,2,IA:238;SD:32;KS:2;FL:2;NE:2;MN:2;CO:1;CA:1;AZ:1;OR:1,low,2
549300EHZKNMEE6UUC83,,,,unmatched,284,260,2,IA:250;MN:2;FL:1;WI:1;IL:1;CO:1;MO:1;NC:1;NE:1;AZ:1,low,2
549300MPDN3KQZW68M43,,,,unmatched,116,91,2,WI:85;MN:2;MI:2;FL:2,low,2
549300CWJ74FF73VDL12,,,,unmatched,181,162,2,IA:157;MN:2;NE:1;FL:1;MO:1,low,2
549300S0KDM58LZT5C96,,,,unmatched,89,78,2,SD:38;IA:35;MN:2;FL:1;WI:1;NE:1,low,2
5493000JCZ0GMM2WOD15,,,,unmatched,92,74,2,WI:70;MN:2;IL:1;FL:1,low,2
5493003QPO86QUI9FJ04,,,,unmatched,384,281,2,IA:241;SD:20;NE:15;MN:2;MO:1;OK:1;KS:1,low,2
254900OC13I9CJC7SD87,,,,unmatched,253,180,2,WI:178;MN:2,low,2
549300Z8UWZMQ33WI653,,,,unmatched,138,133,2,IA:130;MN:2;WI:1,low,2
549300GDJSUYPH6UC416,,,,unmatched,129,91,2,WI:78;IN:7;MN:2;OH:2;MO:1;IA:1,low,2
5493008FT4WVSLWPKG77,,,,unmatched,109,85,2,WI:83;MN:2,low,2
549300IFAGUDY5MUY541,,,,unmatched,103,84,2,IA:65;IL:11;WI:3;MO:2;MN:2;IN:1,low,2
549300MVYX1L50756117,,,,unmatched,120,77,2,SD:74;MN:2;NE:1,low,2
549300RP0N2VARTRFQ77,,,,unmatched,71,66,2,WI:64;MN:2,low,2
549300M25807V5I2K649,,,,unmatched,69,64,2,IA:56;WY:4;MO:2;MN:2,low,2
549300C232ZWY1I57C16,,,,unmatched,4066,2112,1,CA:2079;AZ:7;OH:5;NV:5;TX:3;OR:2;GA:1;TN:1;MN:1;FL:1,high,1
254900L67A0ZTJRS6614,,,,unmatched,2195,1629,1,NC:1492;SC:132;VA:3;KY:1;MN:1,high,1
549300YHSRT5YOR5W454,,,,unmatched,1443,1145,1,TX:1119;NM:18;GA:2;AR:2;KS:1;OK:1;AL:1;MN:1,high,1
549300LO3MP4RAI32X70,,,,unmatched,790,620,1,TX:603;MS:3;NC:2;OR:1;FL:1;VA:1;MN:1;MI:1;SC:1;AR:1,high,1
549300DDDXGC8OXLNZ36,,,,unmatched,417,384,1,TX:375;NM:4;OH:2;AR:1;MS:1;MN:1,medium,1
RA4FKR1AA05ZK88M8034,,,,unmatched,682,337,1,TX:325;AR:2;CO:2;AL:1;MN:1;LA:1;OK:1;TN:1;MT:1;MI:1,medium,1
549300IWE0Y507LPF493,,,,unmatched,4582,3663,1,MI:3342;FL:244;OH:46;IN:10;IL:7;CA:7;CT:3;KY:2;MN:1;TX:1,medium,1
54930046JONFO0FON766,,,,unmatched,224,171,1,FL:153;GA:6;TN:3;CO:2;NC:2;NY:1;WV:1;MN:1;TX:1;MI:1,medium,1
549300YQ763HO7N3CO68,,,,unmatched,154,139,1,SC:129;FL:2;OH:2;IL:1;MI:1;TX:1;PA:1;MN:1;NC:1,medium,1
54930047YMR4VOMFGS35,,,,unmatched,175,124,1,PA:112;NJ:2;FL:2;NC:2;MI:1;MT:1;DE:1;CT:1;OH:1;MN:1,medium,1
549300WN1LQYJX9HOU28,,,,unmatched,153,120,1,TN:116;NC:1;MN:1;CO:1;VA:1,medium,1
984500ET710674536D72,,,,unmatched,174,126,1,TN:105;KY:5;IN:4;GA:2;NC:2;AL:2;MS:2;AR:1;FL:1;MN:1,medium,1
549300X844WCY1CCL322,,,,unmatched,141,112,1,TX:107;NC:1;KS:1;OK:1;TN:1;MN:1,medium,1
549300XYLNCM8KWF7B15,,,,unmatched,1260,723,1,AZ:641;TX:78;MN:1;ID:1;NC:1;CO:1,medium,1
549300XOTES5TCS8T794,,,,unmatched,2369,1610,1,IL:1287;MO:159;WI:101;IN:26;TX:14;FL:13;GA:2;TN:2;KS:1;MN:1,medium,1
5493008JUW0FLRMO0W64,,,,unmatched,968,756,1,MO:404;KS:321;TX:15;GA:4;VA:3;CA:2;IL:1;WA:1;MN:1;NC:1,medium,1
549300AUFLERO59VGC71,,,,unmatched,635,556,1,WI:314;IL:219;FL:7;TN:4;SC:3;NC:2;MN:1;IN:1;IA:1;OR:1,medium,1
549300TWHZRVTZ8RYT46,,,,unmatched,1330,906,1,IN:835;IL:58;FL:6;MI:1;GA:1;AZ:1;MN:1;OH:1;TN:1;OK:1,medium,1
UBNR8NKAK8J9JL4NZF88,,,,unmatched,1876,1380,1,OH:1023;IN:287;KY:37;MI:21;NC:3;FL:2;IL:1;MN:1;UT:1;NE:1,medium,1
549300AR4BCLQFU47165,,,,unmatched,1322,784,1,IL:469;IA:308;TX:1;MO:1;FL:1;MN:1;MT:1;WI:1;NC:1,medium,1
5493008NQVB5ZOWYNU83,,,,unmatched,3347,1851,1,MI:1833;OH:13;VT:1;MN:1;IN:1;WI:1;SC:1,medium,1
549300214PKB2Y1ZWH75,,,,unmatched,615,568,1,KS:524;MO:33;WY:2;AZ:2;AR:2;MN:1;ID:1;OK:1;TX:1;CO:1,medium,1
54930010ZG6EHTCJ1L21,,,,unmatched,171,138,1,IL:63;CA:34;IN:16;AZ:7;IA:3;ND:3;MT:2;MI:2;FL:2;MN:1,low,1
5493002W52M3SYLFEX32,,,,unmatched,34,24,1,TX:5;IN:3;NY:3;FL:3;MD:1;MA:1;MS:1;IL:1;MN:1;NJ:1,low,1
254900PHRI1MCM69UM20,,,,unmatched,93,68,1,NM:24;SD:14;NE:11;TX:10;NV:5;AZ:2;IA:1;MN:1,low,1
254900E211LMPD5PAM20,,,,unmatched,42,37,1,OK:29;TX:5;MN:1;OH:1;SC:1,low,1
254900TO7P4MVLV70225,,,,unmatched,144,136,1,IL:119;IN:5;FL:4;CO:2;MN:1;KS:1;MO:1;TX:1;WI:1;AZ:1,low,1
254900QIPUZ7PAK59X63,,,,unmatched,208,149,1,IA:138;FL:3;CO:2;MN:1;KS:1;OH:1;CA:1;AL:1;AZ:1,low,1
5493002Z4GZF8C2F3T27,,,,unmatched,51,16,1,WV:8;NC:1;SC:1;MN:1;OR:1;NY:1;MI:1;OH:1;NJ:1,low,1
YQI2CPR3Z44KAR0HG822,,,,unmatched,612,469,1,WI:465;FL:3;MN:1,low,1
5493005L8AW1CTD9HZ03,,,,unmatched,269,225,1,IA:186;IL:32;AR:2;FL:2;AZ:1;MN:1;SC:1,low,1
54930037K28BC4GVBU20,,,,unmatched,240,196,1,WI:192;CA:2;SC:1;MN:1,low,1
254900HEPQK96AEXHS12,,,,unmatched,447,398,1,NE:359;IA:14;MO:13;KS:3;CO:1;ND:1;MN:1;TN:1;IL:1;OR:1,low,1
5493002POZ4RFS6X0Z30,,,,unmatched,372,295,1,ND:281;AZ:4;SD:4;FL:2;MT:2;NE:1;MN:1,low,1
549300TSZB60GNONKL22,,,,unmatched,132,108,1,ND:97;SD:2;TX:2;WA:1;MT:1;MO:1;WY:1;NE:1;MN:1;AZ:1,low,1
549300P4RGN7F1H2N265,,,,unmatched,60,56,1,ND:47;AZ:3;CO:2;PA:1;FL:1;OR:1;MN:1,low,1
54930011HPXXLJN2D407,,,,unmatched,69,44,1,IL:36;MI:2;MN:1;NY:1;VA:1;WI:1;NC:1;IN:1,low,1
549300E0Q8JLIMURNH75,,,,unmatched,207,190,1,WI:188;MN:1;FL:1,low,1
549300LH06ZZHKPX5U83,,,,unmatched,157,121,1,ND:105;AZ:14;FL:1;MN:1,low,1
5493003Y4D5054GY3J13,,,,unmatched,127,103,1,IA:97;MO:2;KS:1;AZ:1;FL:1;MN:1,low,1
5493003Q218ZJ8R1WN88,,,,unmatched,96,94,1,WI:89;FL:1;MN:1;IL:1;MT:1;AZ:1,low,1
549300QP3NKC4EY4SD85,,,,unmatched,37,37,1,KS:25;MO:10;TN:1;MN:1,low,1
254900W66Q1214MV8X83,,,,unmatched,617,262,1,MI:254;IN:7;MN:1,low,1
549300YKMWXBZEEA1471,,,,unmatched,338,247,1,WI:243;IL:2;IA:1;MN:1,low,1
549300B6UWNP01JH6452,,,,unmatched,281,227,1,IL:205;WI:16;IA:4;MN:1;OH:1,low,1
549300OUJRW41FX1L002,,,,unmatched,237,185,1,NE:180;KS:2;AZ:2;MN:1,low,1
254900JU2DYRJVDHMG47,,,,unmatched,149,125,1,WI:124;MN:1,low,1
254900S2BHB4ZY0JPI53,,,,unmatched,148,125,1,IA:122;AZ:1;MN:1;IL:1,low,1
549300A81K8K8KJR9759,,,,unmatched,146,119,1,WI:117;AZ:1;MN:1,low,1
254900YAD0R5TBY92Y41,,,,unmatched,155,118,1,WI:116;AZ:1;MN:1,low,1
254900WNJM89PTUDS223,,,,unmatched,136,115,1,NE:111;IA:1;WI:1;OK:1;MN:1,low,1
2549006KT1XNB09W2M78,,,,unmatched,150,110,1,WI:109;MN:1,low,1
254900OM76KUNZP81M89,,,,unmatched,111,109,1,IA:104;NE:2;AZ:1;MN:1;WV:1,low,1
5493009D7ZK3I86CJC09,,,,unmatched,124,92,1,NE:50;CO:27;WY:12;SD:2;MN:1,low,1
549300UMP0GPLDSH4L61,,,,unmatched,98,92,1,IA:91;MN:1,low,1
25490031SXYH24299E86,,,,unmatched,117,90,1,IA:65;SD:23;MN:1;CO:1,low,1
254900JG0TE6ZVYQ7857,,,,unmatched,79,77,1,IA:75;MN:1;WI:1,low,1
254900C1MQVQQR44R744,,,,unmatched,88,76,1,WI:75;MN:1,low,1
2549006SBIS8ROWE8X84,,,,unmatched,93,72,1,WI:71;MN:1,low,1
5493003FRXPF7VWOYZ40,,,,unmatched,58,42,1,SD:41;MN:1,low,1
549300C1FRYGOIEXG035,,,,unmatched,55,37,1,IA:30;WI:5;MN:1;IL:1,low,1
54930047C62INWFYCF40,,,,unmatched,116,35,1,AK:33;NV:1;MN:1,low,1
549300PQ7WSN8JPB7M42,,,,unmatched,32,20,1,WI:18;MN:1;MT:1,low,1
549300HW662MN1WU8550,,,,unmatched,576697,422119,0,CA:57281;FL:49897;TX:42285;MI:22015;AZ:19328;CO:18178;GA:17047;NC:13671;IL:11397;NY:11157,high,0
549300FGXN1K3HLB1R50,,,,unmatched,609400,429332,0,CA:42202;FL:31530;TX:30579;MI:22693;GA:21182;NC:18462;OH:16656;PA:16043;VA:14489;NY:13729,high,0
549300VZVN841I2ILS84,,,,unmatched,190472,125099,0,FL:11987;OH:11011;CA:9599;PA:8399;TX:7734;NJ:7558;IL:5600;NY:5429;AZ:4945;WA:4877,high,0
B4TYDEB6GKMZO031MB27,,,,unmatched,217492,88530,0,CA:17758;FL:7938;TX:6141;NJ:5136;NC:4880;NY:3897;MA:3551;GA:3440;WA:3420;IL:2889,high,0
RVDPPPGHCGZ40J4VQ731,,,,unmatched,193807,100816,0,CA:10749;FL:9704;TX:6849;GA:5272;PA:4488;VA:4338;NC:3751;AZ:3232;NJ:3144;OH:2964,high,0
7H6GLXDRUGQFU57RNE97,,,,unmatched,152415,94243,0,CA:14032;TX:9775;NY:9163;IL:8778;FL:6131;OH:4171;NJ:3325;MI:2995;AZ:2864;IN:2857,high,0
549300AG64NHILB7ZP05,,,,unmatched,155159,91730,0,CA:9983;TX:8535;FL:7460;NJ:4334;IL:4241;GA:4168;AZ:4138;NC:3969;OH:3505;SC:2670,high,0
5493001SXWZ4OFP8Z903,,,,unmatched,101400,69159,0,TX:17748;FL:11582;NC:5258;SC:4153;GA:2777;CA:2776;AZ:2406;AL:2376;TN:2122;NV:2059,high,0
DRMSV1Q0EKMEXLAU1P80,,,,unmatched,119620,68902,0,NY:11000;PA:10441;MA:10235;NJ:7208;OH:4732;RI:3762;MI:3697;NH:3194;CT:3030;FL:2297,high,0
5493003GQDUH26DNNH17,,,,unmatched,179597,80547,0,VA:9684;FL:8416;CA:6361;NC:5249;MD:5163;GA:5118;TX:4267;SC:2487;WA:2289;PA:2141,high,0
549300GKFNPRWNS0GF29,,,,unmatched,102677,70098,0,TX:10655;WA:5796;CA:4698;FL:4388;TN:3925;PA:2626;NH:2466;MA:2329;VA:2325;NJ:2257,high,0
549300DD5QQUHO6PCH70,,,,unmatched,178189,82764,0,TX:6918;FL:5506;NC:4769;VA:4500;GA:4139;OH:3302;TN:3178;IL:2965;MO:2901;PA:2643,high,0
549300U3721PJGQZYY68,,,,unmatched,129086,70579,0,IL:10217;CA:6248;NJ:4826;MA:4507;TX:3318;FL:3204;PA:3119;OH:2795;NC:2491;CO:2143,high,0
549300FNXYY540N23N64,,,,unmatched,187594,66567,0,CA:5772;FL:5643;TX:4793;NY:3123;NC:2787;WA:2702;GA:2480;OH:2258;VA:2175;PA:2124,high,0
549300LYRWPSYPK6S325,,,,unmatched,165453,69982,0,TX:5759;FL:5374;NC:4463;GA:3946;CA:3918;VA:3646;IN:2580;OH:2477;TN:2436;SC:2168,high,0
549300DD4R4SYK5RAQ92,,,,unmatched,81084,57781,0,NC:8138;WA:5559;VA:4339;FL:4122;PA:3902;SC:2978;GA:2388;TX:2367;TN:2207;CA:1690,high,0
AD6GFRVSDT01YPT1CS68,,,,unmatched,116536,61280,0,PA:11263;OH:6725;NJ:5755;IL:3711;FL:3475;MD:2948;TX:2930;MI:2885;IN:2802;CA:2688,high,0
549300AQ3T62GXDU7D76,,,,unmatched,121724,86111,0,TX:6877;WA:5691;MO:5462;CO:4338;OR:4218;CA:4118;UT:3981;NV:3882;GA:3788;AZ:3467,high,0
549300MGPZBLQDIL7538,,,,unmatched,103697,74450,0,TX:7468;AZ:4724;IL:4215;IN:3665;GA:3631;FL:3153;NC:2993;WI:2947;CA:2867;OH:2685,high,0
JJKC32MCHWDI71265Z06,,,,unmatched,83470,41001,0,NC:7920;VA:6374;FL:6117;GA:4837;MD:3245;SC:2178;PA:2152;TN:2014;TX:1260;KY:1026,high,0
549300LBCBNR1OT00651,,,,unmatched,79599,52217,0,CA:4657;TX:3609;FL:3546;GA:2560;IL:1982;NC:1949;OH:1768;VA:1764;PA:1746;AZ:1744,high,0
254900DTLHVWQ7NP7R34,,,,unmatched,58895,40038,0,CA:8432;FL:4627;TX:3502;AZ:2579;UT:1917;IL:1746;CO:1646;MI:1407;WA:1253;GA:1055,high,0
549300PIL8LFAQ04XC20,,,,unmatched,108788,32174,0,CA:6742;FL:2675;AZ:1610;TX:1571;GA:1319;NJ:1279;NC:1116;WA:1086;VA:1024;CO:963,high,0
549300MZ8VZJOVC63092,,,,unmatched,45691,29401,0,CA:6409;TX:3781;FL:2662;UT:2249;GA:1421;OR:864;PA:782;WA:727;AZ:672;TN:597,high,0
EQTWLK1G7ODGC2MGLV11,,,,unmatched,68709,30269,0,FL:5826;AL:5523;TN:5322;GA:2869;MS:1886;LA:1282;TX:1252;MO:1188;IL:1168;AR:1129,high,0
254900UL88QFG0E40516,,,,unmatched,72355,33415,0,CA:5234;FL:2872;GA:1717;OH:1553;IL:1432;AZ:1416;NC:1212;NJ:1197;VA:1180;MI:1090,high,0
549300XQVJ1XBNFA5536,,,,unmatched,157783,28058,0,TX:6763;FL:2098;MI:1623;AL:1274;CA:1262;GA:1218;SC:1207;LA:1097;MS:1068;OK:888,high,0
5493006VAGP3GQ8FJT49,,,,unmatched,45169,25528,0,CA:3237;FL:2385;OH:1967;PA:1829;NC:1435;GA:1388;TX:1379;NJ:1139;MI:1128;MO:909,high,0
254900ZFWS2106HWPH46,,,,unmatched,34318,23410,0,CA:3975;FL:3741;TX:3136;NJ:1490;AZ:1127;GA:977;CO:741;WA:701;OH:688;OR:635,high,0
549300RPOGWJRH63HS39,,,,unmatched,51423,37767,0,OH:5380;MI:4118;TX:3238;FL:2495;IN:2257;NC:2127;PA:1934;IL:1655;TN:1404;KY:1069,high,0
WWB2V0FCW3A0EE3ZJN75,,,,unmatched,40592,23443,0,NY:7073;MD:3115;PA:3099;CT:2398;MA:1690;NJ:1501;VA:901;DE:767;VT:352;FL:342,high,0
549300121SF0K2LN2804,,,,unmatched,33320,24706,0,TX:6358;SC:1561;MO:1496;NY:1278;CA:1208;OH:1134;FL:931;PA:746;WA:716;AZ:610,high,0
5493004WMLN60ZJ2ON46,,,,unmatched,27380,18825,0,FL:4200;TX:3108;NC:1555;SC:1148;AZ:1133;OH:1064;CA:943;GA:803;NV:748;IL:615,high,0
E57ODZWZ7FF32TWEFA76,,,,unmatched,33959,15812,0,CA:5786;NY:3687;IL:1251;NJ:707;FL:565;TX:506;MD:400;WA:317;VA:311;DC:281,high,0
549300J7I82PNDVU8H22,,,,unmatched,29739,16337,0,CA:7327;FL:1580;TX:1270;MD:564;IL:454;AZ:439;GA:412;NV:368;MA:335;VA:312,high,0
5493001WHVQBGRSWEU75,,,,unmatched,25005,17312,0,CA:3155;FL:2433;NY:1590;TX:1135;NJ:989;GA:669;AZ:590;VA:485;NC:461;CO:424,high,0
549300YIQ7S7Z8PIHE53,,,,unmatched,94427,24298,0,FL:1667;CA:1635;NC:1353;GA:1343;TX:1068;PA:997;OH:991;VA:957;NJ:888;IL:882,high,0
IUGPUX5LWRZ3B6KIZ697,,,,unmatched,18359,13184,0,GA:5627;SC:1857;FL:1846;VA:724;NC:634;CA:484;MD:455;TN:394;AL:363;IL:140,high,0
2549005SIVTHG14U2905,,,,unmatched,24436,14692,0,FL:5245;CA:1446;TX:1050;NY:948;IL:550;GA:471;AZ:471;NJ:453;PA:339;SC:296,high,0
549300KIOYNU323LVJ37,,,,unmatched,34217,24774,0,CA:3554;IL:2402;TX:1947;WA:1911;FL:1750;AZ:1562;GA:1405;OR:860;TN:854;OH:854,high,0
549300OPCWU6E72WUT29,,,,unmatched,41778,24192,0,CA:1845;FL:1510;NC:1387;OH:1270;IL:1245;TX:1178;GA:1042;AZ:855;VA:839;TN:821,high,0
5493008CPTDVOS570626,,,,unmatched,39368,21298,0,OH:7970;FL:3765;CA:2301;GA:772;NJ:746;NC:672;IL:535;VA:526;WA:395;PA:392,high,0
549300O6Z0I6KYMESL47,,,,unmatched,19692,12091,0,CA:4633;FL:1634;TX:1476;GA:546;UT:295;NJ:281;AZ:251;VA:241;PA:236;IL:224,high,0
5493001GCBD5XGNIC815,,,,unmatched,93158,21244,0,CA:3015;FL:2383;OH:1359;IL:1213;PA:1032;NC:962;VA:824;NJ:811;AZ:786;MI:772,high,0
8I3UVGYULPJQIP7FQV10,,,,unmatched,15329,9966,0,SC:2816;FL:2616;GA:1856;NC:928;AL:918;TX:449;CO:184;VA:129;TN:30;MO:4,high,0
QFROUN1UWUYU0DVIWD51,,,,unmatched,75426,39534,0,OH:12389;MI:6106;IN:4817;IL:4111;FL:3553;KY:3150;NC:2216;TN:971;SC:863;GA:691,high,0
984500U2F9A83N391A91,,,,unmatched,18971,11067,0,FL:2262;CA:1367;TX:1262;NY:950;NJ:917;GA:409;AZ:367;PA:308;CT:294;NC:293,high,0
549300RN01LBYR8ZVX74,,,,unmatched,29643,17905,0,TX:1752;FL:1721;OH:1641;SC:1492;IL:1191;CO:1189;NC:1047;GA:846;VA:635;MD:581,high,0
5493001GDRY0EL7VG372,,,,unmatched,20194,15382,0,TX:4151;KY:1179;CO:914;FL:795;CA:751;SC:545;TN:524;MI:399;GA:387;AZ:384,high,0
54930054ET8KM4O1D485,,,,unmatched,55546,16189,0,CA:1778;FL:1042;NC:865;TX:858;NJ:752;IL:709;GA:704;PA:668;OH:585;VA:529,high,0
549300NOCASXPA34X033,,,,unmatched,69562,16372,0,FL:1488;TX:1422;CA:1244;GA:829;AZ:635;NC:610;VA:600;CO:583;WA:518;TN:495,high,0
549300370QILXLFUWD20,,,,unmatched,20147,14357,0,TX:1648;FL:1590;CA:1176;GA:1124;NC:1090;CO:635;AZ:603;MI:599;OH:481;VA:436,high,0
549300XY701IELCE5Q08,,,,unmatched,45682,14567,0,CA:1786;TX:1143;FL:1004;GA:685;NC:664;NJ:658;CO:512;OK:493;WA:480;IL:476,high,0
5493008NWHQT1R22C024,,,,unmatched,22722,13125,0,FL:1724;CA:1554;VA:897;TX:880;NY:827;AZ:698;MI:616;GA:565;SC:484;IN:429,high,0
549300MCIFZSDHUT8X63,,,,unmatched,24275,18920,0,OH:3308;MD:2255;FL:2000;VA:1310;NC:1137;TX:1055;NJ:1051;AZ:897;WA:843;CO:659,high,0
54930021WPEXNHYZUL09,,,,unmatched,18947,14467,0,TX:1597;FL:1206;GA:1125;CA:1003;PA:597;LA:585;VA:490;NC:417;OH:417;ID:411,high,0
549300R9S3MVDV4MGF56,,,,unmatched,52143,15089,0,FL:1296;CA:1022;GA:873;TX:848;IN:732;NC:680;OH:675;NY:576;MI:570;TN:533,high,0
549300GS0W0TEUQS8571,,,,unmatched,14182,10740,0,CA:1957;FL:990;NY:947;TX:573;NJ:548;MA:449;CO:427;IL:381;WA:350;GA:322,high,0
549300CB67L6KPJLHE19,,,,unmatched,72633,14578,0,TX:2321;CA:1644;MI:1245;MS:1014;FL:774;LA:606;AL:587;PA:553;WA:550;OR:426,high,0
5493004AS1SPBQOFDR49,,,,unmatched,14858,8804,0,CA:2752;FL:1313;TX:1230;NJ:438;CO:244;AZ:210;NC:195;MI:195;VA:193;TN:172,high,0
54930043BMDE130FJ617,,,,unmatched,18818,12170,0,TX:1706;CA:1208;PA:892;NC:669;CO:657;UT:642;FL:632;GA:602;WA:580;AZ:578,high,0
549300K4ZLGS7SRDTL86,,,,unmatched,28384,12086,0,FL:1337;CA:1126;TX:988;GA:737;LA:646;AZ:508;NC:500;TN:491;OH:431;PA:425,high,0
549300KTR1JGH3K6LU06,,,,unmatched,17668,7240,0,NY:4085;CA:552;FL:358;NJ:336;GA:195;NC:136;CT:119;PA:113;IL:112;WA:111,high,0
549300FX7K8PTEQUU487,,,,unmatched,26508,11278,0,VA:1455;CA:1113;TX:1055;FL:972;MD:652;GA:541;NC:517;NJ:449;PA:338;AZ:290,high,0
549300F8C5JA44WNMI75,,,,unmatched,18919,12172,0,VA:2520;NJ:1899;FL:856;NY:768;CT:755;MA:739;OH:544;IN:489;PA:397;RI:334,high,0
549300RA3E0BUFO7YZ21,,,,unmatched,14901,7540,0,FL:1457;CA:1424;TX:795;NY:714;NJ:302;GA:259;NC:179;PA:177;AZ:172;TN:151,high,0
5493002B2WMHY23GFK92,,,,unmatched,15900,11444,0,FL:1201;TX:938;NC:727;AZ:557;MO:535;TN:529;SC:473;OH:451;CA:440;GA:433,high,0
549300S5YL3OH0IVCS62,,,,unmatched,12584,8696,0,CA:2527;FL:786;TX:524;AZ:401;NY:368;WA:337;CO:303;NJ:280;NC:254;GA:195,high,0
549300VCMRO4ST680C11,,,,unmatched,32888,10858,0,TX:1052;FL:935;CA:770;GA:706;NC:705;VA:580;MO:413;SC:382;OH:351;TN:349,high,0
549300FK3AFCFVAPH234,,,,unmatched,7697,6274,0,MA:4926;NH:248;CT:177;RI:124;FL:114;ME:60;CA:58;TX:53;NC:51;NJ:37,high,0
254900RUCO27MVGTO768,,,,unmatched,20166,9270,0,NY:1687;NJ:1215;IL:1106;OH:564;PA:540;FL:432;CT:324;GA:317;TX:281;IN:258,high,0
254900HA4DQWAE0W3342,,,,unmatched,15379,9160,0,TX:1692;GA:705;FL:619;CA:540;PA:524;IL:452;IN:431;OH:396;AL:335;TN:311,high,0
C5654JQHZUHN0772B561,,,,unmatched,26635,11693,0,TX:1101;FL:825;NC:681;GA:562;VA:488;TN:407;OH:397;PA:348;MO:340;SC:332,high,0
549300Y5Y88FQLI7VE83,,,,unmatched,14122,8066,0,FL:1549;CA:1010;TX:738;NC:355;GA:352;NJ:274;OH:265;PA:231;VA:205;IL:205,high,0
549300R0SXC1JU7ZU290,,,,unmatched,13447,10308,0,TN:2461;OH:1167;MI:696;FL:575;GA:520;VA:503;AL:495;PA:402;KY:386;IN:376,high,0
X05BVSK68TQ7YTOSNR22,,,,unmatched,68974,9711,0,CA:813;FL:771;TX:649;IL:493;NY:467;GA:466;NJ:451;OH:397;PA:392;VA:317,high,0
549300T3F9S1MKFKHC53,,,,unmatched,6908,5674,0,NY:4005;PA:479;CT:407;MA:154;NC:95;FL:72;WI:49;TN:42;SC:40;MI:39,high,0
54930049L5WINET09Q97,,,,unmatched,16126,10736,0,FL:2049;TX:1245;AZ:1032;OH:780;AR:515;MO:431;NC:399;TN:377;GA:377;NM:339,high,0
549300R77W0P105C3S50,,,,unmatched,14377,7980,0,CA:1332;FL:1325;TX:930;AZ:254;GA:254;OH:210;PA:201;NC:197;TN:196;AL:188,high,0
254900E6AIE4Z8YQM970,,,,unmatched,11513,6978,0,CA:1470;FL:1222;TX:651;NY:357;NJ:278;AZ:267;GA:252;HI:244;SC:197;NC:181,high,0
549300SK2GVCQXPD4S58,,,,unmatched,16278,8918,0,CA:1697;TX:1058;FL:658;AZ:538;GA:358;IL:304;PR:289;OH:247;NC:246;VA:245,high,0
5493005JPZ3LXXMB0S24,,,,unmatched,8168,6000,0,FL:2916;SC:805;AL:319;NC:313;TX:270;GA:262;KY:208;AZ:206;CA:130;IN:98,high,0
549300CDOC4F7XSRG390,,,,unmatched,8293,5548,0,TN:2808;NC:1222;SC:417;VA:248;AL:224;GA:200;FL:107;MD:82;KY:51;MS:51,high,0
549300KSOOZZVXCMA627,,,,unmatched,10229,6232,0,FL:1936;CA:979;TX:491;GA:268;SC:250;NC:246;VA:201;NJ:153;PA:147;AZ:137,high,0
549300YN94MOAVYW0F52,,,,unmatched,21298,9778,0,CA:1030;FL:819;TX:667;IN:664;AZ:631;OH:614;GA:475;NC:468;VA:353;TN:352,high,0
549300GTVXJ2PGXNLM73,,,,unmatched,12024,9307,0,TX:1195;FL:869;NC:762;OH:610;SC:592;KY:592;CT:447;VA:334;IL:302;AR:278,high,0
5493002RF1ERFA2XR050,,,,unmatched,12133,8976,0,MS:2189;GA:2005;AL:1966;TN:941;SC:545;FL:425;NC:301;LA:187;KY:161;VA:156,high,0
SS1TRMSN6BRNMOREEV51,,,,unmatched,19117,9656,0,MI:2677;TX:943;CA:934;FL:737;IN:410;NY:367;GA:351;AZ:303;OH:300;NJ:204,high,0
254900TTZ395IC926125,,,,unmatched,10564,7434,0,CA:2290;TX:605;OR:449;KS:368;FL:341;AZ:307;MA:268;CO:267;TN:243;MD:215,high,0
549300T94GSH3C4U5M59,,,,unmatched,14981,8359,0,CA:1937;IL:777;FL:679;WA:593;AZ:482;CO:385;OR:353;GA:331;NJ:280;VA:212,high,0
5493009B17HXCVXTD608,,,,unmatched,8061,5353,0,CA:1541;FL:1292;TX:353;AZ:252;NJ:208;IL:199;UT:153;GA:129;WA:129;CO:111,high,0
254900O2K17TNH5CL873,,,,unmatched,8594,6766,0,TX:900;OH:776;NJ:692;FL:624;PA:592;IL:565;MA:433;MD:311;NC:248;MI:202,high,0
54930034MNPILHP25H80,,,,unmatched,11008,7952,0,TX:2178;OK:1547;SC:653;KS:533;AR:350;NJ:337;WV:337;MO:254;FL:223;NM:216,high,0
549300EKFFG3BU8DNX74,,,,unmatched,10644,5793,0,CA:1752;FL:672;TX:565;AZ:358;WA:190;GA:182;NJ:179;IL:168;PA:142;CO:119,high,0
2549001SI0EMFPT39035,,,,unmatched,10748,7401,0,FL:1568;WA:861;CA:706;OH:605;NJ:358;TX:357;GA:340;AZ:316;MI:262;AL:162,high,0
549300INFJ8TYNZ1G568,,,,unmatched,6522,6065,0,CA:1748;FL:485;TX:359;CO:314;WA:265;AZ:233;IL:200;NY:192;NJ:178;NC:172,high,0
549300EMNDEK4BA8WB53,,,,unmatched,8399,6547,0,NH:806;FL:742;PA:717;NJ:658;VT:644;MA:523;GA:375;VA:364;NC:314;MD:228,high,0
PAOOWF3GUFM46FBSP561,,,,unmatched,20501,7655,0,CA:800;TX:669;FL:485;VA:355;GA:309;AL:289;AZ:265;NC:262;TN:247;CO:244,high,0
549300BX448ALT10FI43,,,,unmatched,20909,8296,0,IL:809;NY:620;NJ:552;VA:437;NC:413;OH:408;FL:397;PA:379;GA:356;CA:265,high,0
549300CY7WNAHKHYSJ73,,,,unmatched,9635,7642,0,TX:2279;WA:1370;NC:910;CO:589;OK:429;ID:319;CA:261;AK:250;NM:227;MT:218,high,0
549300T9P3WXNMXX0I34,,,,unmatched,11998,8425,0,WI:1245;PA:1110;OH:1044;NC:765;FL:693;IL:563;IN:394;TN:333;VA:290;TX:224,high,0
549300CLRXFVF83ZL806,,,,unmatched,5839,3929,0,NY:2070;NJ:486;FL:463;PA:182;NC:102;MD:98;CT:83;OH:63;TX:57;GA:56,high,0
254900VELJPWWT51WN03,,,,unmatched,5625,4489,0,CA:1623;WA:364;TX:314;GA:307;MA:300;NC:289;NY:229;FL:142;NJ:123;OH:104,high,0
549300ZWNETGFXTBBY03,,,,unmatched,13173,8449,0,GA:1431;AL:1135;WA:886;TX:724;UT:506;ID:413;OK:337;TN:330;NC:313;NV:293,high,0
549300SUCQ1358EGVE89,,,,unmatched,45543,8395,0,FL:805;NC:548;GA:542;OH:452;AL:393;VA:372;PA:367;SC:330;TN:325;MI:311,high,0
549300PBTV7FCWLSMM53,,,,unmatched,9758,6224,0,TX:1363;GA:446;CO:423;NC:404;FL:380;OK:315;CA:260;AL:227;MS:224;NM:223,high,0
549300OPB0G5OMY0SM65,,,,unmatched,5481,3822,0,CA:2430;TX:253;GA:163;FL:151;IL:149;NV:127;MD:73;VA:71;NJ:70;PA:44,high,0
549300R7HGHP2I754087,,,,unmatched,9404,7331,0,IL:1045;TX:784;FL:695;GA:640;AL:618;MI:430;SC:350;LA:296;NC:279;CO:224,high,0
5493003V40VGM7YDFM54,,,,unmatched,13160,8831,0,UT:2983;WI:802;CA:772;NJ:570;FL:427;ID:415;PA:374;TX:278;GA:253;TN:189,high,0
549300Y4BSP3BSFW7J29,,,,unmatched,6114,3188,0,GA:2867;FL:74;SC:28;AL:28;TX:27;UT:23;NC:22;KY:21;TN:20;CA:19,high,0
549300Q50XCC0473FG63,,,,unmatched,10408,5048,0,CA:1243;NY:460;FL:389;NJ:308;AZ:246;WA:207;VA:171;NC:137;TN:136;IL:123,high,0
549300MHH03ICJYEPE85,,,,unmatched,8187,5120,0,CA:1040;FL:396;TX:315;NY:235;AZ:220;UT:193;MA:191;TN:179;CO:166;NC:147,high,0
593C3GZG957YOJPS2Z63,,,,unmatched,5359,3375,0,CA:2576;WA:175;NY:146;TN:73;NJ:35;FL:32;NV:27;CO:25;AZ:24;TX:23,high,0
54930052M48FOD3CWA54,,,,unmatched,13770,9570,0,MD:1466;NM:1071;RI:690;FL:582;NC:479;TX:475;CO:384;CA:363;UT:355;TN:283,high,0
213800XR2TCBQJSF1X93,,,,unmatched,11823,6849,0,MO:523;TX:518;KS:430;FL:383;NC:354;WA:335;CA:313;GA:257;VA:252;IL:206,high,0
5493000EUC3MM52PJV85,,,,unmatched,4889,3122,0,CA:2354;FL:223;TX:92;AZ:81;NV:64;NJ:46;WA:28;GA:25;CO:20;VA:17,high,0
549300LROQOOQU77WS20,,,,unmatched,12661,5807,0,CA:537;TX:435;NC:318;WA:301;GA:291;FL:263;NJ:234;VA:233;CO:195;IL:189,high,0
5493000OM9RKJW8W5K82,,,,unmatched,4961,3504,0,CA:2287;OR:253;GA:196;TN:176;UT:129;AZ:101;NV:51;WA:41;CO:37;SC:33,high,0
549300ZPSJZO10ZAX556,,,,unmatched,9325,4494,0,FL:621;TX:462;CA:274;NY:256;OH:253;NC:214;GA:174;PA:172;SC:160;NJ:156,high,0
549300QKL5FUBZ8LSF50,,,,unmatched,8223,5926,0,OR:1427;CA:840;PA:570;WA:435;MA:314;FL:268;NJ:191;IL:190;TX:184;OH:183,high,0
5493005PD34O8ZT7QT17,,,,unmatched,10284,7256,0,OH:1513;PA:757;IL:469;MI:431;MO:365;NJ:321;TX:319;AL:292;GA:244;NY:241,high,0
549300DCGBXW5FJMV921,,,,unmatched,3255,3255,0,CA:2145;CO:168;TX:163;GA:124;WA:96;FL:94;IL:75;VA:60;MD:57;NJ:49,high,0
549300JPGMCMBEJEK584,,,,unmatched,8289,3877,0,MA:1769;NH:651;GA:184;NJ:153;CA:148;FL:94;TX:89;VA:64;IL:52;PA:51,high,0
549300DMHEHNYZ2OLB41,,,,unmatched,9837,6705,0,OK:3985;TX:2615;FL:12;AR:10;CO:9;CA:6;NM:6;UT:5;MS:4;KS:4,high,0
5493008VVXQIDO1EZ460,,,,unmatched,8405,5759,0,CA:951;OR:805;TX:471;TN:425;GA:378;ID:300;WA:299;MO:295;IL:264;NV:241,high,0
2549002VH9C0PKB8K153,,,,unmatched,5687,3056,0,CA:933;NY:575;FL:388;NJ:317;TX:139;CT:89;PA:69;MA:49;GA:47;IL:45,high,0
549300LLKEKXL2RM1F61,,,,unmatched,4309,2839,0,NY:1919;PA:226;FL:183;NJ:142;AL:69;TX:53;CT:49;MI:29;SC:26;NC:21,high,0
549300YW2UBCMDRMBT48,,,,unmatched,4966,3953,0,NY:644;OH:587;NC:562;PA:364;TN:272;VA:190;GA:180;FL:177;SC:160;IN:99,high,0
1IE8VN30JCEQV1H4R804,,,,unmatched,4645,3065,0,CA:1526;NY:538;WA:358;NJ:144;FL:134;TX:60;CT:37;MA:25;NC:24;IL:22,high,0
5493002Y5XYV7DV1ZV88,,,,unmatched,11225,6891,0,FL:1346;MI:1280;TX:409;IN:364;NV:325;NC:308;CO:278;WY:244;WA:213;OH:203,high,0
549300UG7QXKM7KGV847,,,,unmatched,8724,4960,0,TX:943;IN:417;NY:318;OH:273;GA:245;PA:211;IL:207;MI:199;FL:183;MO:182,high,0
5493005DKMV1IHIM8E20,,,,unmatched,5671,3884,0,PA:1700;DE:1210;NJ:555;MD:64;FL:52;CA:47;NC:28;GA:26;VA:25;SC:18,high,0
254900M2C4Q6DATP2889,,,,unmatched,12186,4137,0,CA:510;FL:448;NC:357;GA:286;AZ:260;OH:245;PA:224;TN:199;NJ:191;MI:170,high,0
2549004FXPNKCLIN8250,,,,unmatched,11752,8115,0,OH:1310;TX:1261;CA:797;LA:765;CO:652;WA:606;ID:550;OR:532;IL:348;MT:180,high,0
984500F6E6940CCB6A60,,,,unmatched,4550,2966,0,NY:532;TX:458;CA:403;NJ:403;FL:227;IL:112;GA:76;TN:75;PA:70;MO:58,high,0
549300PL267CW8182203,,,,unmatched,11290,4203,0,TX:477;FL:416;GA:412;CA:409;VA:330;AZ:273;CO:169;NC:157;TN:157;WA:110,high,0
549300A5HHOL2ED18C72,,,,unmatched,6706,3194,0,CA:1372;FL:389;TX:211;LA:85;WI:71;MD:62;OH:61;NC:58;MI:55;IL:55,high,0
254900CTT87ZKAUTIJ37,,,,unmatched,7767,4886,0,PA:577;OH:524;TX:373;FL:354;MD:352;CA:261;MI:219;GA:217;MO:208;OK:194,high,0
549300HRLROF7PLJ6735,,,,unmatched,4575,2742,0,CA:898;FL:661;TX:286;GA:157;WA:61;TN:59;AZ:57;UT:47;MD:46;NV:44,high,0
549300BLL6VL7AXWYP56,,,,unmatched,9652,6052,0,TN:627;TX:609;NE:513;MI:454;WA:351;ID:234;OR:219;OH:218;MD:194;CA:189,high,0
549300NFPC3Y4W3Y7R87,,,,unmatched,7552,4267,0,VA:747;TX:623;SC:342;NC:297;CA:292;GA:272;IN:240;NM:234;FL:225;MT:168,high,0
54930048P8RWCQHQM310,,,,unmatched,5439,3131,0,CA:504;NY:503;FL:380;TX:240;NJ:231;AZ:117;MA:110;CT:108;MD:89;CO:86,high,0
549300G4ESSS6M0MEG51,,,,unmatched,9605,5971,0,IL:1723;CA:1252;WA:895;CO:383;TX:299;NC:292;MD:261;FL:109;IN:85;WY:70,high,0
549300UXY7OP0IC38293,,,,unmatched,10377,6396,0,KY:1184;MI:572;FL:524;CO:486;MA:288;GA:219;TN:219;IN:218;UT:207;CA:205,high,0
213800QUAI2VH5YM6310,,,,unmatched,5973,4493,0,MD:856;FL:627;NJ:599;VA:582;NY:269;MA:257;AL:256;DE:215;PA:149;NH:133,high,0
549300VQUTI5IU7GXT57,,,,unmatched,9801,5896,0,UT:1700;TX:1288;AZ:548;NV:328;FL:286;GA:253;WA:156;CO:149;CA:127;HI:122,high,0
5493000349C5XXDRQX28,,,,unmatched,5151,2780,0,CA:928;FL:451;TX:246;AZ:169;NY:139;CO:101;PA:80;NJ:73;VA:64;WA:62,high,0
549300GWD9H4FQ2VR805,,,,unmatched,4480,3386,0,CA:552;FL:316;NY:308;TX:200;CO:163;NJ:139;WA:130;MA:124;NC:111;AZ:98,high,0
2549004Z576VEJBK3N72,,,,unmatched,4063,2542,0,FL:640;CA:361;NY:343;NJ:236;TX:128;GA:98;AZ:69;PA:63;IL:63;MA:60,high,0
5493003NV9L53LK1XI52,,,,unmatched,3773,2244,0,CA:1753;FL:82;TX:73;NV:38;AZ:34;NJ:27;VA:27;CO:23;GA:21;IL:20,high,0
549300AG10BX85DF5S49,,,,unmatched,6424,4978,0,IL:1069;CA:805;OK:712;NJ:554;WA:321;WI:169;TX:155;MA:150;DE:122;IA:90,high,0
254900HEJ9F73IMPX887,,,,unmatched,8973,3486,0,TX:453;FL:364;CA:232;NC:211;GA:210;NJ:181;VA:137;PA:135;WA:130;OH:121,high,0
549300PQLK8E48ILXV41,,,,unmatched,7850,4388,0,CA:533;FL:421;MI:227;TX:213;LA:192;AZ:190;MO:161;GA:156;NC:154;IL:149,high,0
549300UR5AOWTJJ7KZ64,,,,unmatched,5432,3529,0,FL:505;CA:468;TX:301;UT:146;AZ:133;GA:129;MA:119;SC:118;WA:111;IL:106,high,0
549300J6N77Q8OHYNF23,,,,unmatched,7828,5501,0,TX:419;CA:416;WA:388;NC:341;IL:291;MD:267;MO:214;NH:193;GA:188;MA:176,high,0
5493005ICQ3QGEIWV618,,,,unmatched,3357,2224,0,NY:956;NJ:297;PA:296;FL:157;TX:101;OH:52;CT:50;GA:42;SC:42;MI:24,high,0
549300VMX06UV1F7NS76,,,,unmatched,5690,4240,0,MI:955;FL:429;PA:390;GA:343;TX:255;TN:237;KY:231;OK:184;NC:159;WV:155,high,0
549300M8WGW2D17CZD19,,,,unmatched,3467,2666,0,TX:1580;AZ:284;UT:203;FL:190;OK:172;GA:69;KS:42;SC:39;TN:17;CO:10,high,0
549300ALNLUNS3Y53T24,,,,unmatched,26611,5416,0,CO:1398;GA:491;TX:304;FL:274;OH:189;NC:168;CA:163;PA:147;IN:122;MI:111,high,0
5493002GI63WHHUTUD85,,,,unmatched,4325,3598,0,PA:1018;DE:564;CO:463;MA:193;NH:188;MD:177;NJ:166;NC:153;FL:150;VA:95,high,0
254900WEP08K7U7S3A80,,,,unmatched,8177,6568,0,WI:943;TX:709;OH:658;AZ:564;MO:385;OR:304;IN:252;NV:222;IL:210;MS:209,high,0
549300T7HRS5DVBUPQ06,,,,unmatched,3766,3018,0,GA:1234;FL:235;CO:226;IN:182;AZ:181;NC:142;OH:137;AL:121;SC:55;WA:50,high,0
549300PC4MFWQBNVKG88,,,,unmatched,9475,7248,0,AZ:2321;CO:1153;TX:1080;NM:272;OK:264;CT:235;NV:227;IN:218;CA:169;PA:165,high,0
5493004UNRG4PWDF2K60,,,,unmatched,3434,1920,0,NJ:1476;NY:106;PA:60;CT:53;FL:49;NC:25;CA:19;VA:16;SC:13;MD:11,high,0
549300B4IYL7TZT8FA34,,,,unmatched,8795,6038,0,ID:1793;WA:655;CA:637;GA:512;NV:349;OR:242;MO:196;UT:193;TX:184;IL:180,high,0
54930025XJJO3T0M1A92,,,,unmatched,5373,2316,0,GA:1374;WA:128;FL:101;OR:90;MA:88;AZ:71;NJ:66;ID:44;SC:40;CO:39,high,0
5493001X0T84TYRJ5Y59,,,,unmatched,3372,2086,0,CA:1029;FL:372;TX:130;GA:83;WA:40;AZ:37;NC:36;MI:31;TN:27;OH:26,high,0
549300249G20MDIDRR27,,,,unmatched,11602,2752,0,TX:748;SC:336;OK:211;FL:197;AL:190;NC:160;TN:135;GA:135;MS:107;AR:88,high,0
254900TG14TB8RKS3U42,,,,unmatched,5372,2569,0,FL:435;PA:345;TX:260;CA:165;NC:159;AL:142;GA:127;VA:89;TN:83;NJ:75,high,0
70WY0ID1N53Q4254VH70,,,,unmatched,7958,3126,0,MI:1286;CA:975;TX:663;AZ:111;FL:68;NC:4;GA:4;CO:4;WA:3;LA:1,high,0
254900IEGKUDRDS23V26,,,,unmatched,3353,2352,0,CA:1161;NV:182;TX:181;FL:126;GA:80;VA:70;MD:62;WA:60;AZ:52;HI:44,high,0
549300REENMLD2RN3W58,,,,unmatched,5575,4097,0,KY:757;GA:741;MS:426;AL:214;SC:204;IN:198;TX:153;FL:142;TN:90;CA:83,high,0
254900ACUWEGW702BR80,,,,unmatched,2748,1846,0,NY:882;NJ:526;FL:179;LA:63;CT:59;TX:51;PA:42;MD:10;AZ:8;OH:6,high,0
549300ZIQ24V0C88AC41,,,,unmatched,3616,2102,0,FL:933;CA:430;WA:89;TN:86;AZ:78;MD:69;OR:65;NC:59;GA:31;NJ:29,high,0
549300PL8ER6H23P0Z91,,,,unmatched,6554,4443,0,WA:476;IL:470;CA:426;MD:368;TX:302;CO:257;VA:190;FL:180;OR:180;KY:166,high,0
549300GRGZDEH4ZGQS06,,,,unmatched,9623,7079,0,NM:2064;FL:832;OK:493;TX:430;VA:402;WI:395;AZ:386;ID:349;MO:235;MD:195,high,0
549300RYWXR8TL5LIK35,,,,unmatched,4057,2151,0,PA:518;NJ:483;NV:151;CA:116;NY:109;FL:87;OH:75;NC:66;MA:66;CO:50,high,0
549300MUXFVZKH4XLG17,,,,unmatched,3278,2228,0,CA:677;TX:490;AZ:130;WA:106;NC:102;GA:102;SC:93;OH:77;UT:60;NV:59,high,0
CKVBED0S4DMLKJJ5XH28,,,,unmatched,5127,4497,0,MO:1522;CA:364;FL:265;IL:150;TX:142;NY:138;NC:122;NJ:119;GA:115;CO:104,high,0
5493001XKL0FTNOJ0866,,,,unmatched,8198,5554,0,AZ:794;MO:589;FL:414;TX:386;IN:359;OH:291;GA:260;IL:215;LA:188;NM:163,high,0
54930030Z1JWTP3SVD16,,,,unmatched,5609,3061,0,FL:458;GA:334;CO:273;MI:253;OH:173;NC:169;TN:155;PA:126;IN:115;MO:94,high,0
549300BHPLBG0CXKTL06,,,,unmatched,2265,1531,0,PA:1409;FL:24;OH:24;NC:17;MD:10;VA:10;WV:6;CA:4;NJ:4;CT:3,high,0
54930072OCHTUJOZQB56,,,,unmatched,7424,5784,0,IN:1919;KY:1771;TN:641;GA:214;FL:211;CO:151;NC:94;SC:94;MS:90;IL:86,high,0
54930078TNN7GKZ7NU89,,,,unmatched,3985,3063,0,VA:809;GA:678;MD:395;NC:215;FL:157;SC:110;TN:86;ND:80;AL:75;NY:62,high,0
5493000NYUJT9UC6G261,,,,unmatched,8132,5519,0,MO:1526;IL:660;FL:521;CA:395;KS:382;WA:233;AL:224;IN:223;ME:215;GA:191,high,0
5493004RLLKTQS8K7U51,,,,unmatched,3878,2099,0,TX:639;FL:282;OK:185;NC:127;IL:104;AZ:96;NY:78;CA:78;NJ:51;MA:42,high,0
549300Q3ROEQU3D1IW91,,,,unmatched,19804,2630,0,TX:464;CA:453;AZ:321;FL:160;WA:152;PA:125;NY:122;LA:114;OR:112;OK:54,high,0
54930091JQKCU3Z6IP44,,,,unmatched,25603,2519,0,GA:284;FL:276;OH:189;TX:151;NC:128;NY:123;VA:120;PA:118;TN:101;NJ:100,high,0
254900WTZC5SSKIN2M11,,,,unmatched,4245,2709,0,NC:235;IL:187;TX:181;GA:169;MD:143;FL:142;CA:124;CT:119;SC:111;MA:107,high,0
549300IKS3MMB5YK6T18,,,,unmatched,2180,1523,0,CA:1195;NY:116;AZ:21;FL:17;NV:16;WA:14;NJ:12;VA:10;OR:10;GA:10,high,0
549300IFOE4SCP384147,,,,unmatched,2997,2426,0,FL:1083;MI:505;IN:245;CA:67;NC:57;GA:47;TN:44;SC:43;AL:27;AZ:25,high,0
54930095UWUUXAWASB02,,,,unmatched,7298,5729,0,VA:3458;NC:673;MD:586;SC:369;WV:248;DC:148;FL:56;PA:53;DE:22;GA:13,high,0
549300DPRWSBUY619V27,,,,unmatched,4871,3125,0,AR:986;TN:773;TX:559;MO:461;OK:237;KS:56;MS:18;KY:7;IL:4;GA:4,high,0
549300LI3FDGO7UKFF39,,,,unmatched,2628,1602,0,NY:808;NJ:146;SC:102;FL:97;PA:93;OH:83;CT:53;MD:28;GA:24;VA:22,high,0
254900FBWEZ3YUPOBN33,,,,unmatched,3876,2305,0,FL:269;NC:262;VA:149;SC:137;GA:131;TN:130;TX:120;OH:114;PA:108;IN:101,high,0
549300Q02LGIN9AXKP98,,,,unmatched,6401,4168,0,OR:1545;WA:857;CA:824;CO:174;AZ:110;TX:97;ID:92;FL:66;GA:63;NC:48,high,0
5493008ZTV4S0W9DCX64,,,,unmatched,4502,1893,0,CA:461;TX:305;FL:229;AZ:106;GA:85;WA:78;NC:54;NV:53;OR:40;TN:39,high,0
254900RM3T6WAVE6SA24,,,,unmatched,2446,1847,0,TX:892;NC:100;AZ:97;LA:86;FL:84;CO:83;OK:74;IL:55;GA:54;CA:36,high,0
FU7RSW4CQQY98A2O7J66,,,,unmatched,11003,5995,0,OK:2384;TX:1139;CO:853;NM:772;AZ:237;KS:200;MO:147;AR:125;FL:16;OH:13,high,0
549300RYTR2RVL4SFJ90,,,,unmatched,3013,1893,0,TX:242;FL:241;NC:142;NJ:131;GA:121;MO:113;HI:95;PA:72;CA:65;OH:62,high,0
254900NZOY3XB2DNSZ34,,,,unmatched,2542,1799,0,CA:437;NJ:170;FL:130;MA:120;NY:99;WA:95;IL:89;CT:63;GA:61;PA:51,high,0
549300C8GOC4OYUV0Z32,,,,unmatched,4824,2639,0,MD:270;OH:262;FL:244;TX:183;PA:140;GA:128;NC:127;MO:105;IN:98;MI:96,high,0
549300ZZME37MXI1EF14,,,,unmatched,9985,7562,0,MO:3201;OH:849;TX:571;MD:440;MI:357;IL:283;AR:269;WA:192;KY:166;ME:116,high,0
549300XCVBRR56D08F03,,,,unmatched,12867,2293,0,CA:454;FL:152;NV:108;NJ:102;GA:94;AZ:91;NC:85;OH:82;WA:74;CO:70,high,0
5493006JISETNI0GLE61,,,,unmatched,5427,3693,0,TN:786;OH:706;IN:518;KY:489;TX:312;KS:174;IA:150;NE:149;SD:91;CO:63,high,0
549300VVH8HHFMWL8536,,,,unmatched,2187,1457,0,TX:529;CA:513;LA:62;CO:52;MS:51;AL:25;FL:25;UT:24;AZ:17;OR:13,high,0
549300HTMO7FGRKRLV06,,,,unmatched,1803,1200,0,NY:842;FL:112;NJ:84;TX:28;AZ:27;PA:26;CT:20;GA:10;OH:8;NC:7,high,0
5493002TJKC8NLH1ZP82,,,,unmatched,2827,1694,0,CA:792;AZ:166;FL:144;UT:99;TX:54;WA:49;GA:43;AL:36;MO:33;VA:31,high,0
549300EFCZM6KD6B8K69,,,,unmatched,2260,1578,0,NJ:593;PA:165;TX:120;VA:82;MI:62;MD:62;ID:32;TN:32;NC:30;OK:30,high,0
549300W45D2J6BT4LX65,,,,unmatched,1745,1727,0,FL:260;CA:195;TX:184;NJ:175;MD:150;VA:124;GA:65;NC:63;AZ:51;SC:46,high,0
ZXMJHJK466PBZTM5F379,,,,unmatched,2077,1712,0,FL:298;TX:142;CA:122;NC:99;NY:75;CO:74;TN:69;GA:58;SC:54;NJ:49,high,0
337KMNHEWWWR6B7Q7W10,,,,unmatched,3253,2416,0,OK:728;CA:535;TX:385;AZ:281;CO:152;NV:72;UT:42;NY:24;NM:18;FL:16,high,0
2549004XJQQPBYQSMT39,,,,unmatched,2114,1190,0,NY:550;NJ:112;FL:108;CA:87;TX:50;CT:31;MA:29;PA:25;GA:20;IL:17,high,0
549300Q10M1VXBG2H889,,,,unmatched,6161,1460,0,GA:457;NC:175;TN:124;VA:115;AL:97;OH:93;FL:79;PA:59;MI:51;SC:46,high,0
635400IW1QMK3FNFF894,,,,unmatched,3346,2560,0,MD:838;PA:652;DE:640;NJ:226;VA:47;FL:31;NC:22;SC:11;IN:11;GA:10,high,0
254900WT4HAMDFWH3048,,,,unmatched,3715,1440,0,TX:190;FL:188;CA:164;NC:118;GA:93;PA:66;NJ:65;OH:58;TN:47;NV:41,high,0
549300LXKO1O7CSK5J52,,,,unmatched,19410,15370,0,MO:7301;IL:1758;AR:1481;OK:1425;KS:1216;TX:675;CO:311;IA:298;IN:268;NE:264,high,0
54930080168VA6Z8UX21,,,,unmatched,5952,3617,0,MD:1696;VA:681;NJ:223;PA:190;NC:101;FL:91;SC:87;DC:67;DE:61;GA:60,high,0
549300HCNXMTNGIMAR91,,,,unmatched,2158,1493,0,VA:309;NY:244;NJ:232;MA:167;MD:111;NC:67;GA:44;CA:41;DC:35;FL:34,high,0
254900BBWJ82FQDQ6823,,,,unmatched,1820,1189,0,NJ:262;TN:132;TX:94;PA:71;SC:70;FL:69;NY:68;MA:61;NC:57;IL:40,high,0
549300OYEKEORA1GI088,,,,unmatched,1899,1460,0,NC:659;OR:133;KY:127;MT:93;TX:92;SC:80;VA:74;TN:27;FL:27;WA:21,high,0
5493009Y8ROUG903AQ21,,,,unmatched,1340,1010,0,CA:849;WA:21;NV:10;IL:9;TX:9;NY:8;FL:8;OR:8;PA:7;GA:6,high,0
254900V6GCDMRQZ34D96,,,,unmatched,1778,987,0,CA:302;FL:217;NY:176;NJ:67;TX:30;AZ:26;PA:22;MA:18;CO:14;CT:14,high,0
5493008P6YO2KM3EO556,,,,unmatched,5493,4084,0,MI:2600;NY:372;CA:172;VA:153;MD:117;FL:81;CT:70;MA:55;KY:54;IN:52,high,0
549300XED7IBK9VVQH70,,,,unmatched,3799,2898,0,DE:1176;TX:273;KY:273;PA:136;NY:114;CO:105;IN:99;VI:84;MD:83;CA:75,high,0
549300ISCZS1R0CJMO47,,,,unmatched,2117,1726,0,TX:255;NC:107;FL:104;GA:77;TN:70;MI:69;PA:67;SC:66;MO:58;IL:55,high,0
549300KX4S1573HISS22,,,,unmatched,2917,1327,0,CA:417;FL:177;AZ:126;TX:73;WA:45;GA:33;PA:32;NV:29;CO:27;NJ:26,high,0
54930002O9LLXKR6TF11,,,,unmatched,1768,1032,0,CA:774;NV:90;AZ:22;TX:21;GA:20;WA:14;TN:12;HI:9;CO:8;FL:7,high,0
549300RM1IZYGQDSNL85,,,,unmatched,6074,1623,0,FL:206;TX:167;TN:152;CO:123;KY:69;NC:60;OH:60;NY:56;MI:52;ID:52,high,0
254900BMXWPEHXG4LF21,,,,unmatched,1644,1116,0,CA:361;FL:302;TX:72;WA:62;AZ:48;CO:39;MI:27;PA:25;OR:22;UT:21,high,0
549300N3JBQ15RQ7AV97,,,,unmatched,4212,2983,0,AZ:828;CA:603;NE:295;AL:292;NV:258;VA:219;CO:183;FL:58;TX:45;UT:43,high,0
549300LZUXCJFE5ONM48,,,,unmatched,1795,1369,0,CA:317;TX:110;FL:98;WA:72;AZ:68;UT:60;SC:53;GA:53;CO:50;OR:46,high,0
549300HFBEONQN2CK447,,,,unmatched,10072,8105,0,OH:5594;IN:1546;PA:550;KY:178;FL:127;CA:14;MI:12;TN:12;NC:10;SC:9,high,0
549300Y7G2MW6V1OR474,,,,unmatched,1424,1038,0,PA:594;WV:150;AL:117;NC:82;FL:20;TX:15;OH:14;TN:13;NV:8;SC:8,high,0
549300TMY3OACQC9U777,,,,unmatched,2045,963,0,CA:407;FL:140;TX:112;AZ:47;WA:28;NJ:27;CO:21;GA:19;NV:14;MD:14,high,0
54930021DZJ9CEN11D61,,,,unmatched,2604,1550,0,AL:309;FL:185;GA:184;TN:124;OH:99;NV:96;KY:77;MI:58;IN:48;NJ:39,high,0
2549008TT6UNYR7AXF54,,,,unmatched,5231,3566,0,WA:697;CO:538;TX:487;NM:349;OR:322;AZ:282;ID:262;KS:218;CA:113;MI:91,high,0
549300DNWSJUNAWUM003,,,,unmatched,2522,1388,0,NC:247;VA:226;MD:209;PA:92;SC:63;NY:60;FL:57;IL:56;KY:39;DC:34,high,0
549300NN0PRX3I4QGG46,,,,unmatched,1601,896,0,FL:244;NC:138;GA:108;TX:89;VA:52;MO:39;SC:36;IN:35;AL:29;PA:17,high,0
KD3XUN7C6T14HNAYLU02,,,,unmatched,1637,1015,0,CA:220;NY:91;FL:83;TX:82;IL:62;MA:49;CO:33;UT:31;WA:30;NJ:25,high,0
549300BOXNV8VLRBDT24,,,,unmatched,2879,1363,0,CA:220;TX:86;NC:59;AZ:58;FL:51;GA:45;WA:44;TN:44;IL:41;OH:40,high,0
549300PKEQ3Q9S0IXW76,,,,unmatched,5324,3201,0,MI:1072;NV:550;AR:477;NC:475;IN:211;OH:161;OK:59;PA:58;SC:25;FL:20,high,0
9845005BP6974AE5D838,,,,unmatched,1655,741,0,CA:201;FL:130;TX:78;GA:43;TN:37;PA:32;SC:25;WA:25;NC:20;VA:14,high,0
549300748YYU6VG08N83,,,,unmatched,2907,1876,0,CO:911;TX:159;NC:128;FL:100;GA:77;VA:69;SC:52;OR:52;AL:45;AZ:41,high,0
254900DSZI6CJXJL6Z14,,,,unmatched,1590,921,0,TX:168;FL:93;GA:66;NC:60;OH:60;IL:48;PA:46;NY:32;TN:29;MI:27,high,0
254900J2RKTTDJSUWD76,,,,unmatched,861,654,0,TX:250;FL:128;CA:88;GA:38;OH:30;IN:19;NJ:18;TN:16;AZ:14;UT:9,high,0
549300Q6YL1SFVPEGV90,,,,unmatched,2510,822,0,CA:167;FL:122;TX:74;GA:64;WA:64;AZ:50;VA:43;NJ:42;NV:35;MA:25,high,0
254900I68BOSEM149Q58,,,,unmatched,1048,720,0,TX:354;NC:85;CA:49;UT:39;AZ:29;VA:26;FL:21;IN:14;MD:11;MO:11,high,0
549300TK6RZQSFXZHV09,,,,unmatched,2683,1473,0,MI:532;FL:157;PA:110;CA:108;NC:75;OH:68;AZ:54;IN:38;MD:34;TX:32,high,0
254900U1OBL1MC6M6518,,,,unmatched,734,605,0,PA:364;NJ:82;TX:19;FL:19;NC:10;OH:10;CT:10;VA:7;MI:7;IN:7,high,0
5493001JT9MT3Z3Y3M39,,,,unmatched,1216,801,0,FL:201;TX:95;AZ:72;CA:62;GA:31;WA:29;NC:28;MI:28;NY:23;NV:21,high,0
5493000H6DFDDJRORG89,,,,unmatched,2371,742,0,CA:208;TX:79;NV:69;NJ:60;FL:44;AZ:44;NC:43;IL:41;WA:30;SC:25,high,0
549300UF3FPC7U6RFC59,,,,unmatched,10804,7285,0,MO:4768;CO:733;OK:544;KS:353;NC:269;AR:104;FL:91;IL:68;IA:46;TX:35,high,0
5493002QRULT2T40BH09,,,,unmatched,10720,6817,0,MO:3721;KS:2521;CA:186;AR:57;KY:52;TX:51;FL:30;NV:17;MI:16;IL:14,high,0
COINQMNIM6RBU631DD85,,,,unmatched,20365,13363,0,AR:6555;OK:3409;MO:2139;KS:735;TX:71;FL:46;CA:32;IN:27;TN:26;NC:26,high,0
549300GSCUJKJINRJ980,,,,unmatched,13152,9934,0,IN:6870;OH:1793;MI:794;KY:194;IL:95;GA:41;FL:36;AL:23;NC:19;SC:13,high,0
549300W4FT4H1UWPGU95,,,,unmatched,21756,15699,0,IA:10661;IL:3954;MI:329;WI:190;NE:148;IN:78;OH:48;AZ:38;MO:33;CO:33,high,0
S0Q3AHZRL5K6VQE35M07,,,,unmatched,8529,5621,0,IN:3248;MI:1861;OH:327;IL:50;FL:50;AZ:10;TN:8;SC:8;GA:6;NC:6,high,0
2549005Q4HZ55QX7YC64,,,,unmatched,909,696,0,CA:249;TX:151;MD:37;AZ:33;VA:26;WA:23;FL:21;NV:19;NC:18;MA:14,medium,0
2549005FUF02T1IFCA22,,,,unmatched,1029,652,0,FL:165;CA:134;TX:58;NJ:47;UT:19;PA:18;GA:18;CO:16;NC:16;SC:14,medium,0
5493007L4GYNO2PUBS09,,,,unmatched,3256,1295,0,MI:318;TX:156;GA:146;IL:110;IN:109;WA:89;PA:65;FL:44;NJ:35;OR:29,medium,0
5493001GAASLCSP1PB64,,,,unmatched,850,613,0,NY:315;CA:125;MI:61;DC:34;WA:24;MD:23;OH:10;NJ:7;IL:4;VA:3,medium,0
2549009X2AG1P20YAJ63,,,,unmatched,2014,658,0,CA:299;NY:38;FL:34;TX:23;NJ:19;AZ:19;WA:18;NV:17;VA:14;NC:13,medium,0
5493007CLWQN2S6IZK91,,,,unmatched,2313,1339,0,VA:128;TX:115;KS:88;MO:71;NC:67;FL:61;AZ:59;GA:55;CA:48;MD:46,medium,0
2549001NJY765EZWDI06,,,,unmatched,815,508,0,NY:325;CT:41;NJ:32;PA:20;MA:19;FL:19;MD:16;TX:7;VA:6;SC:5,medium,0
984500CD6F0743B8F530,,,,unmatched,1261,998,0,GA:124;OH:116;PA:74;FL:61;IN:50;TN:49;NC:48;IL:42;VA:37;MI:32,medium,0
549300DT7WZ1SOTNFJ62,,,,unmatched,2457,1688,0,MO:648;CA:379;NE:340;KS:171;IL:41;TX:14;IA:12;NV:10;OK:10;CO:8,medium,0
254900O28OG3UMHXQY81,,,,unmatched,1454,705,0,TX:92;VA:86;FL:77;CA:66;NC:56;MD:43;WA:39;PA:34;SC:28;AZ:27,medium,0
549300LLESTPOVRG3X73,,,,unmatched,2569,1100,0,KS:151;CA:88;WA:78;MO:67;TX:55;FL:49;NC:47;CO:45;NY:40;IL:33,medium,0
254900P7WLDQD9IUL038,,,,unmatched,3882,2074,0,NH:1321;MA:184;ME:126;FL:43;GA:41;VT:36;NC:32;CA:29;VA:25;WA:24,medium,0
254900YA1AQXNM8QVZ06,,,,unmatched,951,767,0,CA:85;TX:59;FL:56;IL:34;NY:34;GA:32;WI:32;WA:31;NC:29;TN:27,medium,0
549300YPBBHUEKV1YC68,,,,unmatched,1114,706,0,TX:159;SC:64;FL:61;VA:51;MO:40;AZ:34;CA:32;GA:30;AK:22;OH:21,medium,0
984500P059VACEAAFA22,,,,unmatched,1434,875,0,IL:170;TX:127;NC:111;MD:62;IN:47;CA:38;WI:32;OH:30;FL:28;GA:24,medium,0
9845006YE04B346EC919,,,,unmatched,2469,676,0,FL:83;AZ:67;CA:62;NC:55;GA:53;TN:43;VA:33;IN:32;CO:31;OR:29,medium,0
2549007JQKHU8KQ0FC19,,,,unmatched,3867,3257,0,AR:2197;TN:311;IL:243;OK:217;KY:97;MS:61;LA:33;TX:30;OH:25;AL:20,medium,0
4EP6JBYBTPTQ47LZOB67,,,,unmatched,665,527,0,CA:66;FL:59;MA:51;NY:40;GA:27;NC:22;CO:21;TX:20;SC:18;VA:15,medium,0
549300PJ2WT35S77Q208,,,,unmatched,2564,1526,0,IL:307;WI:186;OH:145;FL:106;PA:65;MI:64;TX:62;MO:56;IN:51;KY:45,medium,0
549300SY0ZRUCS4CSY07,,,,unmatched,1017,654,0,VA:128;MD:116;NY:86;NJ:63;CA:40;PA:33;DC:30;GA:25;CT:21;FL:21,medium,0
HIDXEG9BLUJZKBGUT764,,,,unmatched,1630,1166,0,VA:397;MD:366;DC:220;FL:24;CA:20;NC:12;MA:11;PA:10;CO:10;TX:8,medium,0
254900378RFGMBEKAF12,,,,unmatched,3556,2166,0,IA:720;IL:309;ME:257;WI:132;NC:109;MO:52;KS:50;ND:41;GA:38;TX:37,medium,0
5493009D2COWW65B8673,,,,unmatched,1133,518,0,CA:250;MD:75;FL:37;IL:22;UT:21;VA:17;AZ:15;CO:9;TX:7;AL:6,medium,0
549300S5FVOSK5DQJN30,,,,unmatched,5987,4500,0,UT:3672;CA:224;AZ:149;ID:115;WA:84;NV:54;NC:33;CO:31;TX:24;FL:20,medium,0
549300T61O0X0RJMQ375,,,,unmatched,1117,647,0,CA:55;KS:50;MO:49;TX:47;WA:43;FL:41;NJ:39;NC:32;VA:28;IL:23,medium,0
549300YD7XJM19TH5O82,,,,unmatched,4999,3231,0,IL:2769;CA:124;TX:42;TN:38;FL:31;NC:25;IN:24;MO:24;AZ:18;GA:16,medium,0
549300PXIFIEPL7D7R86,,,,unmatched,659,447,0,TN:123;NJ:66;TX:40;IL:29;IN:21;FL:19;CO:16;OH:13;GA:13;MS:9,medium,0
5493002JA8HUVL2CRT33,,,,unmatched,709,442,0,NJ:87;OH:79;PA:76;NC:56;FL:27;OK:22;IL:22;NY:19;TX:18;IN:11,medium,0
549300I1HK1BBZLKOB84,,,,unmatched,647,455,0,TX:111;CA:55;LA:39;FL:30;NY:27;NJ:17;WA:17;AZ:13;CO:11;CT:11,medium,0
549300MQEDQYDJR8CP22,,,,unmatched,1017,449,0,FL:41;TX:41;OH:38;GA:36;TN:27;CA:24;NJ:22;NY:22;MO:21;PA:20,medium,0
549300J4330IBZ0BBI43,,,,unmatched,2417,1169,0,AL:855;FL:206;GA:32;MS:21;SC:9;CA:8;OH:6;TN:6;NJ:4;IL:4,medium,0
549300KPHGEE40YQXO21,,,,unmatched,873,472,0,CA:148;TX:52;AZ:28;MI:21;MO:21;WA:15;NM:13;OK:12;CO:12;NV:11,medium,0
549300K6K2IS7FRS7S09,,,,unmatched,980,644,0,MO:70;VA:59;FL:46;TX:42;AK:37;CA:31;NC:31;AZ:21;GA:20;MI:20,medium,0
549300WRDGBHKR1BXL98,,,,unmatched,1383,1014,0,IN:369;MA:146;OH:100;IL:93;MO:82;LA:49;FL:23;TX:13;NY:10;GA:10,medium,0
549300DX0B304LAKUN93,,,,unmatched,1176,911,0,MO:521;PA:228;IL:58;KS:48;IN:41;OH:4;TN:3;CO:3;FL:2;OR:2,medium,0
5493008SP1FN4D81IS17,,,,unmatched,453,359,0,TX:79;CA:49;NC:30;FL:19;WA:17;AZ:13;IL:11;VA:10;NJ:10;OH:9,medium,0
549300V8CF81JGIV7038,,,,unmatched,2169,1796,0,IL:1185;IA:235;TN:104;FL:46;IN:38;MI:33;WI:29;AL:19;AZ:16;TX:15,medium,0
VNOO6EITDJ2YUEBMSZ83,,,,unmatched,4454,2686,0,MO:808;KS:496;CO:407;AZ:328;IL:104;TX:102;NM:97;WI:83;IA:55;CA:52,medium,0
5493008E4KBJCB6UKR64,,,,unmatched,515,321,0,CA:123;NV:27;GA:24;FL:12;TX:12;MO:11;AZ:10;IN:9;NC:7;PA:7,medium,0
549300HINJH60UG3KG47,,,,unmatched,361,317,0,NC:41;FL:38;VA:30;GA:28;TX:25;CA:21;NV:15;WA:11;PA:10;OK:10,medium,0
254900EZRN0CBEP77K34,,,,unmatched,1167,563,0,VA:170;MD:86;DC:38;CA:31;FL:18;NC:17;TX:15;IL:15;SC:14;GA:12,medium,0
5493001141Z7CINOSB62,,,,unmatched,509,271,0,FL:82;TX:29;NJ:22;IN:18;CO:18;GA:16;CA:14;NC:14;MD:12;IL:10,medium,0
549300JGMQJ4R419LR70,,,,unmatched,516,402,0,TX:45;CA:44;OH:29;IL:28;FL:19;PA:18;WA:15;NY:15;AL:14;MI:13,medium,0
549300AOB4S7B0DB7863,,,,unmatched,771,425,0,VA:93;MD:71;FL:54;WV:29;NJ:20;GA:20;CA:18;DC:17;TX:16;NC:15,medium,0
549300F6Y1YO2YXN6135,,,,unmatched,306,297,0,CA:44;TX:32;FL:24;AZ:19;MA:18;WA:16;GA:15;TN:14;CO:13;IL:12,medium,0
549300N2GMOJ61XHEL06,,,,unmatched,1351,900,0,IL:279;CO:141;MD:122;FL:99;VA:98;OR:61;TX:54;NC:15;WA:11;DC:6,medium,0
984500FAD1FB7FEGTE82,,,,unmatched,702,330,0,NC:30;TX:27;GA:25;FL:25;CA:23;IL:18;OH:13;MD:13;CO:12;TN:12,medium,0
549300LLQD0X2OTG0Y27,,,,unmatched,1196,581,0,RI:205;MA:77;NH:31;DE:20;LA:17;OH:16;NC:16;TX:15;SC:15;FL:14,medium,0
5493007Z7FTUKQGFMZ98,,,,unmatched,436,294,0,TX:44;NY:30;GA:28;IL:17;WA:13;FL:12;NJ:11;NC:11;PA:10;CO:9,medium,0
WKN6AF1FCL7BBYGTGI83,,,,unmatched,1283,714,0,IN:316;FL:34;CA:31;GA:24;NC:22;TN:20;MO:20;IL:17;MI:16;AZ:16,medium,0
549300KPBZCTMM3Y0061,,,,unmatched,907,661,0,MD:316;VA:96;FL:36;CA:27;NC:24;GA:22;DC:14;TX:12;OH:11;AZ:9,medium,0
549300TULDV69V2XKY60,,,,unmatched,524,343,0,VA:70;CA:55;MD:52;DC:21;FL:21;AZ:13;NC:12;PA:11;GA:11;NJ:8,medium,0
254900SUZ313OILKVD67,,,,unmatched,364,302,0,MD:118;FL:64;SC:58;MA:9;CA:8;VA:7;NC:6;NJ:6;OH:5;PA:4,medium,0
5493004R423PBPM6A173,,,,unmatched,557,394,0,OH:46;TX:37;IL:24;GA:23;TN:20;NJ:19;IN:19;VA:18;MI:17;FL:15,medium,0
FDXQ75GPEQKRPWABYN63,,,,unmatched,750,541,0,IL:243;FL:49;WI:41;CA:36;MO:24;MI:18;TX:15;GA:11;AZ:10;MA:10,medium,0
6PTKHDJ8HDUF78PFWH30,,,,unmatched,338,289,0,FL:55;IL:43;CA:35;TX:20;CO:17;WI:14;GA:8;NJ:7;WA:6;UT:6,medium,0
5493005JF6BKCN6OY689,,,,unmatched,227,193,0,FL:107;AZ:24;SC:19;TX:10;GA:4;OH:3;MI:3;VA:3;NJ:2;NY:2,medium,0
549300DH8EI64ITBY388,,,,unmatched,315,271,0,CA:26;TX:25;NC:17;CT:16;PA:16;VA:13;NY:13;IL:12;WA:12;SC:11,medium,0
549300C04BJ0G297NC13,,,,unmatched,556,268,0,TX:26;FL:21;CA:18;PA:16;NC:15;IL:15;NY:13;NJ:10;IN:8;CO:8,medium,0
549300YDBNK66R6ZES34,,,,unmatched,2287,1508,0,MO:1183;IL:91;FL:43;OH:33;TX:23;GA:18;CA:17;CO:14;NY:12;VA:12,medium,0
5493004K0Z4RFJSPYT52,,,,unmatched,2990,2266,0,IL:1999;WI:75;FL:38;IN:19;GA:16;NC:14;CA:13;PA:12;TN:12;TX:12,medium,0
549300WS8BW0I0BDA390,,,,unmatched,1528,1205,0,IN:557;IL:263;WI:151;GA:98;MI:45;OH:36;CO:23;FL:15;NV:4;TN:2,medium,0
549300W1HU6IVVIEJ389,,,,unmatched,1461,967,0,UT:712;TX:43;CA:26;OR:24;ID:17;VA:16;AZ:15;WA:15;FL:12;NM:12,medium,0
5493008RSN6F31BTGT93,,,,unmatched,2298,1587,0,LA:1409;TX:53;FL:48;MS:40;AL:11;GA:3;NC:3;SC:3;OR:2;MO:2,medium,0
54930032OCUOR526IR93,,,,unmatched,566,374,0,MS:123;GA:24;PA:21;FL:18;KY:14;AZ:13;KS:12;MO:10;TN:10;NC:9,medium,0
549300D2OYT7VTDY6Z20,,,,unmatched,438,269,0,MD:90;NJ:48;VA:37;FL:14;GA:11;NC:11;CA:8;PA:6;IL:6;DC:4,medium,0
549300NWKILSNQAIG053,,,,unmatched,2133,1205,0,VA:606;UT:469;NC:45;TX:38;FL:7;GA:7;AZ:5;TN:3;OH:3;WV:2,medium,0
549300KW705BBINDIZ26,,,,unmatched,335,226,0,TX:106;LA:38;AR:28;OK:18;NM:16;IN:6;WA:4;MO:2;MT:2;FL:1,medium,0
549300SQKZC6HESYGO25,,,,unmatched,736,258,0,CA:27;VA:24;FL:15;IL:15;NJ:12;NC:11;AZ:10;PA:9;NY:9;OH:8,medium,0
5493000JFVFQFL816N45,,,,unmatched,862,529,0,AR:374;TX:63;MO:13;CO:11;NC:10;FL:9;SC:6;CA:5;LA:4;TN:3,medium,0
549300NZWZUYUWEOA562,,,,unmatched,1994,1409,0,IN:1212;FL:24;CO:18;NC:16;IL:14;MI:13;GA:10;VA:8;MD:7;TX:7,medium,0
254900T8N4RLS6G3BF64,,,,unmatched,262,129,0,CA:35;TX:28;WA:12;FL:11;NY:6;AZ:6;NJ:4;SC:4;TN:4;DC:2,medium,0
5493002WVA17MT4UFH84,,,,unmatched,444,191,0,TX:26;CA:19;FL:16;AZ:9;MI:8;PA:8;WI:7;GA:7;UT:7;NV:6,medium,0
54930022CQGV47Q8PM03,,,,unmatched,602,233,0,TX:22;FL:18;CA:18;WA:16;GA:15;WI:13;MI:12;IL:12;OH:10;KY:9,medium,0
5493002G4JO4BZ22MC13,,,,unmatched,213,129,0,PA:17;MD:16;TN:11;CA:10;TX:10;GA:9;NC:8;VA:8;NJ:8;DE:7,medium,0
549300O5WDIJU8S7OI05,,,,unmatched,2212,1775,0,OK:1406;MO:137;KS:81;TX:48;FL:10;AZ:10;AR:9;GA:9;WA:5;SC:5,medium,0
5493002YXAOJOQPEGS38,,,,unmatched,584,238,0,MO:35;TX:32;AZ:27;FL:21;KS:12;NC:11;IL:11;VA:10;NE:10;TN:9,medium,0
549300T7AIY7RU1YDP31,,,,unmatched,2212,1448,0,CO:489;KS:423;MO:254;WY:84;TX:51;UT:35;ID:25;NM:19;FL:17;AZ:6,medium,0
549300KR4ZW8KJC82O47,,,,unmatched,529,433,0,KS:224;MO:42;TX:27;AK:15;TN:13;FL:11;CO:8;MS:6;VA:6;NC:6,medium,0
549300AEULLVYD8L9B04,,,,unmatched,166,155,0,OH:17;NY:15;CA:15;VA:10;PA:9;TX:8;NJ:8;GA:8;IL:8;AZ:6,medium,0
7DMUJTL9FFTVIAG9H788,,,,unmatched,7326,3789,0,MO:2488;KS:751;IL:194;CO:161;OK:45;TX:23;FL:22;AZ:13;AR:13;CA:12,medium,0
254900KI7219LQKCI772,,,,unmatched,1254,974,0,CO:694;WY:105;TX:24;AZ:18;CA:17;MT:10;FL:8;OH:7;ID:7;NC:6,medium,0
549300O7SGM8FH65GQ47,,,,unmatched,2070,1481,0,IL:1204;MO:86;FL:58;IN:58;OK:21;KS:19;CO:11;AZ:7;MI:4;CA:2,medium,0
549300C1ICNCM0V37Y02,,,,unmatched,2415,2391,0,MO:1585;KS:606;AZ:48;IL:38;FL:17;TX:14;TN:9;AR:8;CO:8;OK:4,medium,0
549300LP0CV2MNC1GV68,,,,unmatched,532,390,0,KS:134;MO:88;CO:39;AZ:24;GA:20;TX:10;WA:6;VA:6;TN:6;NM:5,medium,0
549300ANF834QIIFUE57,,,,unmatched,1483,1482,0,IL:1331;IN:39;WI:37;MI:22;FL:17;TX:8;CA:5;AZ:4;TN:4;NC:4,medium,0
254900BDGU9FU91PQA51,,,,unmatched,1040,794,0,OH:703;IL:10;FL:10;GA:9;PA:6;MA:5;KY:5;CO:5;VA:4;MT:3,medium,0
5493000F6NFDOVVZP043,,,,unmatched,1592,1350,0,IL:1147;WI:134;FL:12;MO:9;GA:8;NC:4;NE:3;TN:3;SC:3;IN:3,medium,0
LDVFX8JEECFFE8HRWA73,,,,unmatched,6317,3757,0,NE:1773;IL:646;CO:466;KS:307;MO:215;IA:191;SD:54;WY:34;TX:12;WI:8,medium,0
549300ENNFGLHCMQ1U82,,,,unmatched,3023,2310,0,KY:1396;OH:823;IN:52;FL:16;SC:6;CO:3;TN:2;MI:2;IL:2;VA:2,medium,0
254900DNPJINSUKFZ002,,,,unmatched,1838,1299,0,IN:1104;MI:84;AZ:40;IL:17;CA:11;TX:6;FL:5;OH:3;DE:3;MO:3,medium,0
549300VJ7C5JB4W87F48,,,,unmatched,1859,1456,0,IL:1382;IN:20;WI:16;FL:10;AZ:7;MI:6;WA:5;SC:2;OH:2;TN:1,medium,0
5493000XYE7QL54NMB52,,,,unmatched,1908,1433,0,IL:1286;MO:85;IA:31;FL:13;IN:6;CO:2;KS:2;OH:1;MI:1;AZ:1,medium,0
254900ARL5FDX2OOH702,,,,unmatched,3225,2256,0,OH:2178;IN:30;KY:24;FL:8;MI:6;TX:2;TN:2;NY:1;CO:1;NC:1,medium,0
549300GS6ONO04ORI292,,,,unmatched,917,584,0,ID:356;OR:136;WA:44;MT:12;CA:4;FL:4;AL:2;TX:2;AK:2;CO:2,medium,0
549300QLO8TSQW5JTK72,,,,unmatched,2807,2409,0,NE:1724;IA:452;SD:44;CO:44;KS:31;WY:27;MO:25;AR:15;ND:14;TX:7,medium,0
549300RFSMIRUODUVW59,,,,unmatched,4082,2443,0,MT:610;SD:364;OR:317;WY:306;IA:244;ID:236;NE:183;WA:79;AZ:31;CO:29,medium,0
549300D0H09HSURFXA20,,,,unmatched,613,102,0,VA:28;CA:17;TX:8;IL:8;FL:7;GA:5;OH:5;NC:4;MI:3;PA:3,low,0
549300MU2YI0HXIT3257,,,,unmatched,202,101,0,FL:29;OH:10;IL:7;OR:6;CO:6;AZ:5;WI:5;IN:4;TX:3;GA:3,low,0
5493000WAJ1FMTFL5D75,,,,unmatched,1334,74,0,VA:11;FL:11;GA:8;OH:6;PA:6;MD:6;TX:5;AL:4;NJ:4;TN:4,low,0
549300V3N91EH05UWL23,,,,unmatched,113,64,0,CA:22;TX:6;GA:5;FL:5;CO:3;OH:3;KS:3;OK:2;AZ:2;WA:2,low,0
549300XRF9LCZ3RX3Q39,,,,unmatched,3266,108,0,AZ:18;CA:12;TX:9;VA:8;CO:7;IL:6;NY:5;WA:4;FL:4;NV:4,low,0
5493007TLZJ73TKCO730,,,,unmatched,120,91,0,IN:25;NY:13;OH:6;TX:5;CA:5;IL:4;NC:4;FL:4;SC:3;MI:3,low,0
549300S5LHMBX3WRT314,,,,unmatched,123,97,0,IL:49;CA:24;IA:5;AZ:4;NC:3;WI:2;ND:2;FL:2;WY:1;MT:1,low,0
PS6WLKTYGZOKK05G5O59,,,,unmatched,233,189,0,IA:117;NC:9;TX:7;OH:6;IN:4;CO:4;GA:4;SC:3;WI:3;KY:3,low,0
549300OBJRCHJ0G6XU24,,,,unmatched,201,155,0,MO:101;IL:12;TX:9;MA:5;AR:4;TN:4;VA:3;FL:3;NJ:3;IN:2,low,0
549300W6UP8EY0KSBG85,,,,unmatched,70,70,0,KS:25;CO:7;GA:5;MO:5;NC:4;FL:4;IN:2;MA:2;AZ:2;TX:2,low,0
549300N1R0R39PYT7O68,,,,unmatched,61,42,0,NC:5;VA:4;OH:4;SC:3;FL:2;PA:2;TX:2;AZ:2;IL:2;TN:2,low,0
9LIMABRJ9VPV74PBJB17,,,,unmatched,187,155,0,IL:128;CA:5;IN:4;FL:3;IA:3;WI:3;MI:2;MT:2;AL:2;AZ:1,low,0
