lei,institution_name,nmls_id,our_lender_slug,match_status,total_applications,total_originations,hi_originations,states_with_originations,priority_match,hawaii_originations
XJCRTTYJVBMA22IXL619,,,,unmatched,3678,1973,1972,HI:1972;TX:1,medium,1972
WWJYKHS2UNKSDW8XLB53,,,,unmatched,2742,1588,1586,HI:1586;OR:2,medium,1586
549300BES7HNVKCDIM50,,,,unmatched,2482,1416,1416,HI:1416,medium,1416
5493005VBGFDRV6FSU19,,,,unmatched,1419,847,847,HI:847,medium,847
549300Z6QWABFYI73E79,,,,unmatched,1829,777,777,HI:777,medium,777
5493005R24FV5DFFXW42,,,,unmatched,1519,720,720,HI:720,medium,720
254900E6AIE4Z8YQM970,,,,unmatched,11513,6978,244,CA:1470;FL:1222;TX:651;NY:357;NJ:278;AZ:267;GA:252;HI:244;SC:197;NC:181,high,244
549300TT6197INLGZW29,,,,unmatched,401,255,217,HI:217;NV:38,low,217
98450087981AP406JG03,,,,unmatched,3264,2642,134,CA:1294;WA:138;HI:134;FL:97;UT:96;TX:94;NY:70;GA:70;CO:64;TN:57,high,134
5493004NKDOFN55L5X23,,,,unmatched,126,125,125,HI:125,low,125
549300VQUTI5IU7GXT57,,,,unmatched,9801,5896,122,UT:1700;TX:1288;AZ:548;NV:328;FL:286;GA:253;WA:156;CO:149;CA:127;HI:122,high,122
549300DSPT6YGS1ZLR56,,,,unmatched,181,119,119,HI:119,low,119
549300RYTR2RVL4SFJ90,,,,unmatched,3013,1893,95,TX:242;FL:241;NC:142;NJ:131;GA:121;MO:113;HI:95;PA:72;CA:65;OH:62,high,95
2549006P8VW9SIT9YP64,,,,unmatched,127,95,95,HI:95,low,95
254900H7HJWLRJUBQ485,,,,unmatched,71,70,70,HI:70,low,70
549300F570XAWYN8Z237,,,,unmatched,1277,884,56,NY:494;CA:111;NJ:71;HI:56;WA:18;GA:16;PA:14;CT:14;TX:13;OH:12,high,56
549300CK7U1WMTIG6687,,,,unmatched,1453,975,48,CA:466;FL:92;NV:84;AZ:59;HI:48;OR:38;CO:36;TX:29;UT:27;WA:22,high,48
254900E5RO9KE6OFNQ81,,,,unmatched,83,48,48,HI:48,low,48
254900IEGKUDRDS23V26,,,,unmatched,3353,2352,44,CA:1161;NV:182;TX:181;FL:126;GA:80;VA:70;MD:62;WA:60;AZ:52;HI:44,high,44
549300LF0MZUT1N6QL28,,,,unmatched,53,42,35,HI:35;NV:6;WA:1,low,35
01KWVG908KE7RKPTNP46,,,,unmatched,1619,1059,22,WA:777;OR:132;CA:103;HI:22;AZ:11;ID:10;CO:2;NV:1;UT:1,medium,22
549300A68YW07V5R5G22,,,,unmatched,1972,957,20,CA:536;FL:125;TX:47;AZ:38;GA:26;WA:25;HI:20;NV:20;UT:17;CO:15,high,20
2549007IU6SKFLLNKZ07,,,,unmatched,504,402,20,CA:303;HI:20;AZ:18;TN:14;TX:12;FL:10;NV:7;WA:5;KS:2;ID:2,medium,20
549300JD50LHLWMWPN92,,,,unmatched,55,18,18,HI:18,low,18
549300KP95LHU8OP0H40,,,,unmatched,778,743,14,CA:621;AZ:44;FL:36;HI:14;TX:13;NV:8;WA:3;CO:3;OK:1,high,14
254900JH11ROOV921P96,,,,unmatched,2266,1600,10,CA:1259;NV:144;AZ:58;TX:42;WA:24;FL:16;HI:10;PA:9;IN:7;OR:7,high,10
54930002O9LLXKR6TF11,,,,unmatched,1768,1032,9,CA:774;NV:90;AZ:22;TX:21;GA:20;WA:14;TN:12;HI:9;CO:8;FL:7,high,9
5493003B20KZ3DEZGB43,,,,unmatched,999,653,8,NY:297;CA:239;IL:49;NJ:34;NV:18;HI:8;LA:2;FL:2;AZ:1;NC:1,high,8
254900JZN2V0PWFMW808,,,,unmatched,1632,851,7,CA:615;FL:56;NC:52;TX:46;AZ:25;NV:10;TN:8;HI:7;OR:6;IL:6,high,7
549300TF1E42EUFBSL45,,,,unmatched,1585,963,6,CA:724;WA:196;OR:30;HI:6;NV:2;ID:2;TX:2;MT:1,high,6
549300ZOBXG0DT4I6U54,,,,unmatched,472,301,6,NJ:176;NY:45;FL:33;PA:16;CT:12;HI:6;TX:4;MD:2;VA:2;GA:1,medium,6
2549009BJ1OZ4H7KTG46,,,,unmatched,363,179,6,NC:67;TX:27;FL:15;OH:8;GA:7;SC:7;HI:6;NY:5;CO:5;TN:4,medium,6
549300UTE20103B0T339,,,,unmatched,245,148,5,CA:80;FL:19;TX:9;CO:7;NC:7;WA:6;AZ:5;PA:5;HI:5;OR:2,medium,5
549300THBFHMP4WJ0323,,,,unmatched,116,58,3,CA:51;HI:3;ID:2;AZ:1;AK:1,medium,3
F28JOQ8OBWCFUYM0UX93,,,,unmatched,7455,5327,2,CA:3261;NY:799;NV:278;MA:268;GA:247;WA:239;TX:225;AZ:5;HI:2;NJ:2,high,2
549300SBA6BX8HZZF585,,,,unmatched,1101,820,2,CA:565;TX:100;GA:55;FL:40;MA:23;WA:12;CO:5;NV:5;HI:2;AZ:2,high,2
549300RC1JITZLHVLH66,,,,unmatched,375,234,2,CA:214;FL:10;HI:2;GA:2;TX:2;CO:2;WA:1;TN:1,medium,2
549300KZVCKCUN23YY80,,,,unmatched,620,411,2,OR:331;WA:52;CA:12;NC:6;ID:2;AZ:2;HI:2;MT:2;MO:1;SC:1,low,2
254900B5PW4JPZAQI721,,,,unmatched,183,167,2,WI:151;IL:14;HI:2,low,2
5493000XJFWT2H46HI07,,,,unmatched,1932,1557,1,NC:1358;VA:193;SC:4;HI:1;MD:1,high,1
IFQSIUC9AGQV2NE8CN25,,,,unmatched,8114,4843,1,OR:1939;WA:1846;CA:703;ID:258;AZ:46;NV:35;CO:8;UT:5;HI:1;AK:1,high,1
54930072UFREQ9ZZRG80,,,,unmatched,157,138,1,CA:133;NY:3;HI:1;NJ:1,medium,1
549300C1YZ5ZORJBI935,,,,unmatched,247,142,1,TX:126;TN:3;SC:2;CA:2;IN:1;MD:1;OH:1;HI:1;IA:1;UT:1,medium,1
549300OBLIP1F3NM5751,,,,unmatched,130,101,1,TX:88;NM:4;AR:2;AZ:1;HI:1;CA:1;CO:1;MT:1;UT:1;FL:1,medium,1
549300IEIM2IT5YK4368,,,,unmatched,2063,1573,1,AR:1415;MO:126;KS:11;OK:9;TX:4;HI:1;TN:1;CO:1;KY:1;WI:1,medium,1
254900WO60HTEULEHM24,,,,unmatched,81,53,1,GA:26;CA:8;FL:6;IL:5;MN:2;WA:1;HI:1;TN:1;NY:1;CT:1,low,1
5493005WCUTOOZMTV053,,,,unmatched,190,144,1,OK:114;TX:26;CO:1;FL:1;HI:1;AR:1,low,1
549300XR0EY1M0FVG232,,,,unmatched,20,17,1,FL:10;GA:2;UT:1;CA:1;HI:1;OH:1;NC:1,low,1
549300P8KQYPAVPZL931,,,,unmatched,315,251,1,KY:241;TN:3;IN:3;FL:2;IL:1;HI:1,low,1
549300G5DUB6RE1MCL12,,,,unmatched,342,288,1,KS:281;CO:2;TX:2;HI:1;OK:1;MO:1,low,1
254900N860L1FESYGP70,,,,unmatched,67,51,1,AZ:44;OH:6;HI:1,low,1
549300HW662MN1WU8550,,,,unmatched,576697,422119,0,CA:57281;FL:49897;TX:42285;MI:22015;AZ:19328;CO:18178;GA:17047;NC:13671;IL:11397;NY:11157,high,0
549300FGXN1K3HLB1R50,,,,unmatched,609400,429332,0,CA:42202;FL:31530;TX:30579;MI:22693;GA:21182;NC:18462;OH:16656;PA:16043;VA:14489;NY:13729,high,0
549300VZVN841I2ILS84,,,,unmatched,190472,125099,0,FL:11987;OH:11011;CA:9599;PA:8399;TX:7734;NJ:7558;IL:5600;NY:5429;AZ:4945;WA:4877,high,0
B4TYDEB6GKMZO031MB27,,,,unmatched,217492,88530,0,CA:17758;FL:7938;TX:6141;NJ:5136;NC:4880;NY:3897;MA:3551;GA:3440;WA:3420;IL:2889,high,0
RVDPPPGHCGZ40J4VQ731,,,,unmatched,193807,100816,0,CA:10749;FL:9704;TX:6849;GA:5272;PA:4488;VA:4338;NC:3751;AZ:3232;NJ:3144;OH:2964,high,0
7H6GLXDRUGQFU57RNE97,,,,unmatched,152415,94243,0,CA:14032;TX:9775;NY:9163;IL:8778;FL:6131;OH:4171;NJ:3325;MI:2995;AZ:2864;IN:2857,high,0
549300AG64NHILB7ZP05,,,,unmatched,155159,91730,0,CA:9983;TX:8535;FL:7460;NJ:4334;IL:4241;GA:4168;AZ:4138;NC:3969;OH:3505;SC:2670,high,0
5493001SXWZ4OFP8Z903,,,,unmatched,101400,69159,0,TX:17748;FL:11582;NC:5258;SC:4153;GA:2777;CA:2776;AZ:2406;AL:2376;TN:2122;NV:2059,high,0
DRMSV1Q0EKMEXLAU1P80,,,,unmatched,119620,68902,0,NY:11000;PA:10441;MA:10235;NJ:7208;OH:4732;RI:3762;MI:3697;NH:3194;CT:3030;FL:2297,high,0
5493003GQDUH26DNNH17,,,,unmatched,179597,80547,0,VA:9684;FL:8416;CA:6361;NC:5249;MD:5163;GA:5118;TX:4267;SC:2487;WA:2289;PA:2141,high,0
549300GKFNPRWNS0GF29,,,,unmatched,102677,70098,0,TX:10655;WA:5796;CA:4698;FL:4388;TN:3925;PA:2626;NH:2466;MA:2329;VA:2325;NJ:2257,high,0
549300DD5QQUHO6PCH70,,,,unmatched,178189,82764,0,TX:6918;FL:5506;NC:4769;VA:4500;GA:4139;OH:3302;TN:3178;IL:2965;MO:2901;PA:2643,high,0
549300U3721PJGQZYY68,,,,unmatched,129086,70579,0,IL:10217;CA:6248;NJ:4826;MA:4507;TX:3318;FL:3204;PA:3119;OH:2795;NC:2491;CO:2143,high,0
549300FNXYY540N23N64,,,,unmatched,187594,66567,0,CA:5772;FL:5643;TX:4793;NY:3123;NC:2787;WA:2702;GA:2480;OH:2258;VA:2175;PA:2124,high,0
549300LYRWPSYPK6S325,,,,unmatched,165453,69982,0,TX:5759;FL:5374;NC:4463;GA:3946;CA:3918;VA:3646;IN:2580;OH:2477;TN:2436;SC:2168,high,0
549300DD4R4SYK5RAQ92,,,,unmatched,81084,57781,0,NC:8138;WA:5559;VA:4339;FL:4122;PA:3902;SC:2978;GA:2388;TX:2367;TN:2207;CA:1690,high,0
AD6GFRVSDT01YPT1CS68,,,,unmatched,116536,61280,0,PA:11263;OH:6725;NJ:5755;IL:3711;FL:3475;MD:2948;TX:2930;MI:2885;IN:2802;CA:2688,high,0
549300AQ3T62GXDU7D76,,,,unmatched,121724,86111,0,TX:6877;WA:5691;MO:5462;CO:4338;OR:4218;CA:4118;UT:3981;NV:3882;GA:3788;AZ:3467,high,0
549300E2UX99HKDBR481,,,,unmatched,140816,57460,0,TX:5508;CA:5105;GA:4063;FL:3881;IL:3581;MO:2619;PA:2148;MN:1842;WA:1680;NC:1619,high,0
6BYL5QZYBDK8S7L73M02,,,,unmatched,151786,74632,0,CA:16135;IL:4571;MN:4538;OH:3965;MO:3622;WA:3524;WI:2785;KY:2645;OR:2465;FL:2279,high,0
549300MGPZBLQDIL7538,,,,unmatched,103697,74450,0,TX:7468;AZ:4724;IL:4215;IN:3665;GA:3631;FL:3153;NC:2993;WI:2947;CA:2867;OH:2685,high,0
KB1H1DSPRFMYMCUFXT09,,,,unmatched,76304,41562,0,CA:9616;NY:2733;FL:2670;TX:2647;NC:2302;NJ:1716;PA:1628;WA:1514;GA:1509;MN:1496,high,0
549300LBCBNR1OT00651,,,,unmatched,79599,52217,0,CA:4657;TX:3609;FL:3546;GA:2560;IL:1982;NC:1949;OH:1768;VA:1764;PA:1746;AZ:1744,high,0
254900DTLHVWQ7NP7R34,,,,unmatched,58895,40038,0,CA:8432;FL:4627;TX:3502;AZ:2579;UT:1917;IL:1746;CO:1646;MI:1407;WA:1253;GA:1055,high,0
549300MZ8VZJOVC63092,,,,unmatched,45691,29401,0,CA:6409;TX:3781;FL:2662;UT:2249;GA:1421;OR:864;PA:782;WA:727;AZ:672;TN:597,high,0
5493006VAGP3GQ8FJT49,,,,unmatched,45169,25528,0,CA:3237;FL:2385;OH:1967;PA:1829;NC:1435;GA:1388;TX:1379;NJ:1139;MI:1128;MO:909,high,0
254900ZFWS2106HWPH46,,,,unmatched,34318,23410,0,CA:3975;FL:3741;TX:3136;NJ:1490;AZ:1127;GA:977;CO:741;WA:701;OH:688;OR:635,high,0
WWB2V0FCW3A0EE3ZJN75,,,,unmatched,40592,23443,0,NY:7073;MD:3115;PA:3099;CT:2398;MA:1690;NJ:1501;VA:901;DE:767;VT:352;FL:342,high,0
549300121SF0K2LN2804,,,,unmatched,33320,24706,0,TX:6358;SC:1561;MO:1496;NY:1278;CA:1208;OH:1134;FL:931;PA:746;WA:716;AZ:610,high,0
L9VVX1KT5TFTKS0MLF66,,,,unmatched,21831,14381,0,NC:6984;SC:3577;CA:1383;VA:664;GA:442;FL:266;MA:197;TN:106;AZ:95;TX:92,high,0
E57ODZWZ7FF32TWEFA76,,,,unmatched,33959,15812,0,CA:5786;NY:3687;IL:1251;NJ:707;FL:565;TX:506;MD:400;WA:317;VA:311;DC:281,high,0
549300J7I82PNDVU8H22,,,,unmatched,29739,16337,0,CA:7327;FL:1580;TX:1270;MD:564;IL:454;AZ:439;GA:412;NV:368;MA:335;VA:312,high,0
5493001WHVQBGRSWEU75,,,,unmatched,25005,17312,0,CA:3155;FL:2433;NY:1590;TX:1135;NJ:989;GA:669;AZ:590;VA:485;NC:461;CO:424,high,0
549300YIQ7S7Z8PIHE53,,,,unmatched,94427,24298,0,FL:1667;CA:1635;NC:1353;GA:1343;TX:1068;PA:997;OH:991;VA:957;NJ:888;IL:882,high,0
IUGPUX5LWRZ3B6KIZ697,,,,unmatched,18359,13184,0,GA:5627;SC:1857;FL:1846;VA:724;NC:634;CA:484;MD:455;TN:394;AL:363;IL:140,high,0
549300KIOYNU323LVJ37,,,,unmatched,34217,24774,0,CA:3554;IL:2402;TX:1947;WA:1911;FL:1750;AZ:1562;GA:1405;OR:860;TN:854;OH:854,high,0
549300OPCWU6E72WUT29,,,,unmatched,41778,24192,0,CA:1845;FL:1510;NC:1387;OH:1270;IL:1245;TX:1178;GA:1042;AZ:855;VA:839;TN:821,high,0
549300O6Z0I6KYMESL47,,,,unmatched,19692,12091,0,CA:4633;FL:1634;TX:1476;GA:546;UT:295;NJ:281;AZ:251;VA:241;PA:236;IL:224,high,0
5493001GCBD5XGNIC815,,,,unmatched,93158,21244,0,CA:3015;FL:2383;OH:1359;IL:1213;PA:1032;NC:962;VA:824;NJ:811;AZ:786;MI:772,high,0
54930001NSTOD85LT125,,,,unmatched,24645,15934,0,CA:1539;FL:1458;PA:1342;NJ:1110;IL:970;TX:965;MA:816;MO:782;MN:709;OH:676,high,0
QFROUN1UWUYU0DVIWD51,,,,unmatched,75426,39534,0,OH:12389;MI:6106;IN:4817;IL:4111;FL:3553;KY:3150;NC:2216;TN:971;SC:863;GA:691,high,0
984500U2F9A83N391A91,,,,unmatched,18971,11067,0,FL:2262;CA:1367;TX:1262;NY:950;NJ:917;GA:409;AZ:367;PA:308;CT:294;NC:293,high,0
549300JYXTZDSPJEPI44,,,,unmatched,23886,14594,0,TX:1897;FL:1239;NY:1222;CA:1056;PA:866;MN:713;MI:555;NC:515;IN:489;IL:475,high,0
54930054ET8KM4O1D485,,,,unmatched,55546,16189,0,CA:1778;FL:1042;NC:865;TX:858;NJ:752;IL:709;GA:704;PA:668;OH:585;VA:529,high,0
549300NOCASXPA34X033,,,,unmatched,69562,16372,0,FL:1488;TX:1422;CA:1244;GA:829;AZ:635;NC:610;VA:600;CO:583;WA:518;TN:495,high,0
549300370QILXLFUWD20,,,,unmatched,20147,14357,0,TX:1648;FL:1590;CA:1176;GA:1124;NC:1090;CO:635;AZ:603;MI:599;OH:481;VA:436,high,0
549300XY701IELCE5Q08,,,,unmatched,45682,14567,0,CA:1786;TX:1143;FL:1004;GA:685;NC:664;NJ:658;CO:512;OK:493;WA:480;IL:476,high,0
5493008NWHQT1R22C024,,,,unmatched,22722,13125,0,FL:1724;CA:1554;VA:897;TX:880;NY:827;AZ:698;MI:616;GA:565;SC:484;IN:429,high,0
549300MCIFZSDHUT8X63,,,,unmatched,24275,18920,0,OH:3308;MD:2255;FL:2000;VA:1310;NC:1137;TX:1055;NJ:1051;AZ:897;WA:843;CO:659,high,0
54930021WPEXNHYZUL09,,,,unmatched,18947,14467,0,TX:1597;FL:1206;GA:1125;CA:1003;PA:597;LA:585;VA:490;NC:417;OH:417;ID:411,high,0
549300R9S3MVDV4MGF56,,,,unmatched,52143,15089,0,FL:1296;CA:1022;GA:873;TX:848;IN:732;NC:680;OH:675;NY:576;MI:570;TN:533,high,0
549300GS0W0TEUQS8571,,,,unmatched,14182,10740,0,CA:1957;FL:990;NY:947;TX:573;NJ:548;MA:449;CO:427;IL:381;WA:350;GA:322,high,0
549300VORTI31GZTJL53,,,,unmatched,18123,12305,0,TX:2136;FL:1187;IN:791;TN:697;WI:497;NC:467;GA:453;MN:448;PA:446;NY:375,high,0
5493004AS1SPBQOFDR49,,,,unmatched,14858,8804,0,CA:2752;FL:1313;TX:1230;NJ:438;CO:244;AZ:210;NC:195;MI:195;VA:193;TN:172,high,0
549300K4ZLGS7SRDTL86,,,,unmatched,28384,12086,0,FL:1337;CA:1126;TX:988;GA:737;LA:646;AZ:508;NC:500;TN:491;OH:431;PA:425,high,0
549300KTR1JGH3K6LU06,,,,unmatched,17668,7240,0,NY:4085;CA:552;FL:358;NJ:336;GA:195;NC:136;CT:119;PA:113;IL:112;WA:111,high,0
549300FX7K8PTEQUU487,,,,unmatched,26508,11278,0,VA:1455;CA:1113;TX:1055;FL:972;MD:652;GA:541;NC:517;NJ:449;PA:338;AZ:290,high,0
549300RA3E0BUFO7YZ21,,,,unmatched,14901,7540,0,FL:1457;CA:1424;TX:795;NY:714;NJ:302;GA:259;NC:179;PA:177;AZ:172;TN:151,high,0
549300S5YL3OH0IVCS62,,,,unmatched,12584,8696,0,CA:2527;FL:786;TX:524;AZ:401;NY:368;WA:337;CO:303;NJ:280;NC:254;GA:195,high,0
549300VCMRO4ST680C11,,,,unmatched,32888,10858,0,TX:1052;FL:935;CA:770;GA:706;NC:705;VA:580;MO:413;SC:382;OH:351;TN:349,high,0
254900RUCO27MVGTO768,,,,unmatched,20166,9270,0,NY:1687;NJ:1215;IL:1106;OH:564;PA:540;FL:432;CT:324;GA:317;TX:281;IN:258,high,0
C5654JQHZUHN0772B561,,,,unmatched,26635,11693,0,TX:1101;FL:825;NC:681;GA:562;VA:488;TN:407;OH:397;PA:348;MO:340;SC:332,high,0
549300Y5Y88FQLI7VE83,,,,unmatched,14122,8066,0,FL:1549;CA:1010;TX:738;NC:355;GA:352;NJ:274;OH:265;PA:231;VA:205;IL:205,high,0
X05BVSK68TQ7YTOSNR22,,,,unmatched,68974,9711,0,CA:813;FL:771;TX:649;IL:493;NY:467;GA:466;NJ:451;OH:397;PA:392;VA:317,high,0
54930049L5WINET09Q97,,,,unmatched,16126,10736,0,FL:2049;TX:1245;AZ:1032;OH:780;AR:515;MO:431;NC:399;TN:377;GA:377;NM:339,high,0
549300R77W0P105C3S50,,,,unmatched,14377,7980,0,CA:1332;FL:1325;TX:930;AZ:254;GA:254;OH:210;PA:201;NC:197;TN:196;AL:188,high,0
549300SK2GVCQXPD4S58,,,,unmatched,16278,8918,0,CA:1697;TX:1058;FL:658;AZ:538;GA:358;IL:304;PR:289;OH:247;NC:246;VA:245,high,0
5493005JPZ3LXXMB0S24,,,,unmatched,8168,6000,0,FL:2916;SC:805;AL:319;NC:313;TX:270;GA:262;KY:208;AZ:206;CA:130;IN:98,high,0
549300KSOOZZVXCMA627,,,,unmatched,10229,6232,0,FL:1936;CA:979;TX:491;GA:268;SC:250;NC:246;VA:201;NJ:153;PA:147;AZ:137,high,0
549300KJ8PAJ7E52HG32,,,,unmatched,20196,12504,0,FL:1839;SD:1570;AZ:1203;TX:1036;UT:934;CO:484;GA:407;MN:377;NE:357;CA:304,high,0
3Y4U8VZURTYWI1W2K376,,,,unmatched,35659,16529,0,IL:3906;CA:3818;WI:2970;IN:1029;AZ:962;CO:755;MN:487;MO:324;NE:297;FL:285,high,0
SS1TRMSN6BRNMOREEV51,,,,unmatched,19117,9656,0,MI:2677;TX:943;CA:934;FL:737;IN:410;NY:367;GA:351;AZ:303;OH:300;NJ:204,high,0
254900TTZ395IC926125,,,,unmatched,10564,7434,0,CA:2290;TX:605;OR:449;KS:368;FL:341;AZ:307;MA:268;CO:267;TN:243;MD:215,high,0
549300T94GSH3C4U5M59,,,,unmatched,14981,8359,0,CA:1937;IL:777;FL:679;WA:593;AZ:482;CO:385;OR:353;GA:331;NJ:280;VA:212,high,0
549300EKFFG3BU8DNX74,,,,unmatched,10644,5793,0,CA:1752;FL:672;TX:565;AZ:358;WA:190;GA:182;NJ:179;IL:168;PA:142;CO:119,high,0
2549001SI0EMFPT39035,,,,unmatched,10748,7401,0,FL:1568;WA:861;CA:706;OH:605;NJ:358;TX:357;GA:340;AZ:316;MI:262;AL:162,high,0
549300INFJ8TYNZ1G568,,,,unmatched,6522,6065,0,CA:1748;FL:485;TX:359;CO:314;WA:265;AZ:233;IL:200;NY:192;NJ:178;NC:172,high,0
549300NWBS6MQJX15N44,,,,unmatched,7805,5717,0,CA:1262;TX:1171;GA:488;AZ:284;FL:275;WA:270;IL:229;PA:169;CO:168;MN:127,high,0
549300BX448ALT10FI43,,,,unmatched,20909,8296,0,IL:809;NY:620;NJ:552;VA:437;NC:413;OH:408;FL:397;PA:379;GA:356;CA:265,high,0
549300CY7WNAHKHYSJ73,,,,unmatched,9635,7642,0,TX:2279;WA:1370;NC:910;CO:589;OK:429;ID:319;CA:261;AK:250;NM:227;MT:218,high,0
254900VELJPWWT51WN03,,,,unmatched,5625,4489,0,CA:1623;WA:364;TX:314;GA:307;MA:300;NC:289;NY:229;FL:142;NJ:123;OH:104,high,0
HUX2X73FUCYHUVH1BK78,,,,unmatched,15640,8717,0,NY:2485;OH:2071;WA:869;PA:597;IN:489;OR:470;CT:299;CO:227;ME:223;ID:180,high,0
549300ZWNETGFXTBBY03,,,,unmatched,13173,8449,0,GA:1431;AL:1135;WA:886;TX:724;UT:506;ID:413;OK:337;TN:330;NC:313;NV:293,high,0
549300SUCQ1358EGVE89,,,,unmatched,45543,8395,0,FL:805;NC:548;GA:542;OH:452;AL:393;VA:372;PA:367;SC:330;TN:325;MI:311,high,0
549300OPB0G5OMY0SM65,,,,unmatched,5481,3822,0,CA:2430;TX:253;GA:163;FL:151;IL:149;NV:127;MD:73;VA:71;NJ:70;PA:44,high,0
8WH0EE09O9V05QJZ3V89,,,,unmatched,17257,8981,0,UT:1755;CA:1647;TX:1522;AZ:1168;CO:1057;NV:1054;ID:517;WA:140;WY:48;NM:23,high,0
549300TA4MQM8WN2XG31,,,,unmatched,9454,5106,0,FL:504;PA:494;NJ:395;CA:388;TX:381;NY:356;IL:278;OH:277;MI:227;GA:185,high,0
549300Q50XCC0473FG63,,,,unmatched,10408,5048,0,CA:1243;NY:460;FL:389;NJ:308;AZ:246;WA:207;VA:171;NC:137;TN:136;IL:123,high,0
549300RFLICNI75BG067,,,,unmatched,12136,8416,0,MN:1356;NJ:1069;FL:686;CO:543;IN:517;KY:435;DE:277;WA:265;TX:244;SC:240,high,0
549300MHH03ICJYEPE85,,,,unmatched,8187,5120,0,CA:1040;FL:396;TX:315;NY:235;AZ:220;UT:193;MA:191;TN:179;CO:166;NC:147,high,0
593C3GZG957YOJPS2Z63,,,,unmatched,5359,3375,0,CA:2576;WA:175;NY:146;TN:73;NJ:35;FL:32;NV:27;CO:25;AZ:24;TX:23,high,0
54930052M48FOD3CWA54,,,,unmatched,13770,9570,0,MD:1466;NM:1071;RI:690;FL:582;NC:479;TX:475;CO:384;CA:363;UT:355;TN:283,high,0
2WHM8VNJH63UN14OL754,,,,unmatched,90347,51203,0,OH:24819;MI:10932;IL:4352;IN:2547;PA:1812;MN:1707;WV:1148;KY:903;CO:675;WI:664,high,0
213800XR2TCBQJSF1X93,,,,unmatched,11823,6849,0,MO:523;TX:518;KS:430;FL:383;NC:354;WA:335;CA:313;GA:257;VA:252;IL:206,high,0
5493000EUC3MM52PJV85,,,,unmatched,4889,3122,0,CA:2354;FL:223;TX:92;AZ:81;NV:64;NJ:46;WA:28;GA:25;CO:20;VA:17,high,0
549300LROQOOQU77WS20,,,,unmatched,12661,5807,0,CA:537;TX:435;NC:318;WA:301;GA:291;FL:263;NJ:234;VA:233;CO:195;IL:189,high,0
254900QNIR86GUIRYH95,,,,unmatched,6105,3059,0,CA:1861;TX:290;FL:284;NC:89;GA:80;AZ:48;VA:46;CO:42;NJ:36;NV:34,high,0
5493000OM9RKJW8W5K82,,,,unmatched,4961,3504,0,CA:2287;OR:253;GA:196;TN:176;UT:129;AZ:101;NV:51;WA:41;CO:37;SC:33,high,0
549300ZPSJZO10ZAX556,,,,unmatched,9325,4494,0,FL:621;TX:462;CA:274;NY:256;OH:253;NC:214;GA:174;PA:172;SC:160;NJ:156,high,0
549300QKL5FUBZ8LSF50,,,,unmatched,8223,5926,0,OR:1427;CA:840;PA:570;WA:435;MA:314;FL:268;NJ:191;IL:190;TX:184;OH:183,high,0
549300DCGBXW5FJMV921,,,,unmatched,3255,3255,0,CA:2145;CO:168;TX:163;GA:124;WA:96;FL:94;IL:75;VA:60;MD:57;NJ:49,high,0
5493008VVXQIDO1EZ460,,,,unmatched,8405,5759,0,CA:951;OR:805;TX:471;TN:425;GA:378;ID:300;WA:299;MO:295;IL:264;NV:241,high,0
2549002VH9C0PKB8K153,,,,unmatched,5687,3056,0,CA:933;NY:575;FL:388;NJ:317;TX:139;CT:89;PA:69;MA:49;GA:47;IL:45,high,0
Q708HHR4LD2B7XIZNO92,,,,unmatched,7944,4687,0,FL:899;GA:410;SC:336;NC:251;TX:177;WI:176;IL:163;MO:154;VA:147;MN:131,high,0
1IE8VN30JCEQV1H4R804,,,,unmatched,4645,3065,0,CA:1526;NY:538;WA:358;NJ:144;FL:134;TX:60;CT:37;MA:25;NC:24;IL:22,high,0
2549004FXPNKCLIN8250,,,,unmatched,11752,8115,0,OH:1310;TX:1261;CA:797;LA:765;CO:652;WA:606;ID:550;OR:532;IL:348;MT:180,high,0
984500F6E6940CCB6A60,,,,unmatched,4550,2966,0,NY:532;TX:458;CA:403;NJ:403;FL:227;IL:112;GA:76;TN:75;PA:70;MO:58,high,0
549300A5HHOL2ED18C72,,,,unmatched,6706,3194,0,CA:1372;FL:389;TX:211;LA:85;WI:71;MD:62;OH:61;NC:58;MI:55;IL:55,high,0
254900CTT87ZKAUTIJ37,,,,unmatched,7767,4886,0,PA:577;OH:524;TX:373;FL:354;MD:352;CA:261;MI:219;GA:217;MO:208;OK:194,high,0
549300NFPC3Y4W3Y7R87,,,,unmatched,7552,4267,0,VA:747;TX:623;SC:342;NC:297;CA:292;GA:272;IN:240;NM:234;FL:225;MT:168,high,0
54930048P8RWCQHQM310,,,,unmatched,5439,3131,0,CA:504;NY:503;FL:380;TX:240;NJ:231;AZ:117;MA:110;CT:108;MD:89;CO:86,high,0
549300G4ESSS6M0MEG51,,,,unmatched,9605,5971,0,IL:1723;CA:1252;WA:895;CO:383;TX:299;NC:292;MD:261;FL:109;IN:85;WY:70,high,0
549300UXY7OP0IC38293,,,,unmatched,10377,6396,0,KY:1184;MI:572;FL:524;CO:486;MA:288;GA:219;TN:219;IN:218;UT:207;CA:205,high,0
549300R8VPSFM828B312,,,,unmatched,3894,2211,0,NY:1805;CA:177;FL:55;NJ:33;NC:19;PA:15;TX:13;WA:12;TN:11;AZ:9,high,0
549300C232ZWY1I57C16,,,,unmatched,4066,2112,0,CA:2079;AZ:7;OH:5;NV:5;TX:3;OR:2;GA:1;TN:1;MN:1;FL:1,high,0
5493000349C5XXDRQX28,,,,unmatched,5151,2780,0,CA:928;FL:451;TX:246;AZ:169;NY:139;CO:101;PA:80;NJ:73;VA:64;WA:62,high,0
549300GWD9H4FQ2VR805,,,,unmatched,4480,3386,0,CA:552;FL:316;NY:308;TX:200;CO:163;NJ:139;WA:130;MA:124;NC:111;AZ:98,high,0
254900DRSIZBQXDCJ875,,,,unmatched,2409,2409,0,FL:590;CA:463;TX:382;GA:205;NC:175;TN:85;PA:70;VA:61;OH:53;MD:28,high,0
549300AG10BX85DF5S49,,,,unmatched,6424,4978,0,IL:1069;CA:805;OK:712;NJ:554;WA:321;WI:169;TX:155;MA:150;DE:122;IA:90,high,0
549300UR5AOWTJJ7KZ64,,,,unmatched,5432,3529,0,FL:505;CA:468;TX:301;UT:146;AZ:133;GA:129;MA:119;SC:118;WA:111;IL:106,high,0
549300J6N77Q8OHYNF23,,,,unmatched,7828,5501,0,TX:419;CA:416;WA:388;NC:341;IL:291;MD:267;MO:214;NH:193;GA:188;MA:176,high,0
549300ALNLUNS3Y53T24,,,,unmatched,26611,5416,0,CO:1398;GA:491;TX:304;FL:274;OH:189;NC:168;CA:163;PA:147;IN:122;MI:111,high,0
254900WEP08K7U7S3A80,,,,unmatched,8177,6568,0,WI:943;TX:709;OH:658;AZ:564;MO:385;OR:304;IN:252;NV:222;IL:210;MS:209,high,0
549300PC4MFWQBNVKG88,,,,unmatched,9475,7248,0,AZ:2321;CO:1153;TX:1080;NM:272;OK:264;CT:235;NV:227;IN:218;CA:169;PA:165,high,0
5493004UNRG4PWDF2K60,,,,unmatched,3434,1920,0,NJ:1476;NY:106;PA:60;CT:53;FL:49;NC:25;CA:19;VA:16;SC:13;MD:11,high,0
549300B4IYL7TZT8FA34,,,,unmatched,8795,6038,0,ID:1793;WA:655;CA:637;GA:512;NV:349;OR:242;MO:196;UT:193;TX:184;IL:180,high,0
254900RQX8N4HXJIDK44,,,,unmatched,2614,1993,0,CA:1607;AZ:54;NV:47;NC:37;UT:37;TN:29;CO:23;GA:23;PA:19;SC:18,high,0
5493001X0T84TYRJ5Y59,,,,unmatched,3372,2086,0,CA:1029;FL:372;TX:130;GA:83;WA:40;AZ:37;NC:36;MI:31;TN:27;OH:26,high,0
549300REENMLD2RN3W58,,,,unmatched,5575,4097,0,KY:757;GA:741;MS:426;AL:214;SC:204;IN:198;TX:153;FL:142;TN:90;CA:83,high,0
C398JSK21YCXWM603F55,,,,unmatched,11708,7752,0,IL:2719;WI:1224;CA:371;IA:328;FL:252;MN:237;MI:223;NY:179;TX:179;NC:174,high,0
549300PL8ER6H23P0Z91,,,,unmatched,6554,4443,0,WA:476;IL:470;CA:426;MD:368;TX:302;CO:257;VA:190;FL:180;OR:180;KY:166,high,0
5493004F7BXDIUFVPV87,,,,unmatched,2660,1665,0,CA:1531;TX:20;WA:15;CO:13;AZ:12;NC:11;OR:10;MN:6;ID:4;OH:4,high,0
CKVBED0S4DMLKJJ5XH28,,,,unmatched,5127,4497,0,MO:1522;CA:364;FL:265;IL:150;TX:142;NY:138;NC:122;NJ:119;GA:115;CO:104,high,0
5493001XKL0FTNOJ0866,,,,unmatched,8198,5554,0,AZ:794;MO:589;FL:414;TX:386;IN:359;OH:291;GA:260;IL:215;LA:188;NM:163,high,0
54930078TNN7GKZ7NU89,,,,unmatched,3985,3063,0,VA:809;GA:678;MD:395;NC:215;FL:157;SC:110;TN:86;ND:80;AL:75;NY:62,high,0
5493004RLLKTQS8K7U51,,,,unmatched,3878,2099,0,TX:639;FL:282;OK:185;NC:127;IL:104;AZ:96;NY:78;CA:78;NJ:51;MA:42,high,0
254900LTD432L5CHIZ48,,,,unmatched,3885,1963,0,CA:920;FL:228;MN:130;VA:101;TX:100;GA:64;AZ:51;OH:48;NJ:39;MD:33,high,0
54930091JQKCU3Z6IP44,,,,unmatched,25603,2519,0,GA:284;FL:276;OH:189;TX:151;NC:128;NY:123;VA:120;PA:118;TN:101;NJ:100,high,0
549300IKS3MMB5YK6T18,,,,unmatched,2180,1523,0,CA:1195;NY:116;AZ:21;FL:17;NV:16;WA:14;NJ:12;VA:10;OR:10;GA:10,high,0
549300UB5TJ0YPVPT503,,,,unmatched,3894,2690,0,CA:903;MN:314;WA:247;TX:215;OR:190;NV:184;TN:127;CO:109;AZ:99;ID:49,high,0
254900FBWEZ3YUPOBN33,,,,unmatched,3876,2305,0,FL:269;NC:262;VA:149;SC:137;GA:131;TN:130;TX:120;OH:114;PA:108;IN:101,high,0
5493008ZTV4S0W9DCX64,,,,unmatched,4502,1893,0,CA:461;TX:305;FL:229;AZ:106;GA:85;WA:78;NC:54;NV:53;OR:40;TN:39,high,0
254900RM3T6WAVE6SA24,,,,unmatched,2446,1847,0,TX:892;NC:100;AZ:97;LA:86;FL:84;CO:83;OK:74;IL:55;GA:54;CA:36,high,0
254900VE4XTOQUE8NZ77,,,,unmatched,4109,1447,0,NY:330;NJ:271;PA:189;FL:118;TX:105;GA:82;CT:65;NC:46;OH:39;MA:25,high,0
549300C8GOC4OYUV0Z32,,,,unmatched,4824,2639,0,MD:270;OH:262;FL:244;TX:183;PA:140;GA:128;NC:127;MO:105;IN:98;MI:96,high,0
549300ZZME37MXI1EF14,,,,unmatched,9985,7562,0,MO:3201;OH:849;TX:571;MD:440;MI:357;IL:283;AR:269;WA:192;KY:166;ME:116,high,0
5493006JISETNI0GLE61,,,,unmatched,5427,3693,0,TN:786;OH:706;IN:518;KY:489;TX:312;KS:174;IA:150;NE:149;SD:91;CO:63,high,0
549300VVH8HHFMWL8536,,,,unmatched,2187,1457,0,TX:529;CA:513;LA:62;CO:52;MS:51;AL:25;FL:25;UT:24;AZ:17;OR:13,high,0
5493002TJKC8NLH1ZP82,,,,unmatched,2827,1694,0,CA:792;AZ:166;FL:144;UT:99;TX:54;WA:49;GA:43;AL:36;MO:33;VA:31,high,0
549300W45D2J6BT4LX65,,,,unmatched,1745,1727,0,FL:260;CA:195;TX:184;NJ:175;MD:150;VA:124;GA:65;NC:63;AZ:51;SC:46,high,0
ZXMJHJK466PBZTM5F379,,,,unmatched,2077,1712,0,FL:298;TX:142;CA:122;NC:99;NY:75;CO:74;TN:69;GA:58;SC:54;NJ:49,high,0
337KMNHEWWWR6B7Q7W10,,,,unmatched,3253,2416,0,OK:728;CA:535;TX:385;AZ:281;CO:152;NV:72;UT:42;NY:24;NM:18;FL:16,high,0
2549004XJQQPBYQSMT39,,,,unmatched,2114,1190,0,NY:550;NJ:112;FL:108;CA:87;TX:50;CT:31;MA:29;PA:25;GA:20;IL:17,high,0
549300S8SHBRCI7UU819,,,,unmatched,5563,3223,0,IL:917;MN:494;CA:229;FL:150;WI:118;NC:115;OH:89;GA:88;IN:76;TN:75,high,0
54930080168VA6Z8UX21,,,,unmatched,5952,3617,0,MD:1696;VA:681;NJ:223;PA:190;NC:101;FL:91;SC:87;DC:67;DE:61;GA:60,high,0
549300HCNXMTNGIMAR91,,,,unmatched,2158,1493,0,VA:309;NY:244;NJ:232;MA:167;MD:111;NC:67;GA:44;CA:41;DC:35;FL:34,high,0
5493009Y8ROUG903AQ21,,,,unmatched,1340,1010,0,CA:849;WA:21;NV:10;IL:9;TX:9;NY:8;FL:8;OR:8;PA:7;GA:6,high,0
549300G5DVGM0ZHRQC33,,,,unmatched,2652,1784,0,TX:185;FL:151;NC:141;GA:106;AZ:103;VA:102;CA:98;OH:89;SC:68;MI:63,high,0
254900114YHTRFBALC74,,,,unmatched,1315,1286,0,CA:628;WA:106;FL:84;AZ:63;VA:46;NJ:44;OH:36;TX:33;NV:31;NC:31,high,0
549300ZS1TR1B4LHX377,,,,unmatched,1658,1143,0,CA:774;AZ:120;TX:45;NV:40;ID:34;WA:27;TN:20;FL:19;CO:14;NM:9,high,0
549300KX4S1573HISS22,,,,unmatched,2917,1327,0,CA:417;FL:177;AZ:126;TX:73;WA:45;GA:33;PA:32;NV:29;CO:27;NJ:26,high,0
549300RM1IZYGQDSNL85,,,,unmatched,6074,1623,0,FL:206;TX:167;TN:152;CO:123;KY:69;NC:60;OH:60;NY:56;MI:52;ID:52,high,0
549300TMY3OACQC9U777,,,,unmatched,2045,963,0,CA:407;FL:140;TX:112;AZ:47;WA:28;NJ:27;CO:21;GA:19;NV:14;MD:14,high,0
54930091CYUK2SDZ6D37,,,,unmatched,1538,914,0,CA:343;FL:180;TX:106;MI:78;NJ:20;TN:19;NY:15;MD:14;NV:14;NC:14,high,0
9845007CY0EC0F59W414,,,,unmatched,1228,801,0,CA:391;TX:104;GA:81;FL:62;PA:36;OK:24;VA:17;NJ:14;OH:9;MD:8,high,0
2549008TT6UNYR7AXF54,,,,unmatched,5231,3566,0,WA:697;CO:538;TX:487;NM:349;OR:322;AZ:282;ID:262;KS:218;CA:113;MI:91,high,0
549300F6NSBOJBM9ED39,,,,unmatched,2017,1138,0,CA:672;AK:282;AZ:67;WA:39;WY:36;ID:11;NV:10;CO:7;OR:5;NM:3,high,0
549300R4F5COFJE0DN81,,,,unmatched,1652,864,0,CA:531;AZ:75;FL:44;TX:33;NV:32;WA:21;TN:14;IL:12;VA:11;MN:11,high,0
KD3XUN7C6T14HNAYLU02,,,,unmatched,1637,1015,0,CA:220;NY:91;FL:83;TX:82;IL:62;MA:49;CO:33;UT:31;WA:30;NJ:25,high,0
549300BOXNV8VLRBDT24,,,,unmatched,2879,1363,0,CA:220;TX:86;NC:59;AZ:58;FL:51;GA:45;WA:44;TN:44;IL:41;OH:40,high,0
5493006RIR31ORKYB608,,,,unmatched,2057,1534,0,CA:395;IA:166;AL:152;TX:133;LA:90;MS:82;AR:56;MN:47;OH:43;WA:37,high,0
9845005BP6974AE5D838,,,,unmatched,1655,741,0,CA:201;FL:130;TX:78;GA:43;TN:37;PA:32;SC:25;WA:25;NC:20;VA:14,high,0
549300XRXBA38J60S618,,,,unmatched,1095,856,0,CA:561;ID:170;AZ:37;UT:13;NV:13;TN:10;FL:9;TX:8;MN:7;WA:7,high,0
549300ZCR1XCLNEEI724,,,,unmatched,2116,777,0,CA:191;FL:131;TX:73;NY:59;OH:34;NJ:31;PA:23;WA:23;IL:21;AZ:18,high,0
5493001JT9MT3Z3Y3M39,,,,unmatched,1216,801,0,FL:201;TX:95;AZ:72;CA:62;GA:31;WA:29;NC:28;MI:28;NY:23;NV:21,high,0
549300UF3FPC7U6RFC59,,,,unmatched,10804,7285,0,MO:4768;CO:733;OK:544;KS:353;NC:269;AR:104;FL:91;IL:68;IA:46;TX:35,high,0
COINQMNIM6RBU631DD85,,,,unmatched,20365,13363,0,AR:6555;OK:3409;MO:2139;KS:735;TX:71;FL:46;CA:32;IN:27;TN:26;NC:26,high,0
2549005FUF02T1IFCA22,,,,unmatched,1029,652,0,FL:165;CA:134;TX:58;NJ:47;UT:19;PA:18;GA:18;CO:16;NC:16;SC:14,medium,0
2549009X2AG1P20YAJ63,,,,unmatched,2014,658,0,CA:299;NY:38;FL:34;TX:23;NJ:19;AZ:19;WA:18;NV:17;VA:14;NC:13,medium,0
5493007CLWQN2S6IZK91,,,,unmatched,2313,1339,0,VA:128;TX:115;KS:88;MO:71;NC:67;FL:61;AZ:59;GA:55;CA:48;MD:46,medium,0
549300DT7WZ1SOTNFJ62,,,,unmatched,2457,1688,0,MO:648;CA:379;NE:340;KS:171;IL:41;TX:14;IA:12;NV:10;OK:10;CO:8,medium,0
549300LLESTPOVRG3X73,,,,unmatched,2569,1100,0,KS:151;CA:88;WA:78;MO:67;TX:55;FL:49;NC:47;CO:45;NY:40;IL:33,medium,0
254900YA1AQXNM8QVZ06,,,,unmatched,951,767,0,CA:85;TX:59;FL:56;IL:34;NY:34;GA:32;WI:32;WA:31;NC:29;TN:27,medium,0
549300YPBBHUEKV1YC68,,,,unmatched,1114,706,0,TX:159;SC:64;FL:61;VA:51;MO:40;AZ:34;CA:32;GA:30;AK:22;OH:21,medium,0
PINLJ7T7GLTF48NFP863,,,,unmatched,1520,1173,0,MA:293;AL:200;LA:94;DE:84;CO:73;AR:64;RI:42;NY:40;NM:40;ME:36,medium,0
4EP6JBYBTPTQ47LZOB67,,,,unmatched,665,527,0,CA:66;FL:59;MA:51;NY:40;GA:27;NC:22;CO:21;TX:20;SC:18;VA:15,medium,0
254900A1LV2U6NM10498,,,,unmatched,670,468,0,CA:235;OH:53;FL:33;ID:17;NC:14;PA:13;TX:13;GA:11;AZ:9;TN:8,medium,0
549300SY0ZRUCS4CSY07,,,,unmatched,1017,654,0,VA:128;MD:116;NY:86;NJ:63;CA:40;PA:33;DC:30;GA:25;CT:21;FL:21,medium,0
5493009D2COWW65B8673,,,,unmatched,1133,518,0,CA:250;MD:75;FL:37;IL:22;UT:21;VA:17;AZ:15;CO:9;TX:7;AL:6,medium,0
549300PXIFIEPL7D7R86,,,,unmatched,659,447,0,TN:123;NJ:66;TX:40;IL:29;IN:21;FL:19;CO:16;OH:13;GA:13;MS:9,medium,0
549300OSZK2W0WJYS771,,,,unmatched,2063,1248,0,VA:766;MD:112;FL:91;NC:62;SC:32;GA:21;PA:20;WV:19;DC:14;TN:14,medium,0
549300I1HK1BBZLKOB84,,,,unmatched,647,455,0,TX:111;CA:55;LA:39;FL:30;NY:27;NJ:17;WA:17;AZ:13;CO:11;CT:11,medium,0
549300MQEDQYDJR8CP22,,,,unmatched,1017,449,0,FL:41;TX:41;OH:38;GA:36;TN:27;CA:24;NJ:22;NY:22;MO:21;PA:20,medium,0
549300K6K2IS7FRS7S09,,,,unmatched,980,644,0,MO:70;VA:59;FL:46;TX:42;AK:37;CA:31;NC:31;AZ:21;GA:20;MI:20,medium,0
549300JRDGV1559XM376,,,,unmatched,1517,904,0,NE:217;AZ:92;ID:85;TX:59;TN:59;CO:55;IL:53;IA:48;UT:47;CA:45,medium,0
VNOO6EITDJ2YUEBMSZ83,,,,unmatched,4454,2686,0,MO:808;KS:496;CO:407;AZ:328;IL:104;TX:102;NM:97;WI:83;IA:55;CA:52,medium,0
549300DQLGJ1YQRRHH73,,,,unmatched,449,303,0,TX:133;AZ:37;FL:21;CO:15;CA:13;IL:12;GA:10;NV:10;TN:8;MO:5,medium,0
254900EZRN0CBEP77K34,,,,unmatched,1167,563,0,VA:170;MD:86;DC:38;CA:31;FL:18;NC:17;TX:15;IL:15;SC:14;GA:12,medium,0
549300F6Y1YO2YXN6135,,,,unmatched,306,297,0,CA:44;TX:32;FL:24;AZ:19;MA:18;WA:16;GA:15;TN:14;CO:13;IL:12,medium,0
254900HL2VMAYA3J5494,,,,unmatched,311,173,0,FL:136;GA:6;TN:6;CA:5;AL:3;NC:3;SC:3;PA:2;TX:2;MS:1,medium,0
549300SFG15JDKI5MD22,,,,unmatched,3742,2733,0,MS:1973;AL:311;LA:282;FL:109;TN:28;GA:5;TX:5;NC:3;SC:3;IL:2,medium,0
6PTKHDJ8HDUF78PFWH30,,,,unmatched,338,289,0,FL:55;IL:43;CA:35;TX:20;CO:17;WI:14;GA:8;NJ:7;WA:6;UT:6,medium,0
549300C04BJ0G297NC13,,,,unmatched,556,268,0,TX:26;FL:21;CA:18;PA:16;NC:15;IL:15;NY:13;NJ:10;IN:8;CO:8,medium,0
549300D2OYT7VTDY6Z20,,,,unmatched,438,269,0,MD:90;NJ:48;VA:37;FL:14;GA:11;NC:11;CA:8;PA:6;IL:6;DC:4,medium,0
254900MHHOS58M9D0445,,,,unmatched,291,149,0,CA:102;NV:16;WA:5;ID:4;OR:4;TX:3;AZ:2;CO:2;UT:2;FL:2,medium,0
549300NZWZUYUWEOA562,,,,unmatched,1994,1409,0,IN:1212;FL:24;CO:18;NC:16;IL:14;MI:13;GA:10;VA:8;MD:7;TX:7,medium,0
549300T7AIY7RU1YDP31,,,,unmatched,2212,1448,0,CO:489;KS:423;MO:254;WY:84;TX:51;UT:35;ID:25;NM:19;FL:17;AZ:6,medium,0
549300KR4ZW8KJC82O47,,,,unmatched,529,433,0,KS:224;MO:42;TX:27;AK:15;TN:13;FL:11;CO:8;MS:6;VA:6;NC:6,medium,0
254900KI7219LQKCI772,,,,unmatched,1254,974,0,CO:694;WY:105;TX:24;AZ:18;CA:17;MT:10;FL:8;OH:7;ID:7;NC:6,medium,0
549300KW3HYVC06WS898,,,,unmatched,545,402,0,MO:276;FL:26;IL:23;NC:10;SC:8;OR:7;KS:5;CA:4;VA:3;NY:3,medium,0
549300VMVKSQE1B7DD43,,,,unmatched,3241,2224,0,ME:1794;NH:344;MA:46;VT:18;FL:6;NC:4;SC:3;NJ:1;VA:1;CO:1,medium,0
549300KUIZTYQRC0R888,,,,unmatched,376,232,0,MN:97;IA:27;TX:12;SD:10;FL:9;NY:6;AZ:6;GA:5;WI:4;PA:4,medium,0
549300OZ550X4QD5PC74,,,,unmatched,6202,4702,0,WI:2893;MN:1772;FL:8;TX:8;AZ:3;GA:2;OR:1;MI:1;CT:1;SC:1,medium,0
549300CP7747DCRW6U68,,,,unmatched,1655,1334,0,MO:673;IL:616;FL:12;CO:3;TN:3;AZ:2;OH:2;OK:2;IN:2;MI:2,medium,0
549300VIZR4H7AB15496,,,,unmatched,1183,1027,0,MI:999;FL:8;IL:3;SC:3;NC:2;GA:2;TN:1;AZ:1;CA:1;KY:1,medium,0
549300GS6ONO04ORI292,,,,unmatched,917,584,0,ID:356;OR:136;WA:44;MT:12;CA:4;FL:4;AL:2;TX:2;AK:2;CO:2,medium,0
549300P2GEYNMH5OQA71,,,,unmatched,2193,1422,0,WA:972;ID:289;OR:111;AZ:15;CA:9;MI:4;MT:3;MO:2;FL:2;UT:2,medium,0
549300BRLQAIJ1LJA253,,,,unmatched,2222,1837,0,WI:1810;MI:5;FL:5;IL:2;CO:2;MN:2;AZ:2;OH:2;AL:1;WY:1,medium,0
9845006DE3H5E9VA4012,,,,unmatched,145,48,0,FL:18;TX:8;CA:6;GA:2;IN:2;NY:2;TN:2;NJ:1;UT:1;PA:1,low,0
549300XRF9LCZ3RX3Q39,,,,unmatched,3266,108,0,AZ:18;CA:12;TX:9;VA:8;CO:7;IL:6;NY:5;WA:4;FL:4;NV:4,low,0
549300Z6EE8DBBFUW487,,,,unmatched,366,313,0,KS:184;AZ:64;MO:25;IN:7;OH:6;CA:5;WI:5;MS:4;IL:3;CO:1,low,0
