lei,institution_name,nmls_id,our_lender_slug,match_status,total_applications,total_originations,dc_originations,states_with_originations,priority_match,district_of_columbia_originations
549300CF8MP6S7MZV277,,,,unmatched,2135,1726,451,VA:765;MD:462;DC:451;FL:22;DE:12;NC:10;SC:4,medium,451
E57ODZWZ7FF32TWEFA76,,,,unmatched,33959,15812,281,CA:5786;NY:3687;IL:1251;NJ:707;FL:565;TX:506;MD:400;WA:317;VA:311;DC:281,high,281
549300GPO6DWUZR4UY30,,,,unmatched,6727,5283,280,MD:3559;VA:448;NC:347;DC:280;MA:155;SC:127;PA:119;DE:74;FL:59;RI:57,high,280
HIDXEG9BLUJZKBGUT764,,,,unmatched,1630,1166,220,VA:397;MD:366;DC:220;FL:24;CA:20;NC:12;MA:11;PA:10;CO:10;TX:8,medium,220
54930095UWUUXAWASB02,,,,unmatched,7298,5729,148,VA:3458;NC:673;MD:586;SC:369;WV:248;DC:148;FL:56;PA:53;DE:22;GA:13,high,148
54930044OSTKOJMHF287,,,,unmatched,1137,814,145,DE:225;MD:182;DC:145;VA:65;PA:37;NC:31;FL:17;SC:13;NJ:9;NY:9,medium,145
549300IPUHFA5O769M51,,,,unmatched,2126,1689,125,MD:539;CA:437;VA:393;DC:125;TX:87;FL:18;WV:16;TN:10;OR:10;AZ:9,high,125
549300MKOZ81ZWTNKB12,,,,unmatched,4545,3094,110,VA:1374;NC:419;WV:332;MD:318;SC:220;GA:197;DC:110;PA:77;FL:16;OH:14,high,110
N8T7HW55LK5D2ORCKP39,,,,unmatched,24133,15800,96,PA:5819;NC:5046;MD:1678;OH:1491;VA:684;SC:598;FL:187;DC:96;WV:82;DE:50,high,96
549300ZTT08EKQRVTR15,,,,unmatched,7639,5109,96,VA:3237;MD:1172;NC:317;WV:149;DC:96;IN:24;FL:22;SC:20;PA:18;DE:13,high,96
254900YPPMV9UM5FUW09,,,,unmatched,1833,1256,91,NC:334;LA:256;MS:126;VA:100;DC:91;GA:80;MD:74;FL:47;IL:28;TX:15,high,91
549300EM8ID8J7F8OM55,,,,unmatched,9081,7383,86,VA:2637;SC:1380;MD:1160;NC:691;FL:603;GA:452;WV:267;DC:86;PA:46;MA:17,high,86
DZC62HF6UIZYJ08V1J90,,,,unmatched,9754,6400,70,PA:3211;NJ:1233;VA:797;MD:744;DE:289;DC:70;NC:24;WV:19;FL:6;SC:4,high,70
54930080168VA6Z8UX21,,,,unmatched,5952,3617,67,MD:1696;VA:681;NJ:223;PA:190;NC:101;FL:91;SC:87;DC:67;DE:61;GA:60,high,67
549300BM4NS8HDJT3X28,,,,unmatched,3351,2646,61,VA:1359;NC:400;WV:210;SC:180;MD:171;TN:111;DC:61;FL:49;GA:46;PA:13,high,61
549300TTPRGSP8DGY569,,,,unmatched,696,471,55,VA:134;MD:113;DC:55;CA:20;FL:14;NC:11;NJ:10;PA:8;OK:8;WV:8,medium,55
549300AY1W8F91VLTB05,,,,unmatched,6290,2813,44,MD:2466;VA:168;PA:68;DC:44;DE:37;WV:30,medium,44
254900EZRN0CBEP77K34,,,,unmatched,1167,563,38,VA:170;MD:86;DC:38;CA:31;FL:18;NC:17;TX:15;IL:15;SC:14;GA:12,medium,38
2549003Z8R5QM0WPS603,,,,unmatched,118,115,37,VA:37;DC:37;MD:36;FL:2;ME:2;DE:1,low,37
54930039UO39UJGI7078,,,,unmatched,7487,5837,36,VA:2077;NC:1749;MD:1552;SC:88;AL:76;FL:62;PA:60;LA:41;DC:36;DE:22,high,36
549300HCNXMTNGIMAR91,,,,unmatched,2158,1493,35,VA:309;NY:244;NJ:232;MA:167;MD:111;NC:67;GA:44;CA:41;DC:35;FL:34,high,35
549300DNWSJUNAWUM003,,,,unmatched,2522,1388,34,NC:247;VA:226;MD:209;PA:92;SC:63;NY:60;FL:57;IL:56;KY:39;DC:34,high,34
5493001GAASLCSP1PB64,,,,unmatched,850,613,34,NY:315;CA:125;MI:61;DC:34;WA:24;MD:23;OH:10;NJ:7;IL:4;VA:3,medium,34
549300SY0ZRUCS4CSY07,,,,unmatched,1017,654,30,VA:128;MD:116;NY:86;NJ:63;CA:40;PA:33;DC:30;GA:25;CT:21;FL:21,medium,30
549300J8HNLGP2HYNE66,,,,unmatched,118,43,22,DC:22;MD:17;VA:2;NJ:2,low,22
549300TULDV69V2XKY60,,,,unmatched,524,343,21,VA:70;CA:55;MD:52;DC:21;FL:21;AZ:13;NC:12;PA:11;GA:11;NJ:8,medium,21
549300AOB4S7B0DB7863,,,,unmatched,771,425,17,VA:93;MD:71;FL:54;WV:29;NJ:20;GA:20;CA:18;DC:17;TX:16;NC:15,medium,17
549300P1ORVTMT2T7756,,,,unmatched,111,87,16,MD:47;VA:19;DC:16;MI:1;TX:1;IL:1;PA:1;NJ:1,low,16
549300YUWQTVWWH3TM22,,,,unmatched,32,30,16,DC:16;VA:10;MD:3;WV:1,low,16
549300BKWR5OM8PWIN62,,,,unmatched,1109,897,15,MD:496;VA:182;NC:91;FL:48;PA:26;DC:15;DE:14;NJ:9;WV:7;OH:5,medium,15
549300OSZK2W0WJYS771,,,,unmatched,2063,1248,14,VA:766;MD:112;FL:91;NC:62;SC:32;GA:21;PA:20;WV:19;DC:14;TN:14,medium,14
549300KPBZCTMM3Y0061,,,,unmatched,907,661,14,MD:316;VA:96;FL:36;CA:27;NC:24;GA:22;DC:14;TX:12;OH:11;AZ:9,medium,14
2549002YCVJ49XA9UI32,,,,unmatched,45,30,14,DC:14;MD:10;VA:6,low,14
549300DKUE4BMFY15Y36,,,,unmatched,62,57,13,VA:35;DC:13;MD:9,low,13
2549009GDCGUR2T6KU55,,,,unmatched,152,118,12,MA:98;DC:12;MD:4;CA:4,medium,12
5493007KLU19FK8PG279,,,,unmatched,285,169,10,MD:115;VA:15;DC:10;NC:10;WV:6;DE:3;GA:2;PA:2;IL:2;OH:2,low,10
254900SOAE0WU8JM0177,,,,unmatched,89,63,10,VA:45;DC:10;MD:7;FL:1,low,10
254900NZCGMT6517BA94,,,,unmatched,2319,1229,9,VA:1101;MD:73;WV:37;NC:9;DC:9,medium,9
549300A0NYWCTG5X8Y25,,,,unmatched,36,35,9,VA:20;DC:9;MD:5;CO:1,low,9
254900YZ174H294JW398,,,,unmatched,3561,2788,8,TX:869;CA:709;AZ:376;NC:279;NV:177;WA:177;VA:96;CO:62;MD:29;DC:8,high,8
549300ID4RCRD8BXYH30,,,,unmatched,397,309,8,MO:121;CA:95;FL:41;TX:16;AR:10;DC:8;PA:4;AZ:3;NJ:3;GA:2,medium,8
549300QB357BUUUV7A56,,,,unmatched,148,140,8,VA:58;PA:53;MD:10;DC:8;SC:3;FL:3;NC:2;NY:1;TX:1;DE:1,medium,8
549300F2GDWKJH3GMB47,,,,unmatched,1483,686,7,MD:608;VA:42;DC:7;DE:5;WV:5;SC:4;PA:4;NJ:2;NC:2;IN:1,medium,7
5493005H0NK3SWWY4384,,,,unmatched,318,279,7,VA:223;MD:24;NC:9;DC:7;FL:3;WV:2;CO:2;OH:1;NH:1;PA:1,low,7
213800KVD76WKI6PN868,,,,unmatched,3218,2029,6,VA:1645;NC:215;FL:43;SC:39;MD:37;GA:26;PA:10;OH:8;DC:6,medium,6
549300N2GMOJ61XHEL06,,,,unmatched,1351,900,6,IL:279;CO:141;MD:122;FL:99;VA:98;OR:61;TX:54;NC:15;WA:11;DC:6,medium,6
549300ZAZI235VM8Q149,,,,unmatched,497,437,6,VA:308;NC:99;MD:13;DC:6;SC:6;WV:5,medium,6
549300AN5V81GRYDJ823,,,,unmatched,228,99,6,MD:53;VA:10;PA:9;DC:6;NJ:4;DE:3;NC:3;FL:3;MO:2;UT:1,low,6
549300PPKM4YL2GY3713,,,,unmatched,190,109,6,MD:44;VA:30;DC:6;WV:4;FL:3;NC:3;OH:3;NY:2;SC:2;PA:2,low,6
549300YMV5FVP7DXOG44,,,,unmatched,200,117,6,VA:80;MD:26;DC:6;KY:2;FL:1;PA:1;MA:1,low,6
254900FMBXF85WQYV433,,,,unmatched,382,287,5,NY:223;NJ:12;CA:11;CT:5;DC:5;MD:4;MA:4;PA:2;MI:2;WA:2,medium,5
54930009M8OIJWECQX81,,,,unmatched,1876,1287,5,MD:1005;DE:129;VA:95;PA:22;WV:13;DC:5;FL:5;SC:4;NC:4;TX:1,medium,5
549300P5JG6WBCSZ7M53,,,,unmatched,159,68,5,MD:33;VA:17;DC:5;FL:3;GA:2;NC:2;PA:2;SC:1;IL:1;KS:1,low,5
549300D1PL8LHKCBST97,,,,unmatched,1285,1076,4,PA:1040;MD:15;WV:6;FL:5;DC:4;VA:3;OH:1;NC:1;SC:1,high,4
549300D2OYT7VTDY6Z20,,,,unmatched,438,269,4,MD:90;NJ:48;VA:37;FL:14;GA:11;NC:11;CA:8;PA:6;IL:6;DC:4,medium,4
I70W3N0Z6KOX8FYIH023,,,,unmatched,3374,2202,4,OH:1244;KY:465;WV:446;VA:23;MD:7;TN:5;IN:4;DC:4;SC:1;AL:1,medium,4
549300FFPMB9B7FHNR61,,,,unmatched,205,141,4,MD:93;VA:19;NC:7;PA:7;FL:4;DC:4;TX:2;SC:2;NV:1;GA:1,low,4
549300FOXIQQV5UZD367,,,,unmatched,2842,2098,3,VA:1342;NC:467;MD:133;SC:130;FL:15;DC:3;TN:3;GA:2;PA:1;NJ:1,high,3
549300J0CKZA0PR2DX58,,,,unmatched,527,369,3,PA:197;VA:84;MD:50;DE:27;NJ:5;DC:3;SC:2;FL:1,medium,3
5493006R3KP9HJOA7613,,,,unmatched,221,159,3,MD:152;DC:3;GA:2;NC:1;DE:1,low,3
549300NT030LXB2A8T82,,,,unmatched,1191,880,2,FL:742;MD:56;NJ:28;TX:18;GA:11;VA:6;NC:5;PA:4;WV:2;DC:2,high,2
549300LT75BG7Z054795,,,,unmatched,911,722,2,MD:591;PA:63;FL:30;VA:13;DE:12;NC:5;WV:2;SC:2;DC:2;MI:1,medium,2
254900T8N4RLS6G3BF64,,,,unmatched,262,129,2,CA:35;TX:28;WA:12;FL:11;NY:6;AZ:6;NJ:4;SC:4;TN:4;DC:2,medium,2
549300OS8C7J7ZWMNL70,,,,unmatched,755,512,2,VA:238;WV:183;MD:62;KY:13;DE:6;TN:3;NC:2;DC:2;PA:1;OH:1,medium,2
5493002Z2Z7DV758IU60,,,,unmatched,430,284,2,VA:217;MD:32;WV:21;FL:2;DC:2;NJ:1;IN:1;TX:1;OH:1;NC:1,low,2
549300XRGNVNCISU8Q79,,,,unmatched,179,82,2,MD:71;VA:2;DC:2;NC:2;NJ:1;AZ:1;PA:1;FL:1;DE:1,low,2
5493008LTXJSUQBJKO24,,,,unmatched,24,20,2,MD:9;VA:3;DC:2;IL:2;KY:1;MA:1;FL:1;OR:1,low,2
5493001AGQGPJ3N3YL33,,,,unmatched,3789,2315,1,SC:1849;NC:460;FL:3;GA:1;TN:1;DC:1,high,1
549300BRR67NLTQSBT29,,,,unmatched,1248,1096,1,NY:1062;FL:20;SC:4;NC:2;NJ:1;TX:1;CT:1;IL:1;AL:1;DC:1,high,1
549300PJX0ZHPQ614C72,,,,unmatched,1506,1020,1,PA:915;NJ:84;NY:16;FL:3;DE:1;DC:1,high,1
54930060KLIQD8MMSB55,,,,unmatched,1468,1063,1,PA:880;MD:162;DE:9;VA:3;FL:3;NJ:2;NY:1;DC:1;SC:1;OH:1,high,1
549300RIR04Y64SF4306,,,,unmatched,901,774,1,PA:759;FL:5;OH:3;WV:3;MT:1;DC:1;VA:1;NC:1,high,1
549300AT7S7TRS2KSX88,,,,unmatched,419,248,1,FL:207;MD:32;TX:5;VA:3;DC:1,medium,1
5493004VB8XJ1L0EOO76,,,,unmatched,283,235,1,TN:203;MS:22;FL:4;SC:2;AL:1;NV:1;DC:1;GA:1,medium,1
549300RJ5S2V4F8C4H36,,,,unmatched,88,82,1,NY:44;CT:16;FL:14;NJ:3;PA:2;VA:1;DC:1;SC:1,medium,1
5493007L3DI2JM8OHN91,,,,unmatched,382,75,1,MA:58;VA:13;SC:1;FL:1;CT:1;DC:1,medium,1
549300FCPKXI75DX5M03,,,,unmatched,107,80,1,VA:15;NC:14;GA:11;MD:11;PA:10;TX:9;FL:6;SC:3;DC:1,medium,1
P7GC0W65KB5CEIHLDX81,,,,unmatched,4057,2798,1,IN:1994;MI:770;IL:18;FL:8;OH:2;AZ:2;KY:2;TN:1;DC:1,medium,1
549300QBMI3P6JWI9Q86,,,,unmatched,839,559,1,VA:553;NC:4;DC:1;MD:1,medium,1
254900XRQ4U9ABU6F580,,,,unmatched,837,583,1,ID:533;UT:32;OR:11;AZ:1;FL:1;MD:1;DC:1;WY:1;VA:1;CA:1,medium,1
549300S93XI20FLTGK89,,,,unmatched,104,87,1,VA:28;MD:12;NC:12;FL:8;PA:7;GA:7;DE:5;TX:3;SC:2;DC:1,low,1
5493005J49KPXDXUC959,,,,unmatched,50,35,1,TX:34;DC:1,low,1
5493002YYAGPQ7L1YS68,,,,unmatched,135,116,1,MD:77;PA:25;WV:6;FL:4;NC:1;DC:1;VA:1;SC:1,low,1
549300GCUYVW860UOZ07,,,,unmatched,283,195,1,VA:180;TN:6;NC:3;MD:3;SC:1;FL:1;DC:1,low,1
254900APUOKMIQ9Z9027,,,,unmatched,350,143,1,MD:134;PA:5;VA:2;DC:1;DE:1,low,1
25490041Y3ITG7RD6H37,,,,unmatched,26,22,1,VA:14;FL:2;MD:1;ME:1;CA:1;DC:1;TN:1;DE:1,low,1
549300R6P9WVVQOQF705,,,,unmatched,93,80,1,OK:74;TX:2;CO:1;DC:1;MO:1;FL:1,low,1
549300BM1JKSQR7HI756,,,,unmatched,45,34,1,MD:28;PA:3;WV:2;DC:1,low,1
549300LWL6LDRPYWVK06,,,,unmatched,112,88,1,MD:75;DE:7;VA:3;FL:2;DC:1,low,1
549300K3JILC7UMYWR39,,,,unmatched,140,130,1,WI:100;MN:25;MI:1;IL:1;MT:1;FL:1;DC:1,low,1
254900W5FH4XO4DKJB28,,,,unmatched,97,67,1,MD:61;DE:4;DC:1;NC:1,low,1
549300XE6SNRPD2GUD44,,,,unmatched,78,47,1,VA:43;MD:2;DC:1;OH:1,low,1
25490008Z6OW7HHL6478,,,,unmatched,36,21,1,MD:17;VA:3;DC:1,low,1
WVM1F03F86RQLLTEVE84,,,,unmatched,3,3,1,MD:1;DC:1;VA:1,low,1
549300Y6X9E8QVGNA045,,,,unmatched,1,1,1,DC:1,low,1
549300HW662MN1WU8550,,,,unmatched,576697,422119,0,CA:57281;FL:49897;TX:42285;MI:22015;AZ:19328;CO:18178;GA:17047;NC:13671;IL:11397;NY:11157,high,0
549300FGXN1K3HLB1R50,,,,unmatched,609400,429332,0,CA:42202;FL:31530;TX:30579;MI:22693;GA:21182;NC:18462;OH:16656;PA:16043;VA:14489;NY:13729,high,0
549300VZVN841I2ILS84,,,,unmatched,190472,125099,0,FL:11987;OH:11011;CA:9599;PA:8399;TX:7734;NJ:7558;IL:5600;NY:5429;AZ:4945;WA:4877,high,0
B4TYDEB6GKMZO031MB27,,,,unmatched,217492,88530,0,CA:17758;FL:7938;TX:6141;NJ:5136;NC:4880;NY:3897;MA:3551;GA:3440;WA:3420;IL:2889,high,0
RVDPPPGHCGZ40J4VQ731,,,,unmatched,193807,100816,0,CA:10749;FL:9704;TX:6849;GA:5272;PA:4488;VA:4338;NC:3751;AZ:3232;NJ:3144;OH:2964,high,0
7H6GLXDRUGQFU57RNE97,,,,unmatched,152415,94243,0,CA:14032;TX:9775;NY:9163;IL:8778;FL:6131;OH:4171;NJ:3325;MI:2995;AZ:2864;IN:2857,high,0
549300AG64NHILB7ZP05,,,,unmatched,155159,91730,0,CA:9983;TX:8535;FL:7460;NJ:4334;IL:4241;GA:4168;AZ:4138;NC:3969;OH:3505;SC:2670,high,0
DRMSV1Q0EKMEXLAU1P80,,,,unmatched,119620,68902,0,NY:11000;PA:10441;MA:10235;NJ:7208;OH:4732;RI:3762;MI:3697;NH:3194;CT:3030;FL:2297,high,0
5493003GQDUH26DNNH17,,,,unmatched,179597,80547,0,VA:9684;FL:8416;CA:6361;NC:5249;MD:5163;GA:5118;TX:4267;SC:2487;WA:2289;PA:2141,high,0
549300GKFNPRWNS0GF29,,,,unmatched,102677,70098,0,TX:10655;WA:5796;CA:4698;FL:4388;TN:3925;PA:2626;NH:2466;MA:2329;VA:2325;NJ:2257,high,0
549300DD5QQUHO6PCH70,,,,unmatched,178189,82764,0,TX:6918;FL:5506;NC:4769;VA:4500;GA:4139;OH:3302;TN:3178;IL:2965;MO:2901;PA:2643,high,0
549300U3721PJGQZYY68,,,,unmatched,129086,70579,0,IL:10217;CA:6248;NJ:4826;MA:4507;TX:3318;FL:3204;PA:3119;OH:2795;NC:2491;CO:2143,high,0
549300FNXYY540N23N64,,,,unmatched,187594,66567,0,CA:5772;FL:5643;TX:4793;NY:3123;NC:2787;WA:2702;GA:2480;OH:2258;VA:2175;PA:2124,high,0
549300LYRWPSYPK6S325,,,,unmatched,165453,69982,0,TX:5759;FL:5374;NC:4463;GA:3946;CA:3918;VA:3646;IN:2580;OH:2477;TN:2436;SC:2168,high,0
549300DD4R4SYK5RAQ92,,,,unmatched,81084,57781,0,NC:8138;WA:5559;VA:4339;FL:4122;PA:3902;SC:2978;GA:2388;TX:2367;TN:2207;CA:1690,high,0
AD6GFRVSDT01YPT1CS68,,,,unmatched,116536,61280,0,PA:11263;OH:6725;NJ:5755;IL:3711;FL:3475;MD:2948;TX:2930;MI:2885;IN:2802;CA:2688,high,0
549300AQ3T62GXDU7D76,,,,unmatched,121724,86111,0,TX:6877;WA:5691;MO:5462;CO:4338;OR:4218;CA:4118;UT:3981;NV:3882;GA:3788;AZ:3467,high,0
549300E2UX99HKDBR481,,,,unmatched,140816,57460,0,TX:5508;CA:5105;GA:4063;FL:3881;IL:3581;MO:2619;PA:2148;MN:1842;WA:1680;NC:1619,high,0
6BYL5QZYBDK8S7L73M02,,,,unmatched,151786,74632,0,CA:16135;IL:4571;MN:4538;OH:3965;MO:3622;WA:3524;WI:2785;KY:2645;OR:2465;FL:2279,high,0
549300MGPZBLQDIL7538,,,,unmatched,103697,74450,0,TX:7468;AZ:4724;IL:4215;IN:3665;GA:3631;FL:3153;NC:2993;WI:2947;CA:2867;OH:2685,high,0
JJKC32MCHWDI71265Z06,,,,unmatched,83470,41001,0,NC:7920;VA:6374;FL:6117;GA:4837;MD:3245;SC:2178;PA:2152;TN:2014;TX:1260;KY:1026,high,0
KB1H1DSPRFMYMCUFXT09,,,,unmatched,76304,41562,0,CA:9616;NY:2733;FL:2670;TX:2647;NC:2302;NJ:1716;PA:1628;WA:1514;GA:1509;MN:1496,high,0
549300LBCBNR1OT00651,,,,unmatched,79599,52217,0,CA:4657;TX:3609;FL:3546;GA:2560;IL:1982;NC:1949;OH:1768;VA:1764;PA:1746;AZ:1744,high,0
254900DTLHVWQ7NP7R34,,,,unmatched,58895,40038,0,CA:8432;FL:4627;TX:3502;AZ:2579;UT:1917;IL:1746;CO:1646;MI:1407;WA:1253;GA:1055,high,0
03D0JEWFDFUS0SEEKG89,,,,unmatched,46634,23499,0,NJ:6695;NY:4324;FL:2722;MA:1975;PA:1803;SC:1143;CT:1002;NH:997;ME:699;NC:555,high,0
549300PIL8LFAQ04XC20,,,,unmatched,108788,32174,0,CA:6742;FL:2675;AZ:1610;TX:1571;GA:1319;NJ:1279;NC:1116;WA:1086;VA:1024;CO:963,high,0
549300MZ8VZJOVC63092,,,,unmatched,45691,29401,0,CA:6409;TX:3781;FL:2662;UT:2249;GA:1421;OR:864;PA:782;WA:727;AZ:672;TN:597,high,0
EQTWLK1G7ODGC2MGLV11,,,,unmatched,68709,30269,0,FL:5826;AL:5523;TN:5322;GA:2869;MS:1886;LA:1282;TX:1252;MO:1188;IL:1168;AR:1129,high,0
254900UL88QFG0E40516,,,,unmatched,72355,33415,0,CA:5234;FL:2872;GA:1717;OH:1553;IL:1432;AZ:1416;NC:1212;NJ:1197;VA:1180;MI:1090,high,0
5493006VAGP3GQ8FJT49,,,,unmatched,45169,25528,0,CA:3237;FL:2385;OH:1967;PA:1829;NC:1435;GA:1388;TX:1379;NJ:1139;MI:1128;MO:909,high,0
254900ZFWS2106HWPH46,,,,unmatched,34318,23410,0,CA:3975;FL:3741;TX:3136;NJ:1490;AZ:1127;GA:977;CO:741;WA:701;OH:688;OR:635,high,0
549300RPOGWJRH63HS39,,,,unmatched,51423,37767,0,OH:5380;MI:4118;TX:3238;FL:2495;IN:2257;NC:2127;PA:1934;IL:1655;TN:1404;KY:1069,high,0
WWB2V0FCW3A0EE3ZJN75,,,,unmatched,40592,23443,0,NY:7073;MD:3115;PA:3099;CT:2398;MA:1690;NJ:1501;VA:901;DE:767;VT:352;FL:342,high,0
549300121SF0K2LN2804,,,,unmatched,33320,24706,0,TX:6358;SC:1561;MO:1496;NY:1278;CA:1208;OH:1134;FL:931;PA:746;WA:716;AZ:610,high,0
L9VVX1KT5TFTKS0MLF66,,,,unmatched,21831,14381,0,NC:6984;SC:3577;CA:1383;VA:664;GA:442;FL:266;MA:197;TN:106;AZ:95;TX:92,high,0
549300J7I82PNDVU8H22,,,,unmatched,29739,16337,0,CA:7327;FL:1580;TX:1270;MD:564;IL:454;AZ:439;GA:412;NV:368;MA:335;VA:312,high,0
5493001WHVQBGRSWEU75,,,,unmatched,25005,17312,0,CA:3155;FL:2433;NY:1590;TX:1135;NJ:989;GA:669;AZ:590;VA:485;NC:461;CO:424,high,0
549300XWUSRVVOHPRY47,,,,unmatched,28287,16190,0,FL:2938;TX:2750;GA:2402;CA:1342;MN:915;NY:748;MI:631;KY:499;CO:448;TN:425,high,0
549300YIQ7S7Z8PIHE53,,,,unmatched,94427,24298,0,FL:1667;CA:1635;NC:1353;GA:1343;TX:1068;PA:997;OH:991;VA:957;NJ:888;IL:882,high,0
IUGPUX5LWRZ3B6KIZ697,,,,unmatched,18359,13184,0,GA:5627;SC:1857;FL:1846;VA:724;NC:634;CA:484;MD:455;TN:394;AL:363;IL:140,high,0
2549005SIVTHG14U2905,,,,unmatched,24436,14692,0,FL:5245;CA:1446;TX:1050;NY:948;IL:550;GA:471;AZ:471;NJ:453;PA:339;SC:296,high,0
549300KIOYNU323LVJ37,,,,unmatched,34217,24774,0,CA:3554;IL:2402;TX:1947;WA:1911;FL:1750;AZ:1562;GA:1405;OR:860;TN:854;OH:854,high,0
549300OPCWU6E72WUT29,,,,unmatched,41778,24192,0,CA:1845;FL:1510;NC:1387;OH:1270;IL:1245;TX:1178;GA:1042;AZ:855;VA:839;TN:821,high,0
5493008CPTDVOS570626,,,,unmatched,39368,21298,0,OH:7970;FL:3765;CA:2301;GA:772;NJ:746;NC:672;IL:535;VA:526;WA:395;PA:392,high,0
549300O6Z0I6KYMESL47,,,,unmatched,19692,12091,0,CA:4633;FL:1634;TX:1476;GA:546;UT:295;NJ:281;AZ:251;VA:241;PA:236;IL:224,high,0
54930001NSTOD85LT125,,,,unmatched,24645,15934,0,CA:1539;FL:1458;PA:1342;NJ:1110;IL:970;TX:965;MA:816;MO:782;MN:709;OH:676,high,0
8I3UVGYULPJQIP7FQV10,,,,unmatched,15329,9966,0,SC:2816;FL:2616;GA:1856;NC:928;AL:918;TX:449;CO:184;VA:129;TN:30;MO:4,high,0
QFROUN1UWUYU0DVIWD51,,,,unmatched,75426,39534,0,OH:12389;MI:6106;IN:4817;IL:4111;FL:3553;KY:3150;NC:2216;TN:971;SC:863;GA:691,high,0
984500U2F9A83N391A91,,,,unmatched,18971,11067,0,FL:2262;CA:1367;TX:1262;NY:950;NJ:917;GA:409;AZ:367;PA:308;CT:294;NC:293,high,0
5493005PKOSG7MYX0B34,,,,unmatched,28926,20869,0,PA:2325;VA:2141;MN:1746;NC:1281;MD:1233;NJ:1060;GA:1024;CT:862;WI:782;AZ:775,high,0
549300JYXTZDSPJEPI44,,,,unmatched,23886,14594,0,TX:1897;FL:1239;NY:1222;CA:1056;PA:866;MN:713;MI:555;NC:515;IN:489;IL:475,high,0
549300RN01LBYR8ZVX74,,,,unmatched,29643,17905,0,TX:1752;FL:1721;OH:1641;SC:1492;IL:1191;CO:1189;NC:1047;GA:846;VA:635;MD:581,high,0
549300RWXUAFD1WAE410,,,,unmatched,16717,13070,0,NC:6049;VA:4244;SC:955;GA:731;KY:389;FL:221;MD:169;AL:134;TN:63;IN:52,high,0
549300KBWX4NV5Q1E376,,,,unmatched,23048,16403,0,VA:2711;MD:1912;NC:1829;OH:1817;SC:1514;PA:1502;FL:1211;DE:1001;TN:817;NJ:655,high,0
54930054ET8KM4O1D485,,,,unmatched,55546,16189,0,CA:1778;FL:1042;NC:865;TX:858;NJ:752;IL:709;GA:704;PA:668;OH:585;VA:529,high,0
549300NOCASXPA34X033,,,,unmatched,69562,16372,0,FL:1488;TX:1422;CA:1244;GA:829;AZ:635;NC:610;VA:600;CO:583;WA:518;TN:495,high,0
549300370QILXLFUWD20,,,,unmatched,20147,14357,0,TX:1648;FL:1590;CA:1176;GA:1124;NC:1090;CO:635;AZ:603;MI:599;OH:481;VA:436,high,0
549300XY701IELCE5Q08,,,,unmatched,45682,14567,0,CA:1786;TX:1143;FL:1004;GA:685;NC:664;NJ:658;CO:512;OK:493;WA:480;IL:476,high,0
5493008NWHQT1R22C024,,,,unmatched,22722,13125,0,FL:1724;CA:1554;VA:897;TX:880;NY:827;AZ:698;MI:616;GA:565;SC:484;IN:429,high,0
549300MCIFZSDHUT8X63,,,,unmatched,24275,18920,0,OH:3308;MD:2255;FL:2000;VA:1310;NC:1137;TX:1055;NJ:1051;AZ:897;WA:843;CO:659,high,0
54930021WPEXNHYZUL09,,,,unmatched,18947,14467,0,TX:1597;FL:1206;GA:1125;CA:1003;PA:597;LA:585;VA:490;NC:417;OH:417;ID:411,high,0
549300R9S3MVDV4MGF56,,,,unmatched,52143,15089,0,FL:1296;CA:1022;GA:873;TX:848;IN:732;NC:680;OH:675;NY:576;MI:570;TN:533,high,0
549300GS0W0TEUQS8571,,,,unmatched,14182,10740,0,CA:1957;FL:990;NY:947;TX:573;NJ:548;MA:449;CO:427;IL:381;WA:350;GA:322,high,0
549300VORTI31GZTJL53,,,,unmatched,18123,12305,0,TX:2136;FL:1187;IN:791;TN:697;WI:497;NC:467;GA:453;MN:448;PA:446;NY:375,high,0
5493004AS1SPBQOFDR49,,,,unmatched,14858,8804,0,CA:2752;FL:1313;TX:1230;NJ:438;CO:244;AZ:210;NC:195;MI:195;VA:193;TN:172,high,0
549300K4ZLGS7SRDTL86,,,,unmatched,28384,12086,0,FL:1337;CA:1126;TX:988;GA:737;LA:646;AZ:508;NC:500;TN:491;OH:431;PA:425,high,0
549300KTR1JGH3K6LU06,,,,unmatched,17668,7240,0,NY:4085;CA:552;FL:358;NJ:336;GA:195;NC:136;CT:119;PA:113;IL:112;WA:111,high,0
549300FX7K8PTEQUU487,,,,unmatched,26508,11278,0,VA:1455;CA:1113;TX:1055;FL:972;MD:652;GA:541;NC:517;NJ:449;PA:338;AZ:290,high,0
549300F8C5JA44WNMI75,,,,unmatched,18919,12172,0,VA:2520;NJ:1899;FL:856;NY:768;CT:755;MA:739;OH:544;IN:489;PA:397;RI:334,high,0
549300RA3E0BUFO7YZ21,,,,unmatched,14901,7540,0,FL:1457;CA:1424;TX:795;NY:714;NJ:302;GA:259;NC:179;PA:177;AZ:172;TN:151,high,0
COOWI3L2W9TPYR3WJX37,,,,unmatched,13363,8447,0,TN:2513;LA:1305;FL:1045;TX:905;NC:690;AR:628;GA:426;AL:320;MS:167;MO:110,high,0
5493002B2WMHY23GFK92,,,,unmatched,15900,11444,0,FL:1201;TX:938;NC:727;AZ:557;MO:535;TN:529;SC:473;OH:451;CA:440;GA:433,high,0
549300S5YL3OH0IVCS62,,,,unmatched,12584,8696,0,CA:2527;FL:786;TX:524;AZ:401;NY:368;WA:337;CO:303;NJ:280;NC:254;GA:195,high,0
549300VCMRO4ST680C11,,,,unmatched,32888,10858,0,TX:1052;FL:935;CA:770;GA:706;NC:705;VA:580;MO:413;SC:382;OH:351;TN:349,high,0
549300FK3AFCFVAPH234,,,,unmatched,7697,6274,0,MA:4926;NH:248;CT:177;RI:124;FL:114;ME:60;CA:58;TX:53;NC:51;NJ:37,high,0
254900RUCO27MVGTO768,,,,unmatched,20166,9270,0,NY:1687;NJ:1215;IL:1106;OH:564;PA:540;FL:432;CT:324;GA:317;TX:281;IN:258,high,0
254900HA4DQWAE0W3342,,,,unmatched,15379,9160,0,TX:1692;GA:705;FL:619;CA:540;PA:524;IL:452;IN:431;OH:396;AL:335;TN:311,high,0
C5654JQHZUHN0772B561,,,,unmatched,26635,11693,0,TX:1101;FL:825;NC:681;GA:562;VA:488;TN:407;OH:397;PA:348;MO:340;SC:332,high,0
549300Y5Y88FQLI7VE83,,,,unmatched,14122,8066,0,FL:1549;CA:1010;TX:738;NC:355;GA:352;NJ:274;OH:265;PA:231;VA:205;IL:205,high,0
549300KHXD7JSQUZIJ22,,,,unmatched,9519,7038,0,TX:3092;NC:1185;AR:673;TN:487;WA:339;ID:193;FL:138;CO:126;MI:123;IN:91,high,0
549300R0SXC1JU7ZU290,,,,unmatched,13447,10308,0,TN:2461;OH:1167;MI:696;FL:575;GA:520;VA:503;AL:495;PA:402;KY:386;IN:376,high,0
X05BVSK68TQ7YTOSNR22,,,,unmatched,68974,9711,0,CA:813;FL:771;TX:649;IL:493;NY:467;GA:466;NJ:451;OH:397;PA:392;VA:317,high,0
549300T3F9S1MKFKHC53,,,,unmatched,6908,5674,0,NY:4005;PA:479;CT:407;MA:154;NC:95;FL:72;WI:49;TN:42;SC:40;MI:39,high,0
549300OBO7DOF2KOP535,,,,unmatched,14403,7185,0,TN:4089;AL:1712;GA:598;MS:248;KY:189;TX:159;FL:75;NC:15;SC:14;LA:11,high,0
549300R77W0P105C3S50,,,,unmatched,14377,7980,0,CA:1332;FL:1325;TX:930;AZ:254;GA:254;OH:210;PA:201;NC:197;TN:196;AL:188,high,0
254900E6AIE4Z8YQM970,,,,unmatched,11513,6978,0,CA:1470;FL:1222;TX:651;NY:357;NJ:278;AZ:267;GA:252;HI:244;SC:197;NC:181,high,0
549300SK2GVCQXPD4S58,,,,unmatched,16278,8918,0,CA:1697;TX:1058;FL:658;AZ:538;GA:358;IL:304;PR:289;OH:247;NC:246;VA:245,high,0
549300CDOC4F7XSRG390,,,,unmatched,8293,5548,0,TN:2808;NC:1222;SC:417;VA:248;AL:224;GA:200;FL:107;MD:82;KY:51;MS:51,high,0
549300KSOOZZVXCMA627,,,,unmatched,10229,6232,0,FL:1936;CA:979;TX:491;GA:268;SC:250;NC:246;VA:201;NJ:153;PA:147;AZ:137,high,0
549300YN94MOAVYW0F52,,,,unmatched,21298,9778,0,CA:1030;FL:819;TX:667;IN:664;AZ:631;OH:614;GA:475;NC:468;VA:353;TN:352,high,0
549300KJ8PAJ7E52HG32,,,,unmatched,20196,12504,0,FL:1839;SD:1570;AZ:1203;TX:1036;UT:934;CO:484;GA:407;MN:377;NE:357;CA:304,high,0
549300GTVXJ2PGXNLM73,,,,unmatched,12024,9307,0,TX:1195;FL:869;NC:762;OH:610;SC:592;KY:592;CT:447;VA:334;IL:302;AR:278,high,0
3Y4U8VZURTYWI1W2K376,,,,unmatched,35659,16529,0,IL:3906;CA:3818;WI:2970;IN:1029;AZ:962;CO:755;MN:487;MO:324;NE:297;FL:285,high,0
SS1TRMSN6BRNMOREEV51,,,,unmatched,19117,9656,0,MI:2677;TX:943;CA:934;FL:737;IN:410;NY:367;GA:351;AZ:303;OH:300;NJ:204,high,0
254900TTZ395IC926125,,,,unmatched,10564,7434,0,CA:2290;TX:605;OR:449;KS:368;FL:341;AZ:307;MA:268;CO:267;TN:243;MD:215,high,0
549300T94GSH3C4U5M59,,,,unmatched,14981,8359,0,CA:1937;IL:777;FL:679;WA:593;AZ:482;CO:385;OR:353;GA:331;NJ:280;VA:212,high,0
254900O2K17TNH5CL873,,,,unmatched,8594,6766,0,TX:900;OH:776;NJ:692;FL:624;PA:592;IL:565;MA:433;MD:311;NC:248;MI:202,high,0
54930034MNPILHP25H80,,,,unmatched,11008,7952,0,TX:2178;OK:1547;SC:653;KS:533;AR:350;NJ:337;WV:337;MO:254;FL:223;NM:216,high,0
549300EKFFG3BU8DNX74,,,,unmatched,10644,5793,0,CA:1752;FL:672;TX:565;AZ:358;WA:190;GA:182;NJ:179;IL:168;PA:142;CO:119,high,0
2549001SI0EMFPT39035,,,,unmatched,10748,7401,0,FL:1568;WA:861;CA:706;OH:605;NJ:358;TX:357;GA:340;AZ:316;MI:262;AL:162,high,0
549300INFJ8TYNZ1G568,,,,unmatched,6522,6065,0,CA:1748;FL:485;TX:359;CO:314;WA:265;AZ:233;IL:200;NY:192;NJ:178;NC:172,high,0
549300EMNDEK4BA8WB53,,,,unmatched,8399,6547,0,NH:806;FL:742;PA:717;NJ:658;VT:644;MA:523;GA:375;VA:364;NC:314;MD:228,high,0
PAOOWF3GUFM46FBSP561,,,,unmatched,20501,7655,0,CA:800;TX:669;FL:485;VA:355;GA:309;AL:289;AZ:265;NC:262;TN:247;CO:244,high,0
549300NWBS6MQJX15N44,,,,unmatched,7805,5717,0,CA:1262;TX:1171;GA:488;AZ:284;FL:275;WA:270;IL:229;PA:169;CO:168;MN:127,high,0
549300BX448ALT10FI43,,,,unmatched,20909,8296,0,IL:809;NY:620;NJ:552;VA:437;NC:413;OH:408;FL:397;PA:379;GA:356;CA:265,high,0
549300DMYENRV818D594,,,,unmatched,8506,6441,0,TX:1607;GA:638;TN:631;CO:511;MN:476;VA:456;MD:424;AR:355;FL:329;PA:299,high,0
549300CY7WNAHKHYSJ73,,,,unmatched,9635,7642,0,TX:2279;WA:1370;NC:910;CO:589;OK:429;ID:319;CA:261;AK:250;NM:227;MT:218,high,0
549300T9P3WXNMXX0I34,,,,unmatched,11998,8425,0,WI:1245;PA:1110;OH:1044;NC:765;FL:693;IL:563;IN:394;TN:333;VA:290;TX:224,high,0
549300CLRXFVF83ZL806,,,,unmatched,5839,3929,0,NY:2070;NJ:486;FL:463;PA:182;NC:102;MD:98;CT:83;OH:63;TX:57;GA:56,high,0
HUX2X73FUCYHUVH1BK78,,,,unmatched,15640,8717,0,NY:2485;OH:2071;WA:869;PA:597;IN:489;OR:470;CT:299;CO:227;ME:223;ID:180,high,0
549300SUCQ1358EGVE89,,,,unmatched,45543,8395,0,FL:805;NC:548;GA:542;OH:452;AL:393;VA:372;PA:367;SC:330;TN:325;MI:311,high,0
549300DE8TS4EYTPX729,,,,unmatched,5588,4153,0,NJ:1545;PA:992;FL:445;IL:355;TX:171;MA:141;ME:133;LA:87;MD:64;VA:39,high,0
549300MSU5WVAU4ZN645,,,,unmatched,7196,4961,0,PA:3102;OH:1229;VA:228;MD:75;SC:71;GA:59;NC:50;MN:25;FL:18;TN:13,high,0
549300R7HGHP2I754087,,,,unmatched,9404,7331,0,IL:1045;TX:784;FL:695;GA:640;AL:618;MI:430;SC:350;LA:296;NC:279;CO:224,high,0
5493003V40VGM7YDFM54,,,,unmatched,13160,8831,0,UT:2983;WI:802;CA:772;NJ:570;FL:427;ID:415;PA:374;TX:278;GA:253;TN:189,high,0
549300TA4MQM8WN2XG31,,,,unmatched,9454,5106,0,FL:504;PA:494;NJ:395;CA:388;TX:381;NY:356;IL:278;OH:277;MI:227;GA:185,high,0
549300Y4BSP3BSFW7J29,,,,unmatched,6114,3188,0,GA:2867;FL:74;SC:28;AL:28;TX:27;UT:23;NC:22;KY:21;TN:20;CA:19,high,0
549300Q50XCC0473FG63,,,,unmatched,10408,5048,0,CA:1243;NY:460;FL:389;NJ:308;AZ:246;WA:207;VA:171;NC:137;TN:136;IL:123,high,0
549300323EON4W3CCM44,,,,unmatched,8059,5418,0,CA:1108;FL:702;IL:626;TX:527;CO:377;MN:244;AZ:204;WA:202;UT:167;SC:161,high,0
549300RFLICNI75BG067,,,,unmatched,12136,8416,0,MN:1356;NJ:1069;FL:686;CO:543;IN:517;KY:435;DE:277;WA:265;TX:244;SC:240,high,0
549300MHH03ICJYEPE85,,,,unmatched,8187,5120,0,CA:1040;FL:396;TX:315;NY:235;AZ:220;UT:193;MA:191;TN:179;CO:166;NC:147,high,0
593C3GZG957YOJPS2Z63,,,,unmatched,5359,3375,0,CA:2576;WA:175;NY:146;TN:73;NJ:35;FL:32;NV:27;CO:25;AZ:24;TX:23,high,0
54930052M48FOD3CWA54,,,,unmatched,13770,9570,0,MD:1466;NM:1071;RI:690;FL:582;NC:479;TX:475;CO:384;CA:363;UT:355;TN:283,high,0
2WHM8VNJH63UN14OL754,,,,unmatched,90347,51203,0,OH:24819;MI:10932;IL:4352;IN:2547;PA:1812;MN:1707;WV:1148;KY:903;CO:675;WI:664,high,0
549300RYBJHWWDENV610,,,,unmatched,7839,6192,0,VA:2663;NC:1682;SC:399;WV:255;MD:238;GA:219;PA:168;FL:158;OH:144;TX:123,high,0
213800XR2TCBQJSF1X93,,,,unmatched,11823,6849,0,MO:523;TX:518;KS:430;FL:383;NC:354;WA:335;CA:313;GA:257;VA:252;IL:206,high,0
5493000EUC3MM52PJV85,,,,unmatched,4889,3122,0,CA:2354;FL:223;TX:92;AZ:81;NV:64;NJ:46;WA:28;GA:25;CO:20;VA:17,high,0
549300LROQOOQU77WS20,,,,unmatched,12661,5807,0,CA:537;TX:435;NC:318;WA:301;GA:291;FL:263;NJ:234;VA:233;CO:195;IL:189,high,0
254900QNIR86GUIRYH95,,,,unmatched,6105,3059,0,CA:1861;TX:290;FL:284;NC:89;GA:80;AZ:48;VA:46;CO:42;NJ:36;NV:34,high,0
549300ZPSJZO10ZAX556,,,,unmatched,9325,4494,0,FL:621;TX:462;CA:274;NY:256;OH:253;NC:214;GA:174;PA:172;SC:160;NJ:156,high,0
549300QKL5FUBZ8LSF50,,,,unmatched,8223,5926,0,OR:1427;CA:840;PA:570;WA:435;MA:314;FL:268;NJ:191;IL:190;TX:184;OH:183,high,0
5493005PD34O8ZT7QT17,,,,unmatched,10284,7256,0,OH:1513;PA:757;IL:469;MI:431;MO:365;NJ:321;TX:319;AL:292;GA:244;NY:241,high,0
549300DCGBXW5FJMV921,,,,unmatched,3255,3255,0,CA:2145;CO:168;TX:163;GA:124;WA:96;FL:94;IL:75;VA:60;MD:57;NJ:49,high,0
549300JPGMCMBEJEK584,,,,unmatched,8289,3877,0,MA:1769;NH:651;GA:184;NJ:153;CA:148;FL:94;TX:89;VA:64;IL:52;PA:51,high,0
5493008VVXQIDO1EZ460,,,,unmatched,8405,5759,0,CA:951;OR:805;TX:471;TN:425;GA:378;ID:300;WA:299;MO:295;IL:264;NV:241,high,0
2549002VH9C0PKB8K153,,,,unmatched,5687,3056,0,CA:933;NY:575;FL:388;NJ:317;TX:139;CT:89;PA:69;MA:49;GA:47;IL:45,high,0
Q708HHR4LD2B7XIZNO92,,,,unmatched,7944,4687,0,FL:899;GA:410;SC:336;NC:251;TX:177;WI:176;IL:163;MO:154;VA:147;MN:131,high,0
549300YW2UBCMDRMBT48,,,,unmatched,4966,3953,0,NY:644;OH:587;NC:562;PA:364;TN:272;VA:190;GA:180;FL:177;SC:160;IN:99,high,0
54930059GZZ7G4G40O53,,,,unmatched,3918,2858,0,TN:1004;NC:922;TX:376;VA:132;SC:117;FL:69;MN:42;AL:36;GA:21;MI:13,high,0
1IE8VN30JCEQV1H4R804,,,,unmatched,4645,3065,0,CA:1526;NY:538;WA:358;NJ:144;FL:134;TX:60;CT:37;MA:25;NC:24;IL:22,high,0
5493002N5168AC238149,,,,unmatched,3613,2638,0,NJ:2071;PA:289;FL:42;VA:35;MD:26;TX:26;NY:25;NC:17;CT:13;SC:12,high,0
5493002Y5XYV7DV1ZV88,,,,unmatched,11225,6891,0,FL:1346;MI:1280;TX:409;IN:364;NV:325;NC:308;CO:278;WY:244;WA:213;OH:203,high,0
984500F6E6940CCB6A60,,,,unmatched,4550,2966,0,NY:532;TX:458;CA:403;NJ:403;FL:227;IL:112;GA:76;TN:75;PA:70;MO:58,high,0
549300PL267CW8182203,,,,unmatched,11290,4203,0,TX:477;FL:416;GA:412;CA:409;VA:330;AZ:273;CO:169;NC:157;TN:157;WA:110,high,0
549300A5HHOL2ED18C72,,,,unmatched,6706,3194,0,CA:1372;FL:389;TX:211;LA:85;WI:71;MD:62;OH:61;NC:58;MI:55;IL:55,high,0
549300BBKMRS6J0CB539,,,,unmatched,4005,2955,0,TX:2153;IL:171;VA:119;IN:117;FL:102;OK:88;MO:56;NV:25;AZ:14;AL:13,high,0
254900CTT87ZKAUTIJ37,,,,unmatched,7767,4886,0,PA:577;OH:524;TX:373;FL:354;MD:352;CA:261;MI:219;GA:217;MO:208;OK:194,high,0
549300HRLROF7PLJ6735,,,,unmatched,4575,2742,0,CA:898;FL:661;TX:286;GA:157;WA:61;TN:59;AZ:57;UT:47;MD:46;NV:44,high,0
549300BLL6VL7AXWYP56,,,,unmatched,9652,6052,0,TN:627;TX:609;NE:513;MI:454;WA:351;ID:234;OR:219;OH:218;MD:194;CA:189,high,0
549300NFPC3Y4W3Y7R87,,,,unmatched,7552,4267,0,VA:747;TX:623;SC:342;NC:297;CA:292;GA:272;IN:240;NM:234;FL:225;MT:168,high,0
54930048P8RWCQHQM310,,,,unmatched,5439,3131,0,CA:504;NY:503;FL:380;TX:240;NJ:231;AZ:117;MA:110;CT:108;MD:89;CO:86,high,0
549300G4ESSS6M0MEG51,,,,unmatched,9605,5971,0,IL:1723;CA:1252;WA:895;CO:383;TX:299;NC:292;MD:261;FL:109;IN:85;WY:70,high,0
549300UXY7OP0IC38293,,,,unmatched,10377,6396,0,KY:1184;MI:572;FL:524;CO:486;MA:288;GA:219;TN:219;IN:218;UT:207;CA:205,high,0
549300VJQJVZKJBDWS17,,,,unmatched,9038,6553,0,CT:3299;MA:1361;NH:320;ME:313;FL:201;NY:185;RI:148;MD:119;PA:117;NJ:112,high,0
213800QUAI2VH5YM6310,,,,unmatched,5973,4493,0,MD:856;FL:627;NJ:599;VA:582;NY:269;MA:257;AL:256;DE:215;PA:149;NH:133,high,0
5493000349C5XXDRQX28,,,,unmatched,5151,2780,0,CA:928;FL:451;TX:246;AZ:169;NY:139;CO:101;PA:80;NJ:73;VA:64;WA:62,high,0
549300GWD9H4FQ2VR805,,,,unmatched,4480,3386,0,CA:552;FL:316;NY:308;TX:200;CO:163;NJ:139;WA:130;MA:124;NC:111;AZ:98,high,0
254900DRSIZBQXDCJ875,,,,unmatched,2409,2409,0,FL:590;CA:463;TX:382;GA:205;NC:175;TN:85;PA:70;VA:61;OH:53;MD:28,high,0
2549004Z576VEJBK3N72,,,,unmatched,4063,2542,0,FL:640;CA:361;NY:343;NJ:236;TX:128;GA:98;AZ:69;PA:63;IL:63;MA:60,high,0
5493003NV9L53LK1XI52,,,,unmatched,3773,2244,0,CA:1753;FL:82;TX:73;NV:38;AZ:34;NJ:27;VA:27;CO:23;GA:21;IL:20,high,0
549300AG10BX85DF5S49,,,,unmatched,6424,4978,0,IL:1069;CA:805;OK:712;NJ:554;WA:321;WI:169;TX:155;MA:150;DE:122;IA:90,high,0
254900HEJ9F73IMPX887,,,,unmatched,8973,3486,0,TX:453;FL:364;CA:232;NC:211;GA:210;NJ:181;VA:137;PA:135;WA:130;OH:121,high,0
549300PQLK8E48ILXV41,,,,unmatched,7850,4388,0,CA:533;FL:421;MI:227;TX:213;LA:192;AZ:190;MO:161;GA:156;NC:154;IL:149,high,0
549300UR5AOWTJJ7KZ64,,,,unmatched,5432,3529,0,FL:505;CA:468;TX:301;UT:146;AZ:133;GA:129;MA:119;SC:118;WA:111;IL:106,high,0
549300J6N77Q8OHYNF23,,,,unmatched,7828,5501,0,TX:419;CA:416;WA:388;NC:341;IL:291;MD:267;MO:214;NH:193;GA:188;MA:176,high,0
5493005ICQ3QGEIWV618,,,,unmatched,3357,2224,0,NY:956;NJ:297;PA:296;FL:157;TX:101;OH:52;CT:50;GA:42;SC:42;MI:24,high,0
549300VMX06UV1F7NS76,,,,unmatched,5690,4240,0,MI:955;FL:429;PA:390;GA:343;TX:255;TN:237;KY:231;OK:184;NC:159;WV:155,high,0
549300ALNLUNS3Y53T24,,,,unmatched,26611,5416,0,CO:1398;GA:491;TX:304;FL:274;OH:189;NC:168;CA:163;PA:147;IN:122;MI:111,high,0
5493002GI63WHHUTUD85,,,,unmatched,4325,3598,0,PA:1018;DE:564;CO:463;MA:193;NH:188;MD:177;NJ:166;NC:153;FL:150;VA:95,high,0
98450087981AP406JG03,,,,unmatched,3264,2642,0,CA:1294;WA:138;HI:134;FL:97;UT:96;TX:94;NY:70;GA:70;CO:64;TN:57,high,0
5493004UNRG4PWDF2K60,,,,unmatched,3434,1920,0,NJ:1476;NY:106;PA:60;CT:53;FL:49;NC:25;CA:19;VA:16;SC:13;MD:11,high,0
5493001X0T84TYRJ5Y59,,,,unmatched,3372,2086,0,CA:1029;FL:372;TX:130;GA:83;WA:40;AZ:37;NC:36;MI:31;TN:27;OH:26,high,0
254900IEGKUDRDS23V26,,,,unmatched,3353,2352,0,CA:1161;NV:182;TX:181;FL:126;GA:80;VA:70;MD:62;WA:60;AZ:52;HI:44,high,0
549300REENMLD2RN3W58,,,,unmatched,5575,4097,0,KY:757;GA:741;MS:426;AL:214;SC:204;IN:198;TX:153;FL:142;TN:90;CA:83,high,0
549300TQWW6MLVH6KY61,,,,unmatched,2742,1706,0,NC:1562;GA:46;SC:33;VA:19;FL:13;PA:11;NJ:10;IL:2;CA:2;MD:2,high,0
549300GCEUZLVML1J263,,,,unmatched,2393,1885,0,MA:908;PA:474;MD:101;NC:74;NH:71;GA:66;FL:48;RI:42;TX:26;ME:23,high,0
C398JSK21YCXWM603F55,,,,unmatched,11708,7752,0,IL:2719;WI:1224;CA:371;IA:328;FL:252;MN:237;MI:223;NY:179;TX:179;NC:174,high,0
549300PL8ER6H23P0Z91,,,,unmatched,6554,4443,0,WA:476;IL:470;CA:426;MD:368;TX:302;CO:257;VA:190;FL:180;OR:180;KY:166,high,0
549300GRGZDEH4ZGQS06,,,,unmatched,9623,7079,0,NM:2064;FL:832;OK:493;TX:430;VA:402;WI:395;AZ:386;ID:349;MO:235;MD:195,high,0
549300RYWXR8TL5LIK35,,,,unmatched,4057,2151,0,PA:518;NJ:483;NV:151;CA:116;NY:109;FL:87;OH:75;NC:66;MA:66;CO:50,high,0
CKVBED0S4DMLKJJ5XH28,,,,unmatched,5127,4497,0,MO:1522;CA:364;FL:265;IL:150;TX:142;NY:138;NC:122;NJ:119;GA:115;CO:104,high,0
5493001XKL0FTNOJ0866,,,,unmatched,8198,5554,0,AZ:794;MO:589;FL:414;TX:386;IN:359;OH:291;GA:260;IL:215;LA:188;NM:163,high,0
54930072OCHTUJOZQB56,,,,unmatched,7424,5784,0,IN:1919;KY:1771;TN:641;GA:214;FL:211;CO:151;NC:94;SC:94;MS:90;IL:86,high,0
54930078TNN7GKZ7NU89,,,,unmatched,3985,3063,0,VA:809;GA:678;MD:395;NC:215;FL:157;SC:110;TN:86;ND:80;AL:75;NY:62,high,0
549300RD5IG88VPO6P22,,,,unmatched,4492,2872,0,TX:379;IL:307;NY:250;CA:187;MN:183;NJ:151;MI:136;OH:121;WA:119;VA:111,high,0
549300G2LV8W3C1G3762,,,,unmatched,4176,2917,0,OH:1027;PA:723;NC:439;MD:183;CT:125;SC:103;FL:98;MA:75;MI:61;VA:43,high,0
WV0OVGBTLUP1XIUJE722,,,,unmatched,5566,3106,0,CT:1541;MA:616;NY:564;NJ:215;RI:105;PA:21;FL:14;NH:11;ME:9;CA:3,high,0
5493004RLLKTQS8K7U51,,,,unmatched,3878,2099,0,TX:639;FL:282;OK:185;NC:127;IL:104;AZ:96;NY:78;CA:78;NJ:51;MA:42,high,0
254900LTD432L5CHIZ48,,,,unmatched,3885,1963,0,CA:920;FL:228;MN:130;VA:101;TX:100;GA:64;AZ:51;OH:48;NJ:39;MD:33,high,0
549300T5QSL6MC8M4D04,,,,unmatched,3181,1954,0,NY:927;CT:403;NJ:182;FL:112;MA:68;IL:37;PA:22;CA:19;SC:19;TX:18,high,0
54930091JQKCU3Z6IP44,,,,unmatched,25603,2519,0,GA:284;FL:276;OH:189;TX:151;NC:128;NY:123;VA:120;PA:118;TN:101;NJ:100,high,0
254900WTZC5SSKIN2M11,,,,unmatched,4245,2709,0,NC:235;IL:187;TX:181;GA:169;MD:143;FL:142;CA:124;CT:119;SC:111;MA:107,high,0
549300IFOE4SCP384147,,,,unmatched,2997,2426,0,FL:1083;MI:505;IN:245;CA:67;NC:57;GA:47;TN:44;SC:43;AL:27;AZ:25,high,0
549300LI3FDGO7UKFF39,,,,unmatched,2628,1602,0,NY:808;NJ:146;SC:102;FL:97;PA:93;OH:83;CT:53;MD:28;GA:24;VA:22,high,0
254900FBWEZ3YUPOBN33,,,,unmatched,3876,2305,0,FL:269;NC:262;VA:149;SC:137;GA:131;TN:130;TX:120;OH:114;PA:108;IN:101,high,0
549300PFJ7GCGDLB2E65,,,,unmatched,2560,1736,0,GA:836;TX:302;IN:185;FL:95;LA:76;NV:58;MD:43;SC:23;MO:23;VA:21,high,0
549300Q02LGIN9AXKP98,,,,unmatched,6401,4168,0,OR:1545;WA:857;CA:824;CO:174;AZ:110;TX:97;ID:92;FL:66;GA:63;NC:48,high,0
FU7RSW4CQQY98A2O7J66,,,,unmatched,11003,5995,0,OK:2384;TX:1139;CO:853;NM:772;AZ:237;KS:200;MO:147;AR:125;FL:16;OH:13,high,0
549300RYTR2RVL4SFJ90,,,,unmatched,3013,1893,0,TX:242;FL:241;NC:142;NJ:131;GA:121;MO:113;HI:95;PA:72;CA:65;OH:62,high,0
549300AT7EB9FJAF0E61,,,,unmatched,16759,10956,0,IN:2746;IL:2207;MN:1877;MI:1211;TN:999;WI:824;KY:489;ND:135;FL:59;IA:55,high,0
254900NZOY3XB2DNSZ34,,,,unmatched,2542,1799,0,CA:437;NJ:170;FL:130;MA:120;NY:99;WA:95;IL:89;CT:63;GA:61;PA:51,high,0
549300C8GOC4OYUV0Z32,,,,unmatched,4824,2639,0,MD:270;OH:262;FL:244;TX:183;PA:140;GA:128;NC:127;MO:105;IN:98;MI:96,high,0
549300ZZME37MXI1EF14,,,,unmatched,9985,7562,0,MO:3201;OH:849;TX:571;MD:440;MI:357;IL:283;AR:269;WA:192;KY:166;ME:116,high,0
549300XCVBRR56D08F03,,,,unmatched,12867,2293,0,CA:454;FL:152;NV:108;NJ:102;GA:94;AZ:91;NC:85;OH:82;WA:74;CO:70,high,0
549300VVH8HHFMWL8536,,,,unmatched,2187,1457,0,TX:529;CA:513;LA:62;CO:52;MS:51;AL:25;FL:25;UT:24;AZ:17;OR:13,high,0
549300XQ7B5FIVUNFE29,,,,unmatched,3603,2428,0,FL:652;MI:441;OH:213;TN:202;IN:187;NC:112;ID:109;NM:104;UT:84;TX:54,high,0
5493002TJKC8NLH1ZP82,,,,unmatched,2827,1694,0,CA:792;AZ:166;FL:144;UT:99;TX:54;WA:49;GA:43;AL:36;MO:33;VA:31,high,0
549300YX5RPSSMR88K92,,,,unmatched,2299,1981,0,CA:834;CO:280;AZ:232;WA:132;OR:108;FL:71;TX:50;MO:35;VA:28;MI:27,high,0
549300PRAPL43XPYR044,,,,unmatched,2026,1364,0,CA:758;TX:212;VA:184;MD:89;GA:59;FL:15;CO:11;NV:11;NC:6;WA:5,high,0
549300EFCZM6KD6B8K69,,,,unmatched,2260,1578,0,NJ:593;PA:165;TX:120;VA:82;MI:62;MD:62;ID:32;TN:32;NC:30;OK:30,high,0
549300W45D2J6BT4LX65,,,,unmatched,1745,1727,0,FL:260;CA:195;TX:184;NJ:175;MD:150;VA:124;GA:65;NC:63;AZ:51;SC:46,high,0
ZXMJHJK466PBZTM5F379,,,,unmatched,2077,1712,0,FL:298;TX:142;CA:122;NC:99;NY:75;CO:74;TN:69;GA:58;SC:54;NJ:49,high,0
549300YMIOLU51FSTO86,,,,unmatched,2052,1588,0,PA:346;NJ:322;DE:136;NY:108;TX:98;OH:89;MI:69;WV:66;FL:64;GA:45,high,0
549300QCYEU2QLIWN517,,,,unmatched,1425,1051,0,TX:765;FL:147;SC:53;NC:37;VA:9;GA:6;WA:4;LA:4;PA:4;MD:4,high,0
549300GE8KIGZVQV1223,,,,unmatched,1969,1593,0,MA:431;FL:363;MD:162;CT:157;RI:137;SC:113;NH:93;PA:61;NC:23;DE:14,high,0
549300P55E0GN57DEV03,,,,unmatched,1751,1089,0,CA:569;TX:154;FL:150;GA:95;MD:51;VA:29;AZ:13;IL:9;NC:4;TN:3,high,0
635400IW1QMK3FNFF894,,,,unmatched,3346,2560,0,MD:838;PA:652;DE:640;NJ:226;VA:47;FL:31;NC:22;SC:11;IN:11;GA:10,high,0
254900WT4HAMDFWH3048,,,,unmatched,3715,1440,0,TX:190;FL:188;CA:164;NC:118;GA:93;PA:66;NJ:65;OH:58;TN:47;NV:41,high,0
549300H12E7AUMUHP294,,,,unmatched,1980,1256,0,NJ:374;PA:297;MD:111;FL:88;IL:79;NC:59;VA:35;NY:25;DE:24;TX:21,high,0
5493009Y8ROUG903AQ21,,,,unmatched,1340,1010,0,CA:849;WA:21;NV:10;IL:9;TX:9;NY:8;FL:8;OR:8;PA:7;GA:6,high,0
254900114YHTRFBALC74,,,,unmatched,1315,1286,0,CA:628;WA:106;FL:84;AZ:63;VA:46;NJ:44;OH:36;TX:33;NV:31;NC:31,high,0
5493008P6YO2KM3EO556,,,,unmatched,5493,4084,0,MI:2600;NY:372;CA:172;VA:153;MD:117;FL:81;CT:70;MA:55;KY:54;IN:52,high,0
549300XED7IBK9VVQH70,,,,unmatched,3799,2898,0,DE:1176;TX:273;KY:273;PA:136;NY:114;CO:105;IN:99;VI:84;MD:83;CA:75,high,0
549300ISCZS1R0CJMO47,,,,unmatched,2117,1726,0,TX:255;NC:107;FL:104;GA:77;TN:70;MI:69;PA:67;SC:66;MO:58;IL:55,high,0
549300KX4S1573HISS22,,,,unmatched,2917,1327,0,CA:417;FL:177;AZ:126;TX:73;WA:45;GA:33;PA:32;NV:29;CO:27;NJ:26,high,0
549300RM1IZYGQDSNL85,,,,unmatched,6074,1623,0,FL:206;TX:167;TN:152;CO:123;KY:69;NC:60;OH:60;NY:56;MI:52;ID:52,high,0
254900BMXWPEHXG4LF21,,,,unmatched,1644,1116,0,CA:361;FL:302;TX:72;WA:62;AZ:48;CO:39;MI:27;PA:25;OR:22;UT:21,high,0
5493005R34FLBMCPWB41,,,,unmatched,2586,1730,0,VA:708;PA:305;SC:187;NC:141;DE:135;FL:91;MD:67;NJ:47;WV:42;TN:3,high,0
QGPGHQ1ENZOOLJRFTH41,,,,unmatched,9405,6248,0,OH:3020;WV:956;PA:657;KY:645;MD:400;IN:241;MI:120;VA:105;FL:30;TN:22,high,0
549300LZUXCJFE5ONM48,,,,unmatched,1795,1369,0,CA:317;TX:110;FL:98;WA:72;AZ:68;UT:60;SC:53;GA:53;CO:50;OR:46,high,0
54930091CYUK2SDZ6D37,,,,unmatched,1538,914,0,CA:343;FL:180;TX:106;MI:78;NJ:20;TN:19;NY:15;MD:14;NV:14;NC:14,high,0
549300IJO7NO6VDZPD35,,,,unmatched,3250,2460,0,OK:667;TX:660;MI:649;MD:231;CO:39;IL:38;AZ:26;FL:25;VA:19;PA:19,high,0
5493000IIYWBLONJVJ30,,,,unmatched,2370,1430,0,CA:173;TX:112;FL:91;NC:78;WA:59;MI:55;GA:50;IL:48;MN:48;PA:46,high,0
25490018IFQOT83Q7H49,,,,unmatched,2239,1623,0,OR:329;OH:275;PA:174;SC:161;CA:98;FL:90;MN:84;TX:56;WI:43;NC:34,high,0
549300I0ICF6REKHOC74,,,,unmatched,3583,2753,0,MD:1148;AZ:360;IN:294;SC:234;PA:137;FL:129;TX:80;DE:63;AL:54;NC:48,high,0
5493004T9SQFCNRQ2L76,,,,unmatched,3132,2358,0,MO:680;IL:638;SC:255;TN:142;FL:106;MS:89;NC:83;NE:73;VA:71;KS:56,high,0
KD3XUN7C6T14HNAYLU02,,,,unmatched,1637,1015,0,CA:220;NY:91;FL:83;TX:82;IL:62;MA:49;CO:33;UT:31;WA:30;NJ:25,high,0
549300BOXNV8VLRBDT24,,,,unmatched,2879,1363,0,CA:220;TX:86;NC:59;AZ:58;FL:51;GA:45;WA:44;TN:44;IL:41;OH:40,high,0
5493003BXKRGHQHRJV38,,,,unmatched,1170,684,0,FL:375;GA:200;MD:24;VA:16;NC:14;MA:11;AZ:5;TX:5;TN:4;AL:4,high,0
5493006RIR31ORKYB608,,,,unmatched,2057,1534,0,CA:395;IA:166;AL:152;TX:133;LA:90;MS:82;AR:56;MN:47;OH:43;WA:37,high,0
254900DSZI6CJXJL6Z14,,,,unmatched,1590,921,0,TX:168;FL:93;GA:66;NC:60;OH:60;IL:48;PA:46;NY:32;TN:29;MI:27,high,0
254900J2RKTTDJSUWD76,,,,unmatched,861,654,0,TX:250;FL:128;CA:88;GA:38;OH:30;IN:19;NJ:18;TN:16;AZ:14;UT:9,high,0
254900I68BOSEM149Q58,,,,unmatched,1048,720,0,TX:354;NC:85;CA:49;UT:39;AZ:29;VA:26;FL:21;IN:14;MD:11;MO:11,high,0
549300TK6RZQSFXZHV09,,,,unmatched,2683,1473,0,MI:532;FL:157;PA:110;CA:108;NC:75;OH:68;AZ:54;IN:38;MD:34;TX:32,high,0
254900U1OBL1MC6M6518,,,,unmatched,734,605,0,PA:364;NJ:82;TX:19;FL:19;NC:10;OH:10;CT:10;VA:7;MI:7;IN:7,high,0
549300UF3FPC7U6RFC59,,,,unmatched,10804,7285,0,MO:4768;CO:733;OK:544;KS:353;NC:269;AR:104;FL:91;IL:68;IA:46;TX:35,high,0
2549005Q4HZ55QX7YC64,,,,unmatched,909,696,0,CA:249;TX:151;MD:37;AZ:33;VA:26;WA:23;FL:21;NV:19;NC:18;MA:14,medium,0
2549005FUF02T1IFCA22,,,,unmatched,1029,652,0,FL:165;CA:134;TX:58;NJ:47;UT:19;PA:18;GA:18;CO:16;NC:16;SC:14,medium,0
2549009X2AG1P20YAJ63,,,,unmatched,2014,658,0,CA:299;NY:38;FL:34;TX:23;NJ:19;AZ:19;WA:18;NV:17;VA:14;NC:13,medium,0
549300VGMMXKSX821O69,,,,unmatched,951,539,0,NY:339;FL:72;MD:28;NJ:24;IL:14;PA:12;CT:9;SC:7;NC:7;TX:6,medium,0
549300GQDT484LGI9C04,,,,unmatched,6972,609,0,CA:130;FL:89;TX:80;VA:58;NJ:52;AZ:45;NC:40;WA:31;MD:11;OH:10,medium,0
254900O28OG3UMHXQY81,,,,unmatched,1454,705,0,TX:92;VA:86;FL:77;CA:66;NC:56;MD:43;WA:39;PA:34;SC:28;AZ:27,medium,0
549300PEWJWBNEOSS013,,,,unmatched,1864,1297,0,OH:324;FL:163;MD:138;OR:96;NJ:71;NC:62;IN:45;VA:42;KY:40;DE:39,medium,0
549300LLESTPOVRG3X73,,,,unmatched,2569,1100,0,KS:151;CA:88;WA:78;MO:67;TX:55;FL:49;NC:47;CO:45;NY:40;IL:33,medium,0
254900P7WLDQD9IUL038,,,,unmatched,3882,2074,0,NH:1321;MA:184;ME:126;FL:43;GA:41;VT:36;NC:32;CA:29;VA:25;WA:24,medium,0
549300QIUZLVR1OLDH55,,,,unmatched,5610,3566,0,MI:2770;MN:136;CA:132;FL:99;PA:39;IL:38;GA:35;NC:34;NJ:30;OH:29,medium,0
549300WHVRE44NRBU558,,,,unmatched,1549,980,0,MD:277;VA:204;FL:148;NC:97;TX:86;CA:30;AZ:20;WA:18;TN:16;IN:13,medium,0
549300R22XCNNGVXRO22,,,,unmatched,515,414,0,PA:211;NY:117;NJ:50;FL:13;MD:7;CT:4;OH:3;VA:3;DE:2;MI:1,medium,0
254900YA1AQXNM8QVZ06,,,,unmatched,951,767,0,CA:85;TX:59;FL:56;IL:34;NY:34;GA:32;WI:32;WA:31;NC:29;TN:27,medium,0
984500F03B9034CQB904,,,,unmatched,4756,618,0,TX:79;FL:69;NC:60;CA:45;GA:38;OH:36;PA:35;VA:34;TN:29;IN:24,medium,0
549300WH9FMXOC63ZV77,,,,unmatched,478,419,0,CA:169;NY:98;FL:66;NJ:27;MD:11;TX:8;WA:8;CO:7;OR:6;VA:5,medium,0
PINLJ7T7GLTF48NFP863,,,,unmatched,1520,1173,0,MA:293;AL:200;LA:94;DE:84;CO:73;AR:64;RI:42;NY:40;NM:40;ME:36,medium,0
4EP6JBYBTPTQ47LZOB67,,,,unmatched,665,527,0,CA:66;FL:59;MA:51;NY:40;GA:27;NC:22;CO:21;TX:20;SC:18;VA:15,medium,0
254900A1LV2U6NM10498,,,,unmatched,670,468,0,CA:235;OH:53;FL:33;ID:17;NC:14;PA:13;TX:13;GA:11;AZ:9;TN:8,medium,0
5493009D2COWW65B8673,,,,unmatched,1133,518,0,CA:250;MD:75;FL:37;IL:22;UT:21;VA:17;AZ:15;CO:9;TX:7;AL:6,medium,0
549300T61O0X0RJMQ375,,,,unmatched,1117,647,0,CA:55;KS:50;MO:49;TX:47;WA:43;FL:41;NJ:39;NC:32;VA:28;IL:23,medium,0
549300I1HK1BBZLKOB84,,,,unmatched,647,455,0,TX:111;CA:55;LA:39;FL:30;NY:27;NJ:17;WA:17;AZ:13;CO:11;CT:11,medium,0
549300MQEDQYDJR8CP22,,,,unmatched,1017,449,0,FL:41;TX:41;OH:38;GA:36;TN:27;CA:24;NJ:22;NY:22;MO:21;PA:20,medium,0
549300IRXW9RSZM2B951,,,,unmatched,667,477,0,TN:173;AR:141;MA:29;MS:27;NY:22;MO:13;OK:11;TX:10;DE:9;CT:8,medium,0
549300KPHGEE40YQXO21,,,,unmatched,873,472,0,CA:148;TX:52;AZ:28;MI:21;MO:21;WA:15;NM:13;OK:12;CO:12;NV:11,medium,0
549300K6K2IS7FRS7S09,,,,unmatched,980,644,0,MO:70;VA:59;FL:46;TX:42;AK:37;CA:31;NC:31;AZ:21;GA:20;MI:20,medium,0
549300BWFA5UY7H4WJ62,,,,unmatched,2298,1845,0,VA:1514;NC:198;WV:52;MD:34;SC:19;FL:10;MS:6;GA:4;PA:3;TN:2,medium,0
549300AENO88GEUWCZ39,,,,unmatched,1280,846,0,MN:142;IN:65;CO:58;FL:56;CA:52;OK:39;KY:36;TX:34;DE:27;WI:26,medium,0
549300JGMQJ4R419LR70,,,,unmatched,516,402,0,TX:45;CA:44;OH:29;IL:28;FL:19;PA:18;WA:15;NY:15;AL:14;MI:13,medium,0
549300LLQD0X2OTG0Y27,,,,unmatched,1196,581,0,RI:205;MA:77;NH:31;DE:20;LA:17;OH:16;NC:16;TX:15;SC:15;FL:14,medium,0
WKN6AF1FCL7BBYGTGI83,,,,unmatched,1283,714,0,IN:316;FL:34;CA:31;GA:24;NC:22;TN:20;MO:20;IL:17;MI:16;AZ:16,medium,0
254900SUZ313OILKVD67,,,,unmatched,364,302,0,MD:118;FL:64;SC:58;MA:9;CA:8;VA:7;NC:6;NJ:6;OH:5;PA:4,medium,0
2549009BJ1OZ4H7KTG46,,,,unmatched,363,179,0,NC:67;TX:27;FL:15;OH:8;GA:7;SC:7;HI:6;NY:5;CO:5;TN:4,medium,0
549300YDBNK66R6ZES34,,,,unmatched,2287,1508,0,MO:1183;IL:91;FL:43;OH:33;TX:23;GA:18;CA:17;CO:14;NY:12;VA:12,medium,0
549300UTE20103B0T339,,,,unmatched,245,148,0,CA:80;FL:19;TX:9;CO:7;NC:7;WA:6;AZ:5;PA:5;HI:5;OR:2,medium,0
549300NWKILSNQAIG053,,,,unmatched,2133,1205,0,VA:606;UT:469;NC:45;TX:38;FL:7;GA:7;AZ:5;TN:3;OH:3;WV:2,medium,0
549300B2JJHSM77T5Y41,,,,unmatched,1393,882,0,OH:746;GA:50;FL:16;TX:10;SC:9;TN:6;CA:4;MI:4;NV:4;WI:3,medium,0
549300SQKZC6HESYGO25,,,,unmatched,736,258,0,CA:27;VA:24;FL:15;IL:15;NJ:12;NC:11;AZ:10;PA:9;NY:9;OH:8,medium,0
54930022CQGV47Q8PM03,,,,unmatched,602,233,0,TX:22;FL:18;CA:18;WA:16;GA:15;WI:13;MI:12;IL:12;OH:10;KY:9,medium,0
549300O5WDIJU8S7OI05,,,,unmatched,2212,1775,0,OK:1406;MO:137;KS:81;TX:48;FL:10;AZ:10;AR:9;GA:9;WA:5;SC:5,medium,0
549300ELLMUEKP1JHB70,,,,unmatched,264,225,0,VA:72;MD:42;TX:27;CA:16;NJ:16;NV:10;GA:9;FL:9;IL:7;WA:3,medium,0
549300RFPLMCMJL7BS81,,,,unmatched,268,246,0,OH:48;KY:18;NC:17;GA:15;MN:14;CA:14;MI:14;IN:12;TX:10;AL:8,medium,0
254900KI7219LQKCI772,,,,unmatched,1254,974,0,CO:694;WY:105;TX:24;AZ:18;CA:17;MT:10;FL:8;OH:7;ID:7;NC:6,medium,0
549300JQALY53TH22D13,,,,unmatched,199,178,0,MN:23;TX:21;WA:13;CA:13;IL:12;OR:10;FL:8;NM:8;TN:7;CO:7,medium,0
549300KW3HYVC06WS898,,,,unmatched,545,402,0,MO:276;FL:26;IL:23;NC:10;SC:8;OR:7;KS:5;CA:4;VA:3;NY:3,medium,0
B2S31CFVSWTN3FR00Q90,,,,unmatched,94,93,0,NJ:13;FL:12;CA:9;MI:6;IL:5;TX:5;NY:4;CO:4;GA:3;WA:3,medium,0
549300LP0CV2MNC1GV68,,,,unmatched,532,390,0,KS:134;MO:88;CO:39;AZ:24;GA:20;TX:10;WA:6;VA:6;TN:6;NM:5,medium,0
38CFVD4YYFWD1FV7IM34,,,,unmatched,3208,2762,0,WI:2279;MI:393;MN:29;FL:19;AZ:9;IL:7;SC:5;TN:4;NC:3;VA:2,medium,0
549300HGDJQ37M5BE268,,,,unmatched,1169,958,0,IL:910;FL:19;MO:9;MN:3;AZ:2;GA:2;TX:2;MI:2;SC:1;TN:1,medium,0
549300RBJCM5B02O5U05,,,,unmatched,2585,2079,0,IA:1743;NE:222;MN:29;SD:24;AZ:11;FL:10;CO:5;MO:5;IL:4;KS:4,medium,0
549300R0DP2GXAIMGB41,,,,unmatched,2171,1529,0,CO:1334;AZ:98;NM:34;NE:15;WY:9;TX:8;KS:5;MO:3;MN:2;MI:2,medium,0
5493003KBJMVUE7RQO90,,,,unmatched,1118,691,0,VA:672;NC:5;AL:3;TX:2;MA:2;OK:1;GA:1;RI:1;WV:1;FL:1,medium,0
549300X6ESK4SUBRYL85,,,,unmatched,481,357,0,IL:278;FL:19;TX:12;MI:9;WI:5;GA:4;CO:4;CA:3;MN:3;AZ:3,low,0
549300Q4JBLTKDC7J303,,,,unmatched,183,74,0,TX:27;CA:7;NM:7;NY:5;PA:3;OH:3;MO:2;TN:2;NV:2;LA:2,low,0
549300EKCKDF80ZM4V51,,,,unmatched,115,115,0,TX:25;MN:17;CA:8;IA:7;AZ:6;ND:5;NE:5;MT:5;IL:4;SC:3,low,0
5493007TLZJ73TKCO730,,,,unmatched,120,91,0,IN:25;NY:13;OH:6;TX:5;CA:5;IL:4;NC:4;FL:4;SC:3;MI:3,low,0
549300337GB2P1WP7003,,,,unmatched,68,58,0,FL:14;GA:7;TX:6;NC:4;MD:4;SC:3;MO:3;NV:2;KY:2;VA:2,low,0
549300FKEPZ2QELUY416,,,,unmatched,155,46,0,FL:10;TX:7;NC:4;CA:4;CO:4;OH:3;NM:2;VA:2;SC:1;PA:1,low,0
549300L8ZRL1FNUUOA59,,,,unmatched,109,46,0,TX:13;CO:5;NY:4;FL:3;IL:3;NJ:3;GA:2;KY:2;AZ:1;CA:1,low,0
254900UD8AEXTVCVAF72,,,,unmatched,306,202,0,MO:29;MD:28;OH:21;IN:18;IL:16;VA:14;KY:14;IA:10;AL:9;TN:8,low,0
549300XA6P3X1GTJEY80,,,,unmatched,109,105,0,MD:74;VA:8;PA:8;TX:2;FL:2;CT:1;IA:1;CA:1;DE:1;TN:1,low,0
549300WIE2SKOKI8PF63,,,,unmatched,506,294,0,IL:246;WI:21;FL:6;IN:3;SC:3;TN:2;MI:2;KY:1;IA:1;TX:1,low,0
