lei,institution_name_hmda,nmls_id,our_lender_slug,legal_name,match_confidence,match_method,maine_originations,florida_originations,total_originations,priority_match,notes
549300JEBULFT3BSU682,Bangor Savings Bank,449200,bangor-savings-bank,Bangor Savings Bank,high,ne_curated+ne_curated_gleif+public_nmls,3199,0,3199,high,ne_curated map for ME activity (3199 ME originations); slug=bangor-savings-bank.
549300HW662MN1WU8550,"United Wholesale Mortgage, LLC",3038,united-wholesale-mortgage,"United Wholesale Mortgage, LLC",high,reuse_prior_state_curated_lei+curated_lei_public_nmls,2077,49897,2077,high,reuse_prior_state_curated_lei map for ME activity (2077 ME originations); slug=united-wholesale-mortgage.
549300VMVKSQE1B7DD43,The Camden National Bank,486887,camden-national-bank,Camden National Bank,high,ne_curated+ne_curated_gleif+public_nmls,1794,0,1794,high,ne_curated map for ME activity (1794 ME originations); slug=camden-national-bank.
549300FGXN1K3HLB1R50,"Rocket Mortgage, LLC",3030,rocket-mortgage,"Rocket Mortgage, LLC",high,reuse_prior_state_curated_lei+curated_lei_public_nmls,1775,31530,1775,high,reuse_prior_state_curated_lei map for ME activity (1775 ME originations); slug=rocket-mortgage.
549300GKFNPRWNS0GF29,"AmeriHome Mortgage Company, LLC",1120271,amerihome-mortgage,"AmeriHome Mortgage Company, LLC",high,reuse_prior_state_curated_lei+curated_lei_public_nmls,1507,4388,1507,high,reuse_prior_state_curated_lei map for ME activity (1507 ME originations); slug=amerihome-mortgage.
549300AQ3T62GXDU7D76,Ally Bank,181005,ally-bank,Ally Bank,high,reuse_prior_state_curated_lei+curated_lei_public_nmls,1347,2790,1347,high,reuse_prior_state_curated_lei map for ME activity (1347 ME originations); slug=ally-bank.
03D0JEWFDFUS0SEEKG89,"TD Bank, National Association",481428,td-bank,"TD Bank, National Association",high,reuse_prior_state_curated_lei+curated_lei_public_nmls,699,2722,699,high,reuse_prior_state_curated_lei map for ME activity (699 ME originations); slug=td-bank.
549300DD5QQUHO6PCH70,"Movement Mortgage, LLC",39179,movement-mortgage-myrtle-beach,Movement Mortgage — Myrtle Beach,high,reuse_prior_state_curated_lei+curated_lei+directory_name,507,5506,507,high,reuse_prior_state_curated_lei map for ME activity (507 ME originations); slug=movement-mortgage-myrtle-beach.
549300VZVN841I2ILS84,Freedom Mortgage Corporation,2767,freedom-mortgage,Freedom Mortgage Corporation,high,reuse_prior_state_curated_lei+curated_lei_public_nmls,398,11987,398,high,reuse_prior_state_curated_lei map for ME activity (398 ME originations); slug=freedom-mortgage.
549300MGPZBLQDIL7538,"PrimeLending, a PlainsCapital Company",1921,primelending-columbus,PrimeLending — Columbus Team,high,reuse_prior_state_curated_lei+curated_lei+directory_name,390,3153,390,high,reuse_prior_state_curated_lei map for ME activity (390 ME originations); slug=primelending-columbus.
549300E2UX99HKDBR481,"Broker Solutions, Inc.",6606,new-american-funding,"Broker Solutions, Inc.",high,reuse_prior_state_curated_lei+curated_lei_public_nmls,387,3881,387,high,reuse_prior_state_curated_lei map for ME activity (387 ME originations); slug=new-american-funding.
549300AG64NHILB7ZP05,"PennyMac Loan Services, LLC",35953,pennymac,"PennyMac Loan Services, LLC",high,reuse_prior_state_curated_lei+curated_lei_public_nmls,353,7460,353,high,reuse_prior_state_curated_lei map for ME activity (353 ME originations); slug=pennymac.
549300LYRWPSYPK6S325,Guild Mortgage Company LLC,3274,guild-mortgage-metrowest,Guild Mortgage (West Valley Branches),high,reuse_prior_state_curated_lei+curated_lei+directory_name,346,5374,346,high,reuse_prior_state_curated_lei map for ME activity (346 ME originations); slug=guild-mortgage-metrowest.
549300JI0UWY4QIWDV89,"NORTHPOINT MORTGAGE, INC.",1515,northpoint-mortgage,"Northpoint Mortgage, Inc.",high,reuse_prior_state_curated_lei+ma_curated+ma_curated_gleif+public_nmls,343,0,343,high,reuse_prior_state_curated_lei map for ME activity (343 ME originations); slug=northpoint-mortgage.
RVDPPPGHCGZ40J4VQ731,Fairway Independent Mortgage Corporation,2909,fairway-mortgage-augusta-sheppard,Fairway Independent Mortgage — Augusta (Sheppard Team),high,reuse_prior_state_curated_lei+curated_lei+directory_name,339,9704,339,high,reuse_prior_state_curated_lei map for ME activity (339 ME originations); slug=fairway-mortgage-augusta-sheppard.
5493003GQDUH26DNNH17,Navy Federal Credit Union,399807,navy-federal-jacksonville,Navy Federal Credit Union (Jacksonville Area),high,reuse_prior_state_curated_lei+curated_lei+directory_name,314,8416,314,high,reuse_prior_state_curated_lei map for ME activity (314 ME originations); slug=navy-federal-jacksonville.
549300VJQJVZKJBDWS17,"TOTAL MORTGAGE SERVICES, LLC",2764,total-mortgage-services,"Total Mortgage Services, LLC",high,reuse_prior_state_curated_lei+ma_curated+ma_curated_gleif+public_nmls,313,0,313,high,reuse_prior_state_curated_lei map for ME activity (313 ME originations); slug=total-mortgage-services.
549300LBCBNR1OT00651,NATIONSTAR MORTGAGE LLC,2104,mr-cooper,Nationstar Mortgage LLC,high,reuse_prior_state_curated_lei+curated_lei_public_nmls,296,3546,296,high,reuse_prior_state_curated_lei map for ME activity (296 ME originations); slug=mr-cooper.
B4TYDEB6GKMZO031MB27,"Guaranteed Rate, Inc.",2611,guaranteed-rate,"Guaranteed Rate, Inc.",high,reuse_prior_state_curated_lei+curated_lei_public_nmls,283,7938,283,high,reuse_prior_state_curated_lei map for ME activity (283 ME originations); slug=guaranteed-rate.
549300U3721PJGQZYY68,Nationstar Mortgage LLC,2104,mr-cooper,Nationstar Mortgage LLC,high,reuse_prior_state_curated_lei+curated_lei_public_nmls,277,3204,277,high,reuse_prior_state_curated_lei map for ME activity (277 ME originations); slug=mr-cooper.
549300FNXYY540N23N64,Newrez LLC,2289,newrez,Newrez LLC,high,reuse_prior_state_curated_lei+curated_lei_public_nmls,271,5643,271,high,reuse_prior_state_curated_lei map for ME activity (271 ME originations); slug=newrez.
DRMSV1Q0EKMEXLAU1P80,"Citizens Bank, National Association",433960,citizens-bank,"Citizens Bank, National Association",high,reuse_prior_state_curated_lei+curated_lei_public_nmls,255,2297,255,high,reuse_prior_state_curated_lei map for ME activity (255 ME originations); slug=citizens-bank.
6BYL5QZYBDK8S7L73M02,U.S. Bank National Association,402216,us-bank,U.S. Bank National Association,high,reuse_prior_state_curated_lei+curated_lei_public_nmls,197,2279,197,medium,reuse_prior_state_curated_lei map for ME activity (197 ME originations); slug=us-bank.
254900ZFWS2106HWPH46,"PARAMOUNT RESIDENTIAL MORTGAGE GROUP, INC.",75243,prmg,Paramount Residential Mortgage Group (PRMG),medium,reuse_prior_state_curated_lei+gleif_name_to_directory,157,3741,157,medium,reuse_prior_state_curated_lei map for ME activity (157 ME originations); slug=prmg.
549300YIQ7S7Z8PIHE53,AMERISAVE MORTGAGE CORPORATION,1168,amerisave,AmeriSave Mortgage Corporation,high,reuse_prior_state_curated_lei+curated_lei_public_nmls,157,1667,157,medium,reuse_prior_state_curated_lei map for ME activity (157 ME originations); slug=amerisave.
WWB2V0FCW3A0EE3ZJN75,Manufacturers and Traders Trust Company,381076,mt-bank,Manufacturers and Traders Trust Company (M&T Bank),high,reuse_prior_state_curated_lei+reuse_prior_state_curated_lei+reuse_fl_tx_ga_ca_nc_sc_nj_ny_curated_lei+reuse_fl_tx_ga_ca_nc_sc_nj_curated_lei+nj_curated+nj_curated_gleif+public_nmls,151,0,151,medium,reuse_prior_state_curated_lei map for ME activity (151 ME originations); slug=mt-bank.
7H6GLXDRUGQFU57RNE97,"JPMorgan Chase Bank, National Association",399798,jpmorgan-chase-bank,"JPMorgan Chase Bank, National Association",high,reuse_prior_state_curated_lei+curated_lei_public_nmls,148,6131,148,medium,reuse_prior_state_curated_lei map for ME activity (148 ME originations); slug=jpmorgan-chase-bank.
549300OPCWU6E72WUT29,"MUTUAL OF OMAHA MORTGAGE, INC.",1025894,mutual-of-omaha-mortgage,"Mutual of Omaha Mortgage, Inc.",high,reuse_prior_state_curated_lei+reuse_fl_tx_ga_curated_lei+ga_curated_gleif+public_nmls,148,0,148,medium,reuse_prior_state_curated_lei map for ME activity (148 ME originations); slug=mutual-of-omaha-mortgage.
549300DE8TS4EYTPX729,"AFFORDABLE MORTGAGE ADVISORS, LLC",139164,hma-mortgage,"Affordable Mortgage Advisors, LLC dba HMA Mortgage",high,reuse_prior_state_curated_lei+pa_curated+gleif+hma_mortgage_nmls,133,0,133,medium,reuse_prior_state_curated_lei map for ME activity (133 ME originations); slug=hma-mortgage.
5493001WHVQBGRSWEU75,"HOMEBRIDGE FINANCIAL SERVICES, INC.",6521,homebridge-financial,"Homebridge Financial Services, Inc.",high,reuse_prior_state_curated_lei+curated_public_nmls+directory_profile,122,2433,122,medium,reuse_prior_state_curated_lei map for ME activity (122 ME originations); slug=homebridge-financial.
549300PIL8LFAQ04XC20,Better Mortgage Corporation,330511,better-mortgage,Better Mortgage Corporation,high,reuse_prior_state_curated_lei+curated_lei_public_nmls,112,2675,112,medium,reuse_prior_state_curated_lei map for ME activity (112 ME originations); slug=better-mortgage.
C5654JQHZUHN0772B561,USAA Federal Savings Bank,399809,usaa-federal-savings-bank,USAA Federal Savings Bank,high,reuse_prior_state_curated_lei+curated_lei_public_nmls,96,825,96,medium,reuse_prior_state_curated_lei map for ME activity (96 ME originations); slug=usaa-federal-savings-bank.
549300DAUXQ2DCY4H838,"HARBORONE MORTGAGE, LLC",2561,harborone-mortgage,"HarborOne Mortgage, LLC",high,reuse_prior_state_curated_lei+ma_curated+ma_curated_gleif+public_nmls,90,0,90,medium,reuse_prior_state_curated_lei map for ME activity (90 ME originations); slug=harborone-mortgage.
549300NOCASXPA34X033,"LAKEVIEW LOAN SERVICING, LLC",4095,lakeview-loan-servicing,"Lakeview Loan Servicing, LLC",high,reuse_prior_state_curated_lei+curated_public_nmls+directory_profile,88,1488,88,medium,reuse_prior_state_curated_lei map for ME activity (88 ME originations); slug=lakeview-loan-servicing.
549300MZ8VZJOVC63092,"KIND LENDING, LLC",3925,kind-lending,"Kind Lending, LLC",high,reuse_prior_state_curated_lei+ca_curated+ca_curated_gleif+public_nmls,83,0,83,medium,reuse_prior_state_curated_lei map for ME activity (83 ME originations); slug=kind-lending.
549300DD4R4SYK5RAQ92,"Cardinal Financial Company, Limited Partnership",66247,cardinal-financial,"Cardinal Financial Company, Limited Partnership",high,reuse_prior_state_curated_lei+curated_lei_public_nmls,79,4122,79,medium,reuse_prior_state_curated_lei map for ME activity (79 ME originations); slug=cardinal-financial.
549300SUCQ1358EGVE89,"NEW DAY FINANCIAL, LLC",1043,new-day-financial,"New Day Financial, LLC",high,reuse_prior_state_curated_lei+reuse_fl_tx_ga_ca_nc_sc_nj_ny_curated_lei+sc_curated+sc_curated_gleif+public_nmls,77,0,77,medium,reuse_prior_state_curated_lei map for ME activity (77 ME originations); slug=new-day-financial.
213800QUAI2VH5YM6310,"EMBRACE HOME LOANS, INC.",2184,embrace-home-loans,"Embrace Home Loans, Inc.",high,reuse_prior_state_curated_lei+nj_curated+nj_curated_gleif+public_nmls,77,0,77,medium,reuse_prior_state_curated_lei map for ME activity (77 ME originations); slug=embrace-home-loans.
549300EMNDEK4BA8WB53,EMM LOANS LLC,2926,emm-loans,EMM Loans LLC,high,reuse_prior_state_curated_lei+pa_curated+gleif+emm_loans_nmls,76,0,76,medium,reuse_prior_state_curated_lei map for ME activity (76 ME originations); slug=emm-loans.
54930054ET8KM4O1D485,"SOFI BANK, NATIONAL ASSOCIATION",1121636,sofi-bank,"SoFi Bank, National Association",high,reuse_prior_state_curated_lei+curated_lei_public_nmls,75,1042,75,medium,reuse_prior_state_curated_lei map for ME activity (75 ME originations); slug=sofi-bank.
KB1H1DSPRFMYMCUFXT09,"Wells Fargo Bank, National Association",399801,wells-fargo-bank,"Wells Fargo Bank, National Association",high,reuse_prior_state_curated_lei+curated_lei_public_nmls,72,2670,72,medium,reuse_prior_state_curated_lei map for ME activity (72 ME originations); slug=wells-fargo-bank.
549300R9S3MVDV4MGF56,"CARRINGTON MORTGAGE SERVICES, LLC",2250,carrington-mortgage,"Carrington Mortgage Services, LLC",high,reuse_prior_state_curated_lei+reuse_fl_tx_ga_curated_lei+ga_curated_alt_lei+company_nmls,68,0,68,medium,reuse_prior_state_curated_lei map for ME activity (68 ME originations); slug=carrington-mortgage.
54930052M48FOD3CWA54,"PRIMARY RESIDENTIAL MORTGAGE, INC.",3094,primary-residential-mortgage,"Primary Residential Mortgage, Inc.",high,ne_curated+ne_curated_gleif+public_nmls,67,0,67,medium,ne_curated map for ME activity (67 ME originations); slug=primary-residential-mortgage.
549300F8C5JA44WNMI75,AMERICAN NEIGHBORHOOD MORTGAGE ACCEPTANCE COMPANY LLC,338923,anniemac-home-mortgage,American Neighborhood Mortgage Acceptance Company LLC (dba AnnieMac),high,reuse_prior_state_curated_lei+nj_curated+nj_curated_gleif+public_nmls,64,0,64,medium,reuse_prior_state_curated_lei map for ME activity (64 ME originations); slug=anniemac-home-mortgage.
549300FK3AFCFVAPH234,"Leader Bank, National Association",449250,leader-bank,"Leader Bank, National Association",high,reuse_prior_state_curated_lei+ma_curated+ma_curated_gleif+public_nmls,60,0,60,medium,reuse_prior_state_curated_lei map for ME activity (60 ME originations); slug=leader-bank.
549300XY701IELCE5Q08,BETTER MORTGAGE CORPORATION,330511,better-mortgage,Better Mortgage Corporation,high,reuse_prior_state_curated_lei+curated_lei_public_nmls,50,1004,50,medium,reuse_prior_state_curated_lei map for ME activity (50 ME originations); slug=better-mortgage.
549300XWUSRVVOHPRY47,Academy Mortgage Corporation,3113,academy-mortgage,Academy Mortgage Corporation,high,reuse_prior_state_curated_lei+curated_lei_public_nmls,44,2938,44,medium,reuse_prior_state_curated_lei map for ME activity (44 ME originations); slug=academy-mortgage.
AD6GFRVSDT01YPT1CS68,"PNC Bank, National Association",446038,pnc-bank,"PNC Bank, National Association",high,reuse_prior_state_curated_lei+curated_lei_public_nmls,42,3475,42,medium,reuse_prior_state_curated_lei map for ME activity (42 ME originations); slug=pnc-bank.
254900DTLHVWQ7NP7R34,"CMG Mortgage, Inc.",2458338,cmg-home-loans-dennis-vo,CMG Home Loans (Dennis Vo Team),high,reuse_prior_state_curated_lei+curated_lei+directory_name,31,4627,31,medium,reuse_prior_state_curated_lei map for ME activity (31 ME originations); slug=cmg-home-loans-dennis-vo.
549300FX7K8PTEQUU487,PENTAGON FEDERAL CREDIT UNION,401822,penfed-dc-mid-city,Pentagon Federal Credit Union,high,reuse_prior_state_curated_lei+gleif_name_to_directory,30,972,30,medium,reuse_prior_state_curated_lei map for ME activity (30 ME originations); slug=penfed-dc-mid-city.
549300XQVJ1XBNFA5536,21ST MORTGAGE CORPORATION,2280,21st-mortgage,21st Mortgage Corporation,medium,reuse_prior_state_curated_lei+curated_public_nmls+directory_profile,29,2098,29,medium,reuse_prior_state_curated_lei map for ME activity (29 ME originations); slug=21st-mortgage.
549300370QILXLFUWD20,"ZILLOW HOME LOANS, LLC",1027871,zillow-home-loans,"Zillow Home Loans, LLC",high,reuse_prior_state_curated_lei+reuse_fl_tx_ga_curated_lei+ga_curated_gleif+public_nmls,28,0,28,medium,reuse_prior_state_curated_lei map for ME activity (28 ME originations); slug=zillow-home-loans.
54930001NSTOD85LT125,"GUARANTEED RATE AFFINITY, LLC",1598647,guaranteed-rate-affinity,"Guaranteed Rate Affinity, LLC",high,reuse_prior_state_curated_lei+reuse_fl_tx_ga_ca_nc_sc_nj_ny_curated_lei+reuse_fl_tx_ga_ca_nc_sc_curated_lei+sc_curated+sc_curated_gleif+public_nmls,23,0,23,medium,reuse_prior_state_curated_lei map for ME activity (23 ME originations); slug=guaranteed-rate-affinity.
549300GCEUZLVML1J263,RADIUS FINANCIAL GROUP INC.,1846,radius-financial-group,Radius Financial Group Inc.,high,reuse_prior_state_curated_lei+ma_curated+ma_curated_gleif+public_nmls,23,0,23,medium,reuse_prior_state_curated_lei map for ME activity (23 ME originations); slug=radius-financial-group.
54930021WPEXNHYZUL09,"PLANET HOME LENDING, LLC",17022,planet-home-lending,"Planet Home Lending, LLC",high,reuse_prior_state_curated_lei+ga_curated_gleif+public_nmls,22,0,22,medium,reuse_prior_state_curated_lei map for ME activity (22 ME originations); slug=planet-home-lending.
TKT6FH38184ZYBTPKS77,Rockland Trust Company,401447,rockland-trust,Rockland Trust Company,high,reuse_prior_state_curated_lei+ma_curated+ma_curated_gleif+public_nmls,22,0,22,medium,reuse_prior_state_curated_lei map for ME activity (22 ME originations); slug=rockland-trust.
549300121SF0K2LN2804,"PRIMELENDING, A PLAINSCAPITAL COMPANY",1921,primelending-columbus,PrimeLending — Columbus Team,high,reuse_prior_state_curated_lei+gleif_name_to_directory,21,931,21,medium,reuse_prior_state_curated_lei map for ME activity (21 ME originations); slug=primelending-columbus.
549300H8H31LPYGJEW50,"SALEM FIVE MORTGAGE COMPANY, LLC",4662,salem-five-mortgage,"Salem Five Mortgage Company, LLC",high,reuse_prior_state_curated_lei+ma_curated+ma_curated_gleif+public_nmls,20,0,20,medium,reuse_prior_state_curated_lei map for ME activity (20 ME originations); slug=salem-five-mortgage.
549300RN01LBYR8ZVX74,"LOWER, LLC",1124061,lower,"Lower, LLC",high,reuse_prior_state_curated_lei+sc_curated+sc_curated_gleif+public_nmls,17,0,17,medium,reuse_prior_state_curated_lei map for ME activity (17 ME originations); slug=lower.
254900HA4DQWAE0W3342,"AMERIHOME MORTGAGE COMPANY, LLC",1120271,amerihome-mortgage,"AmeriHome Mortgage Company, LLC",high,reuse_prior_state_curated_lei+ga_curated_alt_lei+company_nmls,15,0,15,medium,reuse_prior_state_curated_lei map for ME activity (15 ME originations); slug=amerihome-mortgage.
E57ODZWZ7FF32TWEFA76,"Citibank, National Association",412915,citibank,"Citibank, National Association",high,reuse_prior_state_curated_lei+reuse_prior_state_curated_lei+nj_curated+nj_curated_gleif+public_nmls,15,0,15,medium,reuse_prior_state_curated_lei map for ME activity (15 ME originations); slug=citibank.
JJKC32MCHWDI71265Z06,Truist Bank,405457,truist-bank,Truist Bank,high,reuse_prior_state_curated_lei+curated_lei_public_nmls,11,6117,11,medium,reuse_prior_state_curated_lei map for ME activity (11 ME originations); slug=truist-bank.
SS1TRMSN6BRNMOREEV51,"Flagstar Bank, National Association",399797,flagstar-bank,"Flagstar Bank, National Association",high,reuse_prior_state_curated_lei+curated_lei_public_nmls,11,737,11,medium,reuse_prior_state_curated_lei map for ME activity (11 ME originations); slug=flagstar-bank.
549300JYXTZDSPJEPI44,"PLAZA HOME MORTGAGE, INC.",2113,plaza-home-mortgage,"Plaza Home Mortgage, Inc.",high,reuse_prior_state_curated_lei+ny_curated+ny_curated_gleif+public_nmls,11,0,11,medium,reuse_prior_state_curated_lei map for ME activity (11 ME originations); slug=plaza-home-mortgage.
549300MCIFZSDHUT8X63,"NFM, INC.",2893,nfm-lending,"NFM, Inc. (dba NFM Lending)",high,reuse_prior_state_curated_lei+nj_curated+nj_curated_gleif+public_nmls,10,0,10,medium,reuse_prior_state_curated_lei map for ME activity (10 ME originations); slug=nfm-lending.
2WHM8VNJH63UN14OL754,The Huntington National Bank,402436,huntington-national-bank,The Huntington National Bank,high,reuse_prior_state_curated_lei+pa_curated+gleif+huntington_nmls,9,0,9,medium,reuse_prior_state_curated_lei map for ME activity (9 ME originations); slug=huntington-national-bank.
549300KIOYNU323LVJ37,AMERICAN PACIFIC MORTGAGE CORPORATION,1850,american-pacific-mortgage-inland-empire,American Pacific Mortgage (Inland Empire),medium,reuse_prior_state_curated_lei+gleif_name_to_directory,8,1750,8,medium,reuse_prior_state_curated_lei map for ME activity (8 ME originations); slug=american-pacific-mortgage-inland-empire.
5493008NWHQT1R22C024,"AMERICAN FINANCIAL NETWORK, INC.",237341,american-financial-network,"American Financial Network, Inc.",high,reuse_prior_state_curated_lei+ca_curated+ca_curated_gleif+public_nmls,8,0,8,medium,reuse_prior_state_curated_lei map for ME activity (8 ME originations); slug=american-financial-network.
549300SK2GVCQXPD4S58,"SUN WEST MORTGAGE COMPANY, INC.",3277,sun-west-mortgage,"Sun West Mortgage Company, Inc.",high,reuse_prior_state_curated_lei+ca_curated+ca_curated_gleif+public_nmls,7,0,7,medium,reuse_prior_state_curated_lei map for ME activity (7 ME originations); slug=sun-west-mortgage.
5493009BOQDC6PCFR785,"NBT Bank, National Association",500501,nbt-bank,"NBT Bank, National Association",high,reuse_prior_state_curated_lei+ny_curated+ny_curated_gleif+public_nmls,7,0,7,medium,reuse_prior_state_curated_lei map for ME activity (7 ME originations); slug=nbt-bank.
549300RPOGWJRH63HS39,UNION HOME MORTGAGE CORP.,1904,union-home-mortgage-reeves-team,Union Home Mortgage Corp.,high,reuse_prior_state_curated_lei+reuse_fl_tx_ga_ca_curated_lei+reuse_fl_tx_ga_curated_lei+ga_curated_gleif+company_nmls+ga_directory,5,0,5,medium,reuse_prior_state_curated_lei map for ME activity (5 ME originations); slug=union-home-mortgage-reeves-team.
QFROUN1UWUYU0DVIWD51,"Eagle Home Mortgage, LLC",2925,eagle-home-mortgage,"Eagle Home Mortgage, LLC",high,reuse_prior_state_curated_lei+curated_lei_public_nmls,4,3553,4,medium,reuse_prior_state_curated_lei map for ME activity (4 ME originations); slug=eagle-home-mortgage.
L9VVX1KT5TFTKS0MLF66,First-Citizens Bank & Trust Company,503941,first-citizens-bank,First-Citizens Bank & Trust Company,high,reuse_prior_state_curated_lei+sc_curated+sc_curated_gleif+public_nmls,4,0,4,medium,reuse_prior_state_curated_lei map for ME activity (4 ME originations); slug=first-citizens-bank.
5493005PKOSG7MYX0B34,"Prosperity Home Mortgage, LLC",75164,prosperity-home-mortgage,"Prosperity Home Mortgage, LLC",high,reuse_prior_state_curated_lei+reuse_fl_tx_ga_ca_nc_sc_nj_ny_curated_lei+nj_curated+nj_curated_gleif+public_nmls,4,0,4,medium,reuse_prior_state_curated_lei map for ME activity (4 ME originations); slug=prosperity-home-mortgage.
549300T3F9S1MKFKHC53,HOMESTEAD FUNDING CORP.,3232,homestead-funding,Homestead Funding Corp.,high,reuse_prior_state_curated_lei+ny_curated+ny_curated_gleif+public_nmls,4,0,4,medium,reuse_prior_state_curated_lei map for ME activity (4 ME originations); slug=homestead-funding.
549300HKYBSATM44Q425,"The Washington Trust Company, of Westerly",901927,washington-trust-mortgage,The Washington Trust Company / Washington Trust Mortgage Company LLC,high,ne_curated+ne_curated_gleif+public_nmls,4,0,4,medium,ne_curated map for ME activity (4 ME originations); slug=washington-trust-mortgage.
IUGPUX5LWRZ3B6KIZ697,Ameris Bank,405455,ameris-bank,Ameris Bank,high,reuse_prior_state_curated_lei+curated_lei_public_nmls,3,1846,3,medium,reuse_prior_state_curated_lei map for ME activity (3 ME originations); slug=ameris-bank.
549300O6Z0I6KYMESL47,AMWEST FUNDING CORP.,167441,amwest-funding,AmWest Funding Corp.,high,reuse_prior_state_curated_lei+ca_curated+ca_curated_gleif+public_nmls,3,0,3,medium,reuse_prior_state_curated_lei map for ME activity (3 ME originations); slug=amwest-funding.
549300CLRXFVF83ZL806,"NATIONWIDE MORTGAGE BANKERS, INC.",819382,nationwide-mortgage-bankers,"Nationwide Mortgage Bankers, Inc. (NMB / NMBNOW)",high,reuse_prior_state_curated_lei+ny_curated+ny_curated_gleif+public_nmls,3,0,3,medium,reuse_prior_state_curated_lei map for ME activity (3 ME originations); slug=nationwide-mortgage-bankers.
5493005JPZ3LXXMB0S24,"Carrington Mortgage Services, LLC",2250,carrington-mortgage,"Carrington Mortgage Services, LLC",high,reuse_prior_state_curated_lei+curated_lei_public_nmls,2,2916,2,medium,reuse_prior_state_curated_lei map for ME activity (2 ME originations); slug=carrington-mortgage.
254900F9ZTVTX763V835,"Advisors Mortgage Group, L.L.C.",33041,advisors-mortgage-group,"Advisors Mortgage Group, L.L.C.",high,reuse_prior_state_curated_lei+nj_curated+nj_curated_gleif+public_nmls,1,0,1,medium,reuse_prior_state_curated_lei map for ME activity (1 ME originations); slug=advisors-mortgage-group.
KI0VI4JRMCIJ329YTN75,Valley National Bank,411254,valley-national-bank,Valley National Bank,high,reuse_prior_state_curated_lei+nj_curated+nj_curated_gleif+public_nmls,1,0,1,medium,reuse_prior_state_curated_lei map for ME activity (1 ME originations); slug=valley-national-bank.
549300LLKEKXL2RM1F61,CONTOUR MORTGAGE CORPORATION,34384,contour-mortgage,Contour Mortgage Corporation,high,reuse_prior_state_curated_lei+ny_curated+ny_curated_gleif+public_nmls,1,0,1,medium,reuse_prior_state_curated_lei map for ME activity (1 ME originations); slug=contour-mortgage.
5493005DKMV1IHIM8E20,"Wilmington Savings Fund Society, FSB",417673,wsfs-bank,"Wilmington Savings Fund Society, FSB",high,reuse_prior_state_curated_lei+pa_curated+gleif+wsfs_nmls,1,0,1,medium,reuse_prior_state_curated_lei map for ME activity (1 ME originations); slug=wsfs-bank.
X8V2II80XTQHRH7NCB19,Eastern Bank,451827,eastern-bank,Eastern Bank,high,reuse_prior_state_curated_lei+ma_curated+ma_curated_gleif+public_nmls,1,0,1,medium,reuse_prior_state_curated_lei map for ME activity (1 ME originations); slug=eastern-bank.
5493000NZZZU3GFIYL71,Needham Bank,2141744,needham-bank,Needham Bank,high,reuse_prior_state_curated_lei+ma_curated+ma_curated_gleif+public_nmls,1,0,1,medium,reuse_prior_state_curated_lei map for ME activity (1 ME originations); slug=needham-bank.
