lei,institution_name,nmls_id,our_lender_slug,match_status,total_applications,total_originations,de_originations,states_with_originations,priority_match
5493005DKMV1IHIM8E20,,,,unmatched,5671,3884,1210,PA:1700;DE:1210;NJ:555;MD:64;FL:52;CA:47;NC:28;GA:26;VA:25;SC:18,high
549300XED7IBK9VVQH70,,,,unmatched,3799,2898,1176,DE:1176;TX:273;KY:273;PA:136;NY:114;CO:105;IN:99;VI:84;MD:83;CA:75,high
549300KBWX4NV5Q1E376,,,,unmatched,23048,16403,1001,VA:2711;MD:1912;NC:1829;OH:1817;SC:1514;PA:1502;FL:1211;DE:1001;TN:817;NJ:655,high
WWB2V0FCW3A0EE3ZJN75,,,,unmatched,40592,23443,767,NY:7073;MD:3115;PA:3099;CT:2398;MA:1690;NJ:1501;VA:901;DE:767;VT:352;FL:342,high
635400IW1QMK3FNFF894,,,,unmatched,3346,2560,640,MD:838;PA:652;DE:640;NJ:226;VA:47;FL:31;NC:22;SC:11;IN:11;GA:10,high
5493002GI63WHHUTUD85,,,,unmatched,4325,3598,564,PA:1018;DE:564;CO:463;MA:193;NH:188;MD:177;NJ:166;NC:153;FL:150;VA:95,high
549300KDVJICP5T5BD05,,,,unmatched,1123,510,486,DE:486;MD:15;PA:7;TN:1;NC:1,medium
5493004N9PMBSLEZOF16,,,,unmatched,5604,4029,364,TX:820;CA:686;AZ:468;DE:364;FL:343;NJ:331;OH:247;VA:244;MD:232;SC:150,high
DZC62HF6UIZYJ08V1J90,,,,unmatched,9754,6400,289,PA:3211;NJ:1233;VA:797;MD:744;DE:289;DC:70;NC:24;WV:19;FL:6;SC:4,high
549300RFLICNI75BG067,,,,unmatched,12136,8416,277,MN:1356;NJ:1069;FL:686;CO:543;IN:517;KY:435;DE:277;WA:265;TX:244;SC:240,high
54930044OSTKOJMHF287,,,,unmatched,1137,814,225,DE:225;MD:182;DC:145;VA:65;PA:37;NC:31;FL:17;SC:13;NJ:9;NY:9,medium
213800QUAI2VH5YM6310,,,,unmatched,5973,4493,215,MD:856;FL:627;NJ:599;VA:582;NY:269;MA:257;AL:256;DE:215;PA:149;NH:133,high
5493006VCMZ998IGOO33,,,,unmatched,2679,2088,165,NJ:1223;SC:362;DE:165;VA:133;PA:115;NC:28;FL:20;MD:19;GA:14;MA:3,high
549300DQ137S1HEMVL85,,,,unmatched,186,169,157,DE:157;MD:8;PA:4,low
2549006MX2M0D119SZ27,,,,unmatched,278,144,138,DE:138;MD:4;SC:1;PA:1,low
549300YMIOLU51FSTO86,,,,unmatched,2052,1588,136,PA:346;NJ:322;DE:136;NY:108;TX:98;OH:89;MI:69;WV:66;FL:64;GA:45,high
5493005R34FLBMCPWB41,,,,unmatched,2586,1730,135,VA:708;PA:305;SC:187;NC:141;DE:135;FL:91;MD:67;NJ:47;WV:42;TN:3,high
54930009M8OIJWECQX81,,,,unmatched,1876,1287,129,MD:1005;DE:129;VA:95;PA:22;WV:13;DC:5;FL:5;SC:4;NC:4;TX:1,medium
549300HJP2WLL8KDCA15,,,,unmatched,325,190,125,DE:125;MD:63;VA:2,low
549300AG10BX85DF5S49,,,,unmatched,6424,4978,122,IL:1069;CA:805;OK:712;NJ:554;WA:321;WI:169;TX:155;MA:150;DE:122;IA:90,high
54930063XGNMIXS57091,,,,unmatched,12906,6267,102,PA:3973;NJ:2136;DE:102;FL:56,high
549300JPU10TNVWFRE67,,,,unmatched,133,111,101,DE:101;PA:7;MD:3,low
254900PQLW7K91KOVU18,,,,unmatched,990,577,92,PA:431;DE:92;NJ:37;MD:13;FL:3;NY:1,medium
PINLJ7T7GLTF48NFP863,,,,unmatched,1520,1173,84,MA:293;AL:200;LA:94;DE:84;CO:73;AR:64;RI:42;NY:40;NM:40;ME:36,medium
5493001CM06UK2XY3I18,,,,unmatched,1912,1122,82,PA:949;DE:82;NJ:63;MD:12;FL:8;VA:3;SC:1;NY:1;MI:1;CO:1,high
5493004XJV6Y8XQYPX87,,,,unmatched,2707,1688,77,MD:1497;DE:77;PA:72;FL:16;VA:10;NC:8;SC:5;NJ:3,medium
549300D4ZYLSQ5LMTV35,,,,unmatched,4352,2965,75,NJ:1569;PA:399;FL:338;NY:298;OH:85;DE:75;SC:49;TN:30;MD:29;CT:23,high
549300GPO6DWUZR4UY30,,,,unmatched,6727,5283,74,MD:3559;VA:448;NC:347;DC:280;MA:155;SC:127;PA:119;DE:74;FL:59;RI:57,high
549300XOOL3OJTITCV30,,,,unmatched,4553,2441,65,PA:2255;NJ:93;DE:65;FL:15;MD:11;SC:1;NC:1,high
549300I0ICF6REKHOC74,,,,unmatched,3583,2753,63,MD:1148;AZ:360;IN:294;SC:234;PA:137;FL:129;TX:80;DE:63;AL:54;NC:48,high
54930062IKKOJW3K8L94,,,,unmatched,4413,2569,61,PA:2241;NJ:236;DE:61;MD:17;FL:9;OH:4;AZ:1,high
54930080168VA6Z8UX21,,,,unmatched,5952,3617,61,MD:1696;VA:681;NJ:223;PA:190;NC:101;FL:91;SC:87;DC:67;DE:61;GA:60,high
5493008G8ZYIEPB4CZ17,,,,unmatched,104,66,56,DE:56;MD:10,low
N8T7HW55LK5D2ORCKP39,,,,unmatched,24133,15800,50,PA:5819;NC:5046;MD:1678;OH:1491;VA:684;SC:598;FL:187;DC:96;WV:82;DE:50,high
549300PEWJWBNEOSS013,,,,unmatched,1864,1297,39,OH:324;FL:163;MD:138;OR:96;NJ:71;NC:62;IN:45;VA:42;KY:40;DE:39,medium
549300AY1W8F91VLTB05,,,,unmatched,6290,2813,37,MD:2466;VA:168;PA:68;DC:44;DE:37;WV:30,medium
549300IYR2K45YQJGV33,,,,unmatched,559,481,35,PA:346;MD:67;DE:35;VA:18;WV:12;NY:2;OH:1,medium
254900CXHYTQMHXRX530,,,,unmatched,38,37,32,DE:32;PA:3;NJ:2,low
549300N5GF79IZ5Y7G10,,,,unmatched,4469,2353,30,PA:1847;NJ:415;DE:30;FL:17;SC:7;MD:7;OH:6;NY:5;VA:4;NC:4,high
549300TB3TMP4RV5T078,,,,unmatched,1534,1198,28,MA:652;TX:189;NH:79;OK:59;FL:45;SC:33;RI:29;DE:28;PA:24;NJ:15,high
549300J0CKZA0PR2DX58,,,,unmatched,527,369,27,PA:197;VA:84;MD:50;DE:27;NJ:5;DC:3;SC:2;FL:1,medium
549300AENO88GEUWCZ39,,,,unmatched,1280,846,27,MN:142;IN:65;CO:58;FL:56;CA:52;OK:39;KY:36;TX:34;DE:27;WI:26,medium
5493005U6VKOSGHRA756,,,,unmatched,199,130,26,MD:102;DE:26;VA:2,low
549300DYB1ZT3UOGPL20,,,,unmatched,2487,1376,24,PA:1161;NJ:176;DE:24;FL:7;MD:5;SC:2;NC:1,high
549300H12E7AUMUHP294,,,,unmatched,1980,1256,24,NJ:374;PA:297;MD:111;FL:88;IL:79;NC:59;VA:35;NY:25;DE:24;TX:21,high
254900NLUN32M3CT3X53,,,,unmatched,26,23,23,DE:23,low
54930039UO39UJGI7078,,,,unmatched,7487,5837,22,VA:2077;NC:1749;MD:1552;SC:88;AL:76;FL:62;PA:60;LA:41;DC:36;DE:22,high
54930095UWUUXAWASB02,,,,unmatched,7298,5729,22,VA:3458;NC:673;MD:586;SC:369;WV:248;DC:148;FL:56;PA:53;DE:22;GA:13,high
549300W20M87S246SZ26,,,,unmatched,400,309,22,PA:234;DE:22;MD:21;NJ:15;NC:4;VA:4;SC:3;FL:3;TX:1;GA:1,medium
549300LLQD0X2OTG0Y27,,,,unmatched,1196,581,20,RI:205;MA:77;NH:31;DE:20;LA:17;OH:16;NC:16;TX:15;SC:15;FL:14,medium
549300GZN0GWYE1KDB94,,,,unmatched,885,720,18,PA:617;NJ:68;DE:18;NY:11;FL:2;MD:2;MT:1;GA:1,high
549300KWKWPEKL40WD44,,,,unmatched,1612,906,15,NJ:442;PA:144;FL:82;TX:42;NC:40;GA:40;NY:27;SC:21;CT:15;DE:15,high
5493008HV53MEILG2D59,,,,unmatched,347,322,15,PA:274;NJ:25;DE:15;NY:7;NC:1,medium
549300GE8KIGZVQV1223,,,,unmatched,1969,1593,14,MA:431;FL:363;MD:162;CT:157;RI:137;SC:113;NH:93;PA:61;NC:23;DE:14,high
5493001E3OD1D4Y8KX63,,,,unmatched,497,417,14,PA:356;NJ:20;MO:17;DE:14;IL:3;VA:2;NY:1;SC:1;MD:1;FL:1,medium
549300BKWR5OM8PWIN62,,,,unmatched,1109,897,14,MD:496;VA:182;NC:91;FL:48;PA:26;DC:15;DE:14;NJ:9;WV:7;OH:5,medium
5493000SW5GLNL7VNX12,,,,unmatched,216,198,14,PA:164;NJ:14;DE:14;NC:1;SC:1;FL:1;ME:1;MD:1;NY:1,medium
549300N15SIAR55G5978,,,,unmatched,28,16,14,DE:14;MD:1;FL:1,low
549300ZTT08EKQRVTR15,,,,unmatched,7639,5109,13,VA:3237;MD:1172;NC:317;WV:149;DC:96;IN:24;FL:22;SC:20;PA:18;DE:13,high
5493005NXMQ7SP5TOF96,,,,unmatched,198,122,13,VA:61;MD:48;DE:13,low
549300CF8MP6S7MZV277,,,,unmatched,2135,1726,12,VA:765;MD:462;DC:451;FL:22;DE:12;NC:10;SC:4,medium
549300LT75BG7Z054795,,,,unmatched,911,722,12,MD:591;PA:63;FL:30;VA:13;DE:12;NC:5;WV:2;SC:2;DC:2;MI:1,medium
R7JQ9JTCFHXBQU4XIT26,,,,unmatched,1233,764,11,PA:628;NJ:78;MD:31;DE:11;FL:8;GA:2;NC:1;ME:1;TX:1;IL:1,high
549300OOBQV34V3WL383,,,,unmatched,909,517,10,VA:443;NC:37;MD:27;DE:10,medium
54930060KLIQD8MMSB55,,,,unmatched,1468,1063,9,PA:880;MD:162;DE:9;VA:3;FL:3;NJ:2;NY:1;DC:1;SC:1;OH:1,high
549300IRXW9RSZM2B951,,,,unmatched,667,477,9,TN:173;AR:141;MA:29;MS:27;NY:22;MO:13;OK:11;TX:10;DE:9;CT:8,medium
549300RMEQJVNY2YH756,,,,unmatched,215,212,9,PA:179;NJ:20;DE:9;MD:2;FL:1;AZ:1,medium
254900L0MIAM922ZEC34,,,,unmatched,1357,885,8,PA:773;NJ:82;FL:14;DE:8;VA:1;NC:1;AL:1;SC:1;AZ:1;OH:1,high
254900ZELVKWROFNEC29,,,,unmatched,643,408,8,PA:297;NJ:53;GA:11;FL:11;DE:8;NC:6;CO:3;MN:2;MA:2;MD:2,medium
5493000GQ5D5YW5QID32,,,,unmatched,1740,1427,7,PA:1400;NJ:14;DE:7;FL:5;SC:1,high
2549007G9V4FYWWWDZ31,,,,unmatched,1019,778,7,NJ:334;PA:199;FL:96;VA:34;GA:26;MD:23;TX:21;IN:17;NC:12;DE:7,high
549300I8I7EBXHMYYW54,,,,unmatched,448,314,7,PA:300;DE:7;NJ:4;MD:2;CA:1,medium
5493002G4JO4BZ22MC13,,,,unmatched,213,129,7,PA:17;MD:16;TN:11;CA:10;TX:10;GA:9;NC:8;VA:8;NJ:8;DE:7,medium
5493000UZ37PYF2QMT96,,,,unmatched,401,348,7,MD:317;PA:24;DE:7,low
549300LWL6LDRPYWVK06,,,,unmatched,112,88,7,MD:75;DE:7;VA:3;FL:2;DC:1,low
2549008X67CV1MNM7747,,,,unmatched,2234,1270,6,NY:744;FL:235;CT:107;NJ:85;PA:27;NC:12;GA:12;SC:10;AZ:8;DE:6,high
549300OS8C7J7ZWMNL70,,,,unmatched,755,512,6,VA:238;WV:183;MD:62;KY:13;DE:6;TN:3;NC:2;DC:2;PA:1;OH:1,medium
6UHRKD73G36IZYN3FC43,,,,unmatched,393,328,5,PA:231;NY:63;NJ:11;DE:5;CA:4;FL:4;SC:2;IL:2;MT:1;NC:1,medium
549300VGZHXNY2T0G559,,,,unmatched,666,513,5,OH:378;PA:83;MI:24;NJ:11;DE:5;FL:5;VA:1;CO:1;SC:1;ME:1,medium
549300F2GDWKJH3GMB47,,,,unmatched,1483,686,5,MD:608;VA:42;DC:7;DE:5;WV:5;SC:4;PA:4;NJ:2;NC:2;IN:1,medium
549300S93XI20FLTGK89,,,,unmatched,104,87,5,VA:28;MD:12;NC:12;FL:8;PA:7;GA:7;DE:5;TX:3;SC:2;DC:1,low
5493002CAA1SKNHHUI24,,,,unmatched,361,175,5,IL:125;AZ:12;MI:10;NY:7;PA:5;DE:5;NJ:4;FL:2;ID:1;IN:1,low
549300SWKVL60SKWK981,,,,unmatched,11081,6476,4,PA:6367;MD:56;NJ:18;SC:5;NC:5;FL:5;DE:4;VA:4;WV:4;GA:1,high
MCXHCL35UUWDZK7NCQ61,,,,unmatched,4091,2616,4,PA:2442;OH:133;NJ:15;MD:6;FL:6;DE:4;SC:2;GA:2;WV:2;MA:1,high
549300LBK5BTNFKZJD14,,,,unmatched,2312,1647,4,PA:1531;NJ:66;MD:18;FL:13;SC:6;DE:4;NC:3;NY:2;GA:1;OH:1,high
5493005CFFMKTUKLO381,,,,unmatched,1760,1346,4,PA:1188;MD:131;WV:10;DE:4;VA:4;NJ:3;FL:3;UT:1;AR:1;SC:1,high
549300F1COXL6UBFCP55,,,,unmatched,578,519,4,NY:448;FL:21;NJ:19;TX:5;DE:4;CT:4;PA:3;IN:2;OH:2;CO:1,medium
549300GMP8EYQD4U6Z40,,,,unmatched,470,388,4,PA:350;NJ:30;DE:4;FL:3;NY:1,medium
254900VXX8ZL7L9EX282,,,,unmatched,438,383,4,PA:357;NJ:16;MD:5;DE:4;FL:1,medium
549300QY4UCP33T94N09,,,,unmatched,502,340,4,NY:240;PA:32;CT:23;FL:17;NJ:15;SC:7;DE:4;NC:1;MA:1,medium
549300YV3F7WA813QL95,,,,unmatched,86,82,4,PA:76;DE:4;NJ:2,medium
894500LIN378M3LLE796,,,,unmatched,143,57,4,NJ:32;MD:21;DE:4,low
5493009TOEDMWVNG1442,,,,unmatched,62,23,4,PA:17;DE:4;NJ:2,low
549300X7J20OLLSGTZ36,,,,unmatched,401,163,4,MD:152;VA:5;DE:4;PA:2,low
254900W5FH4XO4DKJB28,,,,unmatched,97,67,4,MD:61;DE:4;DC:1;NC:1,low
549300MPX7PJGFD8HA09,,,,unmatched,99,80,4,MD:75;DE:4;FL:1,low
549300RPUEZ5IC514S19,,,,unmatched,78,47,4,MD:42;DE:4;FL:1,low
25490053H6JWQDX4RM47,,,,unmatched,1294,852,3,PA:846;NJ:3;DE:3,high
549300JNYMHRVCGKK706,,,,unmatched,556,382,3,PA:337;NJ:42;DE:3,medium
9845001ADACA7A75EE02,,,,unmatched,363,202,3,PA:162;VA:12;NC:12;NJ:9;OK:3;DE:3;CO:1,medium
549300S347HTLHLOC775,,,,unmatched,1468,134,3,NY:38;PA:28;NJ:28;CT:16;FL:12;SC:5;DE:3;NC:1;CO:1;GA:1,medium
254900DNPJINSUKFZ002,,,,unmatched,1838,1299,3,IN:1104;MI:84;AZ:40;IL:17;CA:11;TX:6;FL:5;OH:3;DE:3;MO:3,medium
25490040IBIKTOL1DJ85,,,,unmatched,45,45,3,PA:33;NJ:8;DE:3;MD:1,low
549300B7GCPQ437Y5E78,,,,unmatched,47,41,3,PA:32;NJ:6;DE:3,low
549300AN5V81GRYDJ823,,,,unmatched,228,99,3,MD:53;VA:10;PA:9;DC:6;NJ:4;DE:3;NC:3;FL:3;MO:2;UT:1,low
5493007KLU19FK8PG279,,,,unmatched,285,169,3,MD:115;VA:15;DC:10;NC:10;WV:6;DE:3;GA:2;PA:2;IL:2;OH:2,low
54930089Y8VTOF8RPD25,,,,unmatched,902,682,2,NJ:538;PA:132;FL:5;DE:2;NC:2;SC:2;VT:1,high
549300I316H4TE334G62,,,,unmatched,619,544,2,PA:478;MD:63;DE:2;VA:1,medium
549300R22XCNNGVXRO22,,,,unmatched,515,414,2,PA:211;NY:117;NJ:50;FL:13;MD:7;CT:4;OH:3;VA:3;DE:2;MI:1,medium
549300GMXZWXNOS1US34,,,,unmatched,337,209,2,NJ:195;PA:4;FL:2;GA:2;NY:2;DE:2;ME:1;SC:1,medium
549300KJKBXR3PD3QQ56,,,,unmatched,1332,948,2,OH:748;NC:54;IN:52;SC:31;PA:27;GA:14;KY:13;FL:6;DE:2;NJ:1,medium
5493004LYI6NSVMGYH15,,,,unmatched,132,105,2,GA:61;NY:16;OH:6;NC:3;TX:3;PA:2;AL:2;DE:2;CT:2;NJ:2,medium
254900OVHD0ZZK65EQ86,,,,unmatched,346,213,2,RI:147;NY:36;MA:19;NJ:7;DE:2;CT:2,medium
254900U38QOOLJB8FS91,,,,unmatched,75,59,2,PA:56;DE:2;FL:1,medium
254900SBY94JVYQ1Y131,,,,unmatched,49,43,2,PA:38;NJ:3;DE:2,low
549300S8CJG5MSY8BH57,,,,unmatched,526,379,2,AR:358;MO:4;OK:4;FL:3;DE:2;IL:2;MA:1;KS:1;MS:1;TN:1,low
54930040I855W2FI0Y80,,,,unmatched,334,313,2,MD:301;PA:6;WV:3;DE:2;VA:1,low
549300MKTQIOL1FBNZ12,,,,unmatched,59,46,2,MD:40;PA:4;DE:2,low
549300XO2MXF3RX56J09,,,,unmatched,94,62,2,MD:57;PA:3;DE:2,low
254900Q6YS0NMCYAH669,,,,unmatched,2096,1564,1,NY:1209;PA:342;CT:8;NJ:4;DE:1,high
549300NWYTCEH9RSSW54,,,,unmatched,2337,1203,1,NY:1182;FL:10;NC:4;CT:3;VT:2;DE:1;NJ:1,high
549300PJX0ZHPQ614C72,,,,unmatched,1506,1020,1,PA:915;NJ:84;NY:16;FL:3;DE:1;DC:1,high
549300T560RY8NY4EY89,,,,unmatched,1346,947,1,PA:941;MD:3;IL:1;FL:1;DE:1,high
549300C0SKCK5G4RX330,,,,unmatched,1084,939,1,PA:938;DE:1,high
5493008E3WZYM5146L29,,,,unmatched,977,692,1,PA:606;WV:47;MD:32;VA:2;NJ:2;NC:1;SC:1;DE:1,high
549300A4SPX2JOQ71791,,,,unmatched,552,525,1,PA:493;NJ:26;SC:2;NC:2;FL:1;DE:1,high
549300NP3DNB1K9Z8513,,,,unmatched,581,262,1,NJ:244;PA:17;DE:1,medium
549300E0WPRCJMXMUM09,,,,unmatched,296,196,1,NY:104;FL:75;NJ:11;TX:2;PA:2;GA:1;DE:1,medium
549300P7T76AWIP6QL35,,,,unmatched,157,129,1,PA:128;DE:1,medium
5493006RLJ90VH94SV71,,,,unmatched,160,124,1,PA:122;DE:1;NC:1,medium
549300ZD18AVSD0OG331,,,,unmatched,147,123,1,NJ:105;FL:15;PA:2;DE:1,medium
54930047YMR4VOMFGS35,,,,unmatched,175,124,1,PA:112;NJ:2;FL:2;NC:2;MI:1;MT:1;DE:1;CT:1;OH:1;MN:1,medium
254900TW0BIDE6JENM80,,,,unmatched,125,102,1,NJ:100;PA:1;DE:1,medium
549300QB357BUUUV7A56,,,,unmatched,148,140,1,VA:58;PA:53;MD:10;DC:8;SC:3;FL:3;NC:2;NY:1;TX:1;DE:1,medium
5493007WZXR2YE227I23,,,,unmatched,199,135,1,NC:65;VA:56;MD:7;SC:3;FL:1;KY:1;WA:1;DE:1,medium
549300L4I0NP22SUIE86,,,,unmatched,95,67,1,PA:60;NJ:6;DE:1,medium
549300L7OFUBO6FHY884,,,,unmatched,73,67,1,PA:54;NJ:9;GA:2;FL:1;DE:1,medium
549300DPWFIO1S3DF358,,,,unmatched,1666,1189,1,OH:1143;NC:12;FL:6;MI:6;IL:6;KY:4;IN:4;SC:3;DE:1;MD:1,medium
5493001VQLW8QLFMIH76,,,,unmatched,50,50,1,NJ:49;DE:1,low
2549003Z8R5QM0WPS603,,,,unmatched,118,115,1,VA:37;DC:37;MD:36;FL:2;ME:2;DE:1,low
549300XA6P3X1GTJEY80,,,,unmatched,109,105,1,MD:74;VA:8;PA:8;TX:2;FL:2;CT:1;IA:1;CA:1;DE:1;TN:1,low
549300XRGNVNCISU8Q79,,,,unmatched,179,82,1,MD:71;VA:2;DC:2;NC:2;NJ:1;AZ:1;PA:1;FL:1;DE:1,low
5493006R3KP9HJOA7613,,,,unmatched,221,159,1,MD:152;DC:3;GA:2;NC:1;DE:1,low
254900APUOKMIQ9Z9027,,,,unmatched,350,143,1,MD:134;PA:5;VA:2;DC:1;DE:1,low
25490041Y3ITG7RD6H37,,,,unmatched,26,22,1,VA:14;FL:2;MD:1;ME:1;CA:1;DC:1;TN:1;DE:1,low
549300JEBZPKAD7H6427,,,,unmatched,33,28,1,MD:25;PA:2;DE:1,low
549300HW662MN1WU8550,,,,unmatched,576697,422119,0,CA:57281;FL:49897;TX:42285;MI:22015;AZ:19328;CO:18178;GA:17047;NC:13671;IL:11397;NY:11157,high
549300FGXN1K3HLB1R50,,,,unmatched,609400,429332,0,CA:42202;FL:31530;TX:30579;MI:22693;GA:21182;NC:18462;OH:16656;PA:16043;VA:14489;NY:13729,high
549300VZVN841I2ILS84,,,,unmatched,190472,125099,0,FL:11987;OH:11011;CA:9599;PA:8399;TX:7734;NJ:7558;IL:5600;NY:5429;AZ:4945;WA:4877,high
B4TYDEB6GKMZO031MB27,,,,unmatched,217492,88530,0,CA:17758;FL:7938;TX:6141;NJ:5136;NC:4880;NY:3897;MA:3551;GA:3440;WA:3420;IL:2889,high
RVDPPPGHCGZ40J4VQ731,,,,unmatched,193807,100816,0,CA:10749;FL:9704;TX:6849;GA:5272;PA:4488;VA:4338;NC:3751;AZ:3232;NJ:3144;OH:2964,high
7H6GLXDRUGQFU57RNE97,,,,unmatched,152415,94243,0,CA:14032;TX:9775;NY:9163;IL:8778;FL:6131;OH:4171;NJ:3325;MI:2995;AZ:2864;IN:2857,high
549300AG64NHILB7ZP05,,,,unmatched,155159,91730,0,CA:9983;TX:8535;FL:7460;NJ:4334;IL:4241;GA:4168;AZ:4138;NC:3969;OH:3505;SC:2670,high
5493001SXWZ4OFP8Z903,,,,unmatched,101400,69159,0,TX:17748;FL:11582;NC:5258;SC:4153;GA:2777;CA:2776;AZ:2406;AL:2376;TN:2122;NV:2059,high
DRMSV1Q0EKMEXLAU1P80,,,,unmatched,119620,68902,0,NY:11000;PA:10441;MA:10235;NJ:7208;OH:4732;RI:3762;MI:3697;NH:3194;CT:3030;FL:2297,high
549300H3IZO24NSOO931,,,,unmatched,77363,56951,0,TX:15642;FL:10692;CA:6607;NC:2756;SC:2694;AZ:2623;IN:1952;NV:1669;MN:1365;CO:1283,high
5493003GQDUH26DNNH17,,,,unmatched,179597,80547,0,VA:9684;FL:8416;CA:6361;NC:5249;MD:5163;GA:5118;TX:4267;SC:2487;WA:2289;PA:2141,high
549300GKFNPRWNS0GF29,,,,unmatched,102677,70098,0,TX:10655;WA:5796;CA:4698;FL:4388;TN:3925;PA:2626;NH:2466;MA:2329;VA:2325;NJ:2257,high
549300DD5QQUHO6PCH70,,,,unmatched,178189,82764,0,TX:6918;FL:5506;NC:4769;VA:4500;GA:4139;OH:3302;TN:3178;IL:2965;MO:2901;PA:2643,high
549300U3721PJGQZYY68,,,,unmatched,129086,70579,0,IL:10217;CA:6248;NJ:4826;MA:4507;TX:3318;FL:3204;PA:3119;OH:2795;NC:2491;CO:2143,high
549300FNXYY540N23N64,,,,unmatched,187594,66567,0,CA:5772;FL:5643;TX:4793;NY:3123;NC:2787;WA:2702;GA:2480;OH:2258;VA:2175;PA:2124,high
549300LYRWPSYPK6S325,,,,unmatched,165453,69982,0,TX:5759;FL:5374;NC:4463;GA:3946;CA:3918;VA:3646;IN:2580;OH:2477;TN:2436;SC:2168,high
549300DD4R4SYK5RAQ92,,,,unmatched,81084,57781,0,NC:8138;WA:5559;VA:4339;FL:4122;PA:3902;SC:2978;GA:2388;TX:2367;TN:2207;CA:1690,high
AD6GFRVSDT01YPT1CS68,,,,unmatched,116536,61280,0,PA:11263;OH:6725;NJ:5755;IL:3711;FL:3475;MD:2948;TX:2930;MI:2885;IN:2802;CA:2688,high
549300AQ3T62GXDU7D76,,,,unmatched,121724,86111,0,TX:6877;WA:5691;MO:5462;CO:4338;OR:4218;CA:4118;UT:3981;NV:3882;GA:3788;AZ:3467,high
549300E2UX99HKDBR481,,,,unmatched,140816,57460,0,TX:5508;CA:5105;GA:4063;FL:3881;IL:3581;MO:2619;PA:2148;MN:1842;WA:1680;NC:1619,high
6BYL5QZYBDK8S7L73M02,,,,unmatched,151786,74632,0,CA:16135;IL:4571;MN:4538;OH:3965;MO:3622;WA:3524;WI:2785;KY:2645;OR:2465;FL:2279,high
549300MGPZBLQDIL7538,,,,unmatched,103697,74450,0,TX:7468;AZ:4724;IL:4215;IN:3665;GA:3631;FL:3153;NC:2993;WI:2947;CA:2867;OH:2685,high
JJKC32MCHWDI71265Z06,,,,unmatched,83470,41001,0,NC:7920;VA:6374;FL:6117;GA:4837;MD:3245;SC:2178;PA:2152;TN:2014;TX:1260;KY:1026,high
KB1H1DSPRFMYMCUFXT09,,,,unmatched,76304,41562,0,CA:9616;NY:2733;FL:2670;TX:2647;NC:2302;NJ:1716;PA:1628;WA:1514;GA:1509;MN:1496,high
549300LBCBNR1OT00651,,,,unmatched,79599,52217,0,CA:4657;TX:3609;FL:3546;GA:2560;IL:1982;NC:1949;OH:1768;VA:1764;PA:1746;AZ:1744,high
254900DTLHVWQ7NP7R34,,,,unmatched,58895,40038,0,CA:8432;FL:4627;TX:3502;AZ:2579;UT:1917;IL:1746;CO:1646;MI:1407;WA:1253;GA:1055,high
03D0JEWFDFUS0SEEKG89,,,,unmatched,46634,23499,0,NJ:6695;NY:4324;FL:2722;MA:1975;PA:1803;SC:1143;CT:1002;NH:997;ME:699;NC:555,high
549300PIL8LFAQ04XC20,,,,unmatched,108788,32174,0,CA:6742;FL:2675;AZ:1610;TX:1571;GA:1319;NJ:1279;NC:1116;WA:1086;VA:1024;CO:963,high
549300MZ8VZJOVC63092,,,,unmatched,45691,29401,0,CA:6409;TX:3781;FL:2662;UT:2249;GA:1421;OR:864;PA:782;WA:727;AZ:672;TN:597,high
EQTWLK1G7ODGC2MGLV11,,,,unmatched,68709,30269,0,FL:5826;AL:5523;TN:5322;GA:2869;MS:1886;LA:1282;TX:1252;MO:1188;IL:1168;AR:1129,high
254900UL88QFG0E40516,,,,unmatched,72355,33415,0,CA:5234;FL:2872;GA:1717;OH:1553;IL:1432;AZ:1416;NC:1212;NJ:1197;VA:1180;MI:1090,high
549300XQVJ1XBNFA5536,,,,unmatched,157783,28058,0,TX:6763;FL:2098;MI:1623;AL:1274;CA:1262;GA:1218;SC:1207;LA:1097;MS:1068;OK:888,high
5493006VAGP3GQ8FJT49,,,,unmatched,45169,25528,0,CA:3237;FL:2385;OH:1967;PA:1829;NC:1435;GA:1388;TX:1379;NJ:1139;MI:1128;MO:909,high
254900ZFWS2106HWPH46,,,,unmatched,34318,23410,0,CA:3975;FL:3741;TX:3136;NJ:1490;AZ:1127;GA:977;CO:741;WA:701;OH:688;OR:635,high
549300RPOGWJRH63HS39,,,,unmatched,51423,37767,0,OH:5380;MI:4118;TX:3238;FL:2495;IN:2257;NC:2127;PA:1934;IL:1655;TN:1404;KY:1069,high
549300121SF0K2LN2804,,,,unmatched,33320,24706,0,TX:6358;SC:1561;MO:1496;NY:1278;CA:1208;OH:1134;FL:931;PA:746;WA:716;AZ:610,high
L9VVX1KT5TFTKS0MLF66,,,,unmatched,21831,14381,0,NC:6984;SC:3577;CA:1383;VA:664;GA:442;FL:266;MA:197;TN:106;AZ:95;TX:92,high
E57ODZWZ7FF32TWEFA76,,,,unmatched,33959,15812,0,CA:5786;NY:3687;IL:1251;NJ:707;FL:565;TX:506;MD:400;WA:317;VA:311;DC:281,high
549300J7I82PNDVU8H22,,,,unmatched,29739,16337,0,CA:7327;FL:1580;TX:1270;MD:564;IL:454;AZ:439;GA:412;NV:368;MA:335;VA:312,high
5493001WHVQBGRSWEU75,,,,unmatched,25005,17312,0,CA:3155;FL:2433;NY:1590;TX:1135;NJ:989;GA:669;AZ:590;VA:485;NC:461;CO:424,high
5493000YNV8IX4VD3X12,,,,unmatched,121666,19996,0,NC:2515;SC:2449;TX:2045;GA:1956;TN:1509;IN:1449;AL:1426;KY:1150;FL:844;OH:738,high
549300XWUSRVVOHPRY47,,,,unmatched,28287,16190,0,FL:2938;TX:2750;GA:2402;CA:1342;MN:915;NY:748;MI:631;KY:499;CO:448;TN:425,high
549300YIQ7S7Z8PIHE53,,,,unmatched,94427,24298,0,FL:1667;CA:1635;NC:1353;GA:1343;TX:1068;PA:997;OH:991;VA:957;NJ:888;IL:882,high
IUGPUX5LWRZ3B6KIZ697,,,,unmatched,18359,13184,0,GA:5627;SC:1857;FL:1846;VA:724;NC:634;CA:484;MD:455;TN:394;AL:363;IL:140,high
2549005SIVTHG14U2905,,,,unmatched,24436,14692,0,FL:5245;CA:1446;TX:1050;NY:948;IL:550;GA:471;AZ:471;NJ:453;PA:339;SC:296,high
549300KIOYNU323LVJ37,,,,unmatched,34217,24774,0,CA:3554;IL:2402;TX:1947;WA:1911;FL:1750;AZ:1562;GA:1405;OR:860;TN:854;OH:854,high
549300OPCWU6E72WUT29,,,,unmatched,41778,24192,0,CA:1845;FL:1510;NC:1387;OH:1270;IL:1245;TX:1178;GA:1042;AZ:855;VA:839;TN:821,high
549300O6Z0I6KYMESL47,,,,unmatched,19692,12091,0,CA:4633;FL:1634;TX:1476;GA:546;UT:295;NJ:281;AZ:251;VA:241;PA:236;IL:224,high
5493001GCBD5XGNIC815,,,,unmatched,93158,21244,0,CA:3015;FL:2383;OH:1359;IL:1213;PA:1032;NC:962;VA:824;NJ:811;AZ:786;MI:772,high
54930001NSTOD85LT125,,,,unmatched,24645,15934,0,CA:1539;FL:1458;PA:1342;NJ:1110;IL:970;TX:965;MA:816;MO:782;MN:709;OH:676,high
QFROUN1UWUYU0DVIWD51,,,,unmatched,75426,39534,0,OH:12389;MI:6106;IN:4817;IL:4111;FL:3553;KY:3150;NC:2216;TN:971;SC:863;GA:691,high
984500U2F9A83N391A91,,,,unmatched,18971,11067,0,FL:2262;CA:1367;TX:1262;NY:950;NJ:917;GA:409;AZ:367;PA:308;CT:294;NC:293,high
5493005PKOSG7MYX0B34,,,,unmatched,28926,20869,0,PA:2325;VA:2141;MN:1746;NC:1281;MD:1233;NJ:1060;GA:1024;CT:862;WI:782;AZ:775,high
549300JYXTZDSPJEPI44,,,,unmatched,23886,14594,0,TX:1897;FL:1239;NY:1222;CA:1056;PA:866;MN:713;MI:555;NC:515;IN:489;IL:475,high
549300RN01LBYR8ZVX74,,,,unmatched,29643,17905,0,TX:1752;FL:1721;OH:1641;SC:1492;IL:1191;CO:1189;NC:1047;GA:846;VA:635;MD:581,high
549300RWXUAFD1WAE410,,,,unmatched,16717,13070,0,NC:6049;VA:4244;SC:955;GA:731;KY:389;FL:221;MD:169;AL:134;TN:63;IN:52,high
5493001GDRY0EL7VG372,,,,unmatched,20194,15382,0,TX:4151;KY:1179;CO:914;FL:795;CA:751;SC:545;TN:524;MI:399;GA:387;AZ:384,high
54930054ET8KM4O1D485,,,,unmatched,55546,16189,0,CA:1778;FL:1042;NC:865;TX:858;NJ:752;IL:709;GA:704;PA:668;OH:585;VA:529,high
549300NOCASXPA34X033,,,,unmatched,69562,16372,0,FL:1488;TX:1422;CA:1244;GA:829;AZ:635;NC:610;VA:600;CO:583;WA:518;TN:495,high
549300370QILXLFUWD20,,,,unmatched,20147,14357,0,TX:1648;FL:1590;CA:1176;GA:1124;NC:1090;CO:635;AZ:603;MI:599;OH:481;VA:436,high
549300XY701IELCE5Q08,,,,unmatched,45682,14567,0,CA:1786;TX:1143;FL:1004;GA:685;NC:664;NJ:658;CO:512;OK:493;WA:480;IL:476,high
5493008NWHQT1R22C024,,,,unmatched,22722,13125,0,FL:1724;CA:1554;VA:897;TX:880;NY:827;AZ:698;MI:616;GA:565;SC:484;IN:429,high
549300MCIFZSDHUT8X63,,,,unmatched,24275,18920,0,OH:3308;MD:2255;FL:2000;VA:1310;NC:1137;TX:1055;NJ:1051;AZ:897;WA:843;CO:659,high
54930021WPEXNHYZUL09,,,,unmatched,18947,14467,0,TX:1597;FL:1206;GA:1125;CA:1003;PA:597;LA:585;VA:490;NC:417;OH:417;ID:411,high
549300R9S3MVDV4MGF56,,,,unmatched,52143,15089,0,FL:1296;CA:1022;GA:873;TX:848;IN:732;NC:680;OH:675;NY:576;MI:570;TN:533,high
549300GS0W0TEUQS8571,,,,unmatched,14182,10740,0,CA:1957;FL:990;NY:947;TX:573;NJ:548;MA:449;CO:427;IL:381;WA:350;GA:322,high
549300VORTI31GZTJL53,,,,unmatched,18123,12305,0,TX:2136;FL:1187;IN:791;TN:697;WI:497;NC:467;GA:453;MN:448;PA:446;NY:375,high
549300CB67L6KPJLHE19,,,,unmatched,72633,14578,0,TX:2321;CA:1644;MI:1245;MS:1014;FL:774;LA:606;AL:587;PA:553;WA:550;OR:426,high
5493004AS1SPBQOFDR49,,,,unmatched,14858,8804,0,CA:2752;FL:1313;TX:1230;NJ:438;CO:244;AZ:210;NC:195;MI:195;VA:193;TN:172,high
549300K4ZLGS7SRDTL86,,,,unmatched,28384,12086,0,FL:1337;CA:1126;TX:988;GA:737;LA:646;AZ:508;NC:500;TN:491;OH:431;PA:425,high
549300KTR1JGH3K6LU06,,,,unmatched,17668,7240,0,NY:4085;CA:552;FL:358;NJ:336;GA:195;NC:136;CT:119;PA:113;IL:112;WA:111,high
549300FX7K8PTEQUU487,,,,unmatched,26508,11278,0,VA:1455;CA:1113;TX:1055;FL:972;MD:652;GA:541;NC:517;NJ:449;PA:338;AZ:290,high
549300F8C5JA44WNMI75,,,,unmatched,18919,12172,0,VA:2520;NJ:1899;FL:856;NY:768;CT:755;MA:739;OH:544;IN:489;PA:397;RI:334,high
549300RA3E0BUFO7YZ21,,,,unmatched,14901,7540,0,FL:1457;CA:1424;TX:795;NY:714;NJ:302;GA:259;NC:179;PA:177;AZ:172;TN:151,high
COOWI3L2W9TPYR3WJX37,,,,unmatched,13363,8447,0,TN:2513;LA:1305;FL:1045;TX:905;NC:690;AR:628;GA:426;AL:320;MS:167;MO:110,high
5493002B2WMHY23GFK92,,,,unmatched,15900,11444,0,FL:1201;TX:938;NC:727;AZ:557;MO:535;TN:529;SC:473;OH:451;CA:440;GA:433,high
549300S5YL3OH0IVCS62,,,,unmatched,12584,8696,0,CA:2527;FL:786;TX:524;AZ:401;NY:368;WA:337;CO:303;NJ:280;NC:254;GA:195,high
549300VCMRO4ST680C11,,,,unmatched,32888,10858,0,TX:1052;FL:935;CA:770;GA:706;NC:705;VA:580;MO:413;SC:382;OH:351;TN:349,high
549300FK3AFCFVAPH234,,,,unmatched,7697,6274,0,MA:4926;NH:248;CT:177;RI:124;FL:114;ME:60;CA:58;TX:53;NC:51;NJ:37,high
254900RUCO27MVGTO768,,,,unmatched,20166,9270,0,NY:1687;NJ:1215;IL:1106;OH:564;PA:540;FL:432;CT:324;GA:317;TX:281;IN:258,high
254900HA4DQWAE0W3342,,,,unmatched,15379,9160,0,TX:1692;GA:705;FL:619;CA:540;PA:524;IL:452;IN:431;OH:396;AL:335;TN:311,high
C5654JQHZUHN0772B561,,,,unmatched,26635,11693,0,TX:1101;FL:825;NC:681;GA:562;VA:488;TN:407;OH:397;PA:348;MO:340;SC:332,high
549300Y5Y88FQLI7VE83,,,,unmatched,14122,8066,0,FL:1549;CA:1010;TX:738;NC:355;GA:352;NJ:274;OH:265;PA:231;VA:205;IL:205,high
549300R0SXC1JU7ZU290,,,,unmatched,13447,10308,0,TN:2461;OH:1167;MI:696;FL:575;GA:520;VA:503;AL:495;PA:402;KY:386;IN:376,high
X05BVSK68TQ7YTOSNR22,,,,unmatched,68974,9711,0,CA:813;FL:771;TX:649;IL:493;NY:467;GA:466;NJ:451;OH:397;PA:392;VA:317,high
549300T3F9S1MKFKHC53,,,,unmatched,6908,5674,0,NY:4005;PA:479;CT:407;MA:154;NC:95;FL:72;WI:49;TN:42;SC:40;MI:39,high
54930049L5WINET09Q97,,,,unmatched,16126,10736,0,FL:2049;TX:1245;AZ:1032;OH:780;AR:515;MO:431;NC:399;TN:377;GA:377;NM:339,high
549300R77W0P105C3S50,,,,unmatched,14377,7980,0,CA:1332;FL:1325;TX:930;AZ:254;GA:254;OH:210;PA:201;NC:197;TN:196;AL:188,high
254900E6AIE4Z8YQM970,,,,unmatched,11513,6978,0,CA:1470;FL:1222;TX:651;NY:357;NJ:278;AZ:267;GA:252;HI:244;SC:197;NC:181,high
549300SK2GVCQXPD4S58,,,,unmatched,16278,8918,0,CA:1697;TX:1058;FL:658;AZ:538;GA:358;IL:304;PR:289;OH:247;NC:246;VA:245,high
5493005JPZ3LXXMB0S24,,,,unmatched,8168,6000,0,FL:2916;SC:805;AL:319;NC:313;TX:270;GA:262;KY:208;AZ:206;CA:130;IN:98,high
549300CDOC4F7XSRG390,,,,unmatched,8293,5548,0,TN:2808;NC:1222;SC:417;VA:248;AL:224;GA:200;FL:107;MD:82;KY:51;MS:51,high
549300KSOOZZVXCMA627,,,,unmatched,10229,6232,0,FL:1936;CA:979;TX:491;GA:268;SC:250;NC:246;VA:201;NJ:153;PA:147;AZ:137,high
549300YN94MOAVYW0F52,,,,unmatched,21298,9778,0,CA:1030;FL:819;TX:667;IN:664;AZ:631;OH:614;GA:475;NC:468;VA:353;TN:352,high
549300KJ8PAJ7E52HG32,,,,unmatched,20196,12504,0,FL:1839;SD:1570;AZ:1203;TX:1036;UT:934;CO:484;GA:407;MN:377;NE:357;CA:304,high
549300GTVXJ2PGXNLM73,,,,unmatched,12024,9307,0,TX:1195;FL:869;NC:762;OH:610;SC:592;KY:592;CT:447;VA:334;IL:302;AR:278,high
3Y4U8VZURTYWI1W2K376,,,,unmatched,35659,16529,0,IL:3906;CA:3818;WI:2970;IN:1029;AZ:962;CO:755;MN:487;MO:324;NE:297;FL:285,high
SS1TRMSN6BRNMOREEV51,,,,unmatched,19117,9656,0,MI:2677;TX:943;CA:934;FL:737;IN:410;NY:367;GA:351;AZ:303;OH:300;NJ:204,high
254900TTZ395IC926125,,,,unmatched,10564,7434,0,CA:2290;TX:605;OR:449;KS:368;FL:341;AZ:307;MA:268;CO:267;TN:243;MD:215,high
549300T94GSH3C4U5M59,,,,unmatched,14981,8359,0,CA:1937;IL:777;FL:679;WA:593;AZ:482;CO:385;OR:353;GA:331;NJ:280;VA:212,high
5493009B17HXCVXTD608,,,,unmatched,8061,5353,0,CA:1541;FL:1292;TX:353;AZ:252;NJ:208;IL:199;UT:153;GA:129;WA:129;CO:111,high
254900O2K17TNH5CL873,,,,unmatched,8594,6766,0,TX:900;OH:776;NJ:692;FL:624;PA:592;IL:565;MA:433;MD:311;NC:248;MI:202,high
54930034MNPILHP25H80,,,,unmatched,11008,7952,0,TX:2178;OK:1547;SC:653;KS:533;AR:350;NJ:337;WV:337;MO:254;FL:223;NM:216,high
549300EKFFG3BU8DNX74,,,,unmatched,10644,5793,0,CA:1752;FL:672;TX:565;AZ:358;WA:190;GA:182;NJ:179;IL:168;PA:142;CO:119,high
2549001SI0EMFPT39035,,,,unmatched,10748,7401,0,FL:1568;WA:861;CA:706;OH:605;NJ:358;TX:357;GA:340;AZ:316;MI:262;AL:162,high
549300INFJ8TYNZ1G568,,,,unmatched,6522,6065,0,CA:1748;FL:485;TX:359;CO:314;WA:265;AZ:233;IL:200;NY:192;NJ:178;NC:172,high
549300EMNDEK4BA8WB53,,,,unmatched,8399,6547,0,NH:806;FL:742;PA:717;NJ:658;VT:644;MA:523;GA:375;VA:364;NC:314;MD:228,high
PAOOWF3GUFM46FBSP561,,,,unmatched,20501,7655,0,CA:800;TX:669;FL:485;VA:355;GA:309;AL:289;AZ:265;NC:262;TN:247;CO:244,high
549300NWBS6MQJX15N44,,,,unmatched,7805,5717,0,CA:1262;TX:1171;GA:488;AZ:284;FL:275;WA:270;IL:229;PA:169;CO:168;MN:127,high
549300BX448ALT10FI43,,,,unmatched,20909,8296,0,IL:809;NY:620;NJ:552;VA:437;NC:413;OH:408;FL:397;PA:379;GA:356;CA:265,high
549300DMYENRV818D594,,,,unmatched,8506,6441,0,TX:1607;GA:638;TN:631;CO:511;MN:476;VA:456;MD:424;AR:355;FL:329;PA:299,high
549300T9P3WXNMXX0I34,,,,unmatched,11998,8425,0,WI:1245;PA:1110;OH:1044;NC:765;FL:693;IL:563;IN:394;TN:333;VA:290;TX:224,high
549300CLRXFVF83ZL806,,,,unmatched,5839,3929,0,NY:2070;NJ:486;FL:463;PA:182;NC:102;MD:98;CT:83;OH:63;TX:57;GA:56,high
254900VELJPWWT51WN03,,,,unmatched,5625,4489,0,CA:1623;WA:364;TX:314;GA:307;MA:300;NC:289;NY:229;FL:142;NJ:123;OH:104,high
HUX2X73FUCYHUVH1BK78,,,,unmatched,15640,8717,0,NY:2485;OH:2071;WA:869;PA:597;IN:489;OR:470;CT:299;CO:227;ME:223;ID:180,high
549300ZWNETGFXTBBY03,,,,unmatched,13173,8449,0,GA:1431;AL:1135;WA:886;TX:724;UT:506;ID:413;OK:337;TN:330;NC:313;NV:293,high
549300SUCQ1358EGVE89,,,,unmatched,45543,8395,0,FL:805;NC:548;GA:542;OH:452;AL:393;VA:372;PA:367;SC:330;TN:325;MI:311,high
549300DE8TS4EYTPX729,,,,unmatched,5588,4153,0,NJ:1545;PA:992;FL:445;IL:355;TX:171;MA:141;ME:133;LA:87;MD:64;VA:39,high
549300EM8ID8J7F8OM55,,,,unmatched,9081,7383,0,VA:2637;SC:1380;MD:1160;NC:691;FL:603;GA:452;WV:267;DC:86;PA:46;MA:17,high
549300PBTV7FCWLSMM53,,,,unmatched,9758,6224,0,TX:1363;GA:446;CO:423;NC:404;FL:380;OK:315;CA:260;AL:227;MS:224;NM:223,high
549300R7HGHP2I754087,,,,unmatched,9404,7331,0,IL:1045;TX:784;FL:695;GA:640;AL:618;MI:430;SC:350;LA:296;NC:279;CO:224,high
5493003V40VGM7YDFM54,,,,unmatched,13160,8831,0,UT:2983;WI:802;CA:772;NJ:570;FL:427;ID:415;PA:374;TX:278;GA:253;TN:189,high
5493009BD405QQTMXO12,,,,unmatched,8542,4943,0,FL:715;TX:681;ID:535;GA:355;CO:335;SC:304;NV:266;NJ:263;PA:256;NC:249,high
549300TA4MQM8WN2XG31,,,,unmatched,9454,5106,0,FL:504;PA:494;NJ:395;CA:388;TX:381;NY:356;IL:278;OH:277;MI:227;GA:185,high
549300Q50XCC0473FG63,,,,unmatched,10408,5048,0,CA:1243;NY:460;FL:389;NJ:308;AZ:246;WA:207;VA:171;NC:137;TN:136;IL:123,high
549300MHH03ICJYEPE85,,,,unmatched,8187,5120,0,CA:1040;FL:396;TX:315;NY:235;AZ:220;UT:193;MA:191;TN:179;CO:166;NC:147,high
54930052M48FOD3CWA54,,,,unmatched,13770,9570,0,MD:1466;NM:1071;RI:690;FL:582;NC:479;TX:475;CO:384;CA:363;UT:355;TN:283,high
KI0VI4JRMCIJ329YTN75,,,,unmatched,4576,3036,0,NJ:1659;NY:656;FL:507;AL:99;PA:40;CA:10;CT:10;SC:9;NC:9;IL:6,high
2WHM8VNJH63UN14OL754,,,,unmatched,90347,51203,0,OH:24819;MI:10932;IL:4352;IN:2547;PA:1812;MN:1707;WV:1148;KY:903;CO:675;WI:664,high
213800XR2TCBQJSF1X93,,,,unmatched,11823,6849,0,MO:523;TX:518;KS:430;FL:383;NC:354;WA:335;CA:313;GA:257;VA:252;IL:206,high
5493000EUC3MM52PJV85,,,,unmatched,4889,3122,0,CA:2354;FL:223;TX:92;AZ:81;NV:64;NJ:46;WA:28;GA:25;CO:20;VA:17,high
549300LROQOOQU77WS20,,,,unmatched,12661,5807,0,CA:537;TX:435;NC:318;WA:301;GA:291;FL:263;NJ:234;VA:233;CO:195;IL:189,high
254900QNIR86GUIRYH95,,,,unmatched,6105,3059,0,CA:1861;TX:290;FL:284;NC:89;GA:80;AZ:48;VA:46;CO:42;NJ:36;NV:34,high
549300ZPSJZO10ZAX556,,,,unmatched,9325,4494,0,FL:621;TX:462;CA:274;NY:256;OH:253;NC:214;GA:174;PA:172;SC:160;NJ:156,high
549300QKL5FUBZ8LSF50,,,,unmatched,8223,5926,0,OR:1427;CA:840;PA:570;WA:435;MA:314;FL:268;NJ:191;IL:190;TX:184;OH:183,high
5493005PD34O8ZT7QT17,,,,unmatched,10284,7256,0,OH:1513;PA:757;IL:469;MI:431;MO:365;NJ:321;TX:319;AL:292;GA:244;NY:241,high
549300DCGBXW5FJMV921,,,,unmatched,3255,3255,0,CA:2145;CO:168;TX:163;GA:124;WA:96;FL:94;IL:75;VA:60;MD:57;NJ:49,high
549300JPGMCMBEJEK584,,,,unmatched,8289,3877,0,MA:1769;NH:651;GA:184;NJ:153;CA:148;FL:94;TX:89;VA:64;IL:52;PA:51,high
5493008VVXQIDO1EZ460,,,,unmatched,8405,5759,0,CA:951;OR:805;TX:471;TN:425;GA:378;ID:300;WA:299;MO:295;IL:264;NV:241,high
2549002VH9C0PKB8K153,,,,unmatched,5687,3056,0,CA:933;NY:575;FL:388;NJ:317;TX:139;CT:89;PA:69;MA:49;GA:47;IL:45,high
549300LLKEKXL2RM1F61,,,,unmatched,4309,2839,0,NY:1919;PA:226;FL:183;NJ:142;AL:69;TX:53;CT:49;MI:29;SC:26;NC:21,high
Q708HHR4LD2B7XIZNO92,,,,unmatched,7944,4687,0,FL:899;GA:410;SC:336;NC:251;TX:177;WI:176;IL:163;MO:154;VA:147;MN:131,high
549300YW2UBCMDRMBT48,,,,unmatched,4966,3953,0,NY:644;OH:587;NC:562;PA:364;TN:272;VA:190;GA:180;FL:177;SC:160;IN:99,high
54930059GZZ7G4G40O53,,,,unmatched,3918,2858,0,TN:1004;NC:922;TX:376;VA:132;SC:117;FL:69;MN:42;AL:36;GA:21;MI:13,high
5493002N5168AC238149,,,,unmatched,3613,2638,0,NJ:2071;PA:289;FL:42;VA:35;MD:26;TX:26;NY:25;NC:17;CT:13;SC:12,high
5493002Y5XYV7DV1ZV88,,,,unmatched,11225,6891,0,FL:1346;MI:1280;TX:409;IN:364;NV:325;NC:308;CO:278;WY:244;WA:213;OH:203,high
984500F6E6940CCB6A60,,,,unmatched,4550,2966,0,NY:532;TX:458;CA:403;NJ:403;FL:227;IL:112;GA:76;TN:75;PA:70;MO:58,high
549300PL267CW8182203,,,,unmatched,11290,4203,0,TX:477;FL:416;GA:412;CA:409;VA:330;AZ:273;CO:169;NC:157;TN:157;WA:110,high
549300A5HHOL2ED18C72,,,,unmatched,6706,3194,0,CA:1372;FL:389;TX:211;LA:85;WI:71;MD:62;OH:61;NC:58;MI:55;IL:55,high
549300BBKMRS6J0CB539,,,,unmatched,4005,2955,0,TX:2153;IL:171;VA:119;IN:117;FL:102;OK:88;MO:56;NV:25;AZ:14;AL:13,high
254900F9ZTVTX763V835,,,,unmatched,3196,2432,0,NJ:1831;FL:210;PA:148;VT:61;IN:53;NY:29;CA:19;NC:17;SC:14;CT:8,high
254900CTT87ZKAUTIJ37,,,,unmatched,7767,4886,0,PA:577;OH:524;TX:373;FL:354;MD:352;CA:261;MI:219;GA:217;MO:208;OK:194,high
549300HRLROF7PLJ6735,,,,unmatched,4575,2742,0,CA:898;FL:661;TX:286;GA:157;WA:61;TN:59;AZ:57;UT:47;MD:46;NV:44,high
549300BLL6VL7AXWYP56,,,,unmatched,9652,6052,0,TN:627;TX:609;NE:513;MI:454;WA:351;ID:234;OR:219;OH:218;MD:194;CA:189,high
549300NFPC3Y4W3Y7R87,,,,unmatched,7552,4267,0,VA:747;TX:623;SC:342;NC:297;CA:292;GA:272;IN:240;NM:234;FL:225;MT:168,high
54930048P8RWCQHQM310,,,,unmatched,5439,3131,0,CA:504;NY:503;FL:380;TX:240;NJ:231;AZ:117;MA:110;CT:108;MD:89;CO:86,high
549300WK15ESCDNJ5M35,,,,unmatched,3189,2227,0,NC:1002;NY:787;PA:214;SC:112;FL:38;MD:19;NJ:12;VA:9;MA:7;CO:5,high
549300G4ESSS6M0MEG51,,,,unmatched,9605,5971,0,IL:1723;CA:1252;WA:895;CO:383;TX:299;NC:292;MD:261;FL:109;IN:85;WY:70,high
549300UXY7OP0IC38293,,,,unmatched,10377,6396,0,KY:1184;MI:572;FL:524;CO:486;MA:288;GA:219;TN:219;IN:218;UT:207;CA:205,high
549300R8VPSFM828B312,,,,unmatched,3894,2211,0,NY:1805;CA:177;FL:55;NJ:33;NC:19;PA:15;TX:13;WA:12;TN:11;AZ:9,high
549300VJQJVZKJBDWS17,,,,unmatched,9038,6553,0,CT:3299;MA:1361;NH:320;ME:313;FL:201;NY:185;RI:148;MD:119;PA:117;NJ:112,high
549300VQUTI5IU7GXT57,,,,unmatched,9801,5896,0,UT:1700;TX:1288;AZ:548;NV:328;FL:286;GA:253;WA:156;CO:149;CA:127;HI:122,high
5493000349C5XXDRQX28,,,,unmatched,5151,2780,0,CA:928;FL:451;TX:246;AZ:169;NY:139;CO:101;PA:80;NJ:73;VA:64;WA:62,high
549300GWD9H4FQ2VR805,,,,unmatched,4480,3386,0,CA:552;FL:316;NY:308;TX:200;CO:163;NJ:139;WA:130;MA:124;NC:111;AZ:98,high
254900DRSIZBQXDCJ875,,,,unmatched,2409,2409,0,FL:590;CA:463;TX:382;GA:205;NC:175;TN:85;PA:70;VA:61;OH:53;MD:28,high
2549004Z576VEJBK3N72,,,,unmatched,4063,2542,0,FL:640;CA:361;NY:343;NJ:236;TX:128;GA:98;AZ:69;PA:63;IL:63;MA:60,high
5493003NV9L53LK1XI52,,,,unmatched,3773,2244,0,CA:1753;FL:82;TX:73;NV:38;AZ:34;NJ:27;VA:27;CO:23;GA:21;IL:20,high
549300PQLK8E48ILXV41,,,,unmatched,7850,4388,0,CA:533;FL:421;MI:227;TX:213;LA:192;AZ:190;MO:161;GA:156;NC:154;IL:149,high
549300UR5AOWTJJ7KZ64,,,,unmatched,5432,3529,0,FL:505;CA:468;TX:301;UT:146;AZ:133;GA:129;MA:119;SC:118;WA:111;IL:106,high
549300J6N77Q8OHYNF23,,,,unmatched,7828,5501,0,TX:419;CA:416;WA:388;NC:341;IL:291;MD:267;MO:214;NH:193;GA:188;MA:176,high
5493005ICQ3QGEIWV618,,,,unmatched,3357,2224,0,NY:956;NJ:297;PA:296;FL:157;TX:101;OH:52;CT:50;GA:42;SC:42;MI:24,high
549300VMX06UV1F7NS76,,,,unmatched,5690,4240,0,MI:955;FL:429;PA:390;GA:343;TX:255;TN:237;KY:231;OK:184;NC:159;WV:155,high
549300ALNLUNS3Y53T24,,,,unmatched,26611,5416,0,CO:1398;GA:491;TX:304;FL:274;OH:189;NC:168;CA:163;PA:147;IN:122;MI:111,high
254900WEP08K7U7S3A80,,,,unmatched,8177,6568,0,WI:943;TX:709;OH:658;AZ:564;MO:385;OR:304;IN:252;NV:222;IL:210;MS:209,high
549300T7HRS5DVBUPQ06,,,,unmatched,3766,3018,0,GA:1234;FL:235;CO:226;IN:182;AZ:181;NC:142;OH:137;AL:121;SC:55;WA:50,high
98450087981AP406JG03,,,,unmatched,3264,2642,0,CA:1294;WA:138;HI:134;FL:97;UT:96;TX:94;NY:70;GA:70;CO:64;TN:57,high
5493004UNRG4PWDF2K60,,,,unmatched,3434,1920,0,NJ:1476;NY:106;PA:60;CT:53;FL:49;NC:25;CA:19;VA:16;SC:13;MD:11,high
5493001X0T84TYRJ5Y59,,,,unmatched,3372,2086,0,CA:1029;FL:372;TX:130;GA:83;WA:40;AZ:37;NC:36;MI:31;TN:27;OH:26,high
254900TG14TB8RKS3U42,,,,unmatched,5372,2569,0,FL:435;PA:345;TX:260;CA:165;NC:159;AL:142;GA:127;VA:89;TN:83;NJ:75,high
549300REENMLD2RN3W58,,,,unmatched,5575,4097,0,KY:757;GA:741;MS:426;AL:214;SC:204;IN:198;TX:153;FL:142;TN:90;CA:83,high
549300COIWXM618UBE82,,,,unmatched,2938,1925,0,NC:880;CA:506;TN:123;WA:69;VA:66;FL:59;SC:56;OR:40;AZ:34;GA:19,high
549300GCEUZLVML1J263,,,,unmatched,2393,1885,0,MA:908;PA:474;MD:101;NC:74;NH:71;GA:66;FL:48;RI:42;TX:26;ME:23,high
549300ZIQ24V0C88AC41,,,,unmatched,3616,2102,0,FL:933;CA:430;WA:89;TN:86;AZ:78;MD:69;OR:65;NC:59;GA:31;NJ:29,high
C398JSK21YCXWM603F55,,,,unmatched,11708,7752,0,IL:2719;WI:1224;CA:371;IA:328;FL:252;MN:237;MI:223;NY:179;TX:179;NC:174,high
549300PL8ER6H23P0Z91,,,,unmatched,6554,4443,0,WA:476;IL:470;CA:426;MD:368;TX:302;CO:257;VA:190;FL:180;OR:180;KY:166,high
549300GRGZDEH4ZGQS06,,,,unmatched,9623,7079,0,NM:2064;FL:832;OK:493;TX:430;VA:402;WI:395;AZ:386;ID:349;MO:235;MD:195,high
549300RYWXR8TL5LIK35,,,,unmatched,4057,2151,0,PA:518;NJ:483;NV:151;CA:116;NY:109;FL:87;OH:75;NC:66;MA:66;CO:50,high
CKVBED0S4DMLKJJ5XH28,,,,unmatched,5127,4497,0,MO:1522;CA:364;FL:265;IL:150;TX:142;NY:138;NC:122;NJ:119;GA:115;CO:104,high
549300BHPLBG0CXKTL06,,,,unmatched,2265,1531,0,PA:1409;FL:24;OH:24;NC:17;MD:10;VA:10;WV:6;CA:4;NJ:4;CT:3,high
54930078TNN7GKZ7NU89,,,,unmatched,3985,3063,0,VA:809;GA:678;MD:395;NC:215;FL:157;SC:110;TN:86;ND:80;AL:75;NY:62,high
549300RD5IG88VPO6P22,,,,unmatched,4492,2872,0,TX:379;IL:307;NY:250;CA:187;MN:183;NJ:151;MI:136;OH:121;WA:119;VA:111,high
549300BTTR873E71L054,,,,unmatched,3991,3103,0,VA:1016;NC:752;WV:488;SC:311;PA:187;TX:172;MD:134;FL:9;MN:9;GA:7,high
549300G2LV8W3C1G3762,,,,unmatched,4176,2917,0,OH:1027;PA:723;NC:439;MD:183;CT:125;SC:103;FL:98;MA:75;MI:61;VA:43,high
5493000NYUJT9UC6G261,,,,unmatched,8132,5519,0,MO:1526;IL:660;FL:521;CA:395;KS:382;WA:233;AL:224;IN:223;ME:215;GA:191,high
5493004RLLKTQS8K7U51,,,,unmatched,3878,2099,0,TX:639;FL:282;OK:185;NC:127;IL:104;AZ:96;NY:78;CA:78;NJ:51;MA:42,high
549300Q3ROEQU3D1IW91,,,,unmatched,19804,2630,0,TX:464;CA:453;AZ:321;FL:160;WA:152;PA:125;NY:122;LA:114;OR:112;OK:54,high
254900LTD432L5CHIZ48,,,,unmatched,3885,1963,0,CA:920;FL:228;MN:130;VA:101;TX:100;GA:64;AZ:51;OH:48;NJ:39;MD:33,high
549300T5QSL6MC8M4D04,,,,unmatched,3181,1954,0,NY:927;CT:403;NJ:182;FL:112;MA:68;IL:37;PA:22;CA:19;SC:19;TX:18,high
54930091JQKCU3Z6IP44,,,,unmatched,25603,2519,0,GA:284;FL:276;OH:189;TX:151;NC:128;NY:123;VA:120;PA:118;TN:101;NJ:100,high
254900WTZC5SSKIN2M11,,,,unmatched,4245,2709,0,NC:235;IL:187;TX:181;GA:169;MD:143;FL:142;CA:124;CT:119;SC:111;MA:107,high
549300LI3FDGO7UKFF39,,,,unmatched,2628,1602,0,NY:808;NJ:146;SC:102;FL:97;PA:93;OH:83;CT:53;MD:28;GA:24;VA:22,high
254900FBWEZ3YUPOBN33,,,,unmatched,3876,2305,0,FL:269;NC:262;VA:149;SC:137;GA:131;TN:130;TX:120;OH:114;PA:108;IN:101,high
549300Q02LGIN9AXKP98,,,,unmatched,6401,4168,0,OR:1545;WA:857;CA:824;CO:174;AZ:110;TX:97;ID:92;FL:66;GA:63;NC:48,high
5493008ZTV4S0W9DCX64,,,,unmatched,4502,1893,0,CA:461;TX:305;FL:229;AZ:106;GA:85;WA:78;NC:54;NV:53;OR:40;TN:39,high
254900VE4XTOQUE8NZ77,,,,unmatched,4109,1447,0,NY:330;NJ:271;PA:189;FL:118;TX:105;GA:82;CT:65;NC:46;OH:39;MA:25,high
FU7RSW4CQQY98A2O7J66,,,,unmatched,11003,5995,0,OK:2384;TX:1139;CO:853;NM:772;AZ:237;KS:200;MO:147;AR:125;FL:16;OH:13,high
549300RYTR2RVL4SFJ90,,,,unmatched,3013,1893,0,TX:242;FL:241;NC:142;NJ:131;GA:121;MO:113;HI:95;PA:72;CA:65;OH:62,high
549300JZD4L02YZI3Z50,,,,unmatched,1621,1212,0,NJ:840;NY:180;FL:80;PA:38;GA:28;NC:9;CT:7;SC:5;WA:4;TX:4,high
549300AT7EB9FJAF0E61,,,,unmatched,16759,10956,0,IN:2746;IL:2207;MN:1877;MI:1211;TN:999;WI:824;KY:489;ND:135;FL:59;IA:55,high
254900NZOY3XB2DNSZ34,,,,unmatched,2542,1799,0,CA:437;NJ:170;FL:130;MA:120;NY:99;WA:95;IL:89;CT:63;GA:61;PA:51,high
549300C8GOC4OYUV0Z32,,,,unmatched,4824,2639,0,MD:270;OH:262;FL:244;TX:183;PA:140;GA:128;NC:127;MO:105;IN:98;MI:96,high
549300ZZME37MXI1EF14,,,,unmatched,9985,7562,0,MO:3201;OH:849;TX:571;MD:440;MI:357;IL:283;AR:269;WA:192;KY:166;ME:116,high
549300XCVBRR56D08F03,,,,unmatched,12867,2293,0,CA:454;FL:152;NV:108;NJ:102;GA:94;AZ:91;NC:85;OH:82;WA:74;CO:70,high
549300VVH8HHFMWL8536,,,,unmatched,2187,1457,0,TX:529;CA:513;LA:62;CO:52;MS:51;AL:25;FL:25;UT:24;AZ:17;OR:13,high
549300HTMO7FGRKRLV06,,,,unmatched,1803,1200,0,NY:842;FL:112;NJ:84;TX:28;AZ:27;PA:26;CT:20;GA:10;OH:8;NC:7,high
549300XQ7B5FIVUNFE29,,,,unmatched,3603,2428,0,FL:652;MI:441;OH:213;TN:202;IN:187;NC:112;ID:109;NM:104;UT:84;TX:54,high
549300EFCZM6KD6B8K69,,,,unmatched,2260,1578,0,NJ:593;PA:165;TX:120;VA:82;MI:62;MD:62;ID:32;TN:32;NC:30;OK:30,high
549300W45D2J6BT4LX65,,,,unmatched,1745,1727,0,FL:260;CA:195;TX:184;NJ:175;MD:150;VA:124;GA:65;NC:63;AZ:51;SC:46,high
ZXMJHJK466PBZTM5F379,,,,unmatched,2077,1712,0,FL:298;TX:142;CA:122;NC:99;NY:75;CO:74;TN:69;GA:58;SC:54;NJ:49,high
549300MKOZ81ZWTNKB12,,,,unmatched,4545,3094,0,VA:1374;NC:419;WV:332;MD:318;SC:220;GA:197;DC:110;PA:77;FL:16;OH:14,high
2549004XJQQPBYQSMT39,,,,unmatched,2114,1190,0,NY:550;NJ:112;FL:108;CA:87;TX:50;CT:31;MA:29;PA:25;GA:20;IL:17,high
254900WT4HAMDFWH3048,,,,unmatched,3715,1440,0,TX:190;FL:188;CA:164;NC:118;GA:93;PA:66;NJ:65;OH:58;TN:47;NV:41,high
549300S8SHBRCI7UU819,,,,unmatched,5563,3223,0,IL:917;MN:494;CA:229;FL:150;WI:118;NC:115;OH:89;GA:88;IN:76;TN:75,high
549300HCNXMTNGIMAR91,,,,unmatched,2158,1493,0,VA:309;NY:244;NJ:232;MA:167;MD:111;NC:67;GA:44;CA:41;DC:35;FL:34,high
254900BBWJ82FQDQ6823,,,,unmatched,1820,1189,0,NJ:262;TN:132;TX:94;PA:71;SC:70;FL:69;NY:68;MA:61;NC:57;IL:40,high
549300OYEKEORA1GI088,,,,unmatched,1899,1460,0,NC:659;OR:133;KY:127;MT:93;TX:92;SC:80;VA:74;TN:27;FL:27;WA:21,high
254900114YHTRFBALC74,,,,unmatched,1315,1286,0,CA:628;WA:106;FL:84;AZ:63;VA:46;NJ:44;OH:36;TX:33;NV:31;NC:31,high
549300BM4NS8HDJT3X28,,,,unmatched,3351,2646,0,VA:1359;NC:400;WV:210;SC:180;MD:171;TN:111;DC:61;FL:49;GA:46;PA:13,high
254900V6GCDMRQZ34D96,,,,unmatched,1778,987,0,CA:302;FL:217;NY:176;NJ:67;TX:30;AZ:26;PA:22;MA:18;CO:14;CT:14,high
2549005K0ZG1MFV3R260,,,,unmatched,1778,913,0,FL:644;TX:61;CA:44;NJ:38;GA:33;NC:11;SC:9;NY:8;TN:7;IL:7,high
5493008P6YO2KM3EO556,,,,unmatched,5493,4084,0,MI:2600;NY:372;CA:172;VA:153;MD:117;FL:81;CT:70;MA:55;KY:54;IN:52,high
549300ISCZS1R0CJMO47,,,,unmatched,2117,1726,0,TX:255;NC:107;FL:104;GA:77;TN:70;MI:69;PA:67;SC:66;MO:58;IL:55,high
549300KX4S1573HISS22,,,,unmatched,2917,1327,0,CA:417;FL:177;AZ:126;TX:73;WA:45;GA:33;PA:32;NV:29;CO:27;NJ:26,high
549300BXWU32AYWT1A56,,,,unmatched,2637,1675,0,TX:257;MI:227;NY:161;MN:157;IL:131;NJ:90;PA:86;CA:70;OH:68;VA:66,high
549300RM1IZYGQDSNL85,,,,unmatched,6074,1623,0,FL:206;TX:167;TN:152;CO:123;KY:69;NC:60;OH:60;NY:56;MI:52;ID:52,high
549300NT030LXB2A8T82,,,,unmatched,1191,880,0,FL:742;MD:56;NJ:28;TX:18;GA:11;VA:6;NC:5;PA:4;WV:2;DC:2,high
549300N3JBQ15RQ7AV97,,,,unmatched,4212,2983,0,AZ:828;CA:603;NE:295;AL:292;NV:258;VA:219;CO:183;FL:58;TX:45;UT:43,high
QGPGHQ1ENZOOLJRFTH41,,,,unmatched,9405,6248,0,OH:3020;WV:956;PA:657;KY:645;MD:400;IN:241;MI:120;VA:105;FL:30;TN:22,high
549300LZUXCJFE5ONM48,,,,unmatched,1795,1369,0,CA:317;TX:110;FL:98;WA:72;AZ:68;UT:60;SC:53;GA:53;CO:50;OR:46,high
549300TMY3OACQC9U777,,,,unmatched,2045,963,0,CA:407;FL:140;TX:112;AZ:47;WA:28;NJ:27;CO:21;GA:19;NV:14;MD:14,high
549300IJO7NO6VDZPD35,,,,unmatched,3250,2460,0,OK:667;TX:660;MI:649;MD:231;CO:39;IL:38;AZ:26;FL:25;VA:19;PA:19,high
549300IPUHFA5O769M51,,,,unmatched,2126,1689,0,MD:539;CA:437;VA:393;DC:125;TX:87;FL:18;WV:16;TN:10;OR:10;AZ:9,high
5493000IIYWBLONJVJ30,,,,unmatched,2370,1430,0,CA:173;TX:112;FL:91;NC:78;WA:59;MI:55;GA:50;IL:48;MN:48;PA:46,high
54930021DZJ9CEN11D61,,,,unmatched,2604,1550,0,AL:309;FL:185;GA:184;TN:124;OH:99;NV:96;KY:77;MI:58;IN:48;NJ:39,high
5493003B2LEGQHDWRN55,,,,unmatched,1477,885,0,MA:652;NH:72;VA:35;CT:17;RI:14;ME:12;MD:10;NJ:9;CA:9;FL:8,high
25490018IFQOT83Q7H49,,,,unmatched,2239,1623,0,OR:329;OH:275;PA:174;SC:161;CA:98;FL:90;MN:84;TX:56;WI:43;NC:34,high
549300DNWSJUNAWUM003,,,,unmatched,2522,1388,0,NC:247;VA:226;MD:209;PA:92;SC:63;NY:60;FL:57;IL:56;KY:39;DC:34,high
5493004T9SQFCNRQ2L76,,,,unmatched,3132,2358,0,MO:680;IL:638;SC:255;TN:142;FL:106;MS:89;NC:83;NE:73;VA:71;KS:56,high
549300QVGK8WC4HQ3C28,,,,unmatched,1289,810,0,PA:185;TN:124;GA:109;NJ:99;AL:64;FL:54;NC:31;VA:30;SC:19;IL:13,high
549300EL87GZMCVX0Q34,,,,unmatched,917,666,0,NJ:563;NY:28;FL:23;PA:16;VA:7;SC:5;CT:5;TX:4;MA:3;OH:3,high
549300BOXNV8VLRBDT24,,,,unmatched,2879,1363,0,CA:220;TX:86;NC:59;AZ:58;FL:51;GA:45;WA:44;TN:44;IL:41;OH:40,high
254900YPPMV9UM5FUW09,,,,unmatched,1833,1256,0,NC:334;LA:256;MS:126;VA:100;DC:91;GA:80;MD:74;FL:47;IL:28;TX:15,high
549300FOXIQQV5UZD367,,,,unmatched,2842,2098,0,VA:1342;NC:467;MD:133;SC:130;FL:15;DC:3;TN:3;GA:2;PA:1;NJ:1,high
549300PKEQ3Q9S0IXW76,,,,unmatched,5324,3201,0,MI:1072;NV:550;AR:477;NC:475;IN:211;OH:161;OK:59;PA:58;SC:25;FL:20,high
5493003BXKRGHQHRJV38,,,,unmatched,1170,684,0,FL:375;GA:200;MD:24;VA:16;NC:14;MA:11;AZ:5;TX:5;TN:4;AL:4,high
9845005BP6974AE5D838,,,,unmatched,1655,741,0,CA:201;FL:130;TX:78;GA:43;TN:37;PA:32;SC:25;WA:25;NC:20;VA:14,high
254900DSZI6CJXJL6Z14,,,,unmatched,1590,921,0,TX:168;FL:93;GA:66;NC:60;OH:60;IL:48;PA:46;NY:32;TN:29;MI:27,high
254900J2RKTTDJSUWD76,,,,unmatched,861,654,0,TX:250;FL:128;CA:88;GA:38;OH:30;IN:19;NJ:18;TN:16;AZ:14;UT:9,high
549300KQHWNSVCE2MY88,,,,unmatched,1746,1219,0,TX:125;TN:91;NC:65;CA:58;GA:53;IN:53;FL:49;MN:47;OH:46;VA:46,high
549300TK6RZQSFXZHV09,,,,unmatched,2683,1473,0,MI:532;FL:157;PA:110;CA:108;NC:75;OH:68;AZ:54;IN:38;MD:34;TX:32,high
254900U1OBL1MC6M6518,,,,unmatched,734,605,0,PA:364;NJ:82;TX:19;FL:19;NC:10;OH:10;CT:10;VA:7;MI:7;IN:7,high
549300OTLWFQPOOSC346,,,,unmatched,936,717,0,MA:496;RI:164;CT:14;NH:6;NY:5;NJ:5;AZ:5;ID:4;FL:4;PA:3,high
5493001JT9MT3Z3Y3M39,,,,unmatched,1216,801,0,FL:201;TX:95;AZ:72;CA:62;GA:31;WA:29;NC:28;MI:28;NY:23;NV:21,high
5493001YIUWLFRXQUO81,,,,unmatched,1797,1370,0,MN:647;FL:191;PA:159;NC:117;CO:68;WI:58;ID:35;CA:20;MI:19;OR:15,high
5493002QRULT2T40BH09,,,,unmatched,10720,6817,0,MO:3721;KS:2521;CA:186;AR:57;KY:52;TX:51;FL:30;NV:17;MI:16;IL:14,high
2549005FUF02T1IFCA22,,,,unmatched,1029,652,0,FL:165;CA:134;TX:58;NJ:47;UT:19;PA:18;GA:18;CO:16;NC:16;SC:14,medium
2549009X2AG1P20YAJ63,,,,unmatched,2014,658,0,CA:299;NY:38;FL:34;TX:23;NJ:19;AZ:19;WA:18;NV:17;VA:14;NC:13,medium
549300VGMMXKSX821O69,,,,unmatched,951,539,0,NY:339;FL:72;MD:28;NJ:24;IL:14;PA:12;CT:9;SC:7;NC:7;TX:6,medium
549300FFVDRROF85IC57,,,,unmatched,11110,774,0,TX:149;NY:106;MI:99;PA:95;SC:54;OH:44;FL:43;MO:39;LA:24;WV:21,medium
5493007CLWQN2S6IZK91,,,,unmatched,2313,1339,0,VA:128;TX:115;KS:88;MO:71;NC:67;FL:61;AZ:59;GA:55;CA:48;MD:46,medium
549300DW87L2IZ7ZHF47,,,,unmatched,857,467,0,NJ:283;NY:78;PA:37;TX:17;FL:13;NC:5;MI:5;CO:4;CT:3;AZ:3,medium
984500CD6F0743B8F530,,,,unmatched,1261,998,0,GA:124;OH:116;PA:74;FL:61;IN:50;TN:49;NC:48;IL:42;VA:37;MI:32,medium
549300GQDT484LGI9C04,,,,unmatched,6972,609,0,CA:130;FL:89;TX:80;VA:58;NJ:52;AZ:45;NC:40;WA:31;MD:11;OH:10,medium
549300LLESTPOVRG3X73,,,,unmatched,2569,1100,0,KS:151;CA:88;WA:78;MO:67;TX:55;FL:49;NC:47;CO:45;NY:40;IL:33,medium
254900P7WLDQD9IUL038,,,,unmatched,3882,2074,0,NH:1321;MA:184;ME:126;FL:43;GA:41;VT:36;NC:32;CA:29;VA:25;WA:24,medium
549300QIUZLVR1OLDH55,,,,unmatched,5610,3566,0,MI:2770;MN:136;CA:132;FL:99;PA:39;IL:38;GA:35;NC:34;NJ:30;OH:29,medium
549300WHVRE44NRBU558,,,,unmatched,1549,980,0,MD:277;VA:204;FL:148;NC:97;TX:86;CA:30;AZ:20;WA:18;TN:16;IN:13,medium
254900YA1AQXNM8QVZ06,,,,unmatched,951,767,0,CA:85;TX:59;FL:56;IL:34;NY:34;GA:32;WI:32;WA:31;NC:29;TN:27,medium
984500F03B9034CQB904,,,,unmatched,4756,618,0,TX:79;FL:69;NC:60;CA:45;GA:38;OH:36;PA:35;VA:34;TN:29;IN:24,medium
549300JGK6WNKYXQ0821,,,,unmatched,1587,441,0,GA:324;NC:18;AL:17;FL:14;AR:9;SC:6;TN:6;KY:6;PA:4;OK:4,medium
984500P059VACEAAFA22,,,,unmatched,1434,875,0,IL:170;TX:127;NC:111;MD:62;IN:47;CA:38;WI:32;OH:30;FL:28;GA:24,medium
4EP6JBYBTPTQ47LZOB67,,,,unmatched,665,527,0,CA:66;FL:59;MA:51;NY:40;GA:27;NC:22;CO:21;TX:20;SC:18;VA:15,medium
549300SY0ZRUCS4CSY07,,,,unmatched,1017,654,0,VA:128;MD:116;NY:86;NJ:63;CA:40;PA:33;DC:30;GA:25;CT:21;FL:21,medium
HIDXEG9BLUJZKBGUT764,,,,unmatched,1630,1166,0,VA:397;MD:366;DC:220;FL:24;CA:20;NC:12;MA:11;PA:10;CO:10;TX:8,medium
5493009D2COWW65B8673,,,,unmatched,1133,518,0,CA:250;MD:75;FL:37;IL:22;UT:21;VA:17;AZ:15;CO:9;TX:7;AL:6,medium
549300T61O0X0RJMQ375,,,,unmatched,1117,647,0,CA:55;KS:50;MO:49;TX:47;WA:43;FL:41;NJ:39;NC:32;VA:28;IL:23,medium
549300OSZK2W0WJYS771,,,,unmatched,2063,1248,0,VA:766;MD:112;FL:91;NC:62;SC:32;GA:21;PA:20;WV:19;DC:14;TN:14,medium
549300ASFUWYQO0RW077,,,,unmatched,547,420,0,NY:51;TX:49;FL:40;NJ:31;NC:26;PA:21;SC:19;GA:17;OH:16;CT:16,medium
549300I1HK1BBZLKOB84,,,,unmatched,647,455,0,TX:111;CA:55;LA:39;FL:30;NY:27;NJ:17;WA:17;AZ:13;CO:11;CT:11,medium
549300KPHGEE40YQXO21,,,,unmatched,873,472,0,CA:148;TX:52;AZ:28;MI:21;MO:21;WA:15;NM:13;OK:12;CO:12;NV:11,medium
549300K6K2IS7FRS7S09,,,,unmatched,980,644,0,MO:70;VA:59;FL:46;TX:42;AK:37;CA:31;NC:31;AZ:21;GA:20;MI:20,medium
254900EZRN0CBEP77K34,,,,unmatched,1167,563,0,VA:170;MD:86;DC:38;CA:31;FL:18;NC:17;TX:15;IL:15;SC:14;GA:12,medium
549300AOB4S7B0DB7863,,,,unmatched,771,425,0,VA:93;MD:71;FL:54;WV:29;NJ:20;GA:20;CA:18;DC:17;TX:16;NC:15,medium
2549007AU24FVDMNUB40,,,,unmatched,2422,749,0,WI:262;IL:72;MN:69;CA:43;GA:29;FL:25;IN:19;NC:19;OH:19;CO:16,medium
984500FAD1FB7FEGTE82,,,,unmatched,702,330,0,NC:30;TX:27;GA:25;FL:25;CA:23;IL:18;OH:13;MD:13;CO:12;TN:12,medium
5493007Z7FTUKQGFMZ98,,,,unmatched,436,294,0,TX:44;NY:30;GA:28;IL:17;WA:13;FL:12;NJ:11;NC:11;PA:10;CO:9,medium
WKN6AF1FCL7BBYGTGI83,,,,unmatched,1283,714,0,IN:316;FL:34;CA:31;GA:24;NC:22;TN:20;MO:20;IL:17;MI:16;AZ:16,medium
549300KPBZCTMM3Y0061,,,,unmatched,907,661,0,MD:316;VA:96;FL:36;CA:27;NC:24;GA:22;DC:14;TX:12;OH:11;AZ:9,medium
549300TULDV69V2XKY60,,,,unmatched,524,343,0,VA:70;CA:55;MD:52;DC:21;FL:21;AZ:13;NC:12;PA:11;GA:11;NJ:8,medium
254900SUZ313OILKVD67,,,,unmatched,364,302,0,MD:118;FL:64;SC:58;MA:9;CA:8;VA:7;NC:6;NJ:6;OH:5;PA:4,medium
6PTKHDJ8HDUF78PFWH30,,,,unmatched,338,289,0,FL:55;IL:43;CA:35;TX:20;CO:17;WI:14;GA:8;NJ:7;WA:6;UT:6,medium
549300DH8EI64ITBY388,,,,unmatched,315,271,0,CA:26;TX:25;NC:17;CT:16;PA:16;VA:13;NY:13;IL:12;WA:12;SC:11,medium
549300TTPRGSP8DGY569,,,,unmatched,696,471,0,VA:134;MD:113;DC:55;CA:20;FL:14;NC:11;NJ:10;PA:8;OK:8;WV:8,medium
2549009BJ1OZ4H7KTG46,,,,unmatched,363,179,0,NC:67;TX:27;FL:15;OH:8;GA:7;SC:7;HI:6;NY:5;CO:5;TN:4,medium
549300C04BJ0G297NC13,,,,unmatched,556,268,0,TX:26;FL:21;CA:18;PA:16;NC:15;IL:15;NY:13;NJ:10;IN:8;CO:8,medium
549300217ZPIHWEYT887,,,,unmatched,197,184,0,MA:100;CT:36;NY:8;FL:7;NC:7;NJ:5;IL:4;ME:2;MD:2;OH:2,medium
254900HIDMT4ZG09RP47,,,,unmatched,379,273,0,MD:33;TX:26;GA:24;FL:23;NC:20;AL:17;IL:16;OK:15;IN:15;TN:13,medium
549300US45HOXL30J494,,,,unmatched,197,130,0,NJ:89;PA:14;CA:7;NC:5;NV:3;VA:2;FL:2;SC:1;NY:1;GA:1,medium
549300JD1162QW84ZO34,,,,unmatched,818,581,0,RI:315;NY:53;MI:41;AZ:40;MA:24;PA:20;WA:14;CT:13;NJ:12;OH:9,medium
54930032OCUOR526IR93,,,,unmatched,566,374,0,MS:123;GA:24;PA:21;FL:18;KY:14;AZ:13;KS:12;MO:10;TN:10;NC:9,medium
549300D2OYT7VTDY6Z20,,,,unmatched,438,269,0,MD:90;NJ:48;VA:37;FL:14;GA:11;NC:11;CA:8;PA:6;IL:6;DC:4,medium
549300SQKZC6HESYGO25,,,,unmatched,736,258,0,CA:27;VA:24;FL:15;IL:15;NJ:12;NC:11;AZ:10;PA:9;NY:9;OH:8,medium
5493002WVA17MT4UFH84,,,,unmatched,444,191,0,TX:26;CA:19;FL:16;AZ:9;MI:8;PA:8;WI:7;GA:7;UT:7;NV:6,medium
254900KKWIJLOTNP7667,,,,unmatched,169,155,0,NY:43;TX:16;CA:12;WA:11;IN:7;MD:7;CT:6;MA:6;FL:5;AZ:5,medium
5493002YXAOJOQPEGS38,,,,unmatched,584,238,0,MO:35;TX:32;AZ:27;FL:21;KS:12;NC:11;IL:11;VA:10;NE:10;TN:9,medium
549300ELLMUEKP1JHB70,,,,unmatched,264,225,0,VA:72;MD:42;TX:27;CA:16;NJ:16;NV:10;GA:9;FL:9;IL:7;WA:3,medium
549300KR4ZW8KJC82O47,,,,unmatched,529,433,0,KS:224;MO:42;TX:27;AK:15;TN:13;FL:11;CO:8;MS:6;VA:6;NC:6,medium
B94HV8SXGDD3J5XESU08,,,,unmatched,1615,1172,0,IL:1046;AZ:25;NY:15;FL:13;WI:12;MI:12;IN:6;WA:4;PA:4;SC:3,medium
549300H8JJI69WD7I525,,,,unmatched,2156,1643,0,OH:1250;IN:294;KY:35;MI:29;FL:13;PA:7;SC:4;AZ:2;NC:2;TN:2,medium
5493006QG55R8V712J33,,,,unmatched,1288,864,0,LA:819;TX:10;VA:7;FL:6;MS:6;AL:5;CO:2;AR:2;NC:2;MO:1,medium
5493002LPXKMOZNXUY90,,,,unmatched,2224,1830,0,ND:941;SD:503;MN:202;AZ:124;IA:12;NE:10;FL:5;KS:4;TX:4;NC:2,medium
254900ARL5FDX2OOH702,,,,unmatched,3225,2256,0,OH:2178;IN:30;KY:24;FL:8;MI:6;TX:2;TN:2;NY:1;CO:1;NC:1,medium
I70W3N0Z6KOX8FYIH023,,,,unmatched,3374,2202,0,OH:1244;KY:465;WV:446;VA:23;MD:7;TN:5;IN:4;DC:4;SC:1;AL:1,medium
549300Q4JBLTKDC7J303,,,,unmatched,183,74,0,TX:27;CA:7;NM:7;NY:5;PA:3;OH:3;MO:2;TN:2;NV:2;LA:2,low
2549004XDCE3LGQW7H72,,,,unmatched,242,165,0,MN:35;WI:17;IL:10;FL:9;CA:8;OH:7;IA:7;IN:6;CO:6;TX:6,low
549300FFPMB9B7FHNR61,,,,unmatched,205,141,0,MD:93;VA:19;NC:7;PA:7;FL:4;DC:4;TX:2;SC:2;NV:1;GA:1,low
254900UD8AEXTVCVAF72,,,,unmatched,306,202,0,MO:29;MD:28;OH:21;IN:18;IL:16;VA:14;KY:14;IA:10;AL:9;TN:8,low
