lei,institution_name,nmls_id,our_lender_slug,match_status,total_applications,total_originations,nm_originations,states_with_originations,priority_match,new_mexico_originations
549300GRGZDEH4ZGQS06,,,,unmatched,9623,7079,2064,NM:2064;FL:832;OK:493;TX:430;VA:402;WI:395;AZ:386;ID:349;MO:235;MD:195,high,2064
5493007B1GAUZGYHPR07,,,,unmatched,3033,1896,1881,NM:1881;TX:15,medium,1881
549300CIQ950OK0BS407,,,,unmatched,1888,1252,1093,NM:1093;CA:151;CO:8,medium,1093
54930052M48FOD3CWA54,,,,unmatched,13770,9570,1071,MD:1466;NM:1071;RI:690;FL:582;NC:479;TX:475;CO:384;CA:363;UT:355;TN:283,high,1071
FU7RSW4CQQY98A2O7J66,,,,unmatched,11003,5995,772,OK:2384;TX:1139;CO:853;NM:772;AZ:237;KS:200;MO:147;AR:125;FL:16;OH:13,high,772
2549008NZFLT1BQ8EN23,,,,unmatched,756,504,504,NM:504,medium,504
549300L3IHIP0RH6IY76,,,,unmatched,736,426,425,NM:425;WA:1,low,425
549300WYBPIWKK6SQC06,,,,unmatched,14525,11534,397,MN:6525;AZ:1256;WI:1031;ND:674;FL:407;MO:405;NM:397;KS:352;TN:190;CO:39,high,397
549300ZBXINP1Y94CN02,,,,unmatched,1887,1336,376,OR:626;NM:376;WA:276;CA:33;AZ:8;CO:8;ID:7;MT:2,medium,376
549300H6J0XZXQGKDW16,,,,unmatched,558,368,367,NM:367;CO:1,low,367
2549008TT6UNYR7AXF54,,,,unmatched,5231,3566,349,WA:697;CO:538;TX:487;NM:349;OR:322;AZ:282;ID:262;KS:218;CA:113;MI:91,high,349
54930049L5WINET09Q97,,,,unmatched,16126,10736,339,FL:2049;TX:1245;AZ:1032;OH:780;AR:515;MO:431;NC:399;TN:377;GA:377;NM:339,high,339
549300L5PE7ZGYRW5Q15,,,,unmatched,414,356,338,NM:338;TX:12;AZ:2;CO:1;TN:1;AL:1;FL:1,low,338
2549008US5LUWX2ZH247,,,,unmatched,462,312,312,NM:312,low,312
549300PC4MFWQBNVKG88,,,,unmatched,9475,7248,272,AZ:2321;CO:1153;TX:1080;NM:272;OK:264;CT:235;NV:227;IN:218;CA:169;PA:165,high,272
549300248R1MFWPWXA09,,,,unmatched,383,246,246,NM:246,low,246
984500D61DCEC4E2B661,,,,unmatched,945,686,239,FL:297;NM:239;CO:34;NH:26;ME:15;NC:13;GA:13;MA:12;TX:10;MO:6,medium,239
549300NFPC3Y4W3Y7R87,,,,unmatched,7552,4267,234,VA:747;TX:623;SC:342;NC:297;CA:292;GA:272;IN:240;NM:234;FL:225;MT:168,high,234
549300CY7WNAHKHYSJ73,,,,unmatched,9635,7642,227,TX:2279;WA:1370;NC:910;CO:589;OK:429;ID:319;CA:261;AK:250;NM:227;MT:218,high,227
549300PBTV7FCWLSMM53,,,,unmatched,9758,6224,223,TX:1363;GA:446;CO:423;NC:404;FL:380;OK:315;CA:260;AL:227;MS:224;NM:223,high,223
54930034MNPILHP25H80,,,,unmatched,11008,7952,216,TX:2178;OK:1547;SC:653;KS:533;AR:350;NJ:337;WV:337;MO:254;FL:223;NM:216,high,216
54930060G4MDPWHISD89,,,,unmatched,7514,5573,180,WA:2680;MT:816;ID:735;NV:455;OR:416;NM:180;FL:102;CA:66;AZ:51;GA:25,high,180
5493001XKL0FTNOJ0866,,,,unmatched,8198,5554,163,AZ:794;MO:589;FL:414;TX:386;IN:359;OH:291;GA:260;IL:215;LA:188;NM:163,high,163
549300ZPJVCRRFETOG85,,,,unmatched,1414,751,156,TX:525;NM:156;MS:36;FL:12;AL:12;MI:4;LA:4;CO:1;GA:1,high,156
549300NVA07UVMZS8E14,,,,unmatched,254,154,154,NM:154,low,154
5493002ABBXAWQFIKV03,,,,unmatched,212,136,136,NM:136,low,136
549300HIVO8XPBPNVG69,,,,unmatched,6952,4846,114,AZ:3413;CO:460;WA:286;NV:184;CA:131;NM:114;OR:97;TX:57;FL:42;PA:12,medium,114
5493005KZM1DEUYVS783,,,,unmatched,208,128,112,NM:112;TX:11;AZ:3;IA:1;CA:1,low,112
549300XQ7B5FIVUNFE29,,,,unmatched,3603,2428,104,FL:652;MI:441;OH:213;TN:202;IN:187;NC:112;ID:109;NM:104;UT:84;TX:54,high,104
5493001SP13TNR6TUJ97,,,,unmatched,125,108,101,NM:101;TX:5;LA:1;NC:1,low,101
VNOO6EITDJ2YUEBMSZ83,,,,unmatched,4454,2686,97,MO:808;KS:496;CO:407;AZ:328;IL:104;TX:102;NM:97;WI:83;IA:55;CA:52,medium,97
549300SGEJUQK4Q7ZY34,,,,unmatched,914,261,82,TX:179;NM:82,medium,82
984500A4CD08CED38D66,,,,unmatched,72,72,72,NM:72,low,72
549300S7EJRY2DY1UR88,,,,unmatched,1002,697,61,UT:358;AZ:258;NM:61;NV:17;TX:2;CA:1,medium,61
254900O723MCLR701H50,,,,unmatched,6301,1138,57,IL:785;TX:103;FL:73;NM:57;IN:16;SC:14;NV:13;CA:12;AZ:10;MN:9,medium,57
549300IV3BQZRSE82O16,,,,unmatched,2236,1193,56,TX:1136;NM:56;AZ:1,high,56
549300YSNNGTWBX45K83,,,,unmatched,86,55,55,NM:55,low,55
254900CUL2SYJXAEFW91,,,,unmatched,71,51,51,NM:51,low,51
5493007I0X1GRWIU8B34,,,,unmatched,22220,15271,48,UT:11759;NV:2393;AZ:780;ID:283;NM:48;CA:8,high,48
549300CEKZ808Q0WJL95,,,,unmatched,921,763,45,TX:718;NM:45,high,45
5493006P5IHSK77SZ855,,,,unmatched,2615,1740,44,TX:668;TN:193;AL:175;OK:126;LA:125;MS:77;MI:51;WA:46;NM:44;IN:41,high,44
549300VHBALPLHRR4080,,,,unmatched,1759,1162,40,TX:1103;NM:40;CO:6;AR:3;AL:3;FL:2;ID:1;OK:1;NC:1;MO:1,high,40
PINLJ7T7GLTF48NFP863,,,,unmatched,1520,1173,40,MA:293;AL:200;LA:94;DE:84;CO:73;AR:64;RI:42;NY:40;NM:40;ME:36,medium,40
549300ZGTXNHL5BKQZ27,,,,unmatched,2561,1842,37,TX:1708;NM:37;TN:32;MS:18;AL:10;CA:8;FL:6;GA:4;NC:4;AR:4,high,37
549300ODHOF8ORD47F11,,,,unmatched,91,39,35,NM:35;TX:3;AZ:1,low,35
549300R0DP2GXAIMGB41,,,,unmatched,2171,1529,34,CO:1334;AZ:98;NM:34;NE:15;WY:9;TX:8;KS:5;MO:3;MN:2;MI:2,medium,34
K0ZDN2CBIQC0EHBKNK35,,,,unmatched,292,186,34,MO:111;NM:34;KS:17;CA:13;AZ:5;CO:2;TX:2;IL:1;NV:1,low,34
549300N53R53ZHSNZ234,,,,unmatched,59,42,34,NM:34;TX:7;CA:1,low,34
5493009XSE00M8B9R434,,,,unmatched,3364,301,24,TX:159;FL:32;NM:24;OK:18;SC:15;IN:13;NC:10;LA:9;AL:4;IL:4,medium,24
254900PHRI1MCM69UM20,,,,unmatched,93,68,24,NM:24;SD:14;NE:11;TX:10;NV:5;AZ:2;IA:1;MN:1,low,24
8WH0EE09O9V05QJZ3V89,,,,unmatched,17257,8981,23,UT:1755;CA:1647;TX:1522;AZ:1168;CO:1057;NV:1054;ID:517;WA:140;WY:48;NM:23,high,23
549300QOIO7RN6JTEI45,,,,unmatched,52,22,22,NM:22,low,22
549300X08QKYUH256I80,,,,unmatched,265,240,21,GA:77;TX:38;OK:29;NM:21;AZ:19;FL:14;AL:7;WA:6;CA:5;TN:5,medium,21
D38AC76TAMYI50NBPX33,,,,unmatched,548,299,21,WA:115;OR:50;AZ:36;NV:31;NM:21;ID:19;UT:15;CA:10;TX:2,low,21
549300T7AIY7RU1YDP31,,,,unmatched,2212,1448,19,CO:489;KS:423;MO:254;WY:84;TX:51;UT:35;ID:25;NM:19;FL:17;AZ:6,medium,19
549300YHSRT5YOR5W454,,,,unmatched,1443,1145,18,TX:1119;NM:18;GA:2;AR:2;KS:1;OK:1;AL:1;MN:1,high,18
337KMNHEWWWR6B7Q7W10,,,,unmatched,3253,2416,18,OK:728;CA:535;TX:385;AZ:281;CO:152;NV:72;UT:42;NY:24;NM:18;FL:16,high,18
549300KW705BBINDIZ26,,,,unmatched,335,226,16,TX:106;LA:38;AR:28;OK:18;NM:16;IN:6;WA:4;MO:2;MT:2;FL:1,medium,16
5493006S869XKIESMV41,,,,unmatched,21683,9830,15,UT:7223;ID:1069;AZ:872;NV:431;MT:113;WY:33;CO:32;WA:25;OR:17;NM:15,high,15
875500CPQ9Z7QEFE5G90,,,,unmatched,2651,1847,13,TX:1366;FL:431;NM:13;CO:7;AR:6;GA:5;LA:3;VA:3;TN:3;NC:3,high,13
5493006KQF5UKZ3Y9N07,,,,unmatched,1564,1212,13,TX:1094;AZ:46;OH:17;NM:13;MI:8;FL:6;GA:3;OK:3;AR:3;WA:3,high,13
549300KPHGEE40YQXO21,,,,unmatched,873,472,13,CA:148;TX:52;AZ:28;MI:21;MO:21;WA:15;NM:13;OK:12;CO:12;NV:11,medium,13
549300ASIS4D2QDWH380,,,,unmatched,2811,1841,12,TX:1806;NM:12;CO:6;OK:5;KS:3;MS:2;MT:1;AR:1;TN:1;OH:1,high,12
549300SLOQGL2LEMSD33,,,,unmatched,327,205,12,TX:193;NM:12,medium,12
549300W1HU6IVVIEJ389,,,,unmatched,1461,967,12,UT:712;TX:43;CA:26;OR:24;ID:17;VA:16;AZ:15;WA:15;FL:12;NM:12,medium,12
549300ABEFRFKC9S8368,,,,unmatched,2269,1405,12,CO:1364;NM:12;KS:11;UT:6;WY:4;NE:4;MT:2;ID:2,medium,12
254900K39SBWA2QOUF69,,,,unmatched,460,347,11,TX:276;FL:18;AK:14;NM:11;OK:9;SC:8;TN:3;ID:2;CO:2;GA:2,medium,11
549300ZS1TR1B4LHX377,,,,unmatched,1658,1143,9,CA:774;AZ:120;TX:45;NV:40;ID:34;WA:27;TN:20;FL:19;CO:14;NM:9,high,9
5493008T2QQO3QJ0EM38,,,,unmatched,418,357,8,TX:349;NM:8,medium,8
549300JQALY53TH22D13,,,,unmatched,199,178,8,MN:23;TX:21;WA:13;CA:13;IL:12;OR:10;FL:8;NM:8;TN:7;CO:7,medium,8
549300Q4JBLTKDC7J303,,,,unmatched,183,74,7,TX:27;CA:7;NM:7;NY:5;PA:3;OH:3;MO:2;TN:2;NV:2;LA:2,low,7
549300DMHEHNYZ2OLB41,,,,unmatched,9837,6705,6,OK:3985;TX:2615;FL:12;AR:10;CO:9;CA:6;NM:6;UT:5;MS:4;KS:4,high,6
549300D003QRZFSQ4N43,,,,unmatched,4923,2415,6,TX:2220;OK:174;NM:6;FL:4;GA:2;KS:2;CO:2;CT:2;LA:1;TN:1,high,6
549300BEFX6JRSCS5N78,,,,unmatched,5149,2868,5,AR:1278;TX:904;FL:582;AL:29;OK:19;MO:17;CO:6;GA:5;NM:5;KY:3,high,5
549300U2B1ZNGX3H8U54,,,,unmatched,1568,1267,5,TX:1242;NM:5;OK:4;CO:3;GA:2;AR:2;NE:1;IL:1;MA:1;WA:1,high,5
549300ESRQ6OLBB56N04,,,,unmatched,7688,4789,5,MT:1904;ID:977;WY:538;WA:420;UT:269;CO:259;AZ:240;TX:94;NV:75;NM:5,medium,5
549300BF788YRGP1OB53,,,,unmatched,301,194,5,OH:97;FL:70;MI:15;NM:5;IL:5;PA:1;GA:1,medium,5
549300LP0CV2MNC1GV68,,,,unmatched,532,390,5,KS:134;MO:88;CO:39;AZ:24;GA:20;TX:10;WA:6;VA:6;TN:6;NM:5,medium,5
54930072H82Z2RZW3210,,,,unmatched,415,316,5,AZ:311;NM:5,low,5
549300QURAICH2YGJV94,,,,unmatched,1307,827,4,TX:812;FL:6;NM:4;AR:2;OK:1;CO:1;TN:1,high,4
549300DDDXGC8OXLNZ36,,,,unmatched,417,384,4,TX:375;NM:4;OH:2;AR:1;MS:1;MN:1,medium,4
549300OBLIP1F3NM5751,,,,unmatched,130,101,4,TX:88;NM:4;AR:2;AZ:1;HI:1;CA:1;CO:1;MT:1;UT:1;FL:1,medium,4
549300F6NSBOJBM9ED39,,,,unmatched,2017,1138,3,CA:672;AK:282;AZ:67;WA:39;WY:36;ID:11;NV:10;CO:7;OR:5;NM:3,high,3
5493001SBOA8GKVW1N27,,,,unmatched,218,206,3,TX:202;NM:3;FL:1,medium,3
549300ZLEJNF277L8Q40,,,,unmatched,216,190,3,TX:186;NM:3;KS:1,medium,3
549300L9MOPDT0NKE883,,,,unmatched,1406,980,3,KS:805;OK:79;MO:53;FL:8;CA:4;TX:3;NC:3;NM:3;MN:3;IL:2,medium,3
5493000B61DDZ2PG1515,,,,unmatched,183,106,3,TX:44;CO:33;IL:17;IA:6;NM:3;KS:2;AZ:1,low,3
549300LIZH7VW4DFJK44,,,,unmatched,421,161,3,OK:118;AL:12;TX:6;AR:4;NM:3;NE:3;OR:2;LA:2;CO:2;FL:1,low,3
549300TUQC6OYE8A0Y96,,,,unmatched,106,60,3,OR:32;CA:7;WA:6;AZ:6;NM:3;NV:2;ID:2;WI:1;TX:1,low,3
549300HOJG1DA7FIZ225,,,,unmatched,247,211,2,TX:209;NM:2,medium,2
549300KOEN7O8EYN8207,,,,unmatched,146,115,2,TX:112;NM:2;OK:1,medium,2
549300TJF420N3F01V87,,,,unmatched,1750,1269,2,MO:411;KS:409;OK:249;AR:168;TX:13;CO:7;FL:3;AZ:2;NM:2;NE:1,medium,2
549300FKEPZ2QELUY416,,,,unmatched,155,46,2,FL:10;TX:7;NC:4;CA:4;CO:4;OH:3;NM:2;VA:2;SC:1;PA:1,low,2
254900AJB66305WKCT53,,,,unmatched,81,81,2,VA:68;NC:10;NM:2;TX:1,low,2
549300SPHVO4KAGQUX53,,,,unmatched,263,245,2,KS:211;CO:12;OH:5;OK:5;FL:3;IA:2;NM:2;ID:1;IL:1;AZ:1,low,2
549300SNAY3J7NZEU618,,,,unmatched,303,226,2,OK:224;NM:2,low,2
5493008N1D96CHCTQC27,,,,unmatched,7508,3636,1,TX:2268;CO:857;UT:507;FL:2;MT:1;NM:1,high,1
549300FHWDJMELT59Z22,,,,unmatched,1779,1240,1,AZ:786;TX:273;CA:174;CO:3;FL:3;NM:1,medium,1
549300RXHLK3XT6SD946,,,,unmatched,579,447,1,TX:445;CO:1;NM:1,medium,1
549300M16XETIG2Z5N24,,,,unmatched,534,418,1,TX:409;TN:2;CO:1;IN:1;LA:1;NM:1;GA:1;WA:1;FL:1,medium,1
254900M1AHTCIYKM7V90,,,,unmatched,439,343,1,TX:340;NM:1;AR:1;OK:1,medium,1
549300IJB00VM6H8PP97,,,,unmatched,408,268,1,TX:158;FL:109;NM:1,medium,1
549300RTWPH3HXUWR160,,,,unmatched,1328,940,1,AL:517;TN:238;MS:169;FL:9;GA:3;IL:1;NM:1;NC:1;TX:1,medium,1
5493006TJ2N1MYD0XD45,,,,unmatched,289,221,1,TX:214;FL:2;AZ:2;VT:1;NM:1;TN:1,medium,1
549300T2PYPUFN0IWJ63,,,,unmatched,426,310,1,TX:171;OK:136;KS:2;NM:1,medium,1
549300AHVQ1LDFNP8P69,,,,unmatched,209,173,1,TX:168;CO:2;NM:1;CA:1;VA:1,medium,1
549300SDQ83FUC7IK543,,,,unmatched,190,153,1,TX:151;NM:1;CO:1,medium,1
5493000EAQ6YVQD0ZB49,,,,unmatched,175,128,1,TX:127;NM:1,medium,1
549300TR6SGFPJQYJS20,,,,unmatched,155,119,1,NJ:118;NM:1,medium,1
549300PV2KIL739QYQ35,,,,unmatched,176,115,1,TX:95;CA:12;OK:2;NV:2;FL:2;NY:1;NM:1,medium,1
549300N34GCCEN8EJE06,,,,unmatched,131,97,1,TX:94;OK:2;NM:1,medium,1
549300C720KB2QRAC051,,,,unmatched,115,95,1,TX:93;OK:1;NM:1,medium,1
5493006XE7ZLYUW25E11,,,,unmatched,163,87,1,TX:82;CO:2;KS:1;LA:1;NM:1,medium,1
549300ALAL7EW71UE133,,,,unmatched,125,85,1,TX:81;CO:1;NM:1;FL:1;AZ:1,medium,1
FYRC3KHM4DQBX5PWG390,,,,unmatched,109,66,1,TX:61;FL:2;NM:1;CO:1;OK:1,medium,1
549300S63J8KM7BY5617,,,,unmatched,205,64,1,TX:63;NM:1,medium,1
549300YDU8N5KZBYRU81,,,,unmatched,85,64,1,TX:61;FL:1;SC:1;NM:1,medium,1
549300OQ5QR1CNV5HY08,,,,unmatched,151,105,1,CA:58;NV:35;AZ:4;ID:3;TX:3;UT:1;NM:1,medium,1
549300NTH6N72ZZNX948,,,,unmatched,74,66,1,CA:53;AZ:6;OR:2;ID:1;NV:1;NM:1;TX:1;WA:1,medium,1
549300MNZECUR067HB12,,,,unmatched,4837,3819,1,OK:3786;TX:8;KS:7;MO:6;CO:3;CA:3;AR:2;ME:1;NC:1;NM:1,medium,1
549300ZX4OGRPOOEH505,,,,unmatched,1149,974,1,MO:733;CO:126;KS:95;FL:4;OK:3;AR:2;TX:2;NE:1;NM:1;NC:1,medium,1
5493008I5A5R6730MQ84,,,,unmatched,687,598,1,UT:575;ID:11;CO:4;CA:3;AZ:3;TX:1;NM:1,medium,1
549300V36YE6JCCEJB76,,,,unmatched,3745,2185,1,AZ:2172;OK:2;IN:2;TN:2;KY:1;MI:1;NM:1;ID:1;GA:1;OR:1,medium,1
549300BDHZAV4ZQHQV19,,,,unmatched,4697,3213,1,UT:3013;ID:189;NV:3;WY:2;WA:1;AL:1;GA:1;OR:1;NM:1;MT:1,medium,1
549300Z4HQ7YDKUVEW39,,,,unmatched,2340,1288,1,AZ:1278;OH:1;NC:1;LA:1;CO:1;NM:1;AL:1;IN:1;VA:1;IL:1,medium,1
5493002IVUY1DY0ZCL83,,,,unmatched,1416,914,1,AZ:910;NM:1;SC:1;CO:1;MO:1,medium,1
549300E3QJQLKVB40W93,,,,unmatched,4917,2944,1,CO:2939;WY:3;UT:1;NM:1,medium,1
254900XZCT60J2G3HK85,,,,unmatched,1173,591,1,CO:416;WY:171;NE:1;NM:1;AZ:1;OR:1,medium,1
549300QTN66CFMVWLH03,,,,unmatched,503,359,1,MN:238;AZ:65;FL:28;WI:21;CA:2;GA:1;IN:1;NM:1;TX:1;IA:1,low,1
549300OCPYKDBIQ11H61,,,,unmatched,65,57,1,OK:34;TX:19;FL:2;NM:1;IL:1,low,1
254900ZKVJDEYHV22276,,,,unmatched,449,404,1,LA:374;FL:10;MS:6;AL:3;TN:3;TX:3;MA:2;NM:1;VA:1;ME:1,low,1
549300SOZES6XPZ50475,,,,unmatched,34,18,1,TX:16;NM:1;NC:1,low,1
549300465MKS092D5K02,,,,unmatched,192,174,1,OK:157;TX:13;FL:2;NM:1;MO:1,low,1
5493005DYVXTSXZPZF85,,,,unmatched,33,16,1,TX:12;FL:2;NM:1;WA:1,low,1
254900EY91VUW4KYE555,,,,unmatched,24,13,1,TX:12;NM:1,low,1
549300DWS85AHLUZHB50,,,,unmatched,117,103,1,IA:68;IL:16;MO:4;FL:4;WI:2;CO:2;UT:1;CA:1;GA:1;NM:1,low,1
549300ELXS6PBT8OEE44,,,,unmatched,495,368,1,CO:343;TX:3;OH:3;NE:3;AZ:2;WA:2;KS:2;GA:1;NM:1;OR:1,low,1
984500F5665613E36549,,,,unmatched,579,366,1,UT:334;WA:10;ID:5;OR:4;AZ:4;CA:2;MT:1;WY:1;NM:1;TN:1,low,1
549300ZM3TKJVUYB3676,,,,unmatched,390,340,1,IL:318;IA:11;WI:4;FL:2;NM:1;TN:1;AR:1;GA:1;IN:1,low,1
5493001YBS0V28ZNVE97,,,,unmatched,96,72,1,OK:67;TX:3;AR:1;NM:1,low,1
549300GGB04TG4AH1377,,,,unmatched,522,273,1,WA:267;TX:2;OR:2;NM:1;MO:1,low,1
549300YSLPB4FWL34Z59,,,,unmatched,193,162,1,KY:156;IN:2;TN:1;OH:1;TX:1;NM:1,low,1
254900OCV4AWL56SWL08,,,,unmatched,115,101,1,OK:98;TX:1;FL:1;NM:1,low,1
5493005XMSZYL5SAEF41,,,,unmatched,15,9,1,OK:4;TX:2;MO:1;CO:1;NM:1,low,1
549300XCHJ481RPPSP63,,,,unmatched,78,62,1,WY:57;NM:1;TX:1;MO:1;AR:1;CO:1,low,1
549300J5YB46ZKVUNF26,,,,unmatched,547,387,1,WY:383;CO:3;NM:1,low,1
254900L3UJN7196A5W71,,,,unmatched,354,269,1,KS:197;NE:56;MO:14;NM:1;SD:1,low,1
549300J3YLW53W0K4T67,,,,unmatched,359,83,1,WY:41;NE:22;CO:13;AZ:4;OR:2;NM:1,low,1
549300ZJR72I7J2E7R18,,,,unmatched,26,22,1,CO:21;NM:1,low,1
549300HW662MN1WU8550,,,,unmatched,576697,422119,0,CA:57281;FL:49897;TX:42285;MI:22015;AZ:19328;CO:18178;GA:17047;NC:13671;IL:11397;NY:11157,high,0
549300FGXN1K3HLB1R50,,,,unmatched,609400,429332,0,CA:42202;FL:31530;TX:30579;MI:22693;GA:21182;NC:18462;OH:16656;PA:16043;VA:14489;NY:13729,high,0
549300VZVN841I2ILS84,,,,unmatched,190472,125099,0,FL:11987;OH:11011;CA:9599;PA:8399;TX:7734;NJ:7558;IL:5600;NY:5429;AZ:4945;WA:4877,high,0
B4TYDEB6GKMZO031MB27,,,,unmatched,217492,88530,0,CA:17758;FL:7938;TX:6141;NJ:5136;NC:4880;NY:3897;MA:3551;GA:3440;WA:3420;IL:2889,high,0
RVDPPPGHCGZ40J4VQ731,,,,unmatched,193807,100816,0,CA:10749;FL:9704;TX:6849;GA:5272;PA:4488;VA:4338;NC:3751;AZ:3232;NJ:3144;OH:2964,high,0
7H6GLXDRUGQFU57RNE97,,,,unmatched,152415,94243,0,CA:14032;TX:9775;NY:9163;IL:8778;FL:6131;OH:4171;NJ:3325;MI:2995;AZ:2864;IN:2857,high,0
549300AG64NHILB7ZP05,,,,unmatched,155159,91730,0,CA:9983;TX:8535;FL:7460;NJ:4334;IL:4241;GA:4168;AZ:4138;NC:3969;OH:3505;SC:2670,high,0
5493001SXWZ4OFP8Z903,,,,unmatched,101400,69159,0,TX:17748;FL:11582;NC:5258;SC:4153;GA:2777;CA:2776;AZ:2406;AL:2376;TN:2122;NV:2059,high,0
DRMSV1Q0EKMEXLAU1P80,,,,unmatched,119620,68902,0,NY:11000;PA:10441;MA:10235;NJ:7208;OH:4732;RI:3762;MI:3697;NH:3194;CT:3030;FL:2297,high,0
5493003GQDUH26DNNH17,,,,unmatched,179597,80547,0,VA:9684;FL:8416;CA:6361;NC:5249;MD:5163;GA:5118;TX:4267;SC:2487;WA:2289;PA:2141,high,0
549300GKFNPRWNS0GF29,,,,unmatched,102677,70098,0,TX:10655;WA:5796;CA:4698;FL:4388;TN:3925;PA:2626;NH:2466;MA:2329;VA:2325;NJ:2257,high,0
549300DD5QQUHO6PCH70,,,,unmatched,178189,82764,0,TX:6918;FL:5506;NC:4769;VA:4500;GA:4139;OH:3302;TN:3178;IL:2965;MO:2901;PA:2643,high,0
549300U3721PJGQZYY68,,,,unmatched,129086,70579,0,IL:10217;CA:6248;NJ:4826;MA:4507;TX:3318;FL:3204;PA:3119;OH:2795;NC:2491;CO:2143,high,0
549300FNXYY540N23N64,,,,unmatched,187594,66567,0,CA:5772;FL:5643;TX:4793;NY:3123;NC:2787;WA:2702;GA:2480;OH:2258;VA:2175;PA:2124,high,0
549300LYRWPSYPK6S325,,,,unmatched,165453,69982,0,TX:5759;FL:5374;NC:4463;GA:3946;CA:3918;VA:3646;IN:2580;OH:2477;TN:2436;SC:2168,high,0
549300DD4R4SYK5RAQ92,,,,unmatched,81084,57781,0,NC:8138;WA:5559;VA:4339;FL:4122;PA:3902;SC:2978;GA:2388;TX:2367;TN:2207;CA:1690,high,0
AD6GFRVSDT01YPT1CS68,,,,unmatched,116536,61280,0,PA:11263;OH:6725;NJ:5755;IL:3711;FL:3475;MD:2948;TX:2930;MI:2885;IN:2802;CA:2688,high,0
549300AQ3T62GXDU7D76,,,,unmatched,121724,86111,0,TX:6877;WA:5691;MO:5462;CO:4338;OR:4218;CA:4118;UT:3981;NV:3882;GA:3788;AZ:3467,high,0
549300E2UX99HKDBR481,,,,unmatched,140816,57460,0,TX:5508;CA:5105;GA:4063;FL:3881;IL:3581;MO:2619;PA:2148;MN:1842;WA:1680;NC:1619,high,0
6BYL5QZYBDK8S7L73M02,,,,unmatched,151786,74632,0,CA:16135;IL:4571;MN:4538;OH:3965;MO:3622;WA:3524;WI:2785;KY:2645;OR:2465;FL:2279,high,0
549300MGPZBLQDIL7538,,,,unmatched,103697,74450,0,TX:7468;AZ:4724;IL:4215;IN:3665;GA:3631;FL:3153;NC:2993;WI:2947;CA:2867;OH:2685,high,0
JJKC32MCHWDI71265Z06,,,,unmatched,83470,41001,0,NC:7920;VA:6374;FL:6117;GA:4837;MD:3245;SC:2178;PA:2152;TN:2014;TX:1260;KY:1026,high,0
KB1H1DSPRFMYMCUFXT09,,,,unmatched,76304,41562,0,CA:9616;NY:2733;FL:2670;TX:2647;NC:2302;NJ:1716;PA:1628;WA:1514;GA:1509;MN:1496,high,0
549300LBCBNR1OT00651,,,,unmatched,79599,52217,0,CA:4657;TX:3609;FL:3546;GA:2560;IL:1982;NC:1949;OH:1768;VA:1764;PA:1746;AZ:1744,high,0
254900DTLHVWQ7NP7R34,,,,unmatched,58895,40038,0,CA:8432;FL:4627;TX:3502;AZ:2579;UT:1917;IL:1746;CO:1646;MI:1407;WA:1253;GA:1055,high,0
549300PIL8LFAQ04XC20,,,,unmatched,108788,32174,0,CA:6742;FL:2675;AZ:1610;TX:1571;GA:1319;NJ:1279;NC:1116;WA:1086;VA:1024;CO:963,high,0
549300MZ8VZJOVC63092,,,,unmatched,45691,29401,0,CA:6409;TX:3781;FL:2662;UT:2249;GA:1421;OR:864;PA:782;WA:727;AZ:672;TN:597,high,0
EQTWLK1G7ODGC2MGLV11,,,,unmatched,68709,30269,0,FL:5826;AL:5523;TN:5322;GA:2869;MS:1886;LA:1282;TX:1252;MO:1188;IL:1168;AR:1129,high,0
254900UL88QFG0E40516,,,,unmatched,72355,33415,0,CA:5234;FL:2872;GA:1717;OH:1553;IL:1432;AZ:1416;NC:1212;NJ:1197;VA:1180;MI:1090,high,0
549300XQVJ1XBNFA5536,,,,unmatched,157783,28058,0,TX:6763;FL:2098;MI:1623;AL:1274;CA:1262;GA:1218;SC:1207;LA:1097;MS:1068;OK:888,high,0
254900ZFWS2106HWPH46,,,,unmatched,34318,23410,0,CA:3975;FL:3741;TX:3136;NJ:1490;AZ:1127;GA:977;CO:741;WA:701;OH:688;OR:635,high,0
549300RPOGWJRH63HS39,,,,unmatched,51423,37767,0,OH:5380;MI:4118;TX:3238;FL:2495;IN:2257;NC:2127;PA:1934;IL:1655;TN:1404;KY:1069,high,0
WWB2V0FCW3A0EE3ZJN75,,,,unmatched,40592,23443,0,NY:7073;MD:3115;PA:3099;CT:2398;MA:1690;NJ:1501;VA:901;DE:767;VT:352;FL:342,high,0
549300121SF0K2LN2804,,,,unmatched,33320,24706,0,TX:6358;SC:1561;MO:1496;NY:1278;CA:1208;OH:1134;FL:931;PA:746;WA:716;AZ:610,high,0
L9VVX1KT5TFTKS0MLF66,,,,unmatched,21831,14381,0,NC:6984;SC:3577;CA:1383;VA:664;GA:442;FL:266;MA:197;TN:106;AZ:95;TX:92,high,0
5493004WMLN60ZJ2ON46,,,,unmatched,27380,18825,0,FL:4200;TX:3108;NC:1555;SC:1148;AZ:1133;OH:1064;CA:943;GA:803;NV:748;IL:615,high,0
E57ODZWZ7FF32TWEFA76,,,,unmatched,33959,15812,0,CA:5786;NY:3687;IL:1251;NJ:707;FL:565;TX:506;MD:400;WA:317;VA:311;DC:281,high,0
549300J7I82PNDVU8H22,,,,unmatched,29739,16337,0,CA:7327;FL:1580;TX:1270;MD:564;IL:454;AZ:439;GA:412;NV:368;MA:335;VA:312,high,0
5493001WHVQBGRSWEU75,,,,unmatched,25005,17312,0,CA:3155;FL:2433;NY:1590;TX:1135;NJ:989;GA:669;AZ:590;VA:485;NC:461;CO:424,high,0
5493000YNV8IX4VD3X12,,,,unmatched,121666,19996,0,NC:2515;SC:2449;TX:2045;GA:1956;TN:1509;IN:1449;AL:1426;KY:1150;FL:844;OH:738,high,0
549300XWUSRVVOHPRY47,,,,unmatched,28287,16190,0,FL:2938;TX:2750;GA:2402;CA:1342;MN:915;NY:748;MI:631;KY:499;CO:448;TN:425,high,0
549300YIQ7S7Z8PIHE53,,,,unmatched,94427,24298,0,FL:1667;CA:1635;NC:1353;GA:1343;TX:1068;PA:997;OH:991;VA:957;NJ:888;IL:882,high,0
IUGPUX5LWRZ3B6KIZ697,,,,unmatched,18359,13184,0,GA:5627;SC:1857;FL:1846;VA:724;NC:634;CA:484;MD:455;TN:394;AL:363;IL:140,high,0
2549005SIVTHG14U2905,,,,unmatched,24436,14692,0,FL:5245;CA:1446;TX:1050;NY:948;IL:550;GA:471;AZ:471;NJ:453;PA:339;SC:296,high,0
549300KIOYNU323LVJ37,,,,unmatched,34217,24774,0,CA:3554;IL:2402;TX:1947;WA:1911;FL:1750;AZ:1562;GA:1405;OR:860;TN:854;OH:854,high,0
549300OPCWU6E72WUT29,,,,unmatched,41778,24192,0,CA:1845;FL:1510;NC:1387;OH:1270;IL:1245;TX:1178;GA:1042;AZ:855;VA:839;TN:821,high,0
549300O6Z0I6KYMESL47,,,,unmatched,19692,12091,0,CA:4633;FL:1634;TX:1476;GA:546;UT:295;NJ:281;AZ:251;VA:241;PA:236;IL:224,high,0
5493001GCBD5XGNIC815,,,,unmatched,93158,21244,0,CA:3015;FL:2383;OH:1359;IL:1213;PA:1032;NC:962;VA:824;NJ:811;AZ:786;MI:772,high,0
54930001NSTOD85LT125,,,,unmatched,24645,15934,0,CA:1539;FL:1458;PA:1342;NJ:1110;IL:970;TX:965;MA:816;MO:782;MN:709;OH:676,high,0
QFROUN1UWUYU0DVIWD51,,,,unmatched,75426,39534,0,OH:12389;MI:6106;IN:4817;IL:4111;FL:3553;KY:3150;NC:2216;TN:971;SC:863;GA:691,high,0
984500U2F9A83N391A91,,,,unmatched,18971,11067,0,FL:2262;CA:1367;TX:1262;NY:950;NJ:917;GA:409;AZ:367;PA:308;CT:294;NC:293,high,0
5493005PKOSG7MYX0B34,,,,unmatched,28926,20869,0,PA:2325;VA:2141;MN:1746;NC:1281;MD:1233;NJ:1060;GA:1024;CT:862;WI:782;AZ:775,high,0
549300JYXTZDSPJEPI44,,,,unmatched,23886,14594,0,TX:1897;FL:1239;NY:1222;CA:1056;PA:866;MN:713;MI:555;NC:515;IN:489;IL:475,high,0
549300RN01LBYR8ZVX74,,,,unmatched,29643,17905,0,TX:1752;FL:1721;OH:1641;SC:1492;IL:1191;CO:1189;NC:1047;GA:846;VA:635;MD:581,high,0
5493001GDRY0EL7VG372,,,,unmatched,20194,15382,0,TX:4151;KY:1179;CO:914;FL:795;CA:751;SC:545;TN:524;MI:399;GA:387;AZ:384,high,0
54930054ET8KM4O1D485,,,,unmatched,55546,16189,0,CA:1778;FL:1042;NC:865;TX:858;NJ:752;IL:709;GA:704;PA:668;OH:585;VA:529,high,0
549300NOCASXPA34X033,,,,unmatched,69562,16372,0,FL:1488;TX:1422;CA:1244;GA:829;AZ:635;NC:610;VA:600;CO:583;WA:518;TN:495,high,0
549300370QILXLFUWD20,,,,unmatched,20147,14357,0,TX:1648;FL:1590;CA:1176;GA:1124;NC:1090;CO:635;AZ:603;MI:599;OH:481;VA:436,high,0
549300XY701IELCE5Q08,,,,unmatched,45682,14567,0,CA:1786;TX:1143;FL:1004;GA:685;NC:664;NJ:658;CO:512;OK:493;WA:480;IL:476,high,0
5493008NWHQT1R22C024,,,,unmatched,22722,13125,0,FL:1724;CA:1554;VA:897;TX:880;NY:827;AZ:698;MI:616;GA:565;SC:484;IN:429,high,0
549300MCIFZSDHUT8X63,,,,unmatched,24275,18920,0,OH:3308;MD:2255;FL:2000;VA:1310;NC:1137;TX:1055;NJ:1051;AZ:897;WA:843;CO:659,high,0
54930021WPEXNHYZUL09,,,,unmatched,18947,14467,0,TX:1597;FL:1206;GA:1125;CA:1003;PA:597;LA:585;VA:490;NC:417;OH:417;ID:411,high,0
549300R9S3MVDV4MGF56,,,,unmatched,52143,15089,0,FL:1296;CA:1022;GA:873;TX:848;IN:732;NC:680;OH:675;NY:576;MI:570;TN:533,high,0
549300GS0W0TEUQS8571,,,,unmatched,14182,10740,0,CA:1957;FL:990;NY:947;TX:573;NJ:548;MA:449;CO:427;IL:381;WA:350;GA:322,high,0
549300VORTI31GZTJL53,,,,unmatched,18123,12305,0,TX:2136;FL:1187;IN:791;TN:697;WI:497;NC:467;GA:453;MN:448;PA:446;NY:375,high,0
549300CB67L6KPJLHE19,,,,unmatched,72633,14578,0,TX:2321;CA:1644;MI:1245;MS:1014;FL:774;LA:606;AL:587;PA:553;WA:550;OR:426,high,0
Q7C315HKI8VX0SSKBS64,,,,unmatched,20856,14010,0,TX:3639;MS:3510;TN:1772;AL:1759;AR:939;LA:730;GA:614;MO:485;FL:417;SC:52,high,0
5493004AS1SPBQOFDR49,,,,unmatched,14858,8804,0,CA:2752;FL:1313;TX:1230;NJ:438;CO:244;AZ:210;NC:195;MI:195;VA:193;TN:172,high,0
549300K4ZLGS7SRDTL86,,,,unmatched,28384,12086,0,FL:1337;CA:1126;TX:988;GA:737;LA:646;AZ:508;NC:500;TN:491;OH:431;PA:425,high,0
549300KTR1JGH3K6LU06,,,,unmatched,17668,7240,0,NY:4085;CA:552;FL:358;NJ:336;GA:195;NC:136;CT:119;PA:113;IL:112;WA:111,high,0
549300FX7K8PTEQUU487,,,,unmatched,26508,11278,0,VA:1455;CA:1113;TX:1055;FL:972;MD:652;GA:541;NC:517;NJ:449;PA:338;AZ:290,high,0
549300RA3E0BUFO7YZ21,,,,unmatched,14901,7540,0,FL:1457;CA:1424;TX:795;NY:714;NJ:302;GA:259;NC:179;PA:177;AZ:172;TN:151,high,0
COOWI3L2W9TPYR3WJX37,,,,unmatched,13363,8447,0,TN:2513;LA:1305;FL:1045;TX:905;NC:690;AR:628;GA:426;AL:320;MS:167;MO:110,high,0
25490066WMF8ZMQXQB18,,,,unmatched,15401,10890,0,CA:1076;TX:945;FL:885;OH:719;IL:683;PA:647;GA:617;NJ:614;NC:534;MI:458,high,0
5493002B2WMHY23GFK92,,,,unmatched,15900,11444,0,FL:1201;TX:938;NC:727;AZ:557;MO:535;TN:529;SC:473;OH:451;CA:440;GA:433,high,0
549300S5YL3OH0IVCS62,,,,unmatched,12584,8696,0,CA:2527;FL:786;TX:524;AZ:401;NY:368;WA:337;CO:303;NJ:280;NC:254;GA:195,high,0
549300VCMRO4ST680C11,,,,unmatched,32888,10858,0,TX:1052;FL:935;CA:770;GA:706;NC:705;VA:580;MO:413;SC:382;OH:351;TN:349,high,0
549300FK3AFCFVAPH234,,,,unmatched,7697,6274,0,MA:4926;NH:248;CT:177;RI:124;FL:114;ME:60;CA:58;TX:53;NC:51;NJ:37,high,0
254900RUCO27MVGTO768,,,,unmatched,20166,9270,0,NY:1687;NJ:1215;IL:1106;OH:564;PA:540;FL:432;CT:324;GA:317;TX:281;IN:258,high,0
254900HA4DQWAE0W3342,,,,unmatched,15379,9160,0,TX:1692;GA:705;FL:619;CA:540;PA:524;IL:452;IN:431;OH:396;AL:335;TN:311,high,0
C5654JQHZUHN0772B561,,,,unmatched,26635,11693,0,TX:1101;FL:825;NC:681;GA:562;VA:488;TN:407;OH:397;PA:348;MO:340;SC:332,high,0
549300Y5Y88FQLI7VE83,,,,unmatched,14122,8066,0,FL:1549;CA:1010;TX:738;NC:355;GA:352;NJ:274;OH:265;PA:231;VA:205;IL:205,high,0
549300KHXD7JSQUZIJ22,,,,unmatched,9519,7038,0,TX:3092;NC:1185;AR:673;TN:487;WA:339;ID:193;FL:138;CO:126;MI:123;IN:91,high,0
549300R0SXC1JU7ZU290,,,,unmatched,13447,10308,0,TN:2461;OH:1167;MI:696;FL:575;GA:520;VA:503;AL:495;PA:402;KY:386;IN:376,high,0
X05BVSK68TQ7YTOSNR22,,,,unmatched,68974,9711,0,CA:813;FL:771;TX:649;IL:493;NY:467;GA:466;NJ:451;OH:397;PA:392;VA:317,high,0
549300T3F9S1MKFKHC53,,,,unmatched,6908,5674,0,NY:4005;PA:479;CT:407;MA:154;NC:95;FL:72;WI:49;TN:42;SC:40;MI:39,high,0
549300OBO7DOF2KOP535,,,,unmatched,14403,7185,0,TN:4089;AL:1712;GA:598;MS:248;KY:189;TX:159;FL:75;NC:15;SC:14;LA:11,high,0
549300R77W0P105C3S50,,,,unmatched,14377,7980,0,CA:1332;FL:1325;TX:930;AZ:254;GA:254;OH:210;PA:201;NC:197;TN:196;AL:188,high,0
254900E6AIE4Z8YQM970,,,,unmatched,11513,6978,0,CA:1470;FL:1222;TX:651;NY:357;NJ:278;AZ:267;GA:252;HI:244;SC:197;NC:181,high,0
549300SK2GVCQXPD4S58,,,,unmatched,16278,8918,0,CA:1697;TX:1058;FL:658;AZ:538;GA:358;IL:304;PR:289;OH:247;NC:246;VA:245,high,0
5493005JPZ3LXXMB0S24,,,,unmatched,8168,6000,0,FL:2916;SC:805;AL:319;NC:313;TX:270;GA:262;KY:208;AZ:206;CA:130;IN:98,high,0
549300CDOC4F7XSRG390,,,,unmatched,8293,5548,0,TN:2808;NC:1222;SC:417;VA:248;AL:224;GA:200;FL:107;MD:82;KY:51;MS:51,high,0
549300KSOOZZVXCMA627,,,,unmatched,10229,6232,0,FL:1936;CA:979;TX:491;GA:268;SC:250;NC:246;VA:201;NJ:153;PA:147;AZ:137,high,0
549300YN94MOAVYW0F52,,,,unmatched,21298,9778,0,CA:1030;FL:819;TX:667;IN:664;AZ:631;OH:614;GA:475;NC:468;VA:353;TN:352,high,0
549300KJ8PAJ7E52HG32,,,,unmatched,20196,12504,0,FL:1839;SD:1570;AZ:1203;TX:1036;UT:934;CO:484;GA:407;MN:377;NE:357;CA:304,high,0
549300GTVXJ2PGXNLM73,,,,unmatched,12024,9307,0,TX:1195;FL:869;NC:762;OH:610;SC:592;KY:592;CT:447;VA:334;IL:302;AR:278,high,0
3Y4U8VZURTYWI1W2K376,,,,unmatched,35659,16529,0,IL:3906;CA:3818;WI:2970;IN:1029;AZ:962;CO:755;MN:487;MO:324;NE:297;FL:285,high,0
SS1TRMSN6BRNMOREEV51,,,,unmatched,19117,9656,0,MI:2677;TX:943;CA:934;FL:737;IN:410;NY:367;GA:351;AZ:303;OH:300;NJ:204,high,0
254900TTZ395IC926125,,,,unmatched,10564,7434,0,CA:2290;TX:605;OR:449;KS:368;FL:341;AZ:307;MA:268;CO:267;TN:243;MD:215,high,0
549300T94GSH3C4U5M59,,,,unmatched,14981,8359,0,CA:1937;IL:777;FL:679;WA:593;AZ:482;CO:385;OR:353;GA:331;NJ:280;VA:212,high,0
5493009B17HXCVXTD608,,,,unmatched,8061,5353,0,CA:1541;FL:1292;TX:353;AZ:252;NJ:208;IL:199;UT:153;GA:129;WA:129;CO:111,high,0
549300EKFFG3BU8DNX74,,,,unmatched,10644,5793,0,CA:1752;FL:672;TX:565;AZ:358;WA:190;GA:182;NJ:179;IL:168;PA:142;CO:119,high,0
2549001SI0EMFPT39035,,,,unmatched,10748,7401,0,FL:1568;WA:861;CA:706;OH:605;NJ:358;TX:357;GA:340;AZ:316;MI:262;AL:162,high,0
549300INFJ8TYNZ1G568,,,,unmatched,6522,6065,0,CA:1748;FL:485;TX:359;CO:314;WA:265;AZ:233;IL:200;NY:192;NJ:178;NC:172,high,0
549300IVURCTJ6QVMD67,,,,unmatched,5186,3784,0,TX:3754;CO:4;AR:3;OK:3;AL:2;NC:2;SC:2;MI:2;OR:1;OH:1,high,0
PAOOWF3GUFM46FBSP561,,,,unmatched,20501,7655,0,CA:800;TX:669;FL:485;VA:355;GA:309;AL:289;AZ:265;NC:262;TN:247;CO:244,high,0
549300NWBS6MQJX15N44,,,,unmatched,7805,5717,0,CA:1262;TX:1171;GA:488;AZ:284;FL:275;WA:270;IL:229;PA:169;CO:168;MN:127,high,0
549300BX448ALT10FI43,,,,unmatched,20909,8296,0,IL:809;NY:620;NJ:552;VA:437;NC:413;OH:408;FL:397;PA:379;GA:356;CA:265,high,0
549300DMYENRV818D594,,,,unmatched,8506,6441,0,TX:1607;GA:638;TN:631;CO:511;MN:476;VA:456;MD:424;AR:355;FL:329;PA:299,high,0
549300T9P3WXNMXX0I34,,,,unmatched,11998,8425,0,WI:1245;PA:1110;OH:1044;NC:765;FL:693;IL:563;IN:394;TN:333;VA:290;TX:224,high,0
549300CLRXFVF83ZL806,,,,unmatched,5839,3929,0,NY:2070;NJ:486;FL:463;PA:182;NC:102;MD:98;CT:83;OH:63;TX:57;GA:56,high,0
HUX2X73FUCYHUVH1BK78,,,,unmatched,15640,8717,0,NY:2485;OH:2071;WA:869;PA:597;IN:489;OR:470;CT:299;CO:227;ME:223;ID:180,high,0
549300ZWNETGFXTBBY03,,,,unmatched,13173,8449,0,GA:1431;AL:1135;WA:886;TX:724;UT:506;ID:413;OK:337;TN:330;NC:313;NV:293,high,0
549300SUCQ1358EGVE89,,,,unmatched,45543,8395,0,FL:805;NC:548;GA:542;OH:452;AL:393;VA:372;PA:367;SC:330;TN:325;MI:311,high,0
549300OPB0G5OMY0SM65,,,,unmatched,5481,3822,0,CA:2430;TX:253;GA:163;FL:151;IL:149;NV:127;MD:73;VA:71;NJ:70;PA:44,high,0
549300R7HGHP2I754087,,,,unmatched,9404,7331,0,IL:1045;TX:784;FL:695;GA:640;AL:618;MI:430;SC:350;LA:296;NC:279;CO:224,high,0
5493003V40VGM7YDFM54,,,,unmatched,13160,8831,0,UT:2983;WI:802;CA:772;NJ:570;FL:427;ID:415;PA:374;TX:278;GA:253;TN:189,high,0
549300TA4MQM8WN2XG31,,,,unmatched,9454,5106,0,FL:504;PA:494;NJ:395;CA:388;TX:381;NY:356;IL:278;OH:277;MI:227;GA:185,high,0
549300Q50XCC0473FG63,,,,unmatched,10408,5048,0,CA:1243;NY:460;FL:389;NJ:308;AZ:246;WA:207;VA:171;NC:137;TN:136;IL:123,high,0
549300RFLICNI75BG067,,,,unmatched,12136,8416,0,MN:1356;NJ:1069;FL:686;CO:543;IN:517;KY:435;DE:277;WA:265;TX:244;SC:240,high,0
549300MHH03ICJYEPE85,,,,unmatched,8187,5120,0,CA:1040;FL:396;TX:315;NY:235;AZ:220;UT:193;MA:191;TN:179;CO:166;NC:147,high,0
593C3GZG957YOJPS2Z63,,,,unmatched,5359,3375,0,CA:2576;WA:175;NY:146;TN:73;NJ:35;FL:32;NV:27;CO:25;AZ:24;TX:23,high,0
2WHM8VNJH63UN14OL754,,,,unmatched,90347,51203,0,OH:24819;MI:10932;IL:4352;IN:2547;PA:1812;MN:1707;WV:1148;KY:903;CO:675;WI:664,high,0
213800XR2TCBQJSF1X93,,,,unmatched,11823,6849,0,MO:523;TX:518;KS:430;FL:383;NC:354;WA:335;CA:313;GA:257;VA:252;IL:206,high,0
5493000EUC3MM52PJV85,,,,unmatched,4889,3122,0,CA:2354;FL:223;TX:92;AZ:81;NV:64;NJ:46;WA:28;GA:25;CO:20;VA:17,high,0
549300LROQOOQU77WS20,,,,unmatched,12661,5807,0,CA:537;TX:435;NC:318;WA:301;GA:291;FL:263;NJ:234;VA:233;CO:195;IL:189,high,0
254900QNIR86GUIRYH95,,,,unmatched,6105,3059,0,CA:1861;TX:290;FL:284;NC:89;GA:80;AZ:48;VA:46;CO:42;NJ:36;NV:34,high,0
5493000OM9RKJW8W5K82,,,,unmatched,4961,3504,0,CA:2287;OR:253;GA:196;TN:176;UT:129;AZ:101;NV:51;WA:41;CO:37;SC:33,high,0
549300ZPSJZO10ZAX556,,,,unmatched,9325,4494,0,FL:621;TX:462;CA:274;NY:256;OH:253;NC:214;GA:174;PA:172;SC:160;NJ:156,high,0
549300QKL5FUBZ8LSF50,,,,unmatched,8223,5926,0,OR:1427;CA:840;PA:570;WA:435;MA:314;FL:268;NJ:191;IL:190;TX:184;OH:183,high,0
5493005PD34O8ZT7QT17,,,,unmatched,10284,7256,0,OH:1513;PA:757;IL:469;MI:431;MO:365;NJ:321;TX:319;AL:292;GA:244;NY:241,high,0
549300JPGMCMBEJEK584,,,,unmatched,8289,3877,0,MA:1769;NH:651;GA:184;NJ:153;CA:148;FL:94;TX:89;VA:64;IL:52;PA:51,high,0
5493008VVXQIDO1EZ460,,,,unmatched,8405,5759,0,CA:951;OR:805;TX:471;TN:425;GA:378;ID:300;WA:299;MO:295;IL:264;NV:241,high,0
2549002VH9C0PKB8K153,,,,unmatched,5687,3056,0,CA:933;NY:575;FL:388;NJ:317;TX:139;CT:89;PA:69;MA:49;GA:47;IL:45,high,0
549300LLKEKXL2RM1F61,,,,unmatched,4309,2839,0,NY:1919;PA:226;FL:183;NJ:142;AL:69;TX:53;CT:49;MI:29;SC:26;NC:21,high,0
Q708HHR4LD2B7XIZNO92,,,,unmatched,7944,4687,0,FL:899;GA:410;SC:336;NC:251;TX:177;WI:176;IL:163;MO:154;VA:147;MN:131,high,0
549300YW2UBCMDRMBT48,,,,unmatched,4966,3953,0,NY:644;OH:587;NC:562;PA:364;TN:272;VA:190;GA:180;FL:177;SC:160;IN:99,high,0
54930059GZZ7G4G40O53,,,,unmatched,3918,2858,0,TN:1004;NC:922;TX:376;VA:132;SC:117;FL:69;MN:42;AL:36;GA:21;MI:13,high,0
5493002N5168AC238149,,,,unmatched,3613,2638,0,NJ:2071;PA:289;FL:42;VA:35;MD:26;TX:26;NY:25;NC:17;CT:13;SC:12,high,0
5493002Y5XYV7DV1ZV88,,,,unmatched,11225,6891,0,FL:1346;MI:1280;TX:409;IN:364;NV:325;NC:308;CO:278;WY:244;WA:213;OH:203,high,0
5493005DKMV1IHIM8E20,,,,unmatched,5671,3884,0,PA:1700;DE:1210;NJ:555;MD:64;FL:52;CA:47;NC:28;GA:26;VA:25;SC:18,high,0
254900M2C4Q6DATP2889,,,,unmatched,12186,4137,0,CA:510;FL:448;NC:357;GA:286;AZ:260;OH:245;PA:224;TN:199;NJ:191;MI:170,high,0
2549004FXPNKCLIN8250,,,,unmatched,11752,8115,0,OH:1310;TX:1261;CA:797;LA:765;CO:652;WA:606;ID:550;OR:532;IL:348;MT:180,high,0
984500F6E6940CCB6A60,,,,unmatched,4550,2966,0,NY:532;TX:458;CA:403;NJ:403;FL:227;IL:112;GA:76;TN:75;PA:70;MO:58,high,0
549300UT4EN6IH579Q63,,,,unmatched,4240,2872,0,TX:1923;FL:201;ID:103;WA:93;OH:82;GA:82;AZ:68;TN:66;CO:45;CA:44,high,0
549300PL267CW8182203,,,,unmatched,11290,4203,0,TX:477;FL:416;GA:412;CA:409;VA:330;AZ:273;CO:169;NC:157;TN:157;WA:110,high,0
549300A5HHOL2ED18C72,,,,unmatched,6706,3194,0,CA:1372;FL:389;TX:211;LA:85;WI:71;MD:62;OH:61;NC:58;MI:55;IL:55,high,0
254900QRD0ZXHH08TX87,,,,unmatched,4054,2443,0,TX:2019;FL:138;SC:102;LA:47;CO:32;UT:27;OK:15;MA:15;RI:9;PA:5,high,0
549300BBKMRS6J0CB539,,,,unmatched,4005,2955,0,TX:2153;IL:171;VA:119;IN:117;FL:102;OK:88;MO:56;NV:25;AZ:14;AL:13,high,0
254900CTT87ZKAUTIJ37,,,,unmatched,7767,4886,0,PA:577;OH:524;TX:373;FL:354;MD:352;CA:261;MI:219;GA:217;MO:208;OK:194,high,0
549300HRLROF7PLJ6735,,,,unmatched,4575,2742,0,CA:898;FL:661;TX:286;GA:157;WA:61;TN:59;AZ:57;UT:47;MD:46;NV:44,high,0
549300BLL6VL7AXWYP56,,,,unmatched,9652,6052,0,TN:627;TX:609;NE:513;MI:454;WA:351;ID:234;OR:219;OH:218;MD:194;CA:189,high,0
54930048P8RWCQHQM310,,,,unmatched,5439,3131,0,CA:504;NY:503;FL:380;TX:240;NJ:231;AZ:117;MA:110;CT:108;MD:89;CO:86,high,0
549300UXY7OP0IC38293,,,,unmatched,10377,6396,0,KY:1184;MI:572;FL:524;CO:486;MA:288;GA:219;TN:219;IN:218;UT:207;CA:205,high,0
549300NJVKCDJA5YC939,,,,unmatched,5321,3783,0,GA:982;AZ:757;CA:454;MN:450;FL:310;CO:204;SC:183;TX:102;IA:98;NC:96,high,0
213800QUAI2VH5YM6310,,,,unmatched,5973,4493,0,MD:856;FL:627;NJ:599;VA:582;NY:269;MA:257;AL:256;DE:215;PA:149;NH:133,high,0
549300VQUTI5IU7GXT57,,,,unmatched,9801,5896,0,UT:1700;TX:1288;AZ:548;NV:328;FL:286;GA:253;WA:156;CO:149;CA:127;HI:122,high,0
549300C232ZWY1I57C16,,,,unmatched,4066,2112,0,CA:2079;AZ:7;OH:5;NV:5;TX:3;OR:2;GA:1;TN:1;MN:1;FL:1,high,0
549300GWD9H4FQ2VR805,,,,unmatched,4480,3386,0,CA:552;FL:316;NY:308;TX:200;CO:163;NJ:139;WA:130;MA:124;NC:111;AZ:98,high,0
254900DRSIZBQXDCJ875,,,,unmatched,2409,2409,0,FL:590;CA:463;TX:382;GA:205;NC:175;TN:85;PA:70;VA:61;OH:53;MD:28,high,0
2549004Z576VEJBK3N72,,,,unmatched,4063,2542,0,FL:640;CA:361;NY:343;NJ:236;TX:128;GA:98;AZ:69;PA:63;IL:63;MA:60,high,0
5493003NV9L53LK1XI52,,,,unmatched,3773,2244,0,CA:1753;FL:82;TX:73;NV:38;AZ:34;NJ:27;VA:27;CO:23;GA:21;IL:20,high,0
549300PQLK8E48ILXV41,,,,unmatched,7850,4388,0,CA:533;FL:421;MI:227;TX:213;LA:192;AZ:190;MO:161;GA:156;NC:154;IL:149,high,0
549300UR5AOWTJJ7KZ64,,,,unmatched,5432,3529,0,FL:505;CA:468;TX:301;UT:146;AZ:133;GA:129;MA:119;SC:118;WA:111;IL:106,high,0
549300J6N77Q8OHYNF23,,,,unmatched,7828,5501,0,TX:419;CA:416;WA:388;NC:341;IL:291;MD:267;MO:214;NH:193;GA:188;MA:176,high,0
549300VMX06UV1F7NS76,,,,unmatched,5690,4240,0,MI:955;FL:429;PA:390;GA:343;TX:255;TN:237;KY:231;OK:184;NC:159;WV:155,high,0
549300M8WGW2D17CZD19,,,,unmatched,3467,2666,0,TX:1580;AZ:284;UT:203;FL:190;OK:172;GA:69;KS:42;SC:39;TN:17;CO:10,high,0
549300ALNLUNS3Y53T24,,,,unmatched,26611,5416,0,CO:1398;GA:491;TX:304;FL:274;OH:189;NC:168;CA:163;PA:147;IN:122;MI:111,high,0
254900WEP08K7U7S3A80,,,,unmatched,8177,6568,0,WI:943;TX:709;OH:658;AZ:564;MO:385;OR:304;IN:252;NV:222;IL:210;MS:209,high,0
98450087981AP406JG03,,,,unmatched,3264,2642,0,CA:1294;WA:138;HI:134;FL:97;UT:96;TX:94;NY:70;GA:70;CO:64;TN:57,high,0
549300QR0KFPEDZPEI42,,,,unmatched,11060,7147,0,KY:2250;AL:997;TN:703;IN:657;GA:442;MS:391;FL:289;OH:283;PA:270;WV:226,high,0
549300B4IYL7TZT8FA34,,,,unmatched,8795,6038,0,ID:1793;WA:655;CA:637;GA:512;NV:349;OR:242;MO:196;UT:193;TX:184;IL:180,high,0
54930025XJJO3T0M1A92,,,,unmatched,5373,2316,0,GA:1374;WA:128;FL:101;OR:90;MA:88;AZ:71;NJ:66;ID:44;SC:40;CO:39,high,0
254900RQX8N4HXJIDK44,,,,unmatched,2614,1993,0,CA:1607;AZ:54;NV:47;NC:37;UT:37;TN:29;CO:23;GA:23;PA:19;SC:18,high,0
5493001X0T84TYRJ5Y59,,,,unmatched,3372,2086,0,CA:1029;FL:372;TX:130;GA:83;WA:40;AZ:37;NC:36;MI:31;TN:27;OH:26,high,0
549300249G20MDIDRR27,,,,unmatched,11602,2752,0,TX:748;SC:336;OK:211;FL:197;AL:190;NC:160;TN:135;GA:135;MS:107;AR:88,high,0
5493001HHBUTXHS7TZ96,,,,unmatched,6819,5353,0,CO:1121;AZ:971;CA:865;FL:614;NV:376;UT:300;WA:299;VA:210;ID:147;TN:115,high,0
254900IEGKUDRDS23V26,,,,unmatched,3353,2352,0,CA:1161;NV:182;TX:181;FL:126;GA:80;VA:70;MD:62;WA:60;AZ:52;HI:44,high,0
549300REENMLD2RN3W58,,,,unmatched,5575,4097,0,KY:757;GA:741;MS:426;AL:214;SC:204;IN:198;TX:153;FL:142;TN:90;CA:83,high,0
549300ZIQ24V0C88AC41,,,,unmatched,3616,2102,0,FL:933;CA:430;WA:89;TN:86;AZ:78;MD:69;OR:65;NC:59;GA:31;NJ:29,high,0
C398JSK21YCXWM603F55,,,,unmatched,11708,7752,0,IL:2719;WI:1224;CA:371;IA:328;FL:252;MN:237;MI:223;NY:179;TX:179;NC:174,high,0
549300PL8ER6H23P0Z91,,,,unmatched,6554,4443,0,WA:476;IL:470;CA:426;MD:368;TX:302;CO:257;VA:190;FL:180;OR:180;KY:166,high,0
549300MUXFVZKH4XLG17,,,,unmatched,3278,2228,0,CA:677;TX:490;AZ:130;WA:106;NC:102;GA:102;SC:93;OH:77;UT:60;NV:59,high,0
CKVBED0S4DMLKJJ5XH28,,,,unmatched,5127,4497,0,MO:1522;CA:364;FL:265;IL:150;TX:142;NY:138;NC:122;NJ:119;GA:115;CO:104,high,0
5493007XAKU2Q6LGXD23,,,,unmatched,2217,1540,0,TX:1306;NC:135;TN:19;FL:12;SC:9;OH:9;VA:8;GA:7;CO:5;OK:5,high,0
54930030Z1JWTP3SVD16,,,,unmatched,5609,3061,0,FL:458;GA:334;CO:273;MI:253;OH:173;NC:169;TN:155;PA:126;IN:115;MO:94,high,0
54930078TNN7GKZ7NU89,,,,unmatched,3985,3063,0,VA:809;GA:678;MD:395;NC:215;FL:157;SC:110;TN:86;ND:80;AL:75;NY:62,high,0
5493004RLLKTQS8K7U51,,,,unmatched,3878,2099,0,TX:639;FL:282;OK:185;NC:127;IL:104;AZ:96;NY:78;CA:78;NJ:51;MA:42,high,0
549300Q3ROEQU3D1IW91,,,,unmatched,19804,2630,0,TX:464;CA:453;AZ:321;FL:160;WA:152;PA:125;NY:122;LA:114;OR:112;OK:54,high,0
254900LTD432L5CHIZ48,,,,unmatched,3885,1963,0,CA:920;FL:228;MN:130;VA:101;TX:100;GA:64;AZ:51;OH:48;NJ:39;MD:33,high,0
54930091JQKCU3Z6IP44,,,,unmatched,25603,2519,0,GA:284;FL:276;OH:189;TX:151;NC:128;NY:123;VA:120;PA:118;TN:101;NJ:100,high,0
254900WTZC5SSKIN2M11,,,,unmatched,4245,2709,0,NC:235;IL:187;TX:181;GA:169;MD:143;FL:142;CA:124;CT:119;SC:111;MA:107,high,0
549300IKS3MMB5YK6T18,,,,unmatched,2180,1523,0,CA:1195;NY:116;AZ:21;FL:17;NV:16;WA:14;NJ:12;VA:10;OR:10;GA:10,high,0
549300IFOE4SCP384147,,,,unmatched,2997,2426,0,FL:1083;MI:505;IN:245;CA:67;NC:57;GA:47;TN:44;SC:43;AL:27;AZ:25,high,0
549300UB5TJ0YPVPT503,,,,unmatched,3894,2690,0,CA:903;MN:314;WA:247;TX:215;OR:190;NV:184;TN:127;CO:109;AZ:99;ID:49,high,0
254900JH11ROOV921P96,,,,unmatched,2266,1600,0,CA:1259;NV:144;AZ:58;TX:42;WA:24;FL:16;HI:10;PA:9;IN:7;OR:7,high,0
254900LKAJBFGO0IIP75,,,,unmatched,2115,1702,0,TX:1171;KY:285;NC:99;OH:81;MA:45;GA:8;NH:6;FL:3;CT:2;ME:1,high,0
254900FBWEZ3YUPOBN33,,,,unmatched,3876,2305,0,FL:269;NC:262;VA:149;SC:137;GA:131;TN:130;TX:120;OH:114;PA:108;IN:101,high,0
549300Q02LGIN9AXKP98,,,,unmatched,6401,4168,0,OR:1545;WA:857;CA:824;CO:174;AZ:110;TX:97;ID:92;FL:66;GA:63;NC:48,high,0
5493008ZTV4S0W9DCX64,,,,unmatched,4502,1893,0,CA:461;TX:305;FL:229;AZ:106;GA:85;WA:78;NC:54;NV:53;OR:40;TN:39,high,0
254900RM3T6WAVE6SA24,,,,unmatched,2446,1847,0,TX:892;NC:100;AZ:97;LA:86;FL:84;CO:83;OK:74;IL:55;GA:54;CA:36,high,0
549300RYTR2RVL4SFJ90,,,,unmatched,3013,1893,0,TX:242;FL:241;NC:142;NJ:131;GA:121;MO:113;HI:95;PA:72;CA:65;OH:62,high,0
549300AT7EB9FJAF0E61,,,,unmatched,16759,10956,0,IN:2746;IL:2207;MN:1877;MI:1211;TN:999;WI:824;KY:489;ND:135;FL:59;IA:55,high,0
549300C8GOC4OYUV0Z32,,,,unmatched,4824,2639,0,MD:270;OH:262;FL:244;TX:183;PA:140;GA:128;NC:127;MO:105;IN:98;MI:96,high,0
549300ZZME37MXI1EF14,,,,unmatched,9985,7562,0,MO:3201;OH:849;TX:571;MD:440;MI:357;IL:283;AR:269;WA:192;KY:166;ME:116,high,0
549300XCVBRR56D08F03,,,,unmatched,12867,2293,0,CA:454;FL:152;NV:108;NJ:102;GA:94;AZ:91;NC:85;OH:82;WA:74;CO:70,high,0
5493006JISETNI0GLE61,,,,unmatched,5427,3693,0,TN:786;OH:706;IN:518;KY:489;TX:312;KS:174;IA:150;NE:149;SD:91;CO:63,high,0
549300VVH8HHFMWL8536,,,,unmatched,2187,1457,0,TX:529;CA:513;LA:62;CO:52;MS:51;AL:25;FL:25;UT:24;AZ:17;OR:13,high,0
549300DG3IV05V4C4E03,,,,unmatched,4161,3145,0,LA:1292;TX:730;AR:516;TN:265;IN:131;GA:86;MS:73;FL:13;OH:6;AL:6,high,0
5493002TJKC8NLH1ZP82,,,,unmatched,2827,1694,0,CA:792;AZ:166;FL:144;UT:99;TX:54;WA:49;GA:43;AL:36;MO:33;VA:31,high,0
549300YX5RPSSMR88K92,,,,unmatched,2299,1981,0,CA:834;CO:280;AZ:232;WA:132;OR:108;FL:71;TX:50;MO:35;VA:28;MI:27,high,0
549300EFCZM6KD6B8K69,,,,unmatched,2260,1578,0,NJ:593;PA:165;TX:120;VA:82;MI:62;MD:62;ID:32;TN:32;NC:30;OK:30,high,0
549300W45D2J6BT4LX65,,,,unmatched,1745,1727,0,FL:260;CA:195;TX:184;NJ:175;MD:150;VA:124;GA:65;NC:63;AZ:51;SC:46,high,0
ZXMJHJK466PBZTM5F379,,,,unmatched,2077,1712,0,FL:298;TX:142;CA:122;NC:99;NY:75;CO:74;TN:69;GA:58;SC:54;NJ:49,high,0
549300YMIOLU51FSTO86,,,,unmatched,2052,1588,0,PA:346;NJ:322;DE:136;NY:108;TX:98;OH:89;MI:69;WV:66;FL:64;GA:45,high,0
2549004XJQQPBYQSMT39,,,,unmatched,2114,1190,0,NY:550;NJ:112;FL:108;CA:87;TX:50;CT:31;MA:29;PA:25;GA:20;IL:17,high,0
549300FVD3YHE65PKH97,,,,unmatched,3373,2007,0,NV:336;TX:274;CA:216;NJ:193;CO:156;FL:134;IN:120;GA:117;OK:106;IL:99,high,0
254900WT4HAMDFWH3048,,,,unmatched,3715,1440,0,TX:190;FL:188;CA:164;NC:118;GA:93;PA:66;NJ:65;OH:58;TN:47;NV:41,high,0
549300S8SHBRCI7UU819,,,,unmatched,5563,3223,0,IL:917;MN:494;CA:229;FL:150;WI:118;NC:115;OH:89;GA:88;IN:76;TN:75,high,0
549300LXKO1O7CSK5J52,,,,unmatched,19410,15370,0,MO:7301;IL:1758;AR:1481;OK:1425;KS:1216;TX:675;CO:311;IA:298;IN:268;NE:264,high,0
54930080168VA6Z8UX21,,,,unmatched,5952,3617,0,MD:1696;VA:681;NJ:223;PA:190;NC:101;FL:91;SC:87;DC:67;DE:61;GA:60,high,0
254900BBWJ82FQDQ6823,,,,unmatched,1820,1189,0,NJ:262;TN:132;TX:94;PA:71;SC:70;FL:69;NY:68;MA:61;NC:57;IL:40,high,0
549300OYEKEORA1GI088,,,,unmatched,1899,1460,0,NC:659;OR:133;KY:127;MT:93;TX:92;SC:80;VA:74;TN:27;FL:27;WA:21,high,0
5493009Y8ROUG903AQ21,,,,unmatched,1340,1010,0,CA:849;WA:21;NV:10;IL:9;TX:9;NY:8;FL:8;OR:8;PA:7;GA:6,high,0
549300G5DVGM0ZHRQC33,,,,unmatched,2652,1784,0,TX:185;FL:151;NC:141;GA:106;AZ:103;VA:102;CA:98;OH:89;SC:68;MI:63,high,0
2549005K0ZG1MFV3R260,,,,unmatched,1778,913,0,FL:644;TX:61;CA:44;NJ:38;GA:33;NC:11;SC:9;NY:8;TN:7;IL:7,high,0
254900ZX1UPIG2E7TH11,,,,unmatched,4134,3064,0,LA:1298;AL:793;SC:288;GA:193;TX:186;FL:93;OK:42;PA:38;MS:37;MA:26,high,0
549300ISCZS1R0CJMO47,,,,unmatched,2117,1726,0,TX:255;NC:107;FL:104;GA:77;TN:70;MI:69;PA:67;SC:66;MO:58;IL:55,high,0
549300KX4S1573HISS22,,,,unmatched,2917,1327,0,CA:417;FL:177;AZ:126;TX:73;WA:45;GA:33;PA:32;NV:29;CO:27;NJ:26,high,0
549300RM1IZYGQDSNL85,,,,unmatched,6074,1623,0,FL:206;TX:167;TN:152;CO:123;KY:69;NC:60;OH:60;NY:56;MI:52;ID:52,high,0
254900BMXWPEHXG4LF21,,,,unmatched,1644,1116,0,CA:361;FL:302;TX:72;WA:62;AZ:48;CO:39;MI:27;PA:25;OR:22;UT:21,high,0
549300SBA6BX8HZZF585,,,,unmatched,1101,820,0,CA:565;TX:100;GA:55;FL:40;MA:23;WA:12;CO:5;NV:5;HI:2;AZ:2,high,0
549300A68YW07V5R5G22,,,,unmatched,1972,957,0,CA:536;FL:125;TX:47;AZ:38;GA:26;WA:25;HI:20;NV:20;UT:17;CO:15,high,0
549300N3JBQ15RQ7AV97,,,,unmatched,4212,2983,0,AZ:828;CA:603;NE:295;AL:292;NV:258;VA:219;CO:183;FL:58;TX:45;UT:43,high,0
549300LZUXCJFE5ONM48,,,,unmatched,1795,1369,0,CA:317;TX:110;FL:98;WA:72;AZ:68;UT:60;SC:53;GA:53;CO:50;OR:46,high,0
549300HFBEONQN2CK447,,,,unmatched,10072,8105,0,OH:5594;IN:1546;PA:550;KY:178;FL:127;CA:14;MI:12;TN:12;NC:10;SC:9,high,0
549300TMY3OACQC9U777,,,,unmatched,2045,963,0,CA:407;FL:140;TX:112;AZ:47;WA:28;NJ:27;CO:21;GA:19;NV:14;MD:14,high,0
54930091CYUK2SDZ6D37,,,,unmatched,1538,914,0,CA:343;FL:180;TX:106;MI:78;NJ:20;TN:19;NY:15;MD:14;NV:14;NC:14,high,0
549300IJO7NO6VDZPD35,,,,unmatched,3250,2460,0,OK:667;TX:660;MI:649;MD:231;CO:39;IL:38;AZ:26;FL:25;VA:19;PA:19,high,0
9845007CY0EC0F59W414,,,,unmatched,1228,801,0,CA:391;TX:104;GA:81;FL:62;PA:36;OK:24;VA:17;NJ:14;OH:9;MD:8,high,0
5493000IIYWBLONJVJ30,,,,unmatched,2370,1430,0,CA:173;TX:112;FL:91;NC:78;WA:59;MI:55;GA:50;IL:48;MN:48;PA:46,high,0
54930021DZJ9CEN11D61,,,,unmatched,2604,1550,0,AL:309;FL:185;GA:184;TN:124;OH:99;NV:96;KY:77;MI:58;IN:48;NJ:39,high,0
549300I0ICF6REKHOC74,,,,unmatched,3583,2753,0,MD:1148;AZ:360;IN:294;SC:234;PA:137;FL:129;TX:80;DE:63;AL:54;NC:48,high,0
549300DNWSJUNAWUM003,,,,unmatched,2522,1388,0,NC:247;VA:226;MD:209;PA:92;SC:63;NY:60;FL:57;IL:56;KY:39;DC:34,high,0
5493004T9SQFCNRQ2L76,,,,unmatched,3132,2358,0,MO:680;IL:638;SC:255;TN:142;FL:106;MS:89;NC:83;NE:73;VA:71;KS:56,high,0
549300NN0PRX3I4QGG46,,,,unmatched,1601,896,0,FL:244;NC:138;GA:108;TX:89;VA:52;MO:39;SC:36;IN:35;AL:29;PA:17,high,0
549300QVGK8WC4HQ3C28,,,,unmatched,1289,810,0,PA:185;TN:124;GA:109;NJ:99;AL:64;FL:54;NC:31;VA:30;SC:19;IL:13,high,0
KD3XUN7C6T14HNAYLU02,,,,unmatched,1637,1015,0,CA:220;NY:91;FL:83;TX:82;IL:62;MA:49;CO:33;UT:31;WA:30;NJ:25,high,0
549300BOXNV8VLRBDT24,,,,unmatched,2879,1363,0,CA:220;TX:86;NC:59;AZ:58;FL:51;GA:45;WA:44;TN:44;IL:41;OH:40,high,0
549300III1DMY3SLAW56,,,,unmatched,876,642,0,SC:444;TN:173;NC:8;GA:5;FL:4;IL:2;VA:2;OH:1;TX:1;MD:1,high,0
549300PKEQ3Q9S0IXW76,,,,unmatched,5324,3201,0,MI:1072;NV:550;AR:477;NC:475;IN:211;OH:161;OK:59;PA:58;SC:25;FL:20,high,0
549300CK7U1WMTIG6687,,,,unmatched,1453,975,0,CA:466;FL:92;NV:84;AZ:59;HI:48;OR:38;CO:36;TX:29;UT:27;WA:22,high,0
549300748YYU6VG08N83,,,,unmatched,2907,1876,0,CO:911;TX:159;NC:128;FL:100;GA:77;VA:69;SC:52;OR:52;AL:45;AZ:41,high,0
5493003B20KZ3DEZGB43,,,,unmatched,999,653,0,NY:297;CA:239;IL:49;NJ:34;NV:18;HI:8;LA:2;FL:2;AZ:1;NC:1,high,0
254900DSZI6CJXJL6Z14,,,,unmatched,1590,921,0,TX:168;FL:93;GA:66;NC:60;OH:60;IL:48;PA:46;NY:32;TN:29;MI:27,high,0
549300KQHWNSVCE2MY88,,,,unmatched,1746,1219,0,TX:125;TN:91;NC:65;CA:58;GA:53;IN:53;FL:49;MN:47;OH:46;VA:46,high,0
254900I68BOSEM149Q58,,,,unmatched,1048,720,0,TX:354;NC:85;CA:49;UT:39;AZ:29;VA:26;FL:21;IN:14;MD:11;MO:11,high,0
549300TK6RZQSFXZHV09,,,,unmatched,2683,1473,0,MI:532;FL:157;PA:110;CA:108;NC:75;OH:68;AZ:54;IN:38;MD:34;TX:32,high,0
254900U1OBL1MC6M6518,,,,unmatched,734,605,0,PA:364;NJ:82;TX:19;FL:19;NC:10;OH:10;CT:10;VA:7;MI:7;IN:7,high,0
5493000H6DFDDJRORG89,,,,unmatched,2371,742,0,CA:208;TX:79;NV:69;NJ:60;FL:44;AZ:44;NC:43;IL:41;WA:30;SC:25,high,0
549300UF3FPC7U6RFC59,,,,unmatched,10804,7285,0,MO:4768;CO:733;OK:544;KS:353;NC:269;AR:104;FL:91;IL:68;IA:46;TX:35,high,0
5493002QRULT2T40BH09,,,,unmatched,10720,6817,0,MO:3721;KS:2521;CA:186;AR:57;KY:52;TX:51;FL:30;NV:17;MI:16;IL:14,high,0
COINQMNIM6RBU631DD85,,,,unmatched,20365,13363,0,AR:6555;OK:3409;MO:2139;KS:735;TX:71;FL:46;CA:32;IN:27;TN:26;NC:26,high,0
549300W4FT4H1UWPGU95,,,,unmatched,21756,15699,0,IA:10661;IL:3954;MI:329;WI:190;NE:148;IN:78;OH:48;AZ:38;MO:33;CO:33,high,0
549300N1YEXP02MHBR47,,,,unmatched,8964,5317,0,OH:5207;KY:35;IN:21;TN:17;FL:9;MI:7;GA:4;TX:4;IL:2;SC:2,high,0
2549005Q4HZ55QX7YC64,,,,unmatched,909,696,0,CA:249;TX:151;MD:37;AZ:33;VA:26;WA:23;FL:21;NV:19;NC:18;MA:14,medium,0
2549005FUF02T1IFCA22,,,,unmatched,1029,652,0,FL:165;CA:134;TX:58;NJ:47;UT:19;PA:18;GA:18;CO:16;NC:16;SC:14,medium,0
5493007L4GYNO2PUBS09,,,,unmatched,3256,1295,0,MI:318;TX:156;GA:146;IL:110;IN:109;WA:89;PA:65;FL:44;NJ:35;OR:29,medium,0
2549009X2AG1P20YAJ63,,,,unmatched,2014,658,0,CA:299;NY:38;FL:34;TX:23;NJ:19;AZ:19;WA:18;NV:17;VA:14;NC:13,medium,0
54930015645SYPOM7220,,,,unmatched,1102,791,0,TN:258;NV:156;GA:114;OR:49;FL:39;CA:36;AL:29;CO:27;VA:27;IN:23,medium,0
5493007CLWQN2S6IZK91,,,,unmatched,2313,1339,0,VA:128;TX:115;KS:88;MO:71;NC:67;FL:61;AZ:59;GA:55;CA:48;MD:46,medium,0
984500CD6F0743B8F530,,,,unmatched,1261,998,0,GA:124;OH:116;PA:74;FL:61;IN:50;TN:49;NC:48;IL:42;VA:37;MI:32,medium,0
549300PEWJWBNEOSS013,,,,unmatched,1864,1297,0,OH:324;FL:163;MD:138;OR:96;NJ:71;NC:62;IN:45;VA:42;KY:40;DE:39,medium,0
549300LLESTPOVRG3X73,,,,unmatched,2569,1100,0,KS:151;CA:88;WA:78;MO:67;TX:55;FL:49;NC:47;CO:45;NY:40;IL:33,medium,0
254900P7WLDQD9IUL038,,,,unmatched,3882,2074,0,NH:1321;MA:184;ME:126;FL:43;GA:41;VT:36;NC:32;CA:29;VA:25;WA:24,medium,0
549300QIUZLVR1OLDH55,,,,unmatched,5610,3566,0,MI:2770;MN:136;CA:132;FL:99;PA:39;IL:38;GA:35;NC:34;NJ:30;OH:29,medium,0
254900RFZH9I62FGU045,,,,unmatched,2305,1681,0,MS:546;TX:362;KS:298;OK:222;MO:111;IN:62;AR:23;FL:14;WA:8;GA:7,medium,0
254900YA1AQXNM8QVZ06,,,,unmatched,951,767,0,CA:85;TX:59;FL:56;IL:34;NY:34;GA:32;WI:32;WA:31;NC:29;TN:27,medium,0
549300YPBBHUEKV1YC68,,,,unmatched,1114,706,0,TX:159;SC:64;FL:61;VA:51;MO:40;AZ:34;CA:32;GA:30;AK:22;OH:21,medium,0
984500F03B9034CQB904,,,,unmatched,4756,618,0,TX:79;FL:69;NC:60;CA:45;GA:38;OH:36;PA:35;VA:34;TN:29;IN:24,medium,0
984500P059VACEAAFA22,,,,unmatched,1434,875,0,IL:170;TX:127;NC:111;MD:62;IN:47;CA:38;WI:32;OH:30;FL:28;GA:24,medium,0
5493001SDQVS1NWYH012,,,,unmatched,1018,888,0,MN:140;KY:132;AZ:117;FL:96;CA:90;NC:83;AL:46;WA:44;TN:34;TX:33,medium,0
4EP6JBYBTPTQ47LZOB67,,,,unmatched,665,527,0,CA:66;FL:59;MA:51;NY:40;GA:27;NC:22;CO:21;TX:20;SC:18;VA:15,medium,0
254900A1LV2U6NM10498,,,,unmatched,670,468,0,CA:235;OH:53;FL:33;ID:17;NC:14;PA:13;TX:13;GA:11;AZ:9;TN:8,medium,0
HIDXEG9BLUJZKBGUT764,,,,unmatched,1630,1166,0,VA:397;MD:366;DC:220;FL:24;CA:20;NC:12;MA:11;PA:10;CO:10;TX:8,medium,0
549300HVFLWKU7133506,,,,unmatched,655,340,0,CA:301;TX:19;GA:3;PA:2;AZ:2;NV:2;CO:2;FL:2;MI:1;OR:1,medium,0
549300KST6N97GYH0O45,,,,unmatched,467,337,0,TX:322;FL:3;CO:2;AL:1;OR:1;PA:1;CA:1;OK:1;AR:1;WI:1,medium,0
549300UVOSI4XZZGUE14,,,,unmatched,1987,942,0,UT:278;ID:85;NC:67;FL:61;GA:52;AZ:44;CA:43;SC:43;OH:42;IL:35,medium,0
254900378RFGMBEKAF12,,,,unmatched,3556,2166,0,IA:720;IL:309;ME:257;WI:132;NC:109;MO:52;KS:50;ND:41;GA:38;TX:37,medium,0
984500RF83EA742B5589,,,,unmatched,987,622,0,OK:59;MO:53;TX:49;TN:49;NJ:46;KS:42;FL:38;OH:34;CA:33;PA:28,medium,0
549300S5FVOSK5DQJN30,,,,unmatched,5987,4500,0,UT:3672;CA:224;AZ:149;ID:115;WA:84;NV:54;NC:33;CO:31;TX:24;FL:20,medium,0
549300T61O0X0RJMQ375,,,,unmatched,1117,647,0,CA:55;KS:50;MO:49;TX:47;WA:43;FL:41;NJ:39;NC:32;VA:28;IL:23,medium,0
549300YD7XJM19TH5O82,,,,unmatched,4999,3231,0,IL:2769;CA:124;TX:42;TN:38;FL:31;NC:25;IN:24;MO:24;AZ:18;GA:16,medium,0
549300PXIFIEPL7D7R86,,,,unmatched,659,447,0,TN:123;NJ:66;TX:40;IL:29;IN:21;FL:19;CO:16;OH:13;GA:13;MS:9,medium,0
D8RBTOL3JO2Q6IEO0F34,,,,unmatched,1311,976,0,LA:528;TX:270;MS:128;AR:10;AL:9;FL:8;TN:6;OK:4;AZ:2;OH:2,medium,0
549300OSZK2W0WJYS771,,,,unmatched,2063,1248,0,VA:766;MD:112;FL:91;NC:62;SC:32;GA:21;PA:20;WV:19;DC:14;TN:14,medium,0
54930044OSTKOJMHF287,,,,unmatched,1137,814,0,DE:225;MD:182;DC:145;VA:65;PA:37;NC:31;FL:17;SC:13;NJ:9;NY:9,medium,0
549300INKSPQCTELMO58,,,,unmatched,3309,2598,0,MN:1395;SD:229;TX:149;ND:136;WI:119;AZ:105;FL:79;CO:72;IA:55;AL:46,medium,0
549300I1HK1BBZLKOB84,,,,unmatched,647,455,0,TX:111;CA:55;LA:39;FL:30;NY:27;NJ:17;WA:17;AZ:13;CO:11;CT:11,medium,0
549300MQEDQYDJR8CP22,,,,unmatched,1017,449,0,FL:41;TX:41;OH:38;GA:36;TN:27;CA:24;NJ:22;NY:22;MO:21;PA:20,medium,0
254900IRE136HFEI2562,,,,unmatched,436,285,0,NY:188;NJ:22;CT:21;CA:17;FL:14;MA:4;NC:3;VT:3;PA:3;TN:2,medium,0
549300GY4NTTEM7WWB64,,,,unmatched,816,529,0,AR:175;FL:79;GA:41;MS:38;NC:35;TX:28;PA:21;TN:20;VA:20;AL:14,medium,0
549300E0S1LZYZ9QNX81,,,,unmatched,2648,1646,0,IN:987;IL:279;TN:218;KY:130;GA:19;FL:3;AL:3;NJ:1;AZ:1;CO:1,medium,0
549300K6K2IS7FRS7S09,,,,unmatched,980,644,0,MO:70;VA:59;FL:46;TX:42;AK:37;CA:31;NC:31;AZ:21;GA:20;MI:20,medium,0
549300JRDGV1559XM376,,,,unmatched,1517,904,0,NE:217;AZ:92;ID:85;TX:59;TN:59;CO:55;IL:53;IA:48;UT:47;CA:45,medium,0
5493008SP1FN4D81IS17,,,,unmatched,453,359,0,TX:79;CA:49;NC:30;FL:19;WA:17;AZ:13;IL:11;VA:10;NJ:10;OH:9,medium,0
549300SQRR7T3EUSDD87,,,,unmatched,517,289,0,TX:171;CO:40;GA:28;TN:7;AZ:7;FL:5;SC:3;KY:3;MN:3;NC:3,medium,0
549300OHLAHJ10DFF198,,,,unmatched,918,679,0,UT:282;FL:120;ID:110;TX:72;NV:41;AZ:11;NE:8;TN:5;CA:4;CO:4,medium,0
549300AENO88GEUWCZ39,,,,unmatched,1280,846,0,MN:142;IN:65;CO:58;FL:56;CA:52;OK:39;KY:36;TX:34;DE:27;WI:26,medium,0
5493008E4KBJCB6UKR64,,,,unmatched,515,321,0,CA:123;NV:27;GA:24;FL:12;TX:12;MO:11;AZ:10;IN:9;NC:7;PA:7,medium,0
549300DQLGJ1YQRRHH73,,,,unmatched,449,303,0,TX:133;AZ:37;FL:21;CO:15;CA:13;IL:12;GA:10;NV:10;TN:8;MO:5,medium,0
549300HINJH60UG3KG47,,,,unmatched,361,317,0,NC:41;FL:38;VA:30;GA:28;TX:25;CA:21;NV:15;WA:11;PA:10;OK:10,medium,0
254900EZRN0CBEP77K34,,,,unmatched,1167,563,0,VA:170;MD:86;DC:38;CA:31;FL:18;NC:17;TX:15;IL:15;SC:14;GA:12,medium,0
549300JGMQJ4R419LR70,,,,unmatched,516,402,0,TX:45;CA:44;OH:29;IL:28;FL:19;PA:18;WA:15;NY:15;AL:14;MI:13,medium,0
549300AOB4S7B0DB7863,,,,unmatched,771,425,0,VA:93;MD:71;FL:54;WV:29;NJ:20;GA:20;CA:18;DC:17;TX:16;NC:15,medium,0
984500FAD1FB7FEGTE82,,,,unmatched,702,330,0,NC:30;TX:27;GA:25;FL:25;CA:23;IL:18;OH:13;MD:13;CO:12;TN:12,medium,0
549300LLQD0X2OTG0Y27,,,,unmatched,1196,581,0,RI:205;MA:77;NH:31;DE:20;LA:17;OH:16;NC:16;TX:15;SC:15;FL:14,medium,0
549300KPBZCTMM3Y0061,,,,unmatched,907,661,0,MD:316;VA:96;FL:36;CA:27;NC:24;GA:22;DC:14;TX:12;OH:11;AZ:9,medium,0
549300TULDV69V2XKY60,,,,unmatched,524,343,0,VA:70;CA:55;MD:52;DC:21;FL:21;AZ:13;NC:12;PA:11;GA:11;NJ:8,medium,0
5493004R423PBPM6A173,,,,unmatched,557,394,0,OH:46;TX:37;IL:24;GA:23;TN:20;NJ:19;IN:19;VA:18;MI:17;FL:15,medium,0
549300NLJI4QKZ3D0G94,,,,unmatched,332,202,0,CA:125;FL:13;TX:11;CO:9;AZ:9;NV:6;WA:6;OR:5;ID:2;MD:2,medium,0
6PTKHDJ8HDUF78PFWH30,,,,unmatched,338,289,0,FL:55;IL:43;CA:35;TX:20;CO:17;WI:14;GA:8;NJ:7;WA:6;UT:6,medium,0
549300TTPRGSP8DGY569,,,,unmatched,696,471,0,VA:134;MD:113;DC:55;CA:20;FL:14;NC:11;NJ:10;PA:8;OK:8;WV:8,medium,0
549300C04BJ0G297NC13,,,,unmatched,556,268,0,TX:26;FL:21;CA:18;PA:16;NC:15;IL:15;NY:13;NJ:10;IN:8;CO:8,medium,0
549300YDBNK66R6ZES34,,,,unmatched,2287,1508,0,MO:1183;IL:91;FL:43;OH:33;TX:23;GA:18;CA:17;CO:14;NY:12;VA:12,medium,0
2549008LUH7QKMXQ8N53,,,,unmatched,1648,1140,0,IL:297;MO:278;IA:176;PA:97;IN:76;CO:43;MT:31;TX:25;MN:21;AR:17,medium,0
549300WKFR15017V9850,,,,unmatched,1615,1165,0,CO:516;MN:197;MO:171;CA:99;ME:66;WA:23;KS:16;FL:14;WI:8;AZ:7,medium,0
549300IBT3SCF2K09D58,,,,unmatched,290,261,0,CA:34;WA:18;GA:16;MN:15;TX:15;OR:13;FL:13;AZ:12;PA:10;NC:10,medium,0
254900HO9WPE4LTLQU96,,,,unmatched,570,286,0,NV:79;TX:51;FL:26;AZ:19;MD:12;CA:11;VA:10;WA:9;UT:7;TN:7,medium,0
549300D2OYT7VTDY6Z20,,,,unmatched,438,269,0,MD:90;NJ:48;VA:37;FL:14;GA:11;NC:11;CA:8;PA:6;IL:6;DC:4,medium,0
549300B2JJHSM77T5Y41,,,,unmatched,1393,882,0,OH:746;GA:50;FL:16;TX:10;SC:9;TN:6;CA:4;MI:4;NV:4;WI:3,medium,0
549300SQKZC6HESYGO25,,,,unmatched,736,258,0,CA:27;VA:24;FL:15;IL:15;NJ:12;NC:11;AZ:10;PA:9;NY:9;OH:8,medium,0
5493000JFVFQFL816N45,,,,unmatched,862,529,0,AR:374;TX:63;MO:13;CO:11;NC:10;FL:9;SC:6;CA:5;LA:4;TN:3,medium,0
549300DRA4BDXW23LD45,,,,unmatched,2210,1609,0,MN:624;WI:301;IL:93;MT:72;IN:54;IA:47;NE:45;OH:42;OK:40;SD:29,medium,0
5493002WVA17MT4UFH84,,,,unmatched,444,191,0,TX:26;CA:19;FL:16;AZ:9;MI:8;PA:8;WI:7;GA:7;UT:7;NV:6,medium,0
54930022CQGV47Q8PM03,,,,unmatched,602,233,0,TX:22;FL:18;CA:18;WA:16;GA:15;WI:13;MI:12;IL:12;OH:10;KY:9,medium,0
54930063578UDYE3JR69,,,,unmatched,1797,1219,0,OH:744;IN:154;KY:131;WV:42;NC:32;PA:29;TN:14;MI:10;FL:9;AR:8,medium,0
549300O5WDIJU8S7OI05,,,,unmatched,2212,1775,0,OK:1406;MO:137;KS:81;TX:48;FL:10;AZ:10;AR:9;GA:9;WA:5;SC:5,medium,0
5493002YXAOJOQPEGS38,,,,unmatched,584,238,0,MO:35;TX:32;AZ:27;FL:21;KS:12;NC:11;IL:11;VA:10;NE:10;TN:9,medium,0
549300KR4ZW8KJC82O47,,,,unmatched,529,433,0,KS:224;MO:42;TX:27;AK:15;TN:13;FL:11;CO:8;MS:6;VA:6;NC:6,medium,0
549300AEULLVYD8L9B04,,,,unmatched,166,155,0,OH:17;NY:15;CA:15;VA:10;PA:9;TX:8;NJ:8;GA:8;IL:8;AZ:6,medium,0
7DMUJTL9FFTVIAG9H788,,,,unmatched,7326,3789,0,MO:2488;KS:751;IL:194;CO:161;OK:45;TX:23;FL:22;AZ:13;AR:13;CA:12,medium,0
254900KI7219LQKCI772,,,,unmatched,1254,974,0,CO:694;WY:105;TX:24;AZ:18;CA:17;MT:10;FL:8;OH:7;ID:7;NC:6,medium,0
549300GYK7N8U42X9587,,,,unmatched,126,114,0,CA:32;NC:12;FL:10;OR:6;NY:5;PA:4;LA:4;TX:4;TN:3;SC:3,medium,0
549300AV8QD552DSI743,,,,unmatched,163,136,0,TX:29;CA:10;NY:8;MN:8;AZ:8;WA:8;PA:6;IL:5;OH:4;KS:4,medium,0
549300C1ICNCM0V37Y02,,,,unmatched,2415,2391,0,MO:1585;KS:606;AZ:48;IL:38;FL:17;TX:14;TN:9;AR:8;CO:8;OK:4,medium,0
549300KUIZTYQRC0R888,,,,unmatched,376,232,0,MN:97;IA:27;TX:12;SD:10;FL:9;NY:6;AZ:6;GA:5;WI:4;PA:4,medium,0
B94HV8SXGDD3J5XESU08,,,,unmatched,1615,1172,0,IL:1046;AZ:25;NY:15;FL:13;WI:12;MI:12;IN:6;WA:4;PA:4;SC:3,medium,0
1TMVIO1SD0RLIPEIW803,,,,unmatched,1953,1311,0,MO:915;IA:198;KS:76;MN:31;NE:16;IL:14;AR:12;FL:8;NC:7;CA:6,medium,0
549300QDGMFASKEN7Z77,,,,unmatched,4287,2827,0,MN:2694;WI:66;FL:14;AZ:6;IA:4;IL:4;CO:3;NE:3;UT:2;OH:2,medium,0
549300CP7747DCRW6U68,,,,unmatched,1655,1334,0,MO:673;IL:616;FL:12;CO:3;TN:3;AZ:2;OH:2;OK:2;IN:2;MI:2,medium,0
254900FFZUXK3B729T97,,,,unmatched,1041,839,0,UT:775;ID:14;AZ:13;CA:8;MO:4;CO:3;VA:3;TX:3;FL:2;SC:2,medium,0
549300P2GEYNMH5OQA71,,,,unmatched,2193,1422,0,WA:972;ID:289;OR:111;AZ:15;CA:9;MI:4;MT:3;MO:2;FL:2;UT:2,medium,0
549300QLO8TSQW5JTK72,,,,unmatched,2807,2409,0,NE:1724;IA:452;SD:44;CO:44;KS:31;WY:27;MO:25;AR:15;ND:14;TX:7,medium,0
5493009PLGT79KQ6HO15,,,,unmatched,651,566,0,NE:492;IA:45;AZ:4;FL:3;MO:3;TX:3;CO:3;VA:2;MN:2;OK:1,medium,0
549300GG5XNEIGHQTG04,,,,unmatched,2609,1836,0,NE:1606;IA:200;KS:8;SD:7;FL:3;MN:2;NV:2;MO:2;OK:1;TX:1,medium,0
549300U82B82JH54TO79,,,,unmatched,1345,1120,0,NE:1077;IA:14;CO:6;AZ:4;IL:3;NC:2;SD:2;KS:2;MO:2;FL:1,medium,0
VEQ70DCTAI4TBBHPYI39,,,,unmatched,688,542,0,NE:327;IA:132;MN:71;WI:2;AZ:2;FL:2;SC:1;MO:1;OK:1;AL:1,medium,0
549300G5ZQEXZC4Y5G44,,,,unmatched,134,58,0,CA:42;TX:3;GA:2;AZ:2;WA:2;OH:1;IL:1;TN:1;OR:1;ID:1,low,0
549300KDR80I1ELW8D36,,,,unmatched,899,330,0,OR:121;WA:65;CA:46;ID:37;MT:29;AZ:14;UT:13;AK:2;VA:1;WY:1,low,0
5493006HFDG31YJ3MM36,,,,unmatched,483,253,0,OH:119;KY:25;IN:24;MI:14;CA:14;VA:13;FL:8;LA:7;WV:6;IL:5,low,0
549300WW4OBT30G5DK23,,,,unmatched,211,139,0,MN:24;WI:18;IL:14;OH:11;AZ:7;FL:6;GA:5;CA:5;IN:5;PA:4,low,0
PS6WLKTYGZOKK05G5O59,,,,unmatched,233,189,0,IA:117;NC:9;TX:7;OH:6;IN:4;CO:4;GA:4;SC:3;WI:3;KY:3,low,0
549300OSY236S7MBKO83,,,,unmatched,106,98,0,AL:55;LA:7;TX:6;NC:4;TN:4;MS:3;MO:3;VA:3;AR:3;KY:2,low,0
