lei,institution_name,nmls_id,our_lender_slug,match_status,total_applications,total_originations,ks_originations,states_with_originations,priority_match
5493002QRULT2T40BH09,,,,unmatched,10720,6817,2521,MO:3721;KS:2521;CA:186;AR:57;KY:52;TX:51;FL:30;NV:17;MI:16;IL:14,high
549300C61LNGA8J8EF85,,,,unmatched,2174,1595,1384,KS:1384;MO:202;OK:2;AR:1;CO:1;NE:1;CA:1;IA:1;TN:1;TX:1,medium
549300LXKO1O7CSK5J52,,,,unmatched,19410,15370,1216,MO:7301;IL:1758;AR:1481;OK:1425;KS:1216;TX:675;CO:311;IA:298;IN:268;NE:264,high
549300RRQHIHHM9I4K21,,,,unmatched,1956,1152,1143,KS:1143;OK:5;MO:3;NE:1,medium
54930091IM32ECQG7562,,,,unmatched,1315,1159,1134,KS:1134;MO:9;FL:5;OK:3;CO:2;AR:1;TN:1;TX:1;SC:1;IL:1,medium
549300MUMD1WPCSXT518,,,,unmatched,1520,1284,889,KS:889;MO:326;OK:59;CO:2;AL:2;IL:2;TN:2;NV:1;CA:1,medium
549300O0SJ54M4D70R54,,,,unmatched,1087,852,852,KS:852,medium
549300L9MOPDT0NKE883,,,,unmatched,1406,980,805,KS:805;OK:79;MO:53;FL:8;CA:4;TX:3;NC:3;NM:3;MN:3;IL:2,medium
7DMUJTL9FFTVIAG9H788,,,,unmatched,7326,3789,751,MO:2488;KS:751;IL:194;CO:161;OK:45;TX:23;FL:22;AZ:13;AR:13;CA:12,medium
COINQMNIM6RBU631DD85,,,,unmatched,20365,13363,735,AR:6555;OK:3409;MO:2139;KS:735;TX:71;FL:46;CA:32;IN:27;TN:26;NC:26,high
549300FV8093AKDLHQ80,,,,unmatched,1041,713,712,KS:712;OK:1,medium
8AI385EP1ZJCMUOZ8022,,,,unmatched,981,781,700,KS:700;MO:71;CO:3;ID:2;TX:2;AR:1;FL:1;OK:1,medium
549300C1ICNCM0V37Y02,,,,unmatched,2415,2391,606,MO:1585;KS:606;AZ:48;IL:38;FL:17;TX:14;TN:9;AR:8;CO:8;OK:4,medium
D32W5EBLENJC27207O81,,,,unmatched,1063,617,598,KS:598;MO:7;NE:6;NY:2;IA:1;OK:1;AZ:1;AL:1,medium
549300CRPIDBSEMEY066,,,,unmatched,915,595,581,KS:581;MO:6;OK:5;AR:1;TX:1;NE:1,medium
54930034MNPILHP25H80,,,,unmatched,11008,7952,533,TX:2178;OK:1547;SC:653;KS:533;AR:350;NJ:337;WV:337;MO:254;FL:223;NM:216,high
549300214PKB2Y1ZWH75,,,,unmatched,615,568,524,KS:524;MO:33;WY:2;AZ:2;AR:2;MN:1;ID:1;OK:1;TX:1;CO:1,medium
VNOO6EITDJ2YUEBMSZ83,,,,unmatched,4454,2686,496,MO:808;KS:496;CO:407;AZ:328;IL:104;TX:102;NM:97;WI:83;IA:55;CA:52,medium
549300LG5340S24M4N89,,,,unmatched,1601,1169,495,CO:667;KS:495;WY:5;AZ:2,medium
549300IXP5DNWSGY6F96,,,,unmatched,861,548,473,KS:473;AR:28;OK:25;MO:17;FL:3;OH:1;KY:1,medium
213800XR2TCBQJSF1X93,,,,unmatched,11823,6849,430,MO:523;TX:518;KS:430;FL:383;NC:354;WA:335;CA:313;GA:257;VA:252;IL:206,high
5493003P55WOWIBVUF09,,,,unmatched,696,430,430,KS:430,low
549300T7AIY7RU1YDP31,,,,unmatched,2212,1448,423,CO:489;KS:423;MO:254;WY:84;TX:51;UT:35;ID:25;NM:19;FL:17;AZ:6,medium
549300TJF420N3F01V87,,,,unmatched,1750,1269,409,MO:411;KS:409;OK:249;AR:168;TX:13;CO:7;FL:3;AZ:2;NM:2;NE:1,medium
549300UFWBQTD1W41E26,,,,unmatched,789,464,405,KS:405;MO:59,low
5493000NYUJT9UC6G261,,,,unmatched,8132,5519,382,MO:1526;IL:660;FL:521;CA:395;KS:382;WA:233;AL:224;IN:223;ME:215;GA:191,high
254900TTZ395IC926125,,,,unmatched,10564,7434,368,CA:2290;TX:605;OR:449;KS:368;FL:341;AZ:307;MA:268;CO:267;TN:243;MD:215,high
549300UF3FPC7U6RFC59,,,,unmatched,10804,7285,353,MO:4768;CO:733;OK:544;KS:353;NC:269;AR:104;FL:91;IL:68;IA:46;TX:35,high
549300WYBPIWKK6SQC06,,,,unmatched,14525,11534,352,MN:6525;AZ:1256;WI:1031;ND:674;FL:407;MO:405;NM:397;KS:352;TN:190;CO:39,high
9845001DAE89414CBB55,,,,unmatched,8677,2547,335,IN:514;MI:449;WI:337;KS:335;IL:282;TX:174;FL:129;MO:63;OH:56;AZ:32,medium
5493008JUW0FLRMO0W64,,,,unmatched,968,756,321,MO:404;KS:321;TX:15;GA:4;VA:3;CA:2;IL:1;WA:1;MN:1;NC:1,medium
LDVFX8JEECFFE8HRWA73,,,,unmatched,6317,3757,307,NE:1773;IL:646;CO:466;KS:307;MO:215;IA:191;SD:54;WY:34;TX:12;WI:8,medium
254900RFZH9I62FGU045,,,,unmatched,2305,1681,298,MS:546;TX:362;KS:298;OK:222;MO:111;IN:62;AR:23;FL:14;WA:8;GA:7,medium
549300G5DUB6RE1MCL12,,,,unmatched,342,288,281,KS:281;CO:2;TX:2;HI:1;OK:1;MO:1,low
5493009SXBJ8LKIU7Q54,,,,unmatched,418,289,242,KS:242;MO:39;CO:8,low
549300IY6RZNCBF0QZ14,,,,unmatched,267,252,238,KS:238;MO:10;ID:1;GA:1;MS:1;KY:1,low
549300KR4ZW8KJC82O47,,,,unmatched,529,433,224,KS:224;MO:42;TX:27;AK:15;TN:13;FL:11;CO:8;MS:6;VA:6;NC:6,medium
2549008TT6UNYR7AXF54,,,,unmatched,5231,3566,218,WA:697;CO:538;TX:487;NM:349;OR:322;AZ:282;ID:262;KS:218;CA:113;MI:91,high
549300SPHVO4KAGQUX53,,,,unmatched,263,245,211,KS:211;CO:12;OH:5;OK:5;FL:3;IA:2;NM:2;ID:1;IL:1;AZ:1,low
254900PCN2EQDRMIHV68,,,,unmatched,737,380,205,KS:205;OK:104;MO:66;NE:3;AR:1;CO:1,low
549300JMT2KAYN9PTX82,,,,unmatched,461,276,202,KS:202;MO:49;NE:19;OK:6,low
FU7RSW4CQQY98A2O7J66,,,,unmatched,11003,5995,200,OK:2384;TX:1139;CO:853;NM:772;AZ:237;KS:200;MO:147;AR:125;FL:16;OH:13,high
254900L3UJN7196A5W71,,,,unmatched,354,269,197,KS:197;NE:56;MO:14;NM:1;SD:1,low
5493007GBJOK22LYB425,,,,unmatched,327,195,193,KS:193;OK:2,low
549300Z6EE8DBBFUW487,,,,unmatched,366,313,184,KS:184;AZ:64;MO:25;IN:7;OH:6;CA:5;WI:5;MS:4;IL:3;CO:1,low
549300MU3SP76R81WW62,,,,unmatched,1055,923,177,MO:703;KS:177;TN:29;IL:7;TX:3;CA:3;FL:1,medium
5493006JISETNI0GLE61,,,,unmatched,5427,3693,174,TN:786;OH:706;IN:518;KY:489;TX:312;KS:174;IA:150;NE:149;SD:91;CO:63,high
5493002HI2PDK2BQF091,,,,unmatched,219,183,174,KS:174;MO:8;FL:1,low
549300DT7WZ1SOTNFJ62,,,,unmatched,2457,1688,171,MO:648;CA:379;NE:340;KS:171;IL:41;TX:14;IA:12;NV:10;OK:10;CO:8,medium
254900N10G1D8QK8M334,,,,unmatched,174,166,166,KS:166,low
549300QUH5S3VFIWMU57,,,,unmatched,258,184,159,KS:159;CO:13;MO:9;NE:2;UT:1,low
549300EB748TPUCF9H23,,,,unmatched,185,157,155,KS:155;AZ:1;OK:1,low
549300CUUEEQ66ZVK149,,,,unmatched,3061,1993,153,MO:667;IL:464;KS:153;OH:119;IN:111;WI:90;KY:70;TN:61;GA:56;IA:54,medium
549300LLESTPOVRG3X73,,,,unmatched,2569,1100,151,KS:151;CA:88;WA:78;MO:67;TX:55;FL:49;NC:47;CO:45;NY:40;IL:33,medium
549300Q1YFRSB8UEGH03,,,,unmatched,671,440,149,OK:204;KS:149;TX:29;MO:20;AK:8;AR:5;CO:3;AL:3;MT:2;IL:2,low
549300P5F47MW3AQ2048,,,,unmatched,235,154,148,KS:148;MO:4;OK:2,low
254900LW5BPW0G1LMW49,,,,unmatched,707,609,139,NE:285;KS:139;MN:102;WI:31;OK:27;IA:25,medium
5493007LG15SP6QAWL48,,,,unmatched,181,155,137,KS:137;OK:16;CO:1;FL:1,low
549300LP0CV2MNC1GV68,,,,unmatched,532,390,134,KS:134;MO:88;CO:39;AZ:24;GA:20;TX:10;WA:6;VA:6;TN:6;NM:5,medium
549300LK4WOVIJ8FAK87,,,,unmatched,156,140,134,KS:134;MO:6,low
549300T73HHIEIUU5F67,,,,unmatched,162,135,131,KS:131;MO:2;TX:1;SC:1,low
254900AECSSNLT5FBU41,,,,unmatched,198,179,128,KS:128;MO:45;TX:3;CO:2;NE:1,low
54930011U6TQ5MJCDV15,,,,unmatched,136,132,128,KS:128;MO:4,low
549300WZ0MLK03PNE568,,,,unmatched,167,127,127,KS:127,low
549300R8LYY54XS86414,,,,unmatched,184,132,125,KS:125;MO:7,low
549300C4ZH7G6OB81F33,,,,unmatched,168,122,122,KS:122,low
254900R7H27ZMB7IRC26,,,,unmatched,162,134,120,KS:120;MO:6;OK:4;TX:2;NE:1;FL:1,low
549300CPT4UV65RIEU74,,,,unmatched,370,121,119,KS:119;MO:2,low
2549007W5PWUV8XG3V90,,,,unmatched,834,612,117,OK:488;KS:117;TX:3;AL:2;AR:1;MO:1,medium
2549006HZDO3SULWNR95,,,,unmatched,153,137,115,KS:115;MO:15;GA:2;AK:1;NE:1;AZ:1;CA:1;CO:1,low
254900R028OZZTTP5D53,,,,unmatched,126,117,114,KS:114;MO:3,low
5493001YU4TTE8QEL245,,,,unmatched,124,115,113,KS:113;MO:2,low
549300YGJL5TVDN6LR41,,,,unmatched,142,115,112,KS:112;MO:2;NE:1,low
2549004ZRHLORHQ9LT73,,,,unmatched,384,336,105,NE:226;KS:105;IA:5,low
254900QOUFAVP0L4K777,,,,unmatched,111,109,104,KS:104;MO:3;CO:2,low
549300JDDZ5OVOP5E294,,,,unmatched,660,410,99,MO:305;KS:99;TX:2;IL:1;TN:1;OH:1;FL:1,low
254900IHGFQJY2WUC891,,,,unmatched,180,136,99,KS:99;MO:34;IA:1;FL:1;OK:1,low
549300AR1PZJHZ7BYH72,,,,unmatched,127,109,99,KS:99;MO:7;AR:1;OK:1;FL:1,low
254900UA19NBVHVPQ177,,,,unmatched,120,97,97,KS:97,low
549300ZX4OGRPOOEH505,,,,unmatched,1149,974,95,MO:733;CO:126;KS:95;FL:4;OK:3;AR:2;TX:2;NE:1;NM:1;NC:1,medium
549300W5A6PQ1VJG3497,,,,unmatched,470,346,95,MO:230;KS:95;SC:3;MI:2;TN:2;AR:2;FL:2;NV:1;MD:1;AL:1,low
5493009ROW8QSODANH20,,,,unmatched,157,126,95,KS:95;MO:31,low
2549006U8SXATH10WI14,,,,unmatched,141,115,95,KS:95;MO:20,low
549300Z4DDTZBW3TC153,,,,unmatched,112,102,94,KS:94;MO:7;NE:1,low
549300054IBXNJUH0T10,,,,unmatched,106,92,89,KS:89;CA:1;TX:1;VA:1,low
549300HGCEIBDGBU7E37,,,,unmatched,152,93,89,KS:89;MO:4,low
5493007CLWQN2S6IZK91,,,,unmatched,2313,1339,88,VA:128;TX:115;KS:88;MO:71;NC:67;FL:61;AZ:59;GA:55;CA:48;MD:46,medium
549300O5WDIJU8S7OI05,,,,unmatched,2212,1775,81,OK:1406;MO:137;KS:81;TX:48;FL:10;AZ:10;AR:9;GA:9;WA:5;SC:5,medium
549300NBFJM2PBH24L77,,,,unmatched,91,80,80,KS:80,low
549300HQPLN40YTRSL84,,,,unmatched,101,77,77,KS:77,low
549300XPYR4FPCKYRF48,,,,unmatched,88,77,77,KS:77,low
1TMVIO1SD0RLIPEIW803,,,,unmatched,1953,1311,76,MO:915;IA:198;KS:76;MN:31;NE:16;IL:14;AR:12;FL:8;NC:7;CA:6,medium
549300WOSE1H63K0E875,,,,unmatched,123,109,73,KS:73;MO:36,low
54930030PHXZTW8UCY89,,,,unmatched,75,73,73,KS:73,low
5493007700FZNYYEHT38,,,,unmatched,114,71,70,KS:70;IA:1,low
549300PZ44DNQDPOV865,,,,unmatched,3739,3183,68,NE:2875;MO:175;KS:68;IA:31;AZ:11;SD:5;FL:4;MN:3;AR:2;CO:2,medium
2549008SG8GC5XJ48M17,,,,unmatched,70,66,65,KS:65;MO:1,low
2549003IXQM06TTWQV75,,,,unmatched,78,64,64,KS:64,low
549300UTNHGSP4ICJE17,,,,unmatched,69,65,61,KS:61;MO:3;TX:1,low
5493008HZMBEJQEY0J72,,,,unmatched,101,85,59,KS:59;MO:26,low
549300K59ORGG9RDD082,,,,unmatched,71,58,57,KS:57;MO:1,low
549300DPRWSBUY619V27,,,,unmatched,4871,3125,56,AR:986;TN:773;TX:559;MO:461;OK:237;KS:56;MS:18;KY:7;IL:4;GA:4,high
5493004T9SQFCNRQ2L76,,,,unmatched,3132,2358,56,MO:680;IL:638;SC:255;TN:142;FL:106;MS:89;NC:83;NE:73;VA:71;KS:56,high
254900M6W35LL9PWTN67,,,,unmatched,58,56,56,KS:56,low
549300VFIO7B8IHC0H05,,,,unmatched,64,54,54,KS:54,low
549300ZP58VS10D8CK07,,,,unmatched,57,51,51,KS:51,low
254900378RFGMBEKAF12,,,,unmatched,3556,2166,50,IA:720;IL:309;ME:257;WI:132;NC:109;MO:52;KS:50;ND:41;GA:38;TX:37,medium
549300T61O0X0RJMQ375,,,,unmatched,1117,647,50,CA:55;KS:50;MO:49;TX:47;WA:43;FL:41;NJ:39;NC:32;VA:28;IL:23,medium
549300DX0B304LAKUN93,,,,unmatched,1176,911,48,MO:521;PA:228;IL:58;KS:48;IN:41;OH:4;TN:3;CO:3;FL:2;OR:2,medium
549300SZJNKNV106AN10,,,,unmatched,51,48,48,KS:48,low
549300XZNS9SEC471Q24,,,,unmatched,65,49,47,KS:47;OK:1;MO:1,low
549300BP2WBHKWIZA420,,,,unmatched,57,47,47,KS:47,low
549300GUHDQS0TYXZT21,,,,unmatched,53,47,44,KS:44;OK:2;FL:1,low
21380055IMHX3N5UL146,,,,unmatched,84,45,44,KS:44;OK:1,low
549300GE25F2CW7RV063,,,,unmatched,46,43,43,KS:43,low
549300HSEF434P70U240,,,,unmatched,45,43,43,KS:43,low
549300M8WGW2D17CZD19,,,,unmatched,3467,2666,42,TX:1580;AZ:284;UT:203;FL:190;OK:172;GA:69;KS:42;SC:39;TN:17;CO:10,high
984500RF83EA742B5589,,,,unmatched,987,622,42,OK:59;MO:53;TX:49;TN:49;NJ:46;KS:42;FL:38;OH:34;CA:33;PA:28,medium
2549003L98A6Z3YX9T46,,,,unmatched,56,43,42,KS:42;MO:1,low
5493001HOQL7ZEKTRZ55,,,,unmatched,96,54,40,KS:40;MO:10;OK:2;AR:1;TX:1,low
549300BGTO2X0ZFZVC45,,,,unmatched,42,41,40,KS:40;OK:1,low
549300JYEEYQ3BXVCX06,,,,unmatched,45,41,40,KS:40;MO:1,low
5493006ZMPVXXUIKYH60,,,,unmatched,53,41,39,KS:39;MO:2,low
549300XXQGH86HT5JF25,,,,unmatched,40,38,38,KS:38,low
549300HO7BEGRS02VS53,,,,unmatched,41,37,37,KS:37,low
R6KJ2D7C3UT8OVTWHS39,,,,unmatched,1996,1487,35,NE:1373;KS:35;IA:19;MO:18;CO:13;AZ:6;MN:3;TX:3;SD:3;IN:2,medium
5493001J5Z6NXCZKQR68,,,,unmatched,114,35,34,KS:34;OK:1,low
254900ZVK94NEC553D12,,,,unmatched,42,34,34,KS:34,low
54930058NMHTLEZ3C025,,,,unmatched,101,61,33,KS:33;MO:28,low
54930039IUN6515TBG78,,,,unmatched,2090,1504,32,GA:517;NY:292;TX:167;CO:153;NJ:103;CA:52;FL:47;KS:32;AZ:31;IL:17,high
549300QLO8TSQW5JTK72,,,,unmatched,2807,2409,31,NE:1724;IA:452;SD:44;CO:44;KS:31;WY:27;MO:25;AR:15;ND:14;TX:7,medium
254900JTDI619PKQ5A82,,,,unmatched,40,37,30,KS:30;MO:6;FL:1,low
254900995FB5NC7SSE05,,,,unmatched,32,30,29,KS:29;MO:1,low
549300NFA0VY9215VV25,,,,unmatched,897,463,27,MO:255;FL:63;TX:48;KS:27;CO:19;AR:18;OK:11;GA:10;NC:9;TN:1,medium
254900QXGTL5RYZXK761,,,,unmatched,97,89,26,MO:60;KS:26;TN:1;TX:1;CA:1,low
54930023OB56DYOL3G92,,,,unmatched,100,80,26,MO:54;KS:26,low
549300W6UP8EY0KSBG85,,,,unmatched,70,70,25,KS:25;CO:7;GA:5;MO:5;NC:4;FL:4;IN:2;MA:2;AZ:2;TX:2,low
549300QP3NKC4EY4SD85,,,,unmatched,37,37,25,KS:25;MO:10;TN:1;MN:1,low
549300Q8R70WLHGFLX73,,,,unmatched,200,146,25,MO:108;KS:25;OK:10;AR:3,low
549300BIN8FZ4Z1IX347,,,,unmatched,37,27,25,KS:25;MO:2,low
549300DHRESF8KLNP162,,,,unmatched,780,618,24,MO:588;KS:24;OK:4;AR:2,medium
254900NKP8DU1TIVDM92,,,,unmatched,24,24,24,KS:24,low
549300O7SGM8FH65GQ47,,,,unmatched,2070,1481,19,IL:1204;MO:86;FL:58;IN:58;OK:21;KS:19;CO:11;AZ:7;MI:4;CA:2,medium
549300EES32R2VOEK894,,,,unmatched,589,402,19,IA:98;WI:90;IL:88;OH:53;IN:31;KS:19;MI:15;MO:7;NE:1,low
549300NB3SBC1KHAWB92,,,,unmatched,5621,4133,17,MO:1690;NE:537;FL:434;IA:427;KY:328;AR:243;IL:195;TN:186;CO:24;KS:17,high
K0ZDN2CBIQC0EHBKNK35,,,,unmatched,292,186,17,MO:111;NM:34;KS:17;CA:13;AZ:5;CO:2;TX:2;IL:1;NV:1,low
549300KZ01YWJR4OIS58,,,,unmatched,20,17,17,KS:17,low
549300WKFR15017V9850,,,,unmatched,1615,1165,16,CO:516;MN:197;MO:171;CA:99;ME:66;WA:23;KS:16;FL:14;WI:8;AZ:7,medium
549300NZI0KZUW6HBT60,,,,unmatched,54,36,16,KS:16;CO:9;OK:6;TX:2;TN:2;NE:1,low
54930023DLYUOD6GKQ42,,,,unmatched,595,436,15,MO:414;KS:15;FL:2;MS:1;AR:1;OH:1;CO:1;NE:1,low
549300DF7LT6VI5BQC34,,,,unmatched,555,461,14,MO:430;KS:14;OK:7;AR:4;FL:4;TX:1;CO:1,low
549300KQQRECSLK8ID57,,,,unmatched,2890,2520,13,MI:2473;KS:13;FL:9;NC:8;AL:5;TX:4;OH:4;IL:3;SC:1,medium
54930032OCUOR526IR93,,,,unmatched,566,374,12,MS:123;GA:24;PA:21;FL:18;KY:14;AZ:13;KS:12;MO:10;TN:10;NC:9,medium
5493002YXAOJOQPEGS38,,,,unmatched,584,238,12,MO:35;TX:32;AZ:27;FL:21;KS:12;NC:11;IL:11;VA:10;NE:10;TN:9,medium
5493008S3V47SHFD8R45,,,,unmatched,163,126,12,OK:54;TX:54;KS:12;MO:4;CO:2,medium
5493007ASPHNTEYEZ797,,,,unmatched,1300,1018,11,AR:336;OK:324;TX:188;AL:157;KS:11;MO:2,medium
549300IEIM2IT5YK4368,,,,unmatched,2063,1573,11,AR:1415;MO:126;KS:11;OK:9;TX:4;HI:1;TN:1;CO:1;KY:1;WI:1,medium
549300ABEFRFKC9S8368,,,,unmatched,2269,1405,11,CO:1364;NM:12;KS:11;UT:6;WY:4;NE:4;MT:2;ID:2,medium
549300V71V12DS7RW675,,,,unmatched,848,449,10,OK:439;KS:10,low
549300AFD1IR7H2CES48,,,,unmatched,406,333,10,MO:320;KS:10;NE:1;MT:1;IA:1,low
549300KM40FP4MSQU941,,,,unmatched,22885,14331,9,WA:13589;AZ:169;ID:159;CA:148;OR:136;SC:65;MO:23;IL:18;PA:15;KS:9,high
549300GG5XNEIGHQTG04,,,,unmatched,2609,1836,8,NE:1606;IA:200;KS:8;SD:7;FL:3;MN:2;NV:2;MO:2;OK:1;TX:1,medium
549300YKBMBBIIMQJS94,,,,unmatched,1775,1486,7,MO:1111;AR:306;IL:35;KS:7;TN:6;TX:4;NY:4;OK:3;OH:3;FL:3,medium
549300MNZECUR067HB12,,,,unmatched,4837,3819,7,OK:3786;TX:8;KS:7;MO:6;CO:3;CA:3;AR:2;ME:1;NC:1;NM:1,medium
5493007OXXFLNNHTW637,,,,unmatched,431,379,7,MO:330;KS:7;TX:7;OK:5;AZ:4;IA:4;AR:3;FL:3;CA:2;AK:2,low
549300X7KG2H84UCP685,,,,unmatched,306,254,7,CO:103;WA:35;UT:32;NE:31;MO:14;KS:7;IL:7;ID:7;WY:6;IA:3,low
54930040GLSEV5H11Q12,,,,unmatched,437,312,7,NE:195;CO:80;AZ:15;KS:7;IL:2;SD:2;UT:2;NV:1;TN:1;CA:1,low
549300XKEC7P1D7OKJ16,,,,unmatched,2041,1670,6,OK:1509;TX:135;KS:6;FL:4;MO:4;CO:2;AR:2;TN:2;CA:1;NC:1,medium
549300COZ9YQTC4J1378,,,,unmatched,182,127,6,MO:109;OK:7;KS:6;AR:4;TX:1,low
549300KW3HYVC06WS898,,,,unmatched,545,402,5,MO:276;FL:26;IL:23;NC:10;SC:8;OR:7;KS:5;CA:4;VA:3;NY:3,medium
549300R0DP2GXAIMGB41,,,,unmatched,2171,1529,5,CO:1334;AZ:98;NM:34;NE:15;WY:9;TX:8;KS:5;MO:3;MN:2;MI:2,medium
549300JE6M4A1G4LPS75,,,,unmatched,1167,833,5,MO:798;AR:12;KS:5;IL:3;AZ:2;FL:2;SC:2;PA:1;NE:1;IN:1,medium
254900B9B6TYYGLOXT47,,,,unmatched,1115,824,5,MN:743;WI:29;IL:19;MO:10;FL:6;KS:5;AZ:4;NE:3;SD:3;IA:2,medium
549300Z3IK4IHLP1R468,,,,unmatched,113,91,5,MO:86;KS:5,low
549300DMHEHNYZ2OLB41,,,,unmatched,9837,6705,4,OK:3985;TX:2615;FL:12;AR:10;CO:9;CA:6;NM:6;UT:5;MS:4;KS:4,high
549300AV8QD552DSI743,,,,unmatched,163,136,4,TX:29;CA:10;NY:8;MN:8;AZ:8;WA:8;PA:6;IL:5;OH:4;KS:4,medium
549300RBJCM5B02O5U05,,,,unmatched,2585,2079,4,IA:1743;NE:222;MN:29;SD:24;AZ:11;FL:10;CO:5;MO:5;IL:4;KS:4,medium
5493002LPXKMOZNXUY90,,,,unmatched,2224,1830,4,ND:941;SD:503;MN:202;AZ:124;IA:12;NE:10;FL:5;KS:4;TX:4;NC:2,medium
549300488506L45QIE35,,,,unmatched,576,527,4,OK:521;KS:4;TX:2,medium
254900FI363837PZX856,,,,unmatched,328,228,4,IA:159;MO:14;NE:13;MN:9;IL:7;SD:5;AZ:4;KS:4;FL:3;WI:2,low
2549003Q4MH7EVI34Z09,,,,unmatched,149,135,4,NE:122;CO:8;KS:4;AZ:1,low
549300BJ6EOJ9EF6JB96,,,,unmatched,124,108,4,MO:103;KS:4;IA:1,low
549300Y61M2X3WRROA86,,,,unmatched,41,41,4,MO:37;KS:4,low
549300ASIS4D2QDWH380,,,,unmatched,2811,1841,3,TX:1806;NM:12;CO:6;OK:5;KS:3;MS:2;MT:1;AR:1;TN:1;OH:1,high
549300Q76VHK6FGPX546,,,,unmatched,1621,1301,3,IA:916;SD:304;NE:39;MN:11;AZ:7;MO:5;KS:3;FL:2;CA:2;WI:2,medium
549300V3N91EH05UWL23,,,,unmatched,113,64,3,CA:22;TX:6;GA:5;FL:5;CO:3;OH:3;KS:3;OK:2;AZ:2;WA:2,low
549300MK77IBUMJBI791,,,,unmatched,493,458,3,MO:450;KS:3;FL:2;TX:2;CA:1,low
254900HEPQK96AEXHS12,,,,unmatched,447,398,3,NE:359;IA:14;MO:13;KS:3;CO:1;ND:1;MN:1;TN:1;IL:1;OR:1,low
254900GVA8WBFNUQTV33,,,,unmatched,247,232,3,LA:225;KS:3;MO:1;TX:1;AL:1;MS:1,low
254900OI3V8V16I60I06,,,,unmatched,94,87,3,MO:83;KS:3;FL:1,low
549300P8K0GPRS1CUS51,,,,unmatched,499,436,3,MO:429;KS:3;IL:3;IA:1,low
549300Q3FASY9ZW0JS02,,,,unmatched,25,16,3,MO:13;KS:3,low
549300D003QRZFSQ4N43,,,,unmatched,4923,2415,2,TX:2220;OK:174;NM:6;FL:4;GA:2;KS:2;CO:2;CT:2;LA:1;TN:1,high
2549007IU6SKFLLNKZ07,,,,unmatched,504,402,2,CA:303;HI:20;AZ:18;TN:14;TX:12;FL:10;NV:7;WA:5;KS:2;ID:2,medium
549300T2PYPUFN0IWJ63,,,,unmatched,426,310,2,TX:171;OK:136;KS:2;NM:1,medium
5493002QP2ONO47G5R24,,,,unmatched,212,168,2,PA:116;FL:7;TX:6;NJ:4;CA:4;LA:4;AZ:3;GA:3;AL:2;KS:2,medium
5493006XPYTPLP6BLN10,,,,unmatched,214,152,2,TX:144;CO:3;KS:2;OK:1;PA:1;MI:1,medium
549300JX8UXNIMMZYW86,,,,unmatched,119,111,2,TX:88;TN:7;MO:5;GA:4;VA:2;KS:2;OK:1;MS:1;AR:1,medium
984500C6D3DC0BE5E321,,,,unmatched,125,102,2,GA:37;PA:16;NC:13;TN:13;FL:6;SC:5;TX:4;NJ:2;KS:2;VA:2,medium
549300O2D8BPO6PJRB90,,,,unmatched,1326,958,2,OK:709;AR:227;TX:14;KS:2;MO:2;CA:1;CO:1;MS:1;FL:1,medium
5493000XYE7QL54NMB52,,,,unmatched,1908,1433,2,IL:1286;MO:85;IA:31;FL:13;IN:6;CO:2;KS:2;OH:1;MI:1;AZ:1,medium
549300HN58ONH5KNJJ12,,,,unmatched,1243,1064,2,WI:806;MO:197;IL:32;FL:6;CO:4;TN:3;TX:3;MI:3;MN:2;KS:2,medium
549300U82B82JH54TO79,,,,unmatched,1345,1120,2,NE:1077;IA:14;CO:6;AZ:4;IL:3;NC:2;SD:2;KS:2;MO:2;FL:1,medium
II61D6IY86YZ37HBBL25,,,,unmatched,910,716,2,IA:576;AZ:101;NE:21;MO:5;MN:3;KS:2;IL:2;FL:2;SD:1;TN:1,medium
254900N133DZGPB2X985,,,,unmatched,504,504,2,ID:376;WA:71;OR:39;MT:9;AZ:2;CA:2;KS:2;NV:1;OH:1;TX:1,medium
5493000B61DDZ2PG1515,,,,unmatched,183,106,2,TX:44;CO:33;IL:17;IA:6;NM:3;KS:2;AZ:1,low
549300SWHFQY2F7RN335,,,,unmatched,31,20,2,CA:10;TX:6;KS:2;NV:2,low
984500DB378C704F4610,,,,unmatched,420,246,2,MN:197;WI:11;MO:9;FL:7;IA:3;MI:3;KS:2;TN:2;GA:2;SD:1,low
54930039OWZFM2IGRN69,,,,unmatched,449,356,2,AR:334;TX:7;OK:4;AL:2;KS:2;PA:2;IL:2;FL:1;UT:1;TN:1,low
54930099BVD0E448JX38,,,,unmatched,537,457,2,NE:353;IA:60;MN:15;MO:7;CO:6;FL:3;SD:2;KS:2;TX:2;ID:1,low
549300X2FI65C4A30O27,,,,unmatched,373,309,2,OK:299;TX:6;KS:2;FL:1;TN:1,low
549300RDN1T32WR2WF91,,,,unmatched,96,82,2,MO:64;TX:6;WI:3;KS:2;IA:1;OR:1;NC:1;AR:1;FL:1;IL:1,low
5493004WQK3PHW1SDP63,,,,unmatched,514,389,2,OK:380;TX:5;KS:2;CO:1;NC:1,low
549300ELXS6PBT8OEE44,,,,unmatched,495,368,2,CO:343;TX:3;OH:3;NE:3;AZ:2;WA:2;KS:2;GA:1;NM:1;OR:1,low
549300XMCDBXHD84QD46,,,,unmatched,325,289,2,IA:273;MO:2;FL:2;KS:2;MN:2;OH:1;WI:1;NC:1;CO:1;PA:1,low
254900EQ47K76CF2A976,,,,unmatched,490,423,2,NE:412;FL:3;CO:3;KS:2;MO:1;IA:1;AZ:1,low
549300BNZVNK1XN85P72,,,,unmatched,347,282,2,IA:238;SD:32;KS:2;FL:2;NE:2;MN:2;CO:1;CA:1;AZ:1;OR:1,low
549300OARXTADS0L8L11,,,,unmatched,702,455,2,IL:402;MO:49;FL:2;KS:2,low
549300U0JNFQTFMNJ219,,,,unmatched,107,90,2,OK:86;KS:2;MO:1;FL:1,low
549300DO5YMN2M8SMI23,,,,unmatched,76,52,2,CO:48;KS:2;ID:1;TX:1,low
549300F247N2IU8SC024,,,,unmatched,46,37,2,WI:28;IA:5;KS:2;MO:1;CA:1,low
549300OUJRW41FX1L002,,,,unmatched,237,185,2,NE:180;KS:2;AZ:2;MN:1,low
54930058F1PNDGW35714,,,,unmatched,215,141,2,MO:139;KS:2,low
549300XZ04HOB5HTR562,,,,unmatched,160,90,2,NE:57;IA:29;MO:2;KS:2,low
54930077O97ZNP1ECH16,,,,unmatched,163,81,2,MO:74;AR:3;KS:2;IL:1;OK:1,low
254900A6XS8JBOVU9C33,,,,unmatched,55,38,2,CO:29;WY:7;KS:2,low
254900RVMJYWIGVSVC74,,,,unmatched,39,38,2,MO:35;KS:2;WA:1,low
549300D5WZYDJFZQJ463,,,,unmatched,83,32,2,MO:30;KS:2,low
549300ZXXYWVD5ZXYN28,,,,unmatched,34,21,2,CO:19;KS:2,low
5493007669OVCSCATP45,,,,unmatched,2493,1392,1,TN:1012;GA:346;AL:16;FL:5;SC:2;KY:2;MO:1;MS:1;KS:1;IN:1,high
549300YHSRT5YOR5W454,,,,unmatched,1443,1145,1,TX:1119;NM:18;GA:2;AR:2;KS:1;OK:1;AL:1;MN:1,high
549300Y817BTHHMVNH95,,,,unmatched,1520,1206,1,TX:1108;MO:79;AL:5;FL:2;ID:2;OK:2;CO:2;LA:1;KS:1;GA:1,high
549300ZLEJNF277L8Q40,,,,unmatched,216,190,1,TX:186;NM:3;KS:1,medium
549300XQ8DRJT0OETE90,,,,unmatched,299,255,1,TN:168;KY:70;NC:11;VA:4;FL:1;KS:1,medium
549300IRRKG7NTX2YD83,,,,unmatched,233,166,1,FL:163;CA:1;KS:1;GA:1,medium
254900JP0RZQA3KX5N51,,,,unmatched,170,135,1,TX:116;TN:7;GA:7;SC:3;KS:1;MO:1,medium
549300X844WCY1CCL322,,,,unmatched,141,112,1,TX:107;NC:1;KS:1;OK:1;TN:1;MN:1,medium
549300PCSJGT8XU10K84,,,,unmatched,113,108,1,TN:103;FL:2;AL:1;WI:1;KS:1,medium
5493006XE7ZLYUW25E11,,,,unmatched,163,87,1,TX:82;CO:2;KS:1;LA:1;NM:1,medium
549300WDLOVGUYVTS727,,,,unmatched,122,92,1,SC:71;OK:12;TX:2;GA:2;AL:2;FL:1;NC:1;KS:1,medium
549300UE4FFDNV7ELD54,,,,unmatched,85,75,1,TX:71;LA:2;OK:1;KS:1,medium
549300XOTES5TCS8T794,,,,unmatched,2369,1610,1,IL:1287;MO:159;WI:101;IN:26;TX:14;FL:13;GA:2;TN:2;KS:1;MN:1,medium
549300A7W1NQ3BYZCB68,,,,unmatched,1239,924,1,AL:895;TN:11;MS:6;FL:4;MO:2;GA:2;KS:1;NC:1;TX:1;IL:1,medium
549300M2Z8GR3VL0QQ74,,,,unmatched,1311,783,1,SD:738;MT:17;WY:8;MN:4;ND:2;TX:2;MO:2;KS:1;IN:1;NE:1,medium
549300VWURV8LBNGQ353,,,,unmatched,931,779,1,OK:517;AR:248;MO:7;CO:3;TX:2;KS:1;KY:1,medium
549300HC0CLTNVGA0H76,,,,unmatched,1492,1188,1,MO:1184;FL:1;KS:1;OK:1;AZ:1,medium
254900F8XCJE1G9OYR92,,,,unmatched,1420,993,1,OK:984;MO:6;AR:2;KS:1,medium
549300CCELEPUO4TOE73,,,,unmatched,923,615,1,MO:611;IL:2;AR:1;KS:1,medium
549300PHPKOL5FJ7D438,,,,unmatched,742,529,1,MO:527;AR:1;KS:1,medium
549300YXOCZOXWKDIT11,,,,unmatched,607,524,1,MO:483;IA:34;AR:3;CO:1;KY:1;WI:1;KS:1,medium
549300P5JG6WBCSZ7M53,,,,unmatched,159,68,1,MD:33;VA:17;DC:5;FL:3;GA:2;NC:2;PA:2;SC:1;IL:1;KS:1,low
549300G8SAGXEDF5FK39,,,,unmatched,249,172,1,LA:127;KY:18;TX:12;WV:10;MS:2;SC:1;GA:1;KS:1,low
549300DL7AWRPX6NXO12,,,,unmatched,251,209,1,IL:184;FL:6;WI:5;TN:4;TX:3;CO:1;OH:1;MO:1;IN:1;KS:1,low
549300CKJ4DTUYAZXI11,,,,unmatched,538,485,1,OK:467;TX:5;FL:4;MI:1;MO:1;UT:1;ME:1;IA:1;KS:1;IN:1,low
549300YAYQAARPBTRA72,,,,unmatched,447,232,1,IL:194;IN:14;MI:7;WI:5;CA:4;CO:2;AZ:1;GA:1;KS:1;TX:1,low
549300R8N9KVQUKVNJ71,,,,unmatched,83,82,1,ND:61;MN:4;IL:2;SC:2;FL:2;KY:2;TX:2;KS:1;SD:1;OH:1,low
5493003DVQUF5HAI1O03,,,,unmatched,121,55,1,IL:36;AZ:3;GA:2;MO:2;CT:2;OH:2;FL:1;NC:1;TX:1;KS:1,low
549300S8CJG5MSY8BH57,,,,unmatched,526,379,1,AR:358;MO:4;OK:4;FL:3;DE:2;IL:2;MA:1;KS:1;MS:1;TN:1,low
549300OYN1WD4APNOU82,,,,unmatched,366,305,1,NE:271;IA:17;AZ:4;FL:3;MO:2;CO:1;KS:1;MS:1;OR:1;AL:1,low
254900R24PHQB7GDFD26,,,,unmatched,292,218,1,OK:208;TX:5;FL:1;MT:1;AZ:1;KY:1;KS:1,low
549300K2EV48DVSYNV15,,,,unmatched,207,197,1,LA:189;TX:5;AR:1;FL:1;KS:1,low
549300ZUA8339ZH6W934,,,,unmatched,126,45,1,KY:26;MN:5;WV:4;OH:3;TN:2;GA:2;KS:1;FL:1;NC:1,low
254900TO7P4MVLV70225,,,,unmatched,144,136,1,IL:119;IN:5;FL:4;CO:2;MN:1;KS:1;MO:1;TX:1;WI:1;AZ:1,low
5493007IES1RWVUDDU23,,,,unmatched,381,327,1,MO:315;AR:3;IL:3;TX:2;FL:1;MD:1;TN:1;KS:1,low
254900QIPUZ7PAK59X63,,,,unmatched,208,149,1,IA:138;FL:3;CO:2;MN:1;KS:1;OH:1;CA:1;AL:1;AZ:1,low
5493003OO8EG0RKSFX83,,,,unmatched,120,113,1,OK:107;TX:3;KS:1;MI:1;FL:1,low
5493001Q8FNQ5TSRE594,,,,unmatched,182,178,1,MO:171;AR:3;TX:2;KS:1;FL:1,low
254900ZK2F0EPOFMKG41,,,,unmatched,199,151,1,NE:142;CO:2;FL:2;TX:1;SD:1;AZ:1;MI:1;KS:1,low
54930035WLX14VQW9V81,,,,unmatched,113,94,1,NE:84;MO:3;KS:1;GA:1;TX:1;WI:1;CO:1;OR:1;PA:1,low
549300BY08MY8QNSPU50,,,,unmatched,92,85,1,IL:71;MO:8;AL:2;FL:2;KS:1;PA:1,low
549300BZTITCLMZ3TL46,,,,unmatched,443,382,1,NE:332;SD:37;MO:3;CO:3;WY:2;CA:1;IN:1;TX:1;NV:1;KS:1,low
254900WMFKWPLR3B4U63,,,,unmatched,423,336,1,IA:308;IL:20;AZ:2;AK:1;OR:1;NY:1;KS:1;TX:1;WI:1,low
549300DOQN3O7NL3CA31,,,,unmatched,367,301,1,LA:297;TX:2;MS:1;KS:1,low
254900BX43CTU32Z6G15,,,,unmatched,211,192,1,MO:181;IL:7;TN:1;KS:1;FL:1;CO:1,low
2549002N9QET42VCAS33,,,,unmatched,158,138,1,MN:125;WI:6;IA:3;FL:1;MO:1;SC:1;KS:1,low
549300MUCXO2NIUSBW51,,,,unmatched,59,54,1,MO:50;FL:2;IL:1;KS:1,low
549300U8L31JJT1ZDP60,,,,unmatched,520,378,1,IL:320;MO:53;KY:2;KS:1;AZ:1;TX:1,low
549300DNRGCN05KNA737,,,,unmatched,308,267,1,IL:259;IN:6;TN:1;KS:1,low
549300F5TN705NCHGW39,,,,unmatched,283,205,1,NE:197;MO:3;AZ:2;TX:1;AL:1;KS:1,low
549300ZFJ1696ECS0S38,,,,unmatched,219,189,1,WY:177;NE:5;CO:3;UT:1;KS:1;SD:1;NC:1,low
549300MNVXT92RBYBF93,,,,unmatched,201,121,1,NE:115;KS:1;AR:1;AL:1;TX:1;AZ:1;IA:1,low
549300Y4CEEGC4KCFI45,,,,unmatched,129,115,1,AR:110;OK:2;TX:1;MS:1;KS:1,low
5493003Y4D5054GY3J13,,,,unmatched,127,103,1,IA:97;MO:2;KS:1;AZ:1;FL:1;MN:1,low
549300ZDBO5YOE6XVB14,,,,unmatched,57,52,1,IA:41;NE:7;MO:2;KS:1;NC:1,low
549300D064PXOX5JP483,,,,unmatched,451,388,1,MO:382;AR:3;CO:1;KS:1;IL:1,low
2549007RR4DXYXPJCZ82,,,,unmatched,317,283,1,MO:278;AR:4;KS:1,low
5493003QPO86QUI9FJ04,,,,unmatched,384,281,1,IA:241;SD:20;NE:15;MN:2;MO:1;OK:1;KS:1,low
25490000VM5YTLF4NM50,,,,unmatched,323,258,1,AR:194;MO:60;AL:1;VA:1;KY:1;KS:1,low
549300QRH7IX8IMYTC57,,,,unmatched,280,233,1,NE:218;IA:10;KS:1;MO:1;SD:1;NV:1;IL:1,low
254900IL7D0ACZ6YVF12,,,,unmatched,266,213,1,NE:207;SD:2;AZ:2;KS:1;IA:1,low
549300K5SWOZ1F2OHY48,,,,unmatched,246,207,1,NE:202;AZ:2;CO:1;KS:1;IA:1,low
5493002XHCZ94X8YST31,,,,unmatched,141,128,1,WI:122;IA:4;WV:1;KS:1,low
254900PO1C5ZTB4V4859,,,,unmatched,130,123,1,NE:120;MO:2;KS:1,low
254900467HCJ72XZNJ32,,,,unmatched,115,113,1,OK:112;KS:1,low
549300H8LM6VPYEHWU46,,,,unmatched,103,94,1,WI:83;MN:10;KS:1,low
5493007FRLGNQEXCGS66,,,,unmatched,120,87,1,NE:80;AZ:2;IA:2;KS:1;KY:1;MO:1,low
549300KLGM1W030VUP23,,,,unmatched,127,87,1,CO:80;NE:6;KS:1,low
25490051QQ72KQWNN915,,,,unmatched,92,84,1,MO:83;KS:1,low
254900A9CML4JKHW8E85,,,,unmatched,81,75,1,MO:74;KS:1,low
549300OZM8CQ84QZFF17,,,,unmatched,64,53,1,MO:52;KS:1,low
549300BI6NZRN6BCGT52,,,,unmatched,66,49,1,MO:48;KS:1,low
549300NQ6JHMRWQ5IH65,,,,unmatched,34,25,1,NE:23;KS:1;IA:1,low
549300HW662MN1WU8550,,,,unmatched,576697,422119,0,CA:57281;FL:49897;TX:42285;MI:22015;AZ:19328;CO:18178;GA:17047;NC:13671;IL:11397;NY:11157,high
549300FGXN1K3HLB1R50,,,,unmatched,609400,429332,0,CA:42202;FL:31530;TX:30579;MI:22693;GA:21182;NC:18462;OH:16656;PA:16043;VA:14489;NY:13729,high
549300VZVN841I2ILS84,,,,unmatched,190472,125099,0,FL:11987;OH:11011;CA:9599;PA:8399;TX:7734;NJ:7558;IL:5600;NY:5429;AZ:4945;WA:4877,high
B4TYDEB6GKMZO031MB27,,,,unmatched,217492,88530,0,CA:17758;FL:7938;TX:6141;NJ:5136;NC:4880;NY:3897;MA:3551;GA:3440;WA:3420;IL:2889,high
RVDPPPGHCGZ40J4VQ731,,,,unmatched,193807,100816,0,CA:10749;FL:9704;TX:6849;GA:5272;PA:4488;VA:4338;NC:3751;AZ:3232;NJ:3144;OH:2964,high
7H6GLXDRUGQFU57RNE97,,,,unmatched,152415,94243,0,CA:14032;TX:9775;NY:9163;IL:8778;FL:6131;OH:4171;NJ:3325;MI:2995;AZ:2864;IN:2857,high
549300AG64NHILB7ZP05,,,,unmatched,155159,91730,0,CA:9983;TX:8535;FL:7460;NJ:4334;IL:4241;GA:4168;AZ:4138;NC:3969;OH:3505;SC:2670,high
5493001SXWZ4OFP8Z903,,,,unmatched,101400,69159,0,TX:17748;FL:11582;NC:5258;SC:4153;GA:2777;CA:2776;AZ:2406;AL:2376;TN:2122;NV:2059,high
DRMSV1Q0EKMEXLAU1P80,,,,unmatched,119620,68902,0,NY:11000;PA:10441;MA:10235;NJ:7208;OH:4732;RI:3762;MI:3697;NH:3194;CT:3030;FL:2297,high
549300H3IZO24NSOO931,,,,unmatched,77363,56951,0,TX:15642;FL:10692;CA:6607;NC:2756;SC:2694;AZ:2623;IN:1952;NV:1669;MN:1365;CO:1283,high
5493003GQDUH26DNNH17,,,,unmatched,179597,80547,0,VA:9684;FL:8416;CA:6361;NC:5249;MD:5163;GA:5118;TX:4267;SC:2487;WA:2289;PA:2141,high
549300GKFNPRWNS0GF29,,,,unmatched,102677,70098,0,TX:10655;WA:5796;CA:4698;FL:4388;TN:3925;PA:2626;NH:2466;MA:2329;VA:2325;NJ:2257,high
549300DD5QQUHO6PCH70,,,,unmatched,178189,82764,0,TX:6918;FL:5506;NC:4769;VA:4500;GA:4139;OH:3302;TN:3178;IL:2965;MO:2901;PA:2643,high
549300U3721PJGQZYY68,,,,unmatched,129086,70579,0,IL:10217;CA:6248;NJ:4826;MA:4507;TX:3318;FL:3204;PA:3119;OH:2795;NC:2491;CO:2143,high
549300FNXYY540N23N64,,,,unmatched,187594,66567,0,CA:5772;FL:5643;TX:4793;NY:3123;NC:2787;WA:2702;GA:2480;OH:2258;VA:2175;PA:2124,high
549300LYRWPSYPK6S325,,,,unmatched,165453,69982,0,TX:5759;FL:5374;NC:4463;GA:3946;CA:3918;VA:3646;IN:2580;OH:2477;TN:2436;SC:2168,high
549300DD4R4SYK5RAQ92,,,,unmatched,81084,57781,0,NC:8138;WA:5559;VA:4339;FL:4122;PA:3902;SC:2978;GA:2388;TX:2367;TN:2207;CA:1690,high
AD6GFRVSDT01YPT1CS68,,,,unmatched,116536,61280,0,PA:11263;OH:6725;NJ:5755;IL:3711;FL:3475;MD:2948;TX:2930;MI:2885;IN:2802;CA:2688,high
549300AQ3T62GXDU7D76,,,,unmatched,121724,86111,0,TX:6877;WA:5691;MO:5462;CO:4338;OR:4218;CA:4118;UT:3981;NV:3882;GA:3788;AZ:3467,high
549300E2UX99HKDBR481,,,,unmatched,140816,57460,0,TX:5508;CA:5105;GA:4063;FL:3881;IL:3581;MO:2619;PA:2148;MN:1842;WA:1680;NC:1619,high
6BYL5QZYBDK8S7L73M02,,,,unmatched,151786,74632,0,CA:16135;IL:4571;MN:4538;OH:3965;MO:3622;WA:3524;WI:2785;KY:2645;OR:2465;FL:2279,high
549300MGPZBLQDIL7538,,,,unmatched,103697,74450,0,TX:7468;AZ:4724;IL:4215;IN:3665;GA:3631;FL:3153;NC:2993;WI:2947;CA:2867;OH:2685,high
JJKC32MCHWDI71265Z06,,,,unmatched,83470,41001,0,NC:7920;VA:6374;FL:6117;GA:4837;MD:3245;SC:2178;PA:2152;TN:2014;TX:1260;KY:1026,high
KB1H1DSPRFMYMCUFXT09,,,,unmatched,76304,41562,0,CA:9616;NY:2733;FL:2670;TX:2647;NC:2302;NJ:1716;PA:1628;WA:1514;GA:1509;MN:1496,high
549300LBCBNR1OT00651,,,,unmatched,79599,52217,0,CA:4657;TX:3609;FL:3546;GA:2560;IL:1982;NC:1949;OH:1768;VA:1764;PA:1746;AZ:1744,high
254900DTLHVWQ7NP7R34,,,,unmatched,58895,40038,0,CA:8432;FL:4627;TX:3502;AZ:2579;UT:1917;IL:1746;CO:1646;MI:1407;WA:1253;GA:1055,high
549300PIL8LFAQ04XC20,,,,unmatched,108788,32174,0,CA:6742;FL:2675;AZ:1610;TX:1571;GA:1319;NJ:1279;NC:1116;WA:1086;VA:1024;CO:963,high
549300MZ8VZJOVC63092,,,,unmatched,45691,29401,0,CA:6409;TX:3781;FL:2662;UT:2249;GA:1421;OR:864;PA:782;WA:727;AZ:672;TN:597,high
EQTWLK1G7ODGC2MGLV11,,,,unmatched,68709,30269,0,FL:5826;AL:5523;TN:5322;GA:2869;MS:1886;LA:1282;TX:1252;MO:1188;IL:1168;AR:1129,high
254900UL88QFG0E40516,,,,unmatched,72355,33415,0,CA:5234;FL:2872;GA:1717;OH:1553;IL:1432;AZ:1416;NC:1212;NJ:1197;VA:1180;MI:1090,high
549300XQVJ1XBNFA5536,,,,unmatched,157783,28058,0,TX:6763;FL:2098;MI:1623;AL:1274;CA:1262;GA:1218;SC:1207;LA:1097;MS:1068;OK:888,high
5493006VAGP3GQ8FJT49,,,,unmatched,45169,25528,0,CA:3237;FL:2385;OH:1967;PA:1829;NC:1435;GA:1388;TX:1379;NJ:1139;MI:1128;MO:909,high
254900ZFWS2106HWPH46,,,,unmatched,34318,23410,0,CA:3975;FL:3741;TX:3136;NJ:1490;AZ:1127;GA:977;CO:741;WA:701;OH:688;OR:635,high
549300RPOGWJRH63HS39,,,,unmatched,51423,37767,0,OH:5380;MI:4118;TX:3238;FL:2495;IN:2257;NC:2127;PA:1934;IL:1655;TN:1404;KY:1069,high
WWB2V0FCW3A0EE3ZJN75,,,,unmatched,40592,23443,0,NY:7073;MD:3115;PA:3099;CT:2398;MA:1690;NJ:1501;VA:901;DE:767;VT:352;FL:342,high
549300121SF0K2LN2804,,,,unmatched,33320,24706,0,TX:6358;SC:1561;MO:1496;NY:1278;CA:1208;OH:1134;FL:931;PA:746;WA:716;AZ:610,high
L9VVX1KT5TFTKS0MLF66,,,,unmatched,21831,14381,0,NC:6984;SC:3577;CA:1383;VA:664;GA:442;FL:266;MA:197;TN:106;AZ:95;TX:92,high
E57ODZWZ7FF32TWEFA76,,,,unmatched,33959,15812,0,CA:5786;NY:3687;IL:1251;NJ:707;FL:565;TX:506;MD:400;WA:317;VA:311;DC:281,high
549300J7I82PNDVU8H22,,,,unmatched,29739,16337,0,CA:7327;FL:1580;TX:1270;MD:564;IL:454;AZ:439;GA:412;NV:368;MA:335;VA:312,high
5493001WHVQBGRSWEU75,,,,unmatched,25005,17312,0,CA:3155;FL:2433;NY:1590;TX:1135;NJ:989;GA:669;AZ:590;VA:485;NC:461;CO:424,high
5493000YNV8IX4VD3X12,,,,unmatched,121666,19996,0,NC:2515;SC:2449;TX:2045;GA:1956;TN:1509;IN:1449;AL:1426;KY:1150;FL:844;OH:738,high
549300XWUSRVVOHPRY47,,,,unmatched,28287,16190,0,FL:2938;TX:2750;GA:2402;CA:1342;MN:915;NY:748;MI:631;KY:499;CO:448;TN:425,high
549300YIQ7S7Z8PIHE53,,,,unmatched,94427,24298,0,FL:1667;CA:1635;NC:1353;GA:1343;TX:1068;PA:997;OH:991;VA:957;NJ:888;IL:882,high
IUGPUX5LWRZ3B6KIZ697,,,,unmatched,18359,13184,0,GA:5627;SC:1857;FL:1846;VA:724;NC:634;CA:484;MD:455;TN:394;AL:363;IL:140,high
2549005SIVTHG14U2905,,,,unmatched,24436,14692,0,FL:5245;CA:1446;TX:1050;NY:948;IL:550;GA:471;AZ:471;NJ:453;PA:339;SC:296,high
549300KIOYNU323LVJ37,,,,unmatched,34217,24774,0,CA:3554;IL:2402;TX:1947;WA:1911;FL:1750;AZ:1562;GA:1405;OR:860;TN:854;OH:854,high
549300OPCWU6E72WUT29,,,,unmatched,41778,24192,0,CA:1845;FL:1510;NC:1387;OH:1270;IL:1245;TX:1178;GA:1042;AZ:855;VA:839;TN:821,high
5493008CPTDVOS570626,,,,unmatched,39368,21298,0,OH:7970;FL:3765;CA:2301;GA:772;NJ:746;NC:672;IL:535;VA:526;WA:395;PA:392,high
549300O6Z0I6KYMESL47,,,,unmatched,19692,12091,0,CA:4633;FL:1634;TX:1476;GA:546;UT:295;NJ:281;AZ:251;VA:241;PA:236;IL:224,high
5493001GCBD5XGNIC815,,,,unmatched,93158,21244,0,CA:3015;FL:2383;OH:1359;IL:1213;PA:1032;NC:962;VA:824;NJ:811;AZ:786;MI:772,high
54930001NSTOD85LT125,,,,unmatched,24645,15934,0,CA:1539;FL:1458;PA:1342;NJ:1110;IL:970;TX:965;MA:816;MO:782;MN:709;OH:676,high
8I3UVGYULPJQIP7FQV10,,,,unmatched,15329,9966,0,SC:2816;FL:2616;GA:1856;NC:928;AL:918;TX:449;CO:184;VA:129;TN:30;MO:4,high
QFROUN1UWUYU0DVIWD51,,,,unmatched,75426,39534,0,OH:12389;MI:6106;IN:4817;IL:4111;FL:3553;KY:3150;NC:2216;TN:971;SC:863;GA:691,high
984500U2F9A83N391A91,,,,unmatched,18971,11067,0,FL:2262;CA:1367;TX:1262;NY:950;NJ:917;GA:409;AZ:367;PA:308;CT:294;NC:293,high
5493005PKOSG7MYX0B34,,,,unmatched,28926,20869,0,PA:2325;VA:2141;MN:1746;NC:1281;MD:1233;NJ:1060;GA:1024;CT:862;WI:782;AZ:775,high
549300JYXTZDSPJEPI44,,,,unmatched,23886,14594,0,TX:1897;FL:1239;NY:1222;CA:1056;PA:866;MN:713;MI:555;NC:515;IN:489;IL:475,high
549300RN01LBYR8ZVX74,,,,unmatched,29643,17905,0,TX:1752;FL:1721;OH:1641;SC:1492;IL:1191;CO:1189;NC:1047;GA:846;VA:635;MD:581,high
5493001GDRY0EL7VG372,,,,unmatched,20194,15382,0,TX:4151;KY:1179;CO:914;FL:795;CA:751;SC:545;TN:524;MI:399;GA:387;AZ:384,high
54930054ET8KM4O1D485,,,,unmatched,55546,16189,0,CA:1778;FL:1042;NC:865;TX:858;NJ:752;IL:709;GA:704;PA:668;OH:585;VA:529,high
549300NOCASXPA34X033,,,,unmatched,69562,16372,0,FL:1488;TX:1422;CA:1244;GA:829;AZ:635;NC:610;VA:600;CO:583;WA:518;TN:495,high
549300370QILXLFUWD20,,,,unmatched,20147,14357,0,TX:1648;FL:1590;CA:1176;GA:1124;NC:1090;CO:635;AZ:603;MI:599;OH:481;VA:436,high
549300XY701IELCE5Q08,,,,unmatched,45682,14567,0,CA:1786;TX:1143;FL:1004;GA:685;NC:664;NJ:658;CO:512;OK:493;WA:480;IL:476,high
5493008NWHQT1R22C024,,,,unmatched,22722,13125,0,FL:1724;CA:1554;VA:897;TX:880;NY:827;AZ:698;MI:616;GA:565;SC:484;IN:429,high
549300MCIFZSDHUT8X63,,,,unmatched,24275,18920,0,OH:3308;MD:2255;FL:2000;VA:1310;NC:1137;TX:1055;NJ:1051;AZ:897;WA:843;CO:659,high
54930021WPEXNHYZUL09,,,,unmatched,18947,14467,0,TX:1597;FL:1206;GA:1125;CA:1003;PA:597;LA:585;VA:490;NC:417;OH:417;ID:411,high
549300R9S3MVDV4MGF56,,,,unmatched,52143,15089,0,FL:1296;CA:1022;GA:873;TX:848;IN:732;NC:680;OH:675;NY:576;MI:570;TN:533,high
549300GS0W0TEUQS8571,,,,unmatched,14182,10740,0,CA:1957;FL:990;NY:947;TX:573;NJ:548;MA:449;CO:427;IL:381;WA:350;GA:322,high
549300VORTI31GZTJL53,,,,unmatched,18123,12305,0,TX:2136;FL:1187;IN:791;TN:697;WI:497;NC:467;GA:453;MN:448;PA:446;NY:375,high
549300CB67L6KPJLHE19,,,,unmatched,72633,14578,0,TX:2321;CA:1644;MI:1245;MS:1014;FL:774;LA:606;AL:587;PA:553;WA:550;OR:426,high
Q7C315HKI8VX0SSKBS64,,,,unmatched,20856,14010,0,TX:3639;MS:3510;TN:1772;AL:1759;AR:939;LA:730;GA:614;MO:485;FL:417;SC:52,high
5493004AS1SPBQOFDR49,,,,unmatched,14858,8804,0,CA:2752;FL:1313;TX:1230;NJ:438;CO:244;AZ:210;NC:195;MI:195;VA:193;TN:172,high
54930043BMDE130FJ617,,,,unmatched,18818,12170,0,TX:1706;CA:1208;PA:892;NC:669;CO:657;UT:642;FL:632;GA:602;WA:580;AZ:578,high
549300K4ZLGS7SRDTL86,,,,unmatched,28384,12086,0,FL:1337;CA:1126;TX:988;GA:737;LA:646;AZ:508;NC:500;TN:491;OH:431;PA:425,high
549300KTR1JGH3K6LU06,,,,unmatched,17668,7240,0,NY:4085;CA:552;FL:358;NJ:336;GA:195;NC:136;CT:119;PA:113;IL:112;WA:111,high
549300FX7K8PTEQUU487,,,,unmatched,26508,11278,0,VA:1455;CA:1113;TX:1055;FL:972;MD:652;GA:541;NC:517;NJ:449;PA:338;AZ:290,high
549300F8C5JA44WNMI75,,,,unmatched,18919,12172,0,VA:2520;NJ:1899;FL:856;NY:768;CT:755;MA:739;OH:544;IN:489;PA:397;RI:334,high
549300RA3E0BUFO7YZ21,,,,unmatched,14901,7540,0,FL:1457;CA:1424;TX:795;NY:714;NJ:302;GA:259;NC:179;PA:177;AZ:172;TN:151,high
COOWI3L2W9TPYR3WJX37,,,,unmatched,13363,8447,0,TN:2513;LA:1305;FL:1045;TX:905;NC:690;AR:628;GA:426;AL:320;MS:167;MO:110,high
25490066WMF8ZMQXQB18,,,,unmatched,15401,10890,0,CA:1076;TX:945;FL:885;OH:719;IL:683;PA:647;GA:617;NJ:614;NC:534;MI:458,high
5493002B2WMHY23GFK92,,,,unmatched,15900,11444,0,FL:1201;TX:938;NC:727;AZ:557;MO:535;TN:529;SC:473;OH:451;CA:440;GA:433,high
549300S5YL3OH0IVCS62,,,,unmatched,12584,8696,0,CA:2527;FL:786;TX:524;AZ:401;NY:368;WA:337;CO:303;NJ:280;NC:254;GA:195,high
549300VCMRO4ST680C11,,,,unmatched,32888,10858,0,TX:1052;FL:935;CA:770;GA:706;NC:705;VA:580;MO:413;SC:382;OH:351;TN:349,high
549300FK3AFCFVAPH234,,,,unmatched,7697,6274,0,MA:4926;NH:248;CT:177;RI:124;FL:114;ME:60;CA:58;TX:53;NC:51;NJ:37,high
254900RUCO27MVGTO768,,,,unmatched,20166,9270,0,NY:1687;NJ:1215;IL:1106;OH:564;PA:540;FL:432;CT:324;GA:317;TX:281;IN:258,high
254900HA4DQWAE0W3342,,,,unmatched,15379,9160,0,TX:1692;GA:705;FL:619;CA:540;PA:524;IL:452;IN:431;OH:396;AL:335;TN:311,high
C5654JQHZUHN0772B561,,,,unmatched,26635,11693,0,TX:1101;FL:825;NC:681;GA:562;VA:488;TN:407;OH:397;PA:348;MO:340;SC:332,high
549300Y5Y88FQLI7VE83,,,,unmatched,14122,8066,0,FL:1549;CA:1010;TX:738;NC:355;GA:352;NJ:274;OH:265;PA:231;VA:205;IL:205,high
549300R0SXC1JU7ZU290,,,,unmatched,13447,10308,0,TN:2461;OH:1167;MI:696;FL:575;GA:520;VA:503;AL:495;PA:402;KY:386;IN:376,high
X05BVSK68TQ7YTOSNR22,,,,unmatched,68974,9711,0,CA:813;FL:771;TX:649;IL:493;NY:467;GA:466;NJ:451;OH:397;PA:392;VA:317,high
549300T3F9S1MKFKHC53,,,,unmatched,6908,5674,0,NY:4005;PA:479;CT:407;MA:154;NC:95;FL:72;WI:49;TN:42;SC:40;MI:39,high
549300OBO7DOF2KOP535,,,,unmatched,14403,7185,0,TN:4089;AL:1712;GA:598;MS:248;KY:189;TX:159;FL:75;NC:15;SC:14;LA:11,high
54930049L5WINET09Q97,,,,unmatched,16126,10736,0,FL:2049;TX:1245;AZ:1032;OH:780;AR:515;MO:431;NC:399;TN:377;GA:377;NM:339,high
549300R77W0P105C3S50,,,,unmatched,14377,7980,0,CA:1332;FL:1325;TX:930;AZ:254;GA:254;OH:210;PA:201;NC:197;TN:196;AL:188,high
254900E6AIE4Z8YQM970,,,,unmatched,11513,6978,0,CA:1470;FL:1222;TX:651;NY:357;NJ:278;AZ:267;GA:252;HI:244;SC:197;NC:181,high
549300SK2GVCQXPD4S58,,,,unmatched,16278,8918,0,CA:1697;TX:1058;FL:658;AZ:538;GA:358;IL:304;PR:289;OH:247;NC:246;VA:245,high
5493005JPZ3LXXMB0S24,,,,unmatched,8168,6000,0,FL:2916;SC:805;AL:319;NC:313;TX:270;GA:262;KY:208;AZ:206;CA:130;IN:98,high
549300KSOOZZVXCMA627,,,,unmatched,10229,6232,0,FL:1936;CA:979;TX:491;GA:268;SC:250;NC:246;VA:201;NJ:153;PA:147;AZ:137,high
549300YN94MOAVYW0F52,,,,unmatched,21298,9778,0,CA:1030;FL:819;TX:667;IN:664;AZ:631;OH:614;GA:475;NC:468;VA:353;TN:352,high
549300KJ8PAJ7E52HG32,,,,unmatched,20196,12504,0,FL:1839;SD:1570;AZ:1203;TX:1036;UT:934;CO:484;GA:407;MN:377;NE:357;CA:304,high
549300GTVXJ2PGXNLM73,,,,unmatched,12024,9307,0,TX:1195;FL:869;NC:762;OH:610;SC:592;KY:592;CT:447;VA:334;IL:302;AR:278,high
3Y4U8VZURTYWI1W2K376,,,,unmatched,35659,16529,0,IL:3906;CA:3818;WI:2970;IN:1029;AZ:962;CO:755;MN:487;MO:324;NE:297;FL:285,high
5493002RF1ERFA2XR050,,,,unmatched,12133,8976,0,MS:2189;GA:2005;AL:1966;TN:941;SC:545;FL:425;NC:301;LA:187;KY:161;VA:156,high
SS1TRMSN6BRNMOREEV51,,,,unmatched,19117,9656,0,MI:2677;TX:943;CA:934;FL:737;IN:410;NY:367;GA:351;AZ:303;OH:300;NJ:204,high
549300T94GSH3C4U5M59,,,,unmatched,14981,8359,0,CA:1937;IL:777;FL:679;WA:593;AZ:482;CO:385;OR:353;GA:331;NJ:280;VA:212,high
254900O2K17TNH5CL873,,,,unmatched,8594,6766,0,TX:900;OH:776;NJ:692;FL:624;PA:592;IL:565;MA:433;MD:311;NC:248;MI:202,high
549300EKFFG3BU8DNX74,,,,unmatched,10644,5793,0,CA:1752;FL:672;TX:565;AZ:358;WA:190;GA:182;NJ:179;IL:168;PA:142;CO:119,high
2549001SI0EMFPT39035,,,,unmatched,10748,7401,0,FL:1568;WA:861;CA:706;OH:605;NJ:358;TX:357;GA:340;AZ:316;MI:262;AL:162,high
549300INFJ8TYNZ1G568,,,,unmatched,6522,6065,0,CA:1748;FL:485;TX:359;CO:314;WA:265;AZ:233;IL:200;NY:192;NJ:178;NC:172,high
PAOOWF3GUFM46FBSP561,,,,unmatched,20501,7655,0,CA:800;TX:669;FL:485;VA:355;GA:309;AL:289;AZ:265;NC:262;TN:247;CO:244,high
549300NWBS6MQJX15N44,,,,unmatched,7805,5717,0,CA:1262;TX:1171;GA:488;AZ:284;FL:275;WA:270;IL:229;PA:169;CO:168;MN:127,high
549300BX448ALT10FI43,,,,unmatched,20909,8296,0,IL:809;NY:620;NJ:552;VA:437;NC:413;OH:408;FL:397;PA:379;GA:356;CA:265,high
549300CY7WNAHKHYSJ73,,,,unmatched,9635,7642,0,TX:2279;WA:1370;NC:910;CO:589;OK:429;ID:319;CA:261;AK:250;NM:227;MT:218,high
549300T9P3WXNMXX0I34,,,,unmatched,11998,8425,0,WI:1245;PA:1110;OH:1044;NC:765;FL:693;IL:563;IN:394;TN:333;VA:290;TX:224,high
549300CLRXFVF83ZL806,,,,unmatched,5839,3929,0,NY:2070;NJ:486;FL:463;PA:182;NC:102;MD:98;CT:83;OH:63;TX:57;GA:56,high
254900VELJPWWT51WN03,,,,unmatched,5625,4489,0,CA:1623;WA:364;TX:314;GA:307;MA:300;NC:289;NY:229;FL:142;NJ:123;OH:104,high
549300ZWNETGFXTBBY03,,,,unmatched,13173,8449,0,GA:1431;AL:1135;WA:886;TX:724;UT:506;ID:413;OK:337;TN:330;NC:313;NV:293,high
549300SUCQ1358EGVE89,,,,unmatched,45543,8395,0,FL:805;NC:548;GA:542;OH:452;AL:393;VA:372;PA:367;SC:330;TN:325;MI:311,high
549300DE8TS4EYTPX729,,,,unmatched,5588,4153,0,NJ:1545;PA:992;FL:445;IL:355;TX:171;MA:141;ME:133;LA:87;MD:64;VA:39,high
549300MSU5WVAU4ZN645,,,,unmatched,7196,4961,0,PA:3102;OH:1229;VA:228;MD:75;SC:71;GA:59;NC:50;MN:25;FL:18;TN:13,high
549300PBTV7FCWLSMM53,,,,unmatched,9758,6224,0,TX:1363;GA:446;CO:423;NC:404;FL:380;OK:315;CA:260;AL:227;MS:224;NM:223,high
VN1JLT1F3FLLVN3FZG89,,,,unmatched,7547,4663,0,PA:3223;OH:1386;KY:18;FL:12;IN:5;NC:3;WV:3;MN:2;IL:2;GA:2,high
549300R7HGHP2I754087,,,,unmatched,9404,7331,0,IL:1045;TX:784;FL:695;GA:640;AL:618;MI:430;SC:350;LA:296;NC:279;CO:224,high
5493003V40VGM7YDFM54,,,,unmatched,13160,8831,0,UT:2983;WI:802;CA:772;NJ:570;FL:427;ID:415;PA:374;TX:278;GA:253;TN:189,high
549300TA4MQM8WN2XG31,,,,unmatched,9454,5106,0,FL:504;PA:494;NJ:395;CA:388;TX:381;NY:356;IL:278;OH:277;MI:227;GA:185,high
549300Q50XCC0473FG63,,,,unmatched,10408,5048,0,CA:1243;NY:460;FL:389;NJ:308;AZ:246;WA:207;VA:171;NC:137;TN:136;IL:123,high
549300RFLICNI75BG067,,,,unmatched,12136,8416,0,MN:1356;NJ:1069;FL:686;CO:543;IN:517;KY:435;DE:277;WA:265;TX:244;SC:240,high
549300MHH03ICJYEPE85,,,,unmatched,8187,5120,0,CA:1040;FL:396;TX:315;NY:235;AZ:220;UT:193;MA:191;TN:179;CO:166;NC:147,high
54930052M48FOD3CWA54,,,,unmatched,13770,9570,0,MD:1466;NM:1071;RI:690;FL:582;NC:479;TX:475;CO:384;CA:363;UT:355;TN:283,high
2WHM8VNJH63UN14OL754,,,,unmatched,90347,51203,0,OH:24819;MI:10932;IL:4352;IN:2547;PA:1812;MN:1707;WV:1148;KY:903;CO:675;WI:664,high
549300LROQOOQU77WS20,,,,unmatched,12661,5807,0,CA:537;TX:435;NC:318;WA:301;GA:291;FL:263;NJ:234;VA:233;CO:195;IL:189,high
254900QNIR86GUIRYH95,,,,unmatched,6105,3059,0,CA:1861;TX:290;FL:284;NC:89;GA:80;AZ:48;VA:46;CO:42;NJ:36;NV:34,high
549300ZPSJZO10ZAX556,,,,unmatched,9325,4494,0,FL:621;TX:462;CA:274;NY:256;OH:253;NC:214;GA:174;PA:172;SC:160;NJ:156,high
549300QKL5FUBZ8LSF50,,,,unmatched,8223,5926,0,OR:1427;CA:840;PA:570;WA:435;MA:314;FL:268;NJ:191;IL:190;TX:184;OH:183,high
5493005PD34O8ZT7QT17,,,,unmatched,10284,7256,0,OH:1513;PA:757;IL:469;MI:431;MO:365;NJ:321;TX:319;AL:292;GA:244;NY:241,high
549300DCGBXW5FJMV921,,,,unmatched,3255,3255,0,CA:2145;CO:168;TX:163;GA:124;WA:96;FL:94;IL:75;VA:60;MD:57;NJ:49,high
549300JPGMCMBEJEK584,,,,unmatched,8289,3877,0,MA:1769;NH:651;GA:184;NJ:153;CA:148;FL:94;TX:89;VA:64;IL:52;PA:51,high
5493008VVXQIDO1EZ460,,,,unmatched,8405,5759,0,CA:951;OR:805;TX:471;TN:425;GA:378;ID:300;WA:299;MO:295;IL:264;NV:241,high
2549002VH9C0PKB8K153,,,,unmatched,5687,3056,0,CA:933;NY:575;FL:388;NJ:317;TX:139;CT:89;PA:69;MA:49;GA:47;IL:45,high
Q708HHR4LD2B7XIZNO92,,,,unmatched,7944,4687,0,FL:899;GA:410;SC:336;NC:251;TX:177;WI:176;IL:163;MO:154;VA:147;MN:131,high
549300YW2UBCMDRMBT48,,,,unmatched,4966,3953,0,NY:644;OH:587;NC:562;PA:364;TN:272;VA:190;GA:180;FL:177;SC:160;IN:99,high
54930059GZZ7G4G40O53,,,,unmatched,3918,2858,0,TN:1004;NC:922;TX:376;VA:132;SC:117;FL:69;MN:42;AL:36;GA:21;MI:13,high
1IE8VN30JCEQV1H4R804,,,,unmatched,4645,3065,0,CA:1526;NY:538;WA:358;NJ:144;FL:134;TX:60;CT:37;MA:25;NC:24;IL:22,high
5493002Y5XYV7DV1ZV88,,,,unmatched,11225,6891,0,FL:1346;MI:1280;TX:409;IN:364;NV:325;NC:308;CO:278;WY:244;WA:213;OH:203,high
549300UG7QXKM7KGV847,,,,unmatched,8724,4960,0,TX:943;IN:417;NY:318;OH:273;GA:245;PA:211;IL:207;MI:199;FL:183;MO:182,high
5493005DKMV1IHIM8E20,,,,unmatched,5671,3884,0,PA:1700;DE:1210;NJ:555;MD:64;FL:52;CA:47;NC:28;GA:26;VA:25;SC:18,high
2549004FXPNKCLIN8250,,,,unmatched,11752,8115,0,OH:1310;TX:1261;CA:797;LA:765;CO:652;WA:606;ID:550;OR:532;IL:348;MT:180,high
984500F6E6940CCB6A60,,,,unmatched,4550,2966,0,NY:532;TX:458;CA:403;NJ:403;FL:227;IL:112;GA:76;TN:75;PA:70;MO:58,high
549300UT4EN6IH579Q63,,,,unmatched,4240,2872,0,TX:1923;FL:201;ID:103;WA:93;OH:82;GA:82;AZ:68;TN:66;CO:45;CA:44,high
549300PL267CW8182203,,,,unmatched,11290,4203,0,TX:477;FL:416;GA:412;CA:409;VA:330;AZ:273;CO:169;NC:157;TN:157;WA:110,high
549300A5HHOL2ED18C72,,,,unmatched,6706,3194,0,CA:1372;FL:389;TX:211;LA:85;WI:71;MD:62;OH:61;NC:58;MI:55;IL:55,high
549300BBKMRS6J0CB539,,,,unmatched,4005,2955,0,TX:2153;IL:171;VA:119;IN:117;FL:102;OK:88;MO:56;NV:25;AZ:14;AL:13,high
254900CTT87ZKAUTIJ37,,,,unmatched,7767,4886,0,PA:577;OH:524;TX:373;FL:354;MD:352;CA:261;MI:219;GA:217;MO:208;OK:194,high
549300HRLROF7PLJ6735,,,,unmatched,4575,2742,0,CA:898;FL:661;TX:286;GA:157;WA:61;TN:59;AZ:57;UT:47;MD:46;NV:44,high
549300BLL6VL7AXWYP56,,,,unmatched,9652,6052,0,TN:627;TX:609;NE:513;MI:454;WA:351;ID:234;OR:219;OH:218;MD:194;CA:189,high
549300NFPC3Y4W3Y7R87,,,,unmatched,7552,4267,0,VA:747;TX:623;SC:342;NC:297;CA:292;GA:272;IN:240;NM:234;FL:225;MT:168,high
54930048P8RWCQHQM310,,,,unmatched,5439,3131,0,CA:504;NY:503;FL:380;TX:240;NJ:231;AZ:117;MA:110;CT:108;MD:89;CO:86,high
549300G4ESSS6M0MEG51,,,,unmatched,9605,5971,0,IL:1723;CA:1252;WA:895;CO:383;TX:299;NC:292;MD:261;FL:109;IN:85;WY:70,high
549300UXY7OP0IC38293,,,,unmatched,10377,6396,0,KY:1184;MI:572;FL:524;CO:486;MA:288;GA:219;TN:219;IN:218;UT:207;CA:205,high
549300R8VPSFM828B312,,,,unmatched,3894,2211,0,NY:1805;CA:177;FL:55;NJ:33;NC:19;PA:15;TX:13;WA:12;TN:11;AZ:9,high
549300NJVKCDJA5YC939,,,,unmatched,5321,3783,0,GA:982;AZ:757;CA:454;MN:450;FL:310;CO:204;SC:183;TX:102;IA:98;NC:96,high
549300VQUTI5IU7GXT57,,,,unmatched,9801,5896,0,UT:1700;TX:1288;AZ:548;NV:328;FL:286;GA:253;WA:156;CO:149;CA:127;HI:122,high
5493000349C5XXDRQX28,,,,unmatched,5151,2780,0,CA:928;FL:451;TX:246;AZ:169;NY:139;CO:101;PA:80;NJ:73;VA:64;WA:62,high
549300GWD9H4FQ2VR805,,,,unmatched,4480,3386,0,CA:552;FL:316;NY:308;TX:200;CO:163;NJ:139;WA:130;MA:124;NC:111;AZ:98,high
254900DRSIZBQXDCJ875,,,,unmatched,2409,2409,0,FL:590;CA:463;TX:382;GA:205;NC:175;TN:85;PA:70;VA:61;OH:53;MD:28,high
2549004Z576VEJBK3N72,,,,unmatched,4063,2542,0,FL:640;CA:361;NY:343;NJ:236;TX:128;GA:98;AZ:69;PA:63;IL:63;MA:60,high
549300AG10BX85DF5S49,,,,unmatched,6424,4978,0,IL:1069;CA:805;OK:712;NJ:554;WA:321;WI:169;TX:155;MA:150;DE:122;IA:90,high
254900HEJ9F73IMPX887,,,,unmatched,8973,3486,0,TX:453;FL:364;CA:232;NC:211;GA:210;NJ:181;VA:137;PA:135;WA:130;OH:121,high
549300PQLK8E48ILXV41,,,,unmatched,7850,4388,0,CA:533;FL:421;MI:227;TX:213;LA:192;AZ:190;MO:161;GA:156;NC:154;IL:149,high
549300UR5AOWTJJ7KZ64,,,,unmatched,5432,3529,0,FL:505;CA:468;TX:301;UT:146;AZ:133;GA:129;MA:119;SC:118;WA:111;IL:106,high
549300J6N77Q8OHYNF23,,,,unmatched,7828,5501,0,TX:419;CA:416;WA:388;NC:341;IL:291;MD:267;MO:214;NH:193;GA:188;MA:176,high
5493005ICQ3QGEIWV618,,,,unmatched,3357,2224,0,NY:956;NJ:297;PA:296;FL:157;TX:101;OH:52;CT:50;GA:42;SC:42;MI:24,high
549300VMX06UV1F7NS76,,,,unmatched,5690,4240,0,MI:955;FL:429;PA:390;GA:343;TX:255;TN:237;KY:231;OK:184;NC:159;WV:155,high
549300ALNLUNS3Y53T24,,,,unmatched,26611,5416,0,CO:1398;GA:491;TX:304;FL:274;OH:189;NC:168;CA:163;PA:147;IN:122;MI:111,high
254900WEP08K7U7S3A80,,,,unmatched,8177,6568,0,WI:943;TX:709;OH:658;AZ:564;MO:385;OR:304;IN:252;NV:222;IL:210;MS:209,high
549300T7HRS5DVBUPQ06,,,,unmatched,3766,3018,0,GA:1234;FL:235;CO:226;IN:182;AZ:181;NC:142;OH:137;AL:121;SC:55;WA:50,high
98450087981AP406JG03,,,,unmatched,3264,2642,0,CA:1294;WA:138;HI:134;FL:97;UT:96;TX:94;NY:70;GA:70;CO:64;TN:57,high
549300PC4MFWQBNVKG88,,,,unmatched,9475,7248,0,AZ:2321;CO:1153;TX:1080;NM:272;OK:264;CT:235;NV:227;IN:218;CA:169;PA:165,high
549300QR0KFPEDZPEI42,,,,unmatched,11060,7147,0,KY:2250;AL:997;TN:703;IN:657;GA:442;MS:391;FL:289;OH:283;PA:270;WV:226,high
549300B4IYL7TZT8FA34,,,,unmatched,8795,6038,0,ID:1793;WA:655;CA:637;GA:512;NV:349;OR:242;MO:196;UT:193;TX:184;IL:180,high
54930025XJJO3T0M1A92,,,,unmatched,5373,2316,0,GA:1374;WA:128;FL:101;OR:90;MA:88;AZ:71;NJ:66;ID:44;SC:40;CO:39,high
5493001X0T84TYRJ5Y59,,,,unmatched,3372,2086,0,CA:1029;FL:372;TX:130;GA:83;WA:40;AZ:37;NC:36;MI:31;TN:27;OH:26,high
549300249G20MDIDRR27,,,,unmatched,11602,2752,0,TX:748;SC:336;OK:211;FL:197;AL:190;NC:160;TN:135;GA:135;MS:107;AR:88,high
254900TG14TB8RKS3U42,,,,unmatched,5372,2569,0,FL:435;PA:345;TX:260;CA:165;NC:159;AL:142;GA:127;VA:89;TN:83;NJ:75,high
254900IEGKUDRDS23V26,,,,unmatched,3353,2352,0,CA:1161;NV:182;TX:181;FL:126;GA:80;VA:70;MD:62;WA:60;AZ:52;HI:44,high
549300REENMLD2RN3W58,,,,unmatched,5575,4097,0,KY:757;GA:741;MS:426;AL:214;SC:204;IN:198;TX:153;FL:142;TN:90;CA:83,high
549300VYK2WBD7SST478,,,,unmatched,5040,2626,0,AR:1001;GA:707;FL:429;NC:284;TX:160;TN:15;SC:8;AL:6;LA:3;MO:3,high
549300ZIQ24V0C88AC41,,,,unmatched,3616,2102,0,FL:933;CA:430;WA:89;TN:86;AZ:78;MD:69;OR:65;NC:59;GA:31;NJ:29,high
C398JSK21YCXWM603F55,,,,unmatched,11708,7752,0,IL:2719;WI:1224;CA:371;IA:328;FL:252;MN:237;MI:223;NY:179;TX:179;NC:174,high
549300PL8ER6H23P0Z91,,,,unmatched,6554,4443,0,WA:476;IL:470;CA:426;MD:368;TX:302;CO:257;VA:190;FL:180;OR:180;KY:166,high
549300GRGZDEH4ZGQS06,,,,unmatched,9623,7079,0,NM:2064;FL:832;OK:493;TX:430;VA:402;WI:395;AZ:386;ID:349;MO:235;MD:195,high
5493004F7BXDIUFVPV87,,,,unmatched,2660,1665,0,CA:1531;TX:20;WA:15;CO:13;AZ:12;NC:11;OR:10;MN:6;ID:4;OH:4,high
549300RYWXR8TL5LIK35,,,,unmatched,4057,2151,0,PA:518;NJ:483;NV:151;CA:116;NY:109;FL:87;OH:75;NC:66;MA:66;CO:50,high
CKVBED0S4DMLKJJ5XH28,,,,unmatched,5127,4497,0,MO:1522;CA:364;FL:265;IL:150;TX:142;NY:138;NC:122;NJ:119;GA:115;CO:104,high
5493001XKL0FTNOJ0866,,,,unmatched,8198,5554,0,AZ:794;MO:589;FL:414;TX:386;IN:359;OH:291;GA:260;IL:215;LA:188;NM:163,high
549300BEFX6JRSCS5N78,,,,unmatched,5149,2868,0,AR:1278;TX:904;FL:582;AL:29;OK:19;MO:17;CO:6;GA:5;NM:5;KY:3,high
54930030Z1JWTP3SVD16,,,,unmatched,5609,3061,0,FL:458;GA:334;CO:273;MI:253;OH:173;NC:169;TN:155;PA:126;IN:115;MO:94,high
54930078TNN7GKZ7NU89,,,,unmatched,3985,3063,0,VA:809;GA:678;MD:395;NC:215;FL:157;SC:110;TN:86;ND:80;AL:75;NY:62,high
549300RD5IG88VPO6P22,,,,unmatched,4492,2872,0,TX:379;IL:307;NY:250;CA:187;MN:183;NJ:151;MI:136;OH:121;WA:119;VA:111,high
WV0OVGBTLUP1XIUJE722,,,,unmatched,5566,3106,0,CT:1541;MA:616;NY:564;NJ:215;RI:105;PA:21;FL:14;NH:11;ME:9;CA:3,high
5493004RLLKTQS8K7U51,,,,unmatched,3878,2099,0,TX:639;FL:282;OK:185;NC:127;IL:104;AZ:96;NY:78;CA:78;NJ:51;MA:42,high
549300Q3ROEQU3D1IW91,,,,unmatched,19804,2630,0,TX:464;CA:453;AZ:321;FL:160;WA:152;PA:125;NY:122;LA:114;OR:112;OK:54,high
254900LTD432L5CHIZ48,,,,unmatched,3885,1963,0,CA:920;FL:228;MN:130;VA:101;TX:100;GA:64;AZ:51;OH:48;NJ:39;MD:33,high
54930091JQKCU3Z6IP44,,,,unmatched,25603,2519,0,GA:284;FL:276;OH:189;TX:151;NC:128;NY:123;VA:120;PA:118;TN:101;NJ:100,high
254900WTZC5SSKIN2M11,,,,unmatched,4245,2709,0,NC:235;IL:187;TX:181;GA:169;MD:143;FL:142;CA:124;CT:119;SC:111;MA:107,high
549300IKS3MMB5YK6T18,,,,unmatched,2180,1523,0,CA:1195;NY:116;AZ:21;FL:17;NV:16;WA:14;NJ:12;VA:10;OR:10;GA:10,high
549300IFOE4SCP384147,,,,unmatched,2997,2426,0,FL:1083;MI:505;IN:245;CA:67;NC:57;GA:47;TN:44;SC:43;AL:27;AZ:25,high
54930095UWUUXAWASB02,,,,unmatched,7298,5729,0,VA:3458;NC:673;MD:586;SC:369;WV:248;DC:148;FL:56;PA:53;DE:22;GA:13,high
549300LI3FDGO7UKFF39,,,,unmatched,2628,1602,0,NY:808;NJ:146;SC:102;FL:97;PA:93;OH:83;CT:53;MD:28;GA:24;VA:22,high
254900FBWEZ3YUPOBN33,,,,unmatched,3876,2305,0,FL:269;NC:262;VA:149;SC:137;GA:131;TN:130;TX:120;OH:114;PA:108;IN:101,high
5493008ZTV4S0W9DCX64,,,,unmatched,4502,1893,0,CA:461;TX:305;FL:229;AZ:106;GA:85;WA:78;NC:54;NV:53;OR:40;TN:39,high
254900RM3T6WAVE6SA24,,,,unmatched,2446,1847,0,TX:892;NC:100;AZ:97;LA:86;FL:84;CO:83;OK:74;IL:55;GA:54;CA:36,high
254900VE4XTOQUE8NZ77,,,,unmatched,4109,1447,0,NY:330;NJ:271;PA:189;FL:118;TX:105;GA:82;CT:65;NC:46;OH:39;MA:25,high
549300RYTR2RVL4SFJ90,,,,unmatched,3013,1893,0,TX:242;FL:241;NC:142;NJ:131;GA:121;MO:113;HI:95;PA:72;CA:65;OH:62,high
549300AT7EB9FJAF0E61,,,,unmatched,16759,10956,0,IN:2746;IL:2207;MN:1877;MI:1211;TN:999;WI:824;KY:489;ND:135;FL:59;IA:55,high
254900NZOY3XB2DNSZ34,,,,unmatched,2542,1799,0,CA:437;NJ:170;FL:130;MA:120;NY:99;WA:95;IL:89;CT:63;GA:61;PA:51,high
549300C8GOC4OYUV0Z32,,,,unmatched,4824,2639,0,MD:270;OH:262;FL:244;TX:183;PA:140;GA:128;NC:127;MO:105;IN:98;MI:96,high
549300ZZME37MXI1EF14,,,,unmatched,9985,7562,0,MO:3201;OH:849;TX:571;MD:440;MI:357;IL:283;AR:269;WA:192;KY:166;ME:116,high
549300XCVBRR56D08F03,,,,unmatched,12867,2293,0,CA:454;FL:152;NV:108;NJ:102;GA:94;AZ:91;NC:85;OH:82;WA:74;CO:70,high
549300VVH8HHFMWL8536,,,,unmatched,2187,1457,0,TX:529;CA:513;LA:62;CO:52;MS:51;AL:25;FL:25;UT:24;AZ:17;OR:13,high
549300HTMO7FGRKRLV06,,,,unmatched,1803,1200,0,NY:842;FL:112;NJ:84;TX:28;AZ:27;PA:26;CT:20;GA:10;OH:8;NC:7,high
549300XQ7B5FIVUNFE29,,,,unmatched,3603,2428,0,FL:652;MI:441;OH:213;TN:202;IN:187;NC:112;ID:109;NM:104;UT:84;TX:54,high
5493006KQF5UKZ3Y9N07,,,,unmatched,1564,1212,0,TX:1094;AZ:46;OH:17;NM:13;MI:8;FL:6;GA:3;OK:3;AR:3;WA:3,high
549300DG3IV05V4C4E03,,,,unmatched,4161,3145,0,LA:1292;TX:730;AR:516;TN:265;IN:131;GA:86;MS:73;FL:13;OH:6;AL:6,high
5493002TJKC8NLH1ZP82,,,,unmatched,2827,1694,0,CA:792;AZ:166;FL:144;UT:99;TX:54;WA:49;GA:43;AL:36;MO:33;VA:31,high
2549007JZSAICH4GZJ60,,,,unmatched,2386,1856,0,FL:711;IL:505;CA:358;IN:126;WI:111;MI:10;AZ:9;TX:4;VA:4;WA:4,high
549300YX5RPSSMR88K92,,,,unmatched,2299,1981,0,CA:834;CO:280;AZ:232;WA:132;OR:108;FL:71;TX:50;MO:35;VA:28;MI:27,high
549300EFCZM6KD6B8K69,,,,unmatched,2260,1578,0,NJ:593;PA:165;TX:120;VA:82;MI:62;MD:62;ID:32;TN:32;NC:30;OK:30,high
549300W45D2J6BT4LX65,,,,unmatched,1745,1727,0,FL:260;CA:195;TX:184;NJ:175;MD:150;VA:124;GA:65;NC:63;AZ:51;SC:46,high
ZXMJHJK466PBZTM5F379,,,,unmatched,2077,1712,0,FL:298;TX:142;CA:122;NC:99;NY:75;CO:74;TN:69;GA:58;SC:54;NJ:49,high
337KMNHEWWWR6B7Q7W10,,,,unmatched,3253,2416,0,OK:728;CA:535;TX:385;AZ:281;CO:152;NV:72;UT:42;NY:24;NM:18;FL:16,high
549300FVD3YHE65PKH97,,,,unmatched,3373,2007,0,NV:336;TX:274;CA:216;NJ:193;CO:156;FL:134;IN:120;GA:117;OK:106;IL:99,high
635400IW1QMK3FNFF894,,,,unmatched,3346,2560,0,MD:838;PA:652;DE:640;NJ:226;VA:47;FL:31;NC:22;SC:11;IN:11;GA:10,high
549300S8SHBRCI7UU819,,,,unmatched,5563,3223,0,IL:917;MN:494;CA:229;FL:150;WI:118;NC:115;OH:89;GA:88;IN:76;TN:75,high
54930080168VA6Z8UX21,,,,unmatched,5952,3617,0,MD:1696;VA:681;NJ:223;PA:190;NC:101;FL:91;SC:87;DC:67;DE:61;GA:60,high
5493006P5IHSK77SZ855,,,,unmatched,2615,1740,0,TX:668;TN:193;AL:175;OK:126;LA:125;MS:77;MI:51;WA:46;NM:44;IN:41,high
5493009Y8ROUG903AQ21,,,,unmatched,1340,1010,0,CA:849;WA:21;NV:10;IL:9;TX:9;NY:8;FL:8;OR:8;PA:7;GA:6,high
254900114YHTRFBALC74,,,,unmatched,1315,1286,0,CA:628;WA:106;FL:84;AZ:63;VA:46;NJ:44;OH:36;TX:33;NV:31;NC:31,high
5493008P6YO2KM3EO556,,,,unmatched,5493,4084,0,MI:2600;NY:372;CA:172;VA:153;MD:117;FL:81;CT:70;MA:55;KY:54;IN:52,high
254900ZX1UPIG2E7TH11,,,,unmatched,4134,3064,0,LA:1298;AL:793;SC:288;GA:193;TX:186;FL:93;OK:42;PA:38;MS:37;MA:26,high
549300ISCZS1R0CJMO47,,,,unmatched,2117,1726,0,TX:255;NC:107;FL:104;GA:77;TN:70;MI:69;PA:67;SC:66;MO:58;IL:55,high
549300KX4S1573HISS22,,,,unmatched,2917,1327,0,CA:417;FL:177;AZ:126;TX:73;WA:45;GA:33;PA:32;NV:29;CO:27;NJ:26,high
549300BXWU32AYWT1A56,,,,unmatched,2637,1675,0,TX:257;MI:227;NY:161;MN:157;IL:131;NJ:90;PA:86;CA:70;OH:68;VA:66,high
549300RM1IZYGQDSNL85,,,,unmatched,6074,1623,0,FL:206;TX:167;TN:152;CO:123;KY:69;NC:60;OH:60;NY:56;MI:52;ID:52,high
549300N3JBQ15RQ7AV97,,,,unmatched,4212,2983,0,AZ:828;CA:603;NE:295;AL:292;NV:258;VA:219;CO:183;FL:58;TX:45;UT:43,high
549300LZUXCJFE5ONM48,,,,unmatched,1795,1369,0,CA:317;TX:110;FL:98;WA:72;AZ:68;UT:60;SC:53;GA:53;CO:50;OR:46,high
549300TMY3OACQC9U777,,,,unmatched,2045,963,0,CA:407;FL:140;TX:112;AZ:47;WA:28;NJ:27;CO:21;GA:19;NV:14;MD:14,high
549300IJO7NO6VDZPD35,,,,unmatched,3250,2460,0,OK:667;TX:660;MI:649;MD:231;CO:39;IL:38;AZ:26;FL:25;VA:19;PA:19,high
549300A0SVCQJPHVGV20,,,,unmatched,3591,2835,0,WI:1466;MN:599;TX:361;TN:309;KY:19;FL:16;NJ:13;IA:13;GA:7;CO:5,high
9845007CY0EC0F59W414,,,,unmatched,1228,801,0,CA:391;TX:104;GA:81;FL:62;PA:36;OK:24;VA:17;NJ:14;OH:9;MD:8,high
5493000IIYWBLONJVJ30,,,,unmatched,2370,1430,0,CA:173;TX:112;FL:91;NC:78;WA:59;MI:55;GA:50;IL:48;MN:48;PA:46,high
54930021DZJ9CEN11D61,,,,unmatched,2604,1550,0,AL:309;FL:185;GA:184;TN:124;OH:99;NV:96;KY:77;MI:58;IN:48;NJ:39,high
25490018IFQOT83Q7H49,,,,unmatched,2239,1623,0,OR:329;OH:275;PA:174;SC:161;CA:98;FL:90;MN:84;TX:56;WI:43;NC:34,high
549300I0ICF6REKHOC74,,,,unmatched,3583,2753,0,MD:1148;AZ:360;IN:294;SC:234;PA:137;FL:129;TX:80;DE:63;AL:54;NC:48,high
549300DNWSJUNAWUM003,,,,unmatched,2522,1388,0,NC:247;VA:226;MD:209;PA:92;SC:63;NY:60;FL:57;IL:56;KY:39;DC:34,high
549300NN0PRX3I4QGG46,,,,unmatched,1601,896,0,FL:244;NC:138;GA:108;TX:89;VA:52;MO:39;SC:36;IN:35;AL:29;PA:17,high
549300QVGK8WC4HQ3C28,,,,unmatched,1289,810,0,PA:185;TN:124;GA:109;NJ:99;AL:64;FL:54;NC:31;VA:30;SC:19;IL:13,high
549300BOXNV8VLRBDT24,,,,unmatched,2879,1363,0,CA:220;TX:86;NC:59;AZ:58;FL:51;GA:45;WA:44;TN:44;IL:41;OH:40,high
549300PKEQ3Q9S0IXW76,,,,unmatched,5324,3201,0,MI:1072;NV:550;AR:477;NC:475;IN:211;OH:161;OK:59;PA:58;SC:25;FL:20,high
9845005BP6974AE5D838,,,,unmatched,1655,741,0,CA:201;FL:130;TX:78;GA:43;TN:37;PA:32;SC:25;WA:25;NC:20;VA:14,high
549300748YYU6VG08N83,,,,unmatched,2907,1876,0,CO:911;TX:159;NC:128;FL:100;GA:77;VA:69;SC:52;OR:52;AL:45;AZ:41,high
254900DSZI6CJXJL6Z14,,,,unmatched,1590,921,0,TX:168;FL:93;GA:66;NC:60;OH:60;IL:48;PA:46;NY:32;TN:29;MI:27,high
549300KQHWNSVCE2MY88,,,,unmatched,1746,1219,0,TX:125;TN:91;NC:65;CA:58;GA:53;IN:53;FL:49;MN:47;OH:46;VA:46,high
549300TK6RZQSFXZHV09,,,,unmatched,2683,1473,0,MI:532;FL:157;PA:110;CA:108;NC:75;OH:68;AZ:54;IN:38;MD:34;TX:32,high
5493001JT9MT3Z3Y3M39,,,,unmatched,1216,801,0,FL:201;TX:95;AZ:72;CA:62;GA:31;WA:29;NC:28;MI:28;NY:23;NV:21,high
549300GSCUJKJINRJ980,,,,unmatched,13152,9934,0,IN:6870;OH:1793;MI:794;KY:194;IL:95;GA:41;FL:36;AL:23;NC:19;SC:13,high
549300W4FT4H1UWPGU95,,,,unmatched,21756,15699,0,IA:10661;IL:3954;MI:329;WI:190;NE:148;IN:78;OH:48;AZ:38;MO:33;CO:33,high
S0Q3AHZRL5K6VQE35M07,,,,unmatched,8529,5621,0,IN:3248;MI:1861;OH:327;IL:50;FL:50;AZ:10;TN:8;SC:8;GA:6;NC:6,high
254900VECGAWC5CPU773,,,,unmatched,1155,718,0,FL:469;AL:208;GA:15;SC:4;MS:3;LA:3;MO:3;IL:2;MI:2;AZ:1,medium
2549005FUF02T1IFCA22,,,,unmatched,1029,652,0,FL:165;CA:134;TX:58;NJ:47;UT:19;PA:18;GA:18;CO:16;NC:16;SC:14,medium
5493007L4GYNO2PUBS09,,,,unmatched,3256,1295,0,MI:318;TX:156;GA:146;IL:110;IN:109;WA:89;PA:65;FL:44;NJ:35;OR:29,medium
2549009X2AG1P20YAJ63,,,,unmatched,2014,658,0,CA:299;NY:38;FL:34;TX:23;NJ:19;AZ:19;WA:18;NV:17;VA:14;NC:13,medium
549300DW87L2IZ7ZHF47,,,,unmatched,857,467,0,NJ:283;NY:78;PA:37;TX:17;FL:13;NC:5;MI:5;CO:4;CT:3;AZ:3,medium
549300GQDT484LGI9C04,,,,unmatched,6972,609,0,CA:130;FL:89;TX:80;VA:58;NJ:52;AZ:45;NC:40;WA:31;MD:11;OH:10,medium
549300PEWJWBNEOSS013,,,,unmatched,1864,1297,0,OH:324;FL:163;MD:138;OR:96;NJ:71;NC:62;IN:45;VA:42;KY:40;DE:39,medium
254900P7WLDQD9IUL038,,,,unmatched,3882,2074,0,NH:1321;MA:184;ME:126;FL:43;GA:41;VT:36;NC:32;CA:29;VA:25;WA:24,medium
254900YA1AQXNM8QVZ06,,,,unmatched,951,767,0,CA:85;TX:59;FL:56;IL:34;NY:34;GA:32;WI:32;WA:31;NC:29;TN:27,medium
254900ZELVKWROFNEC29,,,,unmatched,643,408,0,PA:297;NJ:53;GA:11;FL:11;DE:8;NC:6;CO:3;MN:2;MA:2;MD:2,medium
549300JLXD89NGKXMS84,,,,unmatched,977,592,0,FL:197;TX:152;ND:53;ME:44;CO:41;VA:38;OK:24;SC:12;WV:11;NC:7,medium
549300JGK6WNKYXQ0821,,,,unmatched,1587,441,0,GA:324;NC:18;AL:17;FL:14;AR:9;SC:6;TN:6;KY:6;PA:4;OK:4,medium
984500P059VACEAAFA22,,,,unmatched,1434,875,0,IL:170;TX:127;NC:111;MD:62;IN:47;CA:38;WI:32;OH:30;FL:28;GA:24,medium
984500D61DCEC4E2B661,,,,unmatched,945,686,0,FL:297;NM:239;CO:34;NH:26;ME:15;NC:13;GA:13;MA:12;TX:10;MO:6,medium
4EP6JBYBTPTQ47LZOB67,,,,unmatched,665,527,0,CA:66;FL:59;MA:51;NY:40;GA:27;NC:22;CO:21;TX:20;SC:18;VA:15,medium
549300DT7CCDCC7O6Z60,,,,unmatched,527,361,0,CA:314;TX:10;TN:5;SC:5;AZ:5;NV:3;FL:3;OR:2;WA:2;MO:2,medium
549300PJ2WT35S77Q208,,,,unmatched,2564,1526,0,IL:307;WI:186;OH:145;FL:106;PA:65;MI:64;TX:62;MO:56;IN:51;KY:45,medium
254900A1LV2U6NM10498,,,,unmatched,670,468,0,CA:235;OH:53;FL:33;ID:17;NC:14;PA:13;TX:13;GA:11;AZ:9;TN:8,medium
549300SY0ZRUCS4CSY07,,,,unmatched,1017,654,0,VA:128;MD:116;NY:86;NJ:63;CA:40;PA:33;DC:30;GA:25;CT:21;FL:21,medium
HIDXEG9BLUJZKBGUT764,,,,unmatched,1630,1166,0,VA:397;MD:366;DC:220;FL:24;CA:20;NC:12;MA:11;PA:10;CO:10;TX:8,medium
5493009D2COWW65B8673,,,,unmatched,1133,518,0,CA:250;MD:75;FL:37;IL:22;UT:21;VA:17;AZ:15;CO:9;TX:7;AL:6,medium
549300S5FVOSK5DQJN30,,,,unmatched,5987,4500,0,UT:3672;CA:224;AZ:149;ID:115;WA:84;NV:54;NC:33;CO:31;TX:24;FL:20,medium
549300YD7XJM19TH5O82,,,,unmatched,4999,3231,0,IL:2769;CA:124;TX:42;TN:38;FL:31;NC:25;IN:24;MO:24;AZ:18;GA:16,medium
549300PXIFIEPL7D7R86,,,,unmatched,659,447,0,TN:123;NJ:66;TX:40;IL:29;IN:21;FL:19;CO:16;OH:13;GA:13;MS:9,medium
549300OSZK2W0WJYS771,,,,unmatched,2063,1248,0,VA:766;MD:112;FL:91;NC:62;SC:32;GA:21;PA:20;WV:19;DC:14;TN:14,medium
549300INKSPQCTELMO58,,,,unmatched,3309,2598,0,MN:1395;SD:229;TX:149;ND:136;WI:119;AZ:105;FL:79;CO:72;IA:55;AL:46,medium
549300ASFUWYQO0RW077,,,,unmatched,547,420,0,NY:51;TX:49;FL:40;NJ:31;NC:26;PA:21;SC:19;GA:17;OH:16;CT:16,medium
549300I1HK1BBZLKOB84,,,,unmatched,647,455,0,TX:111;CA:55;LA:39;FL:30;NY:27;NJ:17;WA:17;AZ:13;CO:11;CT:11,medium
549300MQEDQYDJR8CP22,,,,unmatched,1017,449,0,FL:41;TX:41;OH:38;GA:36;TN:27;CA:24;NJ:22;NY:22;MO:21;PA:20,medium
549300HIVO8XPBPNVG69,,,,unmatched,6952,4846,0,AZ:3413;CO:460;WA:286;NV:184;CA:131;NM:114;OR:97;TX:57;FL:42;PA:12,medium
549300KPHGEE40YQXO21,,,,unmatched,873,472,0,CA:148;TX:52;AZ:28;MI:21;MO:21;WA:15;NM:13;OK:12;CO:12;NV:11,medium
549300GY4NTTEM7WWB64,,,,unmatched,816,529,0,AR:175;FL:79;GA:41;MS:38;NC:35;TX:28;PA:21;TN:20;VA:20;AL:14,medium
549300K6K2IS7FRS7S09,,,,unmatched,980,644,0,MO:70;VA:59;FL:46;TX:42;AK:37;CA:31;NC:31;AZ:21;GA:20;MI:20,medium
549300JRDGV1559XM376,,,,unmatched,1517,904,0,NE:217;AZ:92;ID:85;TX:59;TN:59;CO:55;IL:53;IA:48;UT:47;CA:45,medium
5493008SP1FN4D81IS17,,,,unmatched,453,359,0,TX:79;CA:49;NC:30;FL:19;WA:17;AZ:13;IL:11;VA:10;NJ:10;OH:9,medium
254900O723MCLR701H50,,,,unmatched,6301,1138,0,IL:785;TX:103;FL:73;NM:57;IN:16;SC:14;NV:13;CA:12;AZ:10;MN:9,medium
549300V8CF81JGIV7038,,,,unmatched,2169,1796,0,IL:1185;IA:235;TN:104;FL:46;IN:38;MI:33;WI:29;AL:19;AZ:16;TX:15,medium
549300AENO88GEUWCZ39,,,,unmatched,1280,846,0,MN:142;IN:65;CO:58;FL:56;CA:52;OK:39;KY:36;TX:34;DE:27;WI:26,medium
5493008E4KBJCB6UKR64,,,,unmatched,515,321,0,CA:123;NV:27;GA:24;FL:12;TX:12;MO:11;AZ:10;IN:9;NC:7;PA:7,medium
5493008PQSMR41Y70C36,,,,unmatched,502,319,0,MA:104;FL:66;MO:38;NH:28;CT:13;VT:12;CO:11;PA:9;RI:8;AZ:6,medium
254900EZRN0CBEP77K34,,,,unmatched,1167,563,0,VA:170;MD:86;DC:38;CA:31;FL:18;NC:17;TX:15;IL:15;SC:14;GA:12,medium
54930053KPO7OG48FP72,,,,unmatched,446,279,0,PA:146;IN:39;FL:34;OH:27;VA:8;MI:5;CA:3;CO:3;MD:2;MN:2,medium
549300JGMQJ4R419LR70,,,,unmatched,516,402,0,TX:45;CA:44;OH:29;IL:28;FL:19;PA:18;WA:15;NY:15;AL:14;MI:13,medium
549300F6Y1YO2YXN6135,,,,unmatched,306,297,0,CA:44;TX:32;FL:24;AZ:19;MA:18;WA:16;GA:15;TN:14;CO:13;IL:12,medium
2549007AU24FVDMNUB40,,,,unmatched,2422,749,0,WI:262;IL:72;MN:69;CA:43;GA:29;FL:25;IN:19;NC:19;OH:19;CO:16,medium
984500FAD1FB7FEGTE82,,,,unmatched,702,330,0,NC:30;TX:27;GA:25;FL:25;CA:23;IL:18;OH:13;MD:13;CO:12;TN:12,medium
549300KX6E1IE2LM5E30,,,,unmatched,474,326,0,CA:90;WA:60;FL:35;AZ:19;CO:18;GA:15;OR:11;TX:10;MN:6;PA:6,medium
98450058D88OE4463626,,,,unmatched,301,209,0,CA:60;FL:55;TX:22;NC:13;VA:12;NJ:12;MN:7;AZ:6;PA:5;CO:4,medium
549300LLQD0X2OTG0Y27,,,,unmatched,1196,581,0,RI:205;MA:77;NH:31;DE:20;LA:17;OH:16;NC:16;TX:15;SC:15;FL:14,medium
WKN6AF1FCL7BBYGTGI83,,,,unmatched,1283,714,0,IN:316;FL:34;CA:31;GA:24;NC:22;TN:20;MO:20;IL:17;MI:16;AZ:16,medium
549300TULDV69V2XKY60,,,,unmatched,524,343,0,VA:70;CA:55;MD:52;DC:21;FL:21;AZ:13;NC:12;PA:11;GA:11;NJ:8,medium
549300SFG15JDKI5MD22,,,,unmatched,3742,2733,0,MS:1973;AL:311;LA:282;FL:109;TN:28;GA:5;TX:5;NC:3;SC:3;IL:2,medium
549300TTPRGSP8DGY569,,,,unmatched,696,471,0,VA:134;MD:113;DC:55;CA:20;FL:14;NC:11;NJ:10;PA:8;OK:8;WV:8,medium
2549009BJ1OZ4H7KTG46,,,,unmatched,363,179,0,NC:67;TX:27;FL:15;OH:8;GA:7;SC:7;HI:6;NY:5;CO:5;TN:4,medium
549300C04BJ0G297NC13,,,,unmatched,556,268,0,TX:26;FL:21;CA:18;PA:16;NC:15;IL:15;NY:13;NJ:10;IN:8;CO:8,medium
549300YDBNK66R6ZES34,,,,unmatched,2287,1508,0,MO:1183;IL:91;FL:43;OH:33;TX:23;GA:18;CA:17;CO:14;NY:12;VA:12,medium
2549008LUH7QKMXQ8N53,,,,unmatched,1648,1140,0,IL:297;MO:278;IA:176;PA:97;IN:76;CO:43;MT:31;TX:25;MN:21;AR:17,medium
549300IBT3SCF2K09D58,,,,unmatched,290,261,0,CA:34;WA:18;GA:16;MN:15;TX:15;OR:13;FL:13;AZ:12;PA:10;NC:10,medium
549300W1HU6IVVIEJ389,,,,unmatched,1461,967,0,UT:712;TX:43;CA:26;OR:24;ID:17;VA:16;AZ:15;WA:15;FL:12;NM:12,medium
549300D2OYT7VTDY6Z20,,,,unmatched,438,269,0,MD:90;NJ:48;VA:37;FL:14;GA:11;NC:11;CA:8;PA:6;IL:6;DC:4,medium
549300UV5JQXLGVWIP44,,,,unmatched,582,332,0,IL:105;TX:61;CA:20;MN:19;OH:13;UT:10;WA:10;GA:10;LA:9;VA:9,medium
549300KW705BBINDIZ26,,,,unmatched,335,226,0,TX:106;LA:38;AR:28;OK:18;NM:16;IN:6;WA:4;MO:2;MT:2;FL:1,medium
549300B2JJHSM77T5Y41,,,,unmatched,1393,882,0,OH:746;GA:50;FL:16;TX:10;SC:9;TN:6;CA:4;MI:4;NV:4;WI:3,medium
549300SQKZC6HESYGO25,,,,unmatched,736,258,0,CA:27;VA:24;FL:15;IL:15;NJ:12;NC:11;AZ:10;PA:9;NY:9;OH:8,medium
5493000JFVFQFL816N45,,,,unmatched,862,529,0,AR:374;TX:63;MO:13;CO:11;NC:10;FL:9;SC:6;CA:5;LA:4;TN:3,medium
549300DRA4BDXW23LD45,,,,unmatched,2210,1609,0,MN:624;WI:301;IL:93;MT:72;IN:54;IA:47;NE:45;OH:42;OK:40;SD:29,medium
549300NZWZUYUWEOA562,,,,unmatched,1994,1409,0,IN:1212;FL:24;CO:18;NC:16;IL:14;MI:13;GA:10;VA:8;MD:7;TX:7,medium
254900KKWIJLOTNP7667,,,,unmatched,169,155,0,NY:43;TX:16;CA:12;WA:11;IN:7;MD:7;CT:6;MA:6;FL:5;AZ:5,medium
54930022CQGV47Q8PM03,,,,unmatched,602,233,0,TX:22;FL:18;CA:18;WA:16;GA:15;WI:13;MI:12;IL:12;OH:10;KY:9,medium
549300JQEF6V2RNWCC75,,,,unmatched,1242,794,0,AR:524;MS:155;TN:60;AL:22;GA:12;TX:6;FL:3;LA:3;VA:2;OH:2,medium
549300RFPLMCMJL7BS81,,,,unmatched,268,246,0,OH:48;KY:18;NC:17;GA:15;MN:14;CA:14;MI:14;IN:12;TX:10;AL:8,medium
254900KI7219LQKCI772,,,,unmatched,1254,974,0,CO:694;WY:105;TX:24;AZ:18;CA:17;MT:10;FL:8;OH:7;ID:7;NC:6,medium
549300GYK7N8U42X9587,,,,unmatched,126,114,0,CA:32;NC:12;FL:10;OR:6;NY:5;PA:4;LA:4;TX:4;TN:3;SC:3,medium
254900IU2EZH8TXNXE23,,,,unmatched,114,95,0,NY:41;TX:9;FL:8;CA:6;NJ:6;MD:3;MO:3;OH:3;IL:3;CT:1,medium
B2S31CFVSWTN3FR00Q90,,,,unmatched,94,93,0,NJ:13;FL:12;CA:9;MI:6;IL:5;TX:5;NY:4;CO:4;GA:3;WA:3,medium
549300KUIZTYQRC0R888,,,,unmatched,376,232,0,MN:97;IA:27;TX:12;SD:10;FL:9;NY:6;AZ:6;GA:5;WI:4;PA:4,medium
549300U7UH8QCS8WQ406,,,,unmatched,1579,1220,0,IN:1121;FL:15;OH:14;MI:10;GA:9;IL:9;NC:5;MO:5;SC:4;MN:4,medium
549300C4J510S9L1RF98,,,,unmatched,2560,2118,0,MN:1505;ND:235;AZ:148;WI:119;IA:41;FL:11;CO:11;CA:10;TX:6;GA:3,medium
549300ANF834QIIFUE57,,,,unmatched,1483,1482,0,IL:1331;IN:39;WI:37;MI:22;FL:17;TX:8;CA:5;AZ:4;TN:4;NC:4,medium
549300QFP6J5QSZVF805,,,,unmatched,2619,2030,0,AR:975;ID:428;LA:374;MS:196;TN:20;TX:11;FL:6;MO:4;UT:4;OK:2,medium
549300RIPPSJXAQKZ383,,,,unmatched,764,557,0,IL:272;WI:202;IN:27;NJ:14;MA:7;FL:6;AZ:5;RI:3;TN:3;CT:3,medium
549300XAJENHWRM32Z86,,,,unmatched,1201,957,0,IL:738;MO:150;FL:18;AZ:4;GA:4;KY:4;NE:4;SC:3;WI:3;AR:3,medium
254900DNPJINSUKFZ002,,,,unmatched,1838,1299,0,IN:1104;MI:84;AZ:40;IL:17;CA:11;TX:6;FL:5;OH:3;DE:3;MO:3,medium
549300HGDJQ37M5BE268,,,,unmatched,1169,958,0,IL:910;FL:19;MO:9;MN:3;AZ:2;GA:2;TX:2;MI:2;SC:1;TN:1,medium
549300OZ550X4QD5PC74,,,,unmatched,6202,4702,0,WI:2893;MN:1772;FL:8;TX:8;AZ:3;GA:2;OR:1;MI:1;CT:1;SC:1,medium
549300CP7747DCRW6U68,,,,unmatched,1655,1334,0,MO:673;IL:616;FL:12;CO:3;TN:3;AZ:2;OH:2;OK:2;IN:2;MI:2,medium
549300GS6ONO04ORI292,,,,unmatched,917,584,0,ID:356;OR:136;WA:44;MT:12;CA:4;FL:4;AL:2;TX:2;AK:2;CO:2,medium
549300P2GEYNMH5OQA71,,,,unmatched,2193,1422,0,WA:972;ID:289;OR:111;AZ:15;CA:9;MI:4;MT:3;MO:2;FL:2;UT:2,medium
549300T1ONVEMLQ4B629,,,,unmatched,753,633,0,SD:576;MN:14;IA:13;NE:12;CO:3;AZ:2;TN:2;FL:2;ND:2;TX:2,medium
549300IQ5NY7CSJLZW53,,,,unmatched,1866,1306,0,SD:972;MN:302;IA:12;WI:8;AZ:3;NE:2;ND:1;VA:1;MT:1;CA:1,medium
549300RFSMIRUODUVW59,,,,unmatched,4082,2443,0,MT:610;SD:364;OR:317;WY:306;IA:244;ID:236;NE:183;WA:79;AZ:31;CO:29,medium
549300X6ESK4SUBRYL85,,,,unmatched,481,357,0,IL:278;FL:19;TX:12;MI:9;WI:5;GA:4;CO:4;CA:3;MN:3;AZ:3,low
2549004XDCE3LGQW7H72,,,,unmatched,242,165,0,MN:35;WI:17;IL:10;FL:9;CA:8;OH:7;IA:7;IN:6;CO:6;TX:6,low
549300MU2YI0HXIT3257,,,,unmatched,202,101,0,FL:29;OH:10;IL:7;OR:6;CO:6;AZ:5;WI:5;IN:4;TX:3;GA:3,low
549300XRF9LCZ3RX3Q39,,,,unmatched,3266,108,0,AZ:18;CA:12;TX:9;VA:8;CO:7;IL:6;NY:5;WA:4;FL:4;NV:4,low
984500CBWD5B079K2C86,,,,unmatched,101,67,0,GA:9;NJ:8;NC:5;IN:5;VA:4;PA:4;CT:3;TX:3;SC:3;OH:2,low
549300WW4OBT30G5DK23,,,,unmatched,211,139,0,MN:24;WI:18;IL:14;OH:11;AZ:7;FL:6;GA:5;CA:5;IN:5;PA:4,low
PS6WLKTYGZOKK05G5O59,,,,unmatched,233,189,0,IA:117;NC:9;TX:7;OH:6;IN:4;CO:4;GA:4;SC:3;WI:3;KY:3,low
549300OBJRCHJ0G6XU24,,,,unmatched,201,155,0,MO:101;IL:12;TX:9;MA:5;AR:4;TN:4;VA:3;FL:3;NJ:3;IN:2,low
549300QWJ3UDIX8KBP64,,,,unmatched,590,440,0,AR:308;MO:74;OK:14;PA:10;CO:9;FL:7;TN:5;AZ:3;ID:2;GA:2,low
549300DM6DAOPSF8HL78,,,,unmatched,236,145,0,MS:79;IN:17;TX:6;TN:6;OK:5;FL:4;KY:4;LA:4;OH:3;IL:2,low
5493003X9FWFI47DPO39,,,,unmatched,268,253,0,IL:221;CA:6;AZ:3;TX:3;ID:2;NY:2;TN:1;FL:1;VA:1;MA:1,low
549300Y01XP7FO81MC08,,,,unmatched,552,456,0,NE:408;IA:17;CO:5;FL:3;VA:2;TN:2;TX:2;GA:2;MI:2;OK:2,low
549300LIZH7VW4DFJK44,,,,unmatched,421,161,0,OK:118;AL:12;TX:6;AR:4;NM:3;NE:3;OR:2;LA:2;CO:2;FL:1,low
549300UM6HPORF7X4415,,,,unmatched,121,103,0,IL:72;IN:5;OR:3;WI:2;WA:2;AL:2;GA:2;IA:2;SC:2;TN:2,low
213800M6RMI3YBX62W88,,,,unmatched,628,467,0,SD:229;MN:217;ND:3;WI:3;NE:3;AZ:2;FL:2;IA:2;GA:1;NC:1,low
549300XZEU2LB7FLWW04,,,,unmatched,176,154,0,NE:120;IA:13;AR:4;MO:3;FL:2;IL:2;SD:2;AZ:1;CO:1;SC:1,low
5493009DQQ81725XIJ49,,,,unmatched,362,315,0,NE:299;AZ:3;CA:2;ID:2;OK:1;SD:1;NV:1;MO:1;IA:1;FL:1,low
