lei,institution_name_hmda,nmls_id,our_lender_slug,legal_name,match_confidence,match_method,mississippi_originations,florida_originations,total_originations,priority_match,notes
01J4SO3XTWZF4PP38209,Trustmark Bank,449605,trustmark-bank,Trustmark National Bank,high,ar_ms_ok_curated+ar_ms_ok_gleif_reidentify+public_nmls,4094,0,4094,high,ar_ms_ok_curated map for MS activity (4094 MS originations); slug=trustmark-bank.
Q7C315HKI8VX0SSKBS64,Cadence Bank,402436,cadence-bank,Cadence Bank,high,ar_ms_ok_curated+ar_ms_ok_gleif_reidentify+public_nmls,3510,0,3510,high,ar_ms_ok_curated map for MS activity (3510 MS originations); slug=cadence-bank.
5493005QK4NV0ZZ5EM64,Community Bank of Mississippi,402411,community-bank-of-mississippi,Community Bank of Mississippi,high,ar_ms_ok_curated+ar_ms_ok_gleif+public_nmls,3017,0,3017,high,ar_ms_ok_curated map for MS activity (3017 MS originations); slug=community-bank-of-mississippi.
549300FGXN1K3HLB1R50,"Rocket Mortgage, LLC",3030,rocket-mortgage,"Rocket Mortgage, LLC",high,ar_ms_ok_curated+ar_ms_ok_gleif_reidentify+public_nmls,2997,0,2997,high,ar_ms_ok_curated map for MS activity (2997 MS originations); slug=rocket-mortgage.
5493002RF1ERFA2XR050,Renasant Bank,402669,renasant-bank,Renasant Bank,high,ar_ms_ok_curated+ar_ms_ok_gleif_reidentify+public_nmls,2189,0,2189,high,ar_ms_ok_curated map for MS activity (2189 MS originations); slug=renasant-bank.
549300SFG15JDKI5MD22,BankPlus,431487,bankplus,BankPlus,high,ar_ms_ok_curated+ar_ms_ok_gleif+public_nmls,1973,0,1973,high,ar_ms_ok_curated map for MS activity (1973 MS originations); slug=bankplus.
EQTWLK1G7ODGC2MGLV11,Regions Bank,467341,regions-bank,Regions Bank,high,ar_ms_ok_curated+ar_ms_ok_gleif_reidentify+public_nmls,1886,0,1886,high,ar_ms_ok_curated map for MS activity (1886 MS originations); slug=regions-bank.
549300HW662MN1WU8550,"United Wholesale Mortgage, LLC",3038,united-wholesale-mortgage,"United Wholesale Mortgage, LLC",high,ar_ms_ok_curated+ar_ms_ok_gleif_reidentify+public_nmls,1430,0,1430,high,ar_ms_ok_curated map for MS activity (1430 MS originations); slug=united-wholesale-mortgage.
549300DD5QQUHO6PCH70,"MORTGAGE RESEARCH CENTER, LLC",1907,veterans-united-west-valley,"Mortgage Research Center, LLC (Veterans United Home Loans)",high,ar_ms_ok_curated+ar_ms_ok_gleif_reidentify+public_nmls,1220,0,1220,high,ar_ms_ok_curated map for MS activity (1220 MS originations); slug=veterans-united-west-valley.
549300XQVJ1XBNFA5536,21ST MORTGAGE CORPORATION,2280,21st-mortgage,21st Mortgage Corporation,medium,reuse_prior_state_curated_lei+curated_public_nmls+directory_profile,1068,2098,1068,high,reuse_prior_state_curated_lei map for MS activity (1068 MS originations); slug=21st-mortgage.
549300AQ3T62GXDU7D76,GUILD MORTGAGE COMPANY LLC,3274,guild-mortgage-metrowest,Guild Mortgage Company LLC,high,ar_ms_ok_curated+ar_ms_ok_gleif_reidentify+public_nmls,808,0,808,high,ar_ms_ok_curated map for MS activity (808 MS originations); slug=guild-mortgage-metrowest.
549300GKFNPRWNS0GF29,"AmeriHome Mortgage Company, LLC",1120271,amerihome-mortgage,"AmeriHome Mortgage Company, LLC",high,ar_ms_ok_curated+ar_ms_ok_gleif_reidentify+public_nmls,770,0,770,high,ar_ms_ok_curated map for MS activity (770 MS originations); slug=amerihome-mortgage.
549300LYRWPSYPK6S325,FREEDOM MORTGAGE CORPORATION,2767,freedom-mortgage,Freedom Mortgage Corporation,high,ar_ms_ok_curated+ar_ms_ok_gleif_reidentify+public_nmls,694,0,694,high,ar_ms_ok_curated map for MS activity (694 MS originations); slug=freedom-mortgage.
5493001SXWZ4OFP8Z903,"DHI MORTGAGE COMPANY, LTD.",14622,dhi-mortgage-buckeye,"DHI Mortgage Company, Ltd.",high,ar_ms_ok_curated+ar_ms_ok_gleif_reidentify+directory_slug,645,0,645,high,ar_ms_ok_curated map for MS activity (645 MS originations); slug=dhi-mortgage-buckeye.
549300AG64NHILB7ZP05,"LOANDEPOT.COM, LLC",174457,loandepot,"loanDepot.com, LLC",high,ar_ms_ok_curated+ar_ms_ok_gleif_reidentify+public_nmls,638,0,638,high,ar_ms_ok_curated map for MS activity (638 MS originations); slug=loandepot.
5493003GQDUH26DNNH17,Navy Federal Credit Union,399807,navy-federal-jacksonville,Navy Federal Credit Union,high,ar_ms_ok_curated+ar_ms_ok_gleif_reidentify+public_nmls,633,0,633,high,ar_ms_ok_curated map for MS activity (633 MS originations); slug=navy-federal-jacksonville.
RVDPPPGHCGZ40J4VQ731,"PENNYMAC LOAN SERVICES, LLC",35953,pennymac,"PennyMac Loan Services, LLC",high,ar_ms_ok_curated+ar_ms_ok_gleif_reidentify+public_nmls,603,0,603,high,ar_ms_ok_curated map for MS activity (603 MS originations); slug=pennymac.
549300E2UX99HKDBR481,"NEW AMERICAN FUNDING, LLC",6606,new-american-funding,"New American Funding, LLC",high,ar_ms_ok_curated+ar_ms_ok_gleif_reidentify+public_nmls,571,0,571,high,ar_ms_ok_curated map for MS activity (571 MS originations); slug=new-american-funding.
549300VZVN841I2ILS84,"CROSSCOUNTRY MORTGAGE, LLC",3029,crosscountry-mortgage-metrowest,"CrossCountry Mortgage, LLC",high,ar_ms_ok_curated+ar_ms_ok_gleif_reidentify+public_nmls,539,0,539,high,ar_ms_ok_curated map for MS activity (539 MS originations); slug=crosscountry-mortgage-metrowest.
NSGZD26XPW2CUM2JKU70,HANCOCK WHITNEY BANK,454781,hancock-whitney-bank,Hancock Whitney Bank,high,ar_ms_ok_curated+ar_ms_ok_gleif_reidentify+public_nmls,480,0,480,medium,ar_ms_ok_curated map for MS activity (480 MS originations); slug=hancock-whitney-bank.
549300QR0KFPEDZPEI42,STOCKTON MORTGAGE CORPORATION,,stockton-mortgage,Stockton Mortgage Corporation,high,reuse_prior_state_curated_lei+mo_ky_curated+mo_ky_gleif+lei_identity,391,0,391,medium,reuse_prior_state_curated_lei map for MS activity (391 MS originations); slug=stockton-mortgage.
549300LBCBNR1OT00651,NATIONSTAR MORTGAGE LLC,2104,mr-cooper,Nationstar Mortgage LLC,high,ar_ms_ok_curated+ar_ms_ok_gleif_reidentify+public_nmls,364,0,364,medium,ar_ms_ok_curated map for MS activity (364 MS originations); slug=mr-cooper.
549300VNBQD8FDHF7563,"MORTGAGE INVESTORS GROUP, INC.",34391,mortgage-investors-group-knoxville,"Mortgage Investors Group, Inc.",high,reuse_prior_state_curated_lei+tn_curated+tn_curated_gleif+public_nmls,341,0,341,medium,reuse_prior_state_curated_lei map for MS activity (341 MS originations); slug=mortgage-investors-group-knoxville.
549300FNXYY540N23N64,Newrez LLC,2289,newrez,Newrez LLC,high,ar_ms_ok_curated+ar_ms_ok_gleif_reidentify+public_nmls,329,0,329,medium,ar_ms_ok_curated map for MS activity (329 MS originations); slug=newrez.
5493000YNV8IX4VD3X12,"VANDERBILT MORTGAGE AND FINANCE, INC.",1561,silverton-mortgage-myrtle-beach,"Vanderbilt Mortgage and Finance, Inc. (dba Silverton Mortgage)",high,reuse_prior_state_curated_lei+sc_curated+sc_curated_gleif+public_nmls+silverton_dba,313,0,313,medium,reuse_prior_state_curated_lei map for MS activity (313 MS originations); slug=silverton-mortgage-myrtle-beach.
549300RPOGWJRH63HS39,UNION HOME MORTGAGE CORP.,1904,union-home-mortgage-reeves-team,Union Home Mortgage Corp.,high,reuse_prior_state_curated_lei+reuse_prior_state_curated_lei+reuse_prior_state_curated_lei+reuse_fl_tx_ga_ca_curated_lei+reuse_fl_tx_ga_curated_lei+ga_curated_gleif+company_nmls+ga_directory,299,0,299,medium,reuse_prior_state_curated_lei map for MS activity (299 MS originations); slug=union-home-mortgage-reeves-team.
54930021WPEXNHYZUL09,"PLANET HOME LENDING, LLC",17022,planet-home-lending,"Planet Home Lending, LLC",high,reuse_prior_state_curated_lei+ga_curated_gleif+public_nmls,288,0,288,medium,reuse_prior_state_curated_lei map for MS activity (288 MS originations); slug=planet-home-lending.
549300YIQ7S7Z8PIHE53,AMERISAVE MORTGAGE CORPORATION,1168,amerisave,AmeriSave Mortgage Corporation,high,reuse_prior_state_curated_lei+curated_lei_public_nmls,268,1667,268,medium,reuse_prior_state_curated_lei map for MS activity (268 MS originations); slug=amerisave.
7H6GLXDRUGQFU57RNE97,"JPMorgan Chase Bank, National Association",399798,jpmorgan-chase-bank,"JPMorgan Chase Bank, National Association",high,ar_ms_ok_curated+ar_ms_ok_gleif_reidentify+public_nmls,258,0,258,medium,ar_ms_ok_curated map for MS activity (258 MS originations); slug=jpmorgan-chase-bank.
5493001F7QT2YW3K8D98,"DSLD MORTGAGE, LLC",120308,dsld-mortgage,"DSLD Mortgage, LLC",high,reuse_prior_state_curated_lei+al_la_curated+al_la_gleif+public_nmls,249,0,249,medium,reuse_prior_state_curated_lei map for MS activity (249 MS originations); slug=dsld-mortgage.
549300OBO7DOF2KOP535,FirstBank,472433,firstbank-tennessee,FirstBank,high,reuse_prior_state_curated_lei+tn_curated+tn_curated_gleif+public_nmls,248,0,248,medium,reuse_prior_state_curated_lei map for MS activity (248 MS originations); slug=firstbank-tennessee.
549300MGPZBLQDIL7538,FAIRWAY INDEPENDENT MORTGAGE CORPORATION,2909,fairway-mortgage-augusta-sheppard,Fairway Independent Mortgage Corporation,high,ar_ms_ok_curated+ar_ms_ok_gleif_reidentify+public_nmls,246,0,246,medium,ar_ms_ok_curated map for MS activity (246 MS originations); slug=fairway-mortgage-augusta-sheppard.
549300R0SXC1JU7ZU290,"FIRST COMMUNITY MORTGAGE, INC.",629700,first-community-mortgage,"First Community Mortgage, Inc.",high,reuse_prior_state_curated_lei+tn_curated+tn_curated_gleif+public_nmls,244,0,244,medium,reuse_prior_state_curated_lei map for MS activity (244 MS originations); slug=first-community-mortgage.
549300SUCQ1358EGVE89,"NEW DAY FINANCIAL, LLC",1043,new-day-financial,"New Day Financial, LLC",high,reuse_prior_state_curated_lei+reuse_prior_state_curated_lei+reuse_prior_state_curated_lei+reuse_prior_state_curated_lei+reuse_prior_state_curated_lei+reuse_fl_tx_ga_ca_nc_sc_nj_ny_curated_lei+sc_curated+sc_curated_gleif+public_nmls,219,0,219,medium,reuse_prior_state_curated_lei map for MS activity (219 MS originations); slug=new-day-financial.
549300MCPCNPQAOB4032,GMFS LLC,64997,gmfs-mortgage,GMFS LLC,high,reuse_prior_state_curated_lei+al_la_curated+al_la_gleif+public_nmls,214,0,214,medium,reuse_prior_state_curated_lei map for MS activity (214 MS originations); slug=gmfs-mortgage.
549300121SF0K2LN2804,"PRIMELENDING, A PLAINSCAPITAL COMPANY",1921,primelending-columbus,PrimeLending — Columbus Team,high,reuse_prior_state_curated_lei+gleif_name_to_directory,209,931,209,medium,reuse_prior_state_curated_lei map for MS activity (209 MS originations); slug=primelending-columbus.
549300U3721PJGQZYY68,Nationstar Mortgage LLC,2104,mr-cooper,Nationstar Mortgage LLC,high,reuse_prior_state_curated_lei+curated_lei_public_nmls,184,3204,184,medium,reuse_prior_state_curated_lei map for MS activity (184 MS originations); slug=mr-cooper.
COOWI3L2W9TPYR3WJX37,First Horizon Bank,405456,first-horizon-bank,First Horizon Bank,high,ar_ms_ok_curated+ar_ms_ok_gleif_reidentify+public_nmls,167,0,167,medium,ar_ms_ok_curated map for MS activity (167 MS originations); slug=first-horizon-bank.
549300MZ8VZJOVC63092,"KIND LENDING, LLC",3925,kind-lending,"Kind Lending, LLC",high,reuse_prior_state_curated_lei+ca_curated+ca_curated_gleif+public_nmls,154,0,154,medium,reuse_prior_state_curated_lei map for MS activity (154 MS originations); slug=kind-lending.
549300LE3ZOZXUS7W648,FIDELITY BANK,488639,fidelity-bank-louisiana,Fidelity Bank (Louisiana),high,reuse_prior_state_curated_lei+al_la_curated+al_la_gleif+public_nmls,146,0,146,medium,reuse_prior_state_curated_lei map for MS activity (146 MS originations); slug=fidelity-bank-louisiana.
KB1H1DSPRFMYMCUFXT09,"Wells Fargo Bank, National Association",399801,wells-fargo-bank,"Wells Fargo Bank, National Association",high,reuse_prior_state_curated_lei+curated_lei_public_nmls,142,2670,142,medium,reuse_prior_state_curated_lei map for MS activity (142 MS originations); slug=wells-fargo-bank.
C5654JQHZUHN0772B561,USAA Federal Savings Bank,399809,usaa-federal-savings-bank,USAA Federal Savings Bank,high,reuse_prior_state_curated_lei+curated_lei_public_nmls,137,825,137,medium,reuse_prior_state_curated_lei map for MS activity (137 MS originations); slug=usaa-federal-savings-bank.
549300R9S3MVDV4MGF56,"CARRINGTON MORTGAGE SERVICES, LLC",2250,carrington-mortgage,"Carrington Mortgage Services, LLC",high,reuse_prior_state_curated_lei+reuse_fl_tx_ga_curated_lei+ga_curated_alt_lei+company_nmls,130,0,130,medium,reuse_prior_state_curated_lei map for MS activity (130 MS originations); slug=carrington-mortgage.
549300OPCWU6E72WUT29,"MUTUAL OF OMAHA MORTGAGE, INC.",1025894,mutual-of-omaha-mortgage,"Mutual of Omaha Mortgage, Inc.",high,reuse_prior_state_curated_lei+reuse_fl_tx_ga_curated_lei+ga_curated_gleif+public_nmls,129,0,129,medium,reuse_prior_state_curated_lei map for MS activity (129 MS originations); slug=mutual-of-omaha-mortgage.
549300PIL8LFAQ04XC20,Better Mortgage Corporation,330511,better-mortgage,Better Mortgage Corporation,high,reuse_prior_state_curated_lei+curated_lei_public_nmls,107,2675,107,medium,reuse_prior_state_curated_lei map for MS activity (107 MS originations); slug=better-mortgage.
B4TYDEB6GKMZO031MB27,"Guaranteed Rate, Inc.",2611,guaranteed-rate,"Guaranteed Rate, Inc.",high,reuse_prior_state_curated_lei+curated_lei_public_nmls,98,7938,98,medium,reuse_prior_state_curated_lei map for MS activity (98 MS originations); slug=guaranteed-rate.
SS1TRMSN6BRNMOREEV51,"Flagstar Bank, National Association",399797,flagstar-bank,"Flagstar Bank, National Association",high,reuse_prior_state_curated_lei+curated_lei_public_nmls,94,737,94,medium,reuse_prior_state_curated_lei map for MS activity (94 MS originations); slug=flagstar-bank.
549300NOCASXPA34X033,"LAKEVIEW LOAN SERVICING, LLC",4095,lakeview-loan-servicing,"Lakeview Loan Servicing, LLC",high,reuse_prior_state_curated_lei+curated_public_nmls+directory_profile,91,1488,91,medium,reuse_prior_state_curated_lei map for MS activity (91 MS originations); slug=lakeview-loan-servicing.
54930072OCHTUJOZQB56,Liberty Credit Union,518136,liberty-federal-credit-union,Liberty Federal Credit Union,high,reuse_prior_state_curated_lei+mi_in_curated+mi_in_deepen_gleif+public_nmls,90,0,90,medium,reuse_prior_state_curated_lei map for MS activity (90 MS originations); slug=liberty-federal-credit-union.
5493003V40VGM7YDFM54,FIRST COLONY MORTGAGE CORPORATION,3112,first-colony-mortgage,First Colony Mortgage Corporation,high,reuse_prior_state_curated_lei+ut_nv_curated+ut_nv_gleif+public_nmls,88,0,88,medium,reuse_prior_state_curated_lei map for MS activity (88 MS originations); slug=first-colony-mortgage.
549300JYXTZDSPJEPI44,"PLAZA HOME MORTGAGE, INC.",2113,plaza-home-mortgage,"Plaza Home Mortgage, Inc.",high,reuse_prior_state_curated_lei+ny_curated+ny_curated_gleif+public_nmls,78,0,78,medium,reuse_prior_state_curated_lei map for MS activity (78 MS originations); slug=plaza-home-mortgage.
6BYL5QZYBDK8S7L73M02,U.S. Bank National Association,402216,us-bank,U.S. Bank National Association,high,ar_ms_ok_curated+ar_ms_ok_gleif_reidentify+public_nmls,77,0,77,medium,ar_ms_ok_curated map for MS activity (77 MS originations); slug=us-bank.
549300DG3IV05V4C4E03,EUSTIS MORTGAGE CORPORATION,70345,eustis-mortgage,Eustis Mortgage Corporation,high,ar_ms_ok_curated+ar_ms_ok_gleif_reidentify+public_nmls,73,0,73,medium,ar_ms_ok_curated map for MS activity (73 MS originations); slug=eustis-mortgage.
54930054ET8KM4O1D485,"SOFI BANK, NATIONAL ASSOCIATION",1121636,sofi-bank,"SoFi Bank, National Association",high,reuse_prior_state_curated_lei+curated_lei_public_nmls,72,1042,72,medium,reuse_prior_state_curated_lei map for MS activity (72 MS originations); slug=sofi-bank.
254900HA4DQWAE0W3342,"AMERIHOME MORTGAGE COMPANY, LLC",1120271,amerihome-mortgage,"AmeriHome Mortgage Company, LLC",high,reuse_prior_state_curated_lei+ga_curated_alt_lei+company_nmls,71,0,71,medium,reuse_prior_state_curated_lei map for MS activity (71 MS originations); slug=amerihome-mortgage.
2549007JQKHU8KQ0FC19,"FIRSTTRUST HOME LOANS, INC.",75271,firsttrust-home-loans,"FirstTrust Home Loans, Inc.",high,ar_ms_ok_curated+ar_ms_ok_gleif+public_nmls,61,0,61,medium,ar_ms_ok_curated map for MS activity (61 MS originations); slug=firsttrust-home-loans.
549300XWUSRVVOHPRY47,Academy Mortgage Corporation,3113,academy-mortgage,Academy Mortgage Corporation,high,reuse_prior_state_curated_lei+curated_lei_public_nmls,59,2938,59,medium,reuse_prior_state_curated_lei map for MS activity (59 MS originations); slug=academy-mortgage.
JJKC32MCHWDI71265Z06,Truist Bank,405457,truist-bank,Truist Bank,high,reuse_prior_state_curated_lei+curated_lei_public_nmls,58,6117,58,medium,reuse_prior_state_curated_lei map for MS activity (58 MS originations); slug=truist-bank.
549300FX7K8PTEQUU487,PENTAGON FEDERAL CREDIT UNION,401822,penfed-dc-mid-city,Pentagon Federal Credit Union,high,reuse_prior_state_curated_lei+gleif_name_to_directory,52,972,52,medium,reuse_prior_state_curated_lei map for MS activity (52 MS originations); slug=penfed-dc-mid-city.
549300CDOC4F7XSRG390,Pinnacle Bank,418535,pinnacle-bank,Pinnacle Bank,high,reuse_prior_state_curated_lei+tn_curated+tn_curated_gleif+public_nmls,51,0,51,medium,reuse_prior_state_curated_lei map for MS activity (51 MS originations); slug=pinnacle-bank.
C398JSK21YCXWM603F55,"Barrington Bank & Trust Company, National Association",449042,wintrust-mortgage,Wintrust Mortgage (division of Barrington Bank & Trust),high,reuse_prior_state_curated_lei+il_oh_curated+il_oh_deepen_gleif+public_nmls,50,0,50,medium,reuse_prior_state_curated_lei map for MS activity (50 MS originations); slug=wintrust-mortgage.
549300DD4R4SYK5RAQ92,"Cardinal Financial Company, Limited Partnership",66247,cardinal-financial,"Cardinal Financial Company, Limited Partnership",high,reuse_prior_state_curated_lei+curated_lei_public_nmls,47,4122,47,medium,reuse_prior_state_curated_lei map for MS activity (47 MS originations); slug=cardinal-financial.
549300XY701IELCE5Q08,BETTER MORTGAGE CORPORATION,330511,better-mortgage,Better Mortgage Corporation,high,ar_ms_ok_curated+ar_ms_ok_gleif_reidentify+public_nmls,45,0,45,medium,ar_ms_ok_curated map for MS activity (45 MS originations); slug=better-mortgage.
254900DTLHVWQ7NP7R34,"CMG Mortgage, Inc.",2458338,cmg-home-loans-dennis-vo,CMG Home Loans (Dennis Vo Team),high,reuse_prior_state_curated_lei+curated_lei+directory_name,42,4627,42,medium,reuse_prior_state_curated_lei map for MS activity (42 MS originations); slug=cmg-home-loans-dennis-vo.
549300370QILXLFUWD20,"ZILLOW HOME LOANS, LLC",1027871,zillow-home-loans,"Zillow Home Loans, LLC",high,reuse_prior_state_curated_lei+reuse_fl_tx_ga_curated_lei+ga_curated_gleif+public_nmls,41,0,41,medium,reuse_prior_state_curated_lei map for MS activity (41 MS originations); slug=zillow-home-loans.
DRMSV1Q0EKMEXLAU1P80,"Citizens Bank, National Association",433960,citizens-bank,"Citizens Bank, National Association",high,reuse_prior_state_curated_lei+curated_lei_public_nmls,39,2297,39,medium,reuse_prior_state_curated_lei map for MS activity (39 MS originations); slug=citizens-bank.
254900ZFWS2106HWPH46,"PARAMOUNT RESIDENTIAL MORTGAGE GROUP, INC.",75243,prmg,Paramount Residential Mortgage Group (PRMG),medium,reuse_prior_state_curated_lei+gleif_name_to_directory,39,3741,39,medium,reuse_prior_state_curated_lei map for MS activity (39 MS originations); slug=prmg.
254900ZX1UPIG2E7TH11,"ASSURANCE FINANCIAL GROUP, L.L.C.",70876,assurance-financial,"Assurance Financial Group, L.L.C.",high,reuse_prior_state_curated_lei+al_la_curated+al_la_gleif+public_nmls,37,0,37,medium,reuse_prior_state_curated_lei map for MS activity (37 MS originations); slug=assurance-financial.
5493001WHVQBGRSWEU75,"HOMEBRIDGE FINANCIAL SERVICES, INC.",6521,homebridge-financial,"Homebridge Financial Services, Inc.",high,reuse_prior_state_curated_lei+curated_public_nmls+directory_profile,37,2433,37,medium,reuse_prior_state_curated_lei map for MS activity (37 MS originations); slug=homebridge-financial.
549300ALNLUNS3Y53T24,AMERICAN FINANCING CORPORATION,182334,american-financing,American Financing Corporation,high,reuse_prior_state_curated_lei+co_curated+co_curated_gleif+public_nmls,36,0,36,medium,reuse_prior_state_curated_lei map for MS activity (36 MS originations); slug=american-financing.
5493005JPZ3LXXMB0S24,"Carrington Mortgage Services, LLC",2250,carrington-mortgage,"Carrington Mortgage Services, LLC",high,reuse_prior_state_curated_lei+curated_lei_public_nmls,34,2916,34,medium,reuse_prior_state_curated_lei map for MS activity (34 MS originations); slug=carrington-mortgage.
5493008NWHQT1R22C024,"AMERICAN FINANCIAL NETWORK, INC.",237341,american-financial-network,"American Financial Network, Inc.",high,reuse_prior_state_curated_lei+ca_curated+ca_curated_gleif+public_nmls,34,0,34,medium,reuse_prior_state_curated_lei map for MS activity (34 MS originations); slug=american-financial-network.
549300DE8TS4EYTPX729,"AFFORDABLE MORTGAGE ADVISORS, LLC",139164,hma-mortgage,"Affordable Mortgage Advisors, LLC dba HMA Mortgage",high,reuse_prior_state_curated_lei+pa_curated+gleif+hma_mortgage_nmls,29,0,29,medium,reuse_prior_state_curated_lei map for MS activity (29 MS originations); slug=hma-mortgage.
5493001GDRY0EL7VG372,"ARK-LA-TEX FINANCIAL SERVICES, LLC.",2143,benchmark-mortgage,"Ark-La-Tex Financial Services, LLC dba Benchmark Mortgage",high,reuse_prior_state_curated_lei+reuse_prior_state_curated_lei+co_curated+co_deepen_gleif+public_nmls,25,0,25,medium,reuse_prior_state_curated_lei map for MS activity (25 MS originations); slug=benchmark-mortgage.
549300SK2GVCQXPD4S58,"SUN WEST MORTGAGE COMPANY, INC.",3277,sun-west-mortgage,"Sun West Mortgage Company, Inc.",high,reuse_prior_state_curated_lei+ca_curated+ca_curated_gleif+public_nmls,23,0,23,medium,reuse_prior_state_curated_lei map for MS activity (23 MS originations); slug=sun-west-mortgage.
AD6GFRVSDT01YPT1CS68,"PNC Bank, National Association",446038,pnc-bank,"PNC Bank, National Association",high,reuse_prior_state_curated_lei+curated_lei_public_nmls,22,3475,22,medium,reuse_prior_state_curated_lei map for MS activity (22 MS originations); slug=pnc-bank.
549300O6Z0I6KYMESL47,AMWEST FUNDING CORP.,167441,amwest-funding,AmWest Funding Corp.,high,reuse_prior_state_curated_lei+ca_curated+ca_curated_gleif+public_nmls,20,0,20,medium,reuse_prior_state_curated_lei map for MS activity (20 MS originations); slug=amwest-funding.
549300KIOYNU323LVJ37,AMERICAN PACIFIC MORTGAGE CORPORATION,1850,american-pacific-mortgage-inland-empire,American Pacific Mortgage (Inland Empire),medium,reuse_prior_state_curated_lei+gleif_name_to_directory,19,1750,19,medium,reuse_prior_state_curated_lei map for MS activity (19 MS originations); slug=american-pacific-mortgage-inland-empire.
WWB2V0FCW3A0EE3ZJN75,Manufacturers and Traders Trust Company,381076,mt-bank,Manufacturers and Traders Trust Company (M&T Bank),high,reuse_prior_state_curated_lei+reuse_prior_state_curated_lei+reuse_fl_tx_ga_ca_nc_sc_nj_ny_curated_lei+reuse_fl_tx_ga_ca_nc_sc_nj_curated_lei+nj_curated+nj_curated_gleif+public_nmls,18,0,18,medium,reuse_prior_state_curated_lei map for MS activity (18 MS originations); slug=mt-bank.
549300DPRWSBUY619V27,Simmons Bank,484633,simmons-bank,Simmons Bank,high,ar_ms_ok_curated+ar_ms_ok_gleif+public_nmls,18,0,18,medium,ar_ms_ok_curated map for MS activity (18 MS originations); slug=simmons-bank.
549300RN01LBYR8ZVX74,"LOWER, LLC",1124061,lower,"Lower, LLC",high,reuse_prior_state_curated_lei+reuse_prior_state_curated_lei+reuse_prior_state_curated_lei+sc_curated+sc_curated_gleif+public_nmls,17,0,17,medium,reuse_prior_state_curated_lei map for MS activity (17 MS originations); slug=lower.
549300LXKO1O7CSK5J52,"FLAT BRANCH MORTGAGE, INC.",224149,flat-branch-mortgage,"Flat Branch Mortgage, Inc.",high,ar_ms_ok_curated+ar_ms_ok_gleif_reidentify+public_nmls,16,0,16,medium,ar_ms_ok_curated map for MS activity (16 MS originations); slug=flat-branch-mortgage.
54930039UO39UJGI7078,TowneBank,512138,townebank,TowneBank / TowneBank Mortgage,high,reuse_prior_state_curated_lei+reuse_prior_state_curated_lei+va_md_curated+va_md_curated_gleif+public_nmls,14,0,14,medium,reuse_prior_state_curated_lei map for MS activity (14 MS originations); slug=townebank.
QFROUN1UWUYU0DVIWD51,"Eagle Home Mortgage, LLC",2925,eagle-home-mortgage,"Eagle Home Mortgage, LLC",high,reuse_prior_state_curated_lei+reuse_prior_state_curated_lei+reuse_prior_state_curated_lei+curated_lei_public_nmls,14,3553,14,medium,reuse_prior_state_curated_lei map for MS activity (14 MS originations); slug=eagle-home-mortgage.
5493002QRULT2T40BH09,COMMUNITYAMERICA FEDERAL CREDIT UNION,,communityamerica-federal-credit-union,CommunityAmerica Federal Credit Union,high,reuse_prior_state_curated_lei+mo_ky_curated+mo_ky_gleif+lei_identity,13,0,13,medium,reuse_prior_state_curated_lei map for MS activity (13 MS originations); slug=communityamerica-federal-credit-union.
54930001NSTOD85LT125,"GUARANTEED RATE AFFINITY, LLC",1598647,guaranteed-rate-affinity,"Guaranteed Rate Affinity, LLC",high,reuse_prior_state_curated_lei+reuse_fl_tx_ga_ca_nc_sc_nj_ny_curated_lei+reuse_fl_tx_ga_ca_nc_sc_curated_lei+sc_curated+sc_curated_gleif+public_nmls,11,0,11,medium,reuse_prior_state_curated_lei map for MS activity (11 MS originations); slug=guaranteed-rate-affinity.
E57ODZWZ7FF32TWEFA76,"Citibank, National Association",412915,citibank,"Citibank, National Association",high,reuse_prior_state_curated_lei+reuse_prior_state_curated_lei+nj_curated+nj_curated_gleif+public_nmls,11,0,11,medium,reuse_prior_state_curated_lei map for MS activity (11 MS originations); slug=citibank.
213800QUAI2VH5YM6310,"EMBRACE HOME LOANS, INC.",2184,embrace-home-loans,"Embrace Home Loans, Inc.",high,reuse_prior_state_curated_lei+reuse_prior_state_curated_lei+reuse_prior_state_curated_lei+nj_curated+nj_curated_gleif+public_nmls,8,0,8,medium,reuse_prior_state_curated_lei map for MS activity (8 MS originations); slug=embrace-home-loans.
549300VQUTI5IU7GXT57,SECURITYNATIONAL MORTGAGE COMPANY,3116,securitynational-mortgage,SecurityNational Mortgage Company,high,reuse_prior_state_curated_lei+ut_nv_curated+ut_nv_gleif+public_nmls,8,0,8,medium,reuse_prior_state_curated_lei map for MS activity (8 MS originations); slug=securitynational-mortgage.
549300MCIFZSDHUT8X63,"NFM, INC.",2893,nfm-lending,"NFM, Inc. (dba NFM Lending)",high,reuse_prior_state_curated_lei+reuse_prior_state_curated_lei+reuse_prior_state_curated_lei+reuse_prior_state_curated_lei+reuse_prior_state_curated_lei+nj_curated+nj_curated_gleif+public_nmls,7,0,7,medium,reuse_prior_state_curated_lei map for MS activity (7 MS originations); slug=nfm-lending.
2WHM8VNJH63UN14OL754,The Huntington National Bank,402436,cadence-bank,The Huntington National Bank,high,reuse_prior_state_curated_lei+reuse_prior_state_curated_lei+reuse_prior_state_curated_lei+pa_curated+gleif+huntington_nmls,7,0,7,medium,reuse_prior_state_curated_lei map for MS activity (7 MS originations); slug=cadence-bank.
DX0JX77PRMOELF7VG772,Synovus Bank,480004,synovus-bank,Synovus Bank,high,reuse_prior_state_curated_lei+ga_curated_gleif+public_nmls,6,0,6,medium,reuse_prior_state_curated_lei map for MS activity (6 MS originations); slug=synovus-bank.
549300XSS1CPK8G7B851,ServisFirst Bank,556357,servisfirst-bank,ServisFirst Bank,high,reuse_prior_state_curated_lei+al_la_curated+al_la_gleif+public_nmls,6,0,6,medium,reuse_prior_state_curated_lei map for MS activity (6 MS originations); slug=servisfirst-bank.
549300YD7XJM19TH5O82,CITIZENS EQUITY FIRST CREDIT UNION,407798,cefcu,Citizens Equity First Credit Union (CEFCU),high,reuse_prior_state_curated_lei+il_oh_curated+il_oh_curated_gleif+public_nmls,6,0,6,medium,reuse_prior_state_curated_lei map for MS activity (6 MS originations); slug=cefcu.
3Y4U8VZURTYWI1W2K376,BMO Bank National Association,401052,bmo-bank,BMO Bank National Association,high,reuse_prior_state_curated_lei+il_oh_curated+il_oh_deepen_gleif+public_nmls,6,0,6,medium,reuse_prior_state_curated_lei map for MS activity (6 MS originations); slug=bmo-bank.
549300BWFA5UY7H4WJ62,C & F Mortgage Corporation,147312,cf-mortgage,C&F Mortgage Corporation,high,reuse_prior_state_curated_lei+va_md_curated+va_md_deepen_gleif+public_nmls,6,0,6,medium,reuse_prior_state_curated_lei map for MS activity (6 MS originations); slug=cf-mortgage.
549300EMNDEK4BA8WB53,EMM LOANS LLC,2926,emm-loans,EMM Loans LLC,high,reuse_prior_state_curated_lei+reuse_prior_state_curated_lei+pa_curated+gleif+emm_loans_nmls,5,0,5,medium,reuse_prior_state_curated_lei map for MS activity (5 MS originations); slug=emm-loans.
549300WYBPIWKK6SQC06,Bell Bank,,bell-bank,Bell Bank,high,reuse_prior_state_curated_lei+wi_mn_curated+wi_mn_deepen_gleif+lei_identity,5,0,5,medium,reuse_prior_state_curated_lei map for MS activity (5 MS originations); slug=bell-bank.
54930052M48FOD3CWA54,"PRIMARY RESIDENTIAL MORTGAGE, INC.",3094,primary-residential-mortgage,"Primary Residential Mortgage, Inc.",high,reuse_prior_state_curated_lei+reuse_prior_state_curated_lei+reuse_prior_state_curated_lei+ne_curated+ne_curated_gleif+public_nmls,4,0,4,medium,reuse_prior_state_curated_lei map for MS activity (4 MS originations); slug=primary-residential-mortgage.
549300F8C5JA44WNMI75,AMERICAN NEIGHBORHOOD MORTGAGE ACCEPTANCE COMPANY LLC,338923,anniemac-home-mortgage,American Neighborhood Mortgage Acceptance Company LLC (dba AnnieMac),high,reuse_prior_state_curated_lei+reuse_prior_state_curated_lei+reuse_prior_state_curated_lei+nj_curated+nj_curated_gleif+public_nmls,4,0,4,medium,reuse_prior_state_curated_lei map for MS activity (4 MS originations); slug=anniemac-home-mortgage.
549300QIUZLVR1OLDH55,Genisys Credit Union,409008,genisys-credit-union,Genisys Credit Union,high,reuse_prior_state_curated_lei+mi_in_curated+mi_in_curated_gleif+public_nmls,4,0,4,medium,reuse_prior_state_curated_lei map for MS activity (4 MS originations); slug=genisys-credit-union.
337KMNHEWWWR6B7Q7W10,MidFirst Bank,619047,midfirst-bank,MidFirst Bank,high,ar_ms_ok_curated+ar_ms_ok_gleif+public_nmls,4,0,4,medium,ar_ms_ok_curated map for MS activity (4 MS originations); slug=midfirst-bank.
549300DMHEHNYZ2OLB41,First United Bank and Trust Company,,first-united-bank-and-trust,First United Bank and Trust Company,high,ar_ms_ok_curated+ar_ms_ok_gleif+lei_identity,4,0,4,medium,ar_ms_ok_curated map for MS activity (4 MS originations); slug=first-united-bank-and-trust.
5493006HAFES1LQ18W28,River Bank & Trust,405629,river-bank-and-trust,River Bank & Trust,high,reuse_prior_state_curated_lei+al_la_curated+al_la_gleif+public_nmls,3,0,3,medium,reuse_prior_state_curated_lei map for MS activity (3 MS originations); slug=river-bank-and-trust.
8I3UVGYULPJQIP7FQV10,"SouthState Bank, National Association",405461,southstate-bank,"SouthState Bank, National Association",high,reuse_prior_state_curated_lei+curated_lei_public_nmls,3,2616,3,medium,reuse_prior_state_curated_lei map for MS activity (3 MS originations); slug=southstate-bank.
5493005PKOSG7MYX0B34,"Prosperity Home Mortgage, LLC",75164,prosperity-home-mortgage,"Prosperity Home Mortgage, LLC",high,reuse_prior_state_curated_lei+reuse_fl_tx_ga_ca_nc_sc_nj_ny_curated_lei+nj_curated+nj_curated_gleif+public_nmls,3,0,3,medium,reuse_prior_state_curated_lei map for MS activity (3 MS originations); slug=prosperity-home-mortgage.
IUGPUX5LWRZ3B6KIZ697,Ameris Bank,405455,ameris-bank,Ameris Bank,high,reuse_prior_state_curated_lei+curated_lei_public_nmls,3,1846,3,medium,reuse_prior_state_curated_lei map for MS activity (3 MS originations); slug=ameris-bank.
549300AT7EB9FJAF0E61,Old National Bank,459308,old-national-bank,Old National Bank,high,reuse_prior_state_curated_lei+reuse_prior_state_curated_lei+reuse_prior_state_curated_lei+il_oh_curated+il_oh_curated_gleif+public_nmls,3,0,3,medium,reuse_prior_state_curated_lei map for MS activity (3 MS originations); slug=old-national-bank.
COINQMNIM6RBU631DD85,Arvest Bank,,arvest-bank,Arvest Bank,high,ar_ms_ok_curated+ar_ms_ok_gleif_reidentify+directory_slug,3,0,3,medium,ar_ms_ok_curated map for MS activity (3 MS originations); slug=arvest-bank.
54930034MNPILHP25H80,Gateway First Bank,7233,gateway-mortgage-myrtle-beach,Gateway First Bank,high,ar_ms_ok_curated+ar_ms_ok_gleif_reidentify+public_nmls,3,0,3,medium,ar_ms_ok_curated map for MS activity (3 MS originations); slug=gateway-mortgage-myrtle-beach.
54930095UWUUXAWASB02,"Atlantic Coast Mortgage, LLC",643114,atlantic-coast-mortgage,"Atlantic Coast Mortgage, LLC",high,reuse_prior_state_curated_lei+reuse_prior_state_curated_lei+va_md_curated+va_md_curated_gleif+public_nmls,3,0,3,medium,reuse_prior_state_curated_lei map for MS activity (3 MS originations); slug=atlantic-coast-mortgage.
FU7RSW4CQQY98A2O7J66,"BOKF, National Association",403501,bok-financial,"BOKF, National Association",high,ar_ms_ok_curated+ar_ms_ok_gleif_reidentify+public_nmls,3,0,3,medium,ar_ms_ok_curated map for MS activity (3 MS originations); slug=bok-financial.
549300HVW3AI97UKTO72,Wings Financial Credit Union,,wings-financial-credit-union,Wings Financial Credit Union,high,reuse_prior_state_curated_lei+wi_mn_curated+wi_mn_deepen_gleif+lei_identity,3,0,3,medium,reuse_prior_state_curated_lei map for MS activity (3 MS originations); slug=wings-financial-credit-union.
549300U18MOAH5F95P15,EFCU FINANCIAL,409483,efcu-financial,EFCU Financial Federal Credit Union,high,reuse_prior_state_curated_lei+al_la_curated+al_la_gleif+public_nmls,3,0,3,medium,reuse_prior_state_curated_lei map for MS activity (3 MS originations); slug=efcu-financial.
549300LLKEKXL2RM1F61,CONTOUR MORTGAGE CORPORATION,34384,contour-mortgage,Contour Mortgage Corporation,high,reuse_prior_state_curated_lei+ny_curated+ny_curated_gleif+public_nmls,2,0,2,medium,reuse_prior_state_curated_lei map for MS activity (2 MS originations); slug=contour-mortgage.
549300I0ICF6REKHOC74,"DIRECT MORTGAGE LOANS, LLC",832799,direct-mortgage-loans,"Direct Mortgage Loans, LLC",high,reuse_prior_state_curated_lei+va_md_curated+va_md_deepen_gleif+public_nmls,2,0,2,medium,reuse_prior_state_curated_lei map for MS activity (2 MS originations); slug=direct-mortgage-loans.
5493005DKMV1IHIM8E20,"Wilmington Savings Fund Society, FSB",417673,wsfs-bank,"Wilmington Savings Fund Society, FSB",high,reuse_prior_state_curated_lei+pa_curated+gleif+wsfs_nmls,2,0,2,medium,reuse_prior_state_curated_lei map for MS activity (2 MS originations); slug=wsfs-bank.
549300W4FT4H1UWPGU95,GREENSTATE Credit Union,,greenstate-credit-union,GreenState Credit Union,high,reuse_prior_state_curated_lei+ia_ks_ne_curated+ia_ks_ne_gleif+lei_identity,2,0,2,medium,reuse_prior_state_curated_lei map for MS activity (2 MS originations); slug=greenstate-credit-union.
54930080168VA6Z8UX21,TOWER Federal Credit Union,586147,tower-federal-credit-union,Tower Federal Credit Union,high,reuse_prior_state_curated_lei+reuse_prior_state_curated_lei+va_md_curated+va_md_curated_gleif+public_nmls,2,0,2,medium,reuse_prior_state_curated_lei map for MS activity (2 MS originations); slug=tower-federal-credit-union.
635400IW1QMK3FNFF894,MERIDIAN BANK,462854,meridian-bank,Meridian Bank,high,reuse_prior_state_curated_lei+de_dc_curated+de_dc_curated_gleif+public_nmls,2,0,2,medium,reuse_prior_state_curated_lei map for MS activity (2 MS originations); slug=meridian-bank.
549300BEFX6JRSCS5N78,Centennial Bank,466091,centennial-bank,Centennial Bank,high,ar_ms_ok_curated+ar_ms_ok_gleif+public_nmls,2,0,2,medium,ar_ms_ok_curated map for MS activity (2 MS originations); slug=centennial-bank.
549300G6RZM5T8NQJW74,REDSTONE FEDERAL CREDIT UNION,403363,redstone-federal-credit-union,Redstone Federal Credit Union,high,reuse_prior_state_curated_lei+al_la_curated+al_la_gleif+public_nmls,1,0,1,medium,reuse_prior_state_curated_lei map for MS activity (1 MS originations); slug=redstone-federal-credit-union.
549300B8JSCK4ZNVX087,MAX Credit Union,410580,max-credit-union,MAX Credit Union,high,reuse_prior_state_curated_lei+al_la_curated+al_la_gleif+public_nmls,1,0,1,medium,reuse_prior_state_curated_lei map for MS activity (1 MS originations); slug=max-credit-union.
KI0VI4JRMCIJ329YTN75,Valley National Bank,411254,valley-national-bank,Valley National Bank,high,reuse_prior_state_curated_lei+nj_curated+nj_curated_gleif+public_nmls,1,0,1,medium,reuse_prior_state_curated_lei map for MS activity (1 MS originations); slug=valley-national-bank.
549300ZZME37MXI1EF14,"DAS ACQUISITION COMPANY, LLC",,das-acquisition-company,"DAS Acquisition Company, LLC",high,reuse_prior_state_curated_lei+mo_ky_curated+mo_ky_gleif+lei_identity,1,0,1,medium,reuse_prior_state_curated_lei map for MS activity (1 MS originations); slug=das-acquisition-company.
5493007669OVCSCATP45,TENNESSEE VALLEY FCU,460298,tennessee-valley-federal-credit-union,Tennessee Valley Federal Credit Union,high,reuse_prior_state_curated_lei+tn_curated+tn_curated_gleif+public_nmls,1,0,1,medium,reuse_prior_state_curated_lei map for MS activity (1 MS originations); slug=tennessee-valley-federal-credit-union.
549300FK3AFCFVAPH234,"Leader Bank, National Association",449250,leader-bank,"Leader Bank, National Association",high,reuse_prior_state_curated_lei+ma_curated+ma_curated_gleif+public_nmls,1,0,1,medium,reuse_prior_state_curated_lei map for MS activity (1 MS originations); slug=leader-bank.
254900PVWALA7JTBXA31,WILSON BANK AND TRUST,767482,wilson-bank-and-trust,Wilson Bank and Trust,high,reuse_prior_state_curated_lei+tn_curated+tn_curated_gleif+public_nmls,1,0,1,medium,reuse_prior_state_curated_lei map for MS activity (1 MS originations); slug=wilson-bank-and-trust.
549300E1PJPTI4YS7H26,ASCEND FEDERAL CREDIT UNION,451452,ascend-federal-credit-union,Ascend Federal Credit Union,high,reuse_prior_state_curated_lei+tn_curated+tn_curated_gleif+public_nmls,1,0,1,medium,reuse_prior_state_curated_lei map for MS activity (1 MS originations); slug=ascend-federal-credit-union.
549300TOOOOW36EX6R40,SUNCOAST CREDIT UNION,417636,suncoast-credit-union,Suncoast Credit Union,high,reuse_prior_state_curated_lei+curated_public_nmls+directory_profile,1,8364,1,medium,reuse_prior_state_curated_lei map for MS activity (1 MS originations); slug=suncoast-credit-union.
549300PP6R8WIOP60124,Southern First Bank,754127,southern-first-bank,Southern First Bank,high,reuse_prior_state_curated_lei+sc_curated+sc_curated_gleif+public_nmls,1,0,1,medium,reuse_prior_state_curated_lei map for MS activity (1 MS originations); slug=southern-first-bank.
549300ZTT08EKQRVTR15,Atlantic Union Bank,551889,atlantic-union-bank,Atlantic Union Bank,high,reuse_prior_state_curated_lei+reuse_prior_state_curated_lei+va_md_curated+va_md_curated_gleif+public_nmls,1,0,1,medium,reuse_prior_state_curated_lei map for MS activity (1 MS originations); slug=atlantic-union-bank.
X6T32LKEPUT8LQMW6755,Republic Bank & Trust Company,,republic-bank-trust-kentucky,Republic Bank & Trust Company,high,reuse_prior_state_curated_lei+mo_ky_curated+mo_ky_gleif+lei_identity,1,0,1,medium,reuse_prior_state_curated_lei map for MS activity (1 MS originations); slug=republic-bank-trust-kentucky.
549300HFBEONQN2CK447,Union Savings Bank,446047,union-savings-bank,Union Savings Bank,high,reuse_prior_state_curated_lei+il_oh_curated+il_oh_curated_gleif+public_nmls,1,0,1,medium,reuse_prior_state_curated_lei map for MS activity (1 MS originations); slug=union-savings-bank.
QGPGHQ1ENZOOLJRFTH41,"WesBanco Bank, Inc.",399836,wesbanco-bank,"WesBanco Bank, Inc.",high,reuse_prior_state_curated_lei+il_oh_curated+il_oh_deepen_gleif+public_nmls,1,0,1,medium,reuse_prior_state_curated_lei map for MS activity (1 MS originations); slug=wesbanco-bank.
549300Q02LGIN9AXKP98,FIRST TECHNOLOGY FEDERAL CREDIT UNION,,first-tech-federal-credit-union,First Technology Federal Credit Union,high,reuse_prior_state_curated_lei+or_wa_curated+or_wa_gleif+lei_identity,1,0,1,medium,reuse_prior_state_curated_lei map for MS activity (1 MS originations); slug=first-tech-federal-credit-union.
254900ARL5FDX2OOH702,"SUPERIOR CREDIT UNION, INC.",746357,superior-credit-union-ohio,"Superior Credit Union, Inc.",high,reuse_prior_state_curated_lei+il_oh_curated+il_oh_deepen_gleif+public_nmls,1,0,1,medium,reuse_prior_state_curated_lei map for MS activity (1 MS originations); slug=superior-credit-union-ohio.
549300UXTDELQS5SLF91,DUPACO COMMUNITY,,dupaco-community-credit-union,Dupaco Community Credit Union,high,reuse_prior_state_curated_lei+ia_ks_ne_curated+ia_ks_ne_gleif+lei_identity,1,0,1,medium,reuse_prior_state_curated_lei map for MS activity (1 MS originations); slug=dupaco-community-credit-union.
549300L9MOPDT0NKE883,"Fidelity Bank, National Association",,fidelity-bank-kansas,"Fidelity Bank, National Association",high,reuse_prior_state_curated_lei+ia_ks_ne_curated+ia_ks_ne_gleif+lei_identity,1,0,1,medium,reuse_prior_state_curated_lei map for MS activity (1 MS originations); slug=fidelity-bank-kansas.
549300W1HU6IVVIEJ389,"RANLIFE, INC.",3151,ranlife,"RanLife, Inc.",high,reuse_prior_state_curated_lei+ut_nv_curated+ut_nv_gleif+public_nmls,1,0,1,medium,reuse_prior_state_curated_lei map for MS activity (1 MS originations); slug=ranlife.
