lei,institution_name,nmls_id,our_lender_slug,match_status,total_applications,total_originations,ri_originations,states_with_originations,priority_match,rhode_island_originations
DRMSV1Q0EKMEXLAU1P80,,,,unmatched,119620,68902,3762,NY:11000;PA:10441;MA:10235;NJ:7208;OH:4732;RI:3762;MI:3697;NH:3194;CT:3030;FL:2297,high,3762
549300YIBRM1ZYA6GT07,,,,unmatched,3216,2076,1833,RI:1833;MA:150;CT:57;FL:18;NH:9;ME:3;SC:2;NY:1;NC:1;NJ:1,medium,1833
549300UK3Z5PC7V71K69,,,,unmatched,2281,1572,1317,RI:1317;MA:238;CT:6;FL:4;SC:2;ME:2;NH:2;NC:1,medium,1317
549300HKYBSATM44Q425,,,,unmatched,2241,1290,1040,RI:1040;MA:158;CT:83;NH:5;ME:4,medium,1040
54930052M48FOD3CWA54,,,,unmatched,13770,9570,690,MD:1466;NM:1071;RI:690;FL:582;NC:479;TX:475;CO:384;CA:363;UT:355;TN:283,high,690
549300RYJCJ7JPQ4RF20,,,,unmatched,1112,710,656,RI:656;MA:44;CT:9;NC:1,medium,656
549300SYR11CYON0JE74,,,,unmatched,1455,1119,429,MA:597;RI:429;CT:51;NH:17;FL:13;SC:4;VA:2;NJ:2;NC:2;MD:1,high,429
549300Q4BYXP7YD9UI61,,,,unmatched,757,576,409,RI:409;CT:116;MA:51,medium,409
549300BUIG4G67S5O712,,,,unmatched,821,466,346,RI:346;CT:50;ME:32;NH:31;MA:7,low,346
549300F8C5JA44WNMI75,,,,unmatched,18919,12172,334,VA:2520;NJ:1899;FL:856;NY:768;CT:755;MA:739;OH:544;IN:489;PA:397;RI:334,high,334
549300JD1162QW84ZO34,,,,unmatched,818,581,315,RI:315;NY:53;MI:41;AZ:40;MA:24;PA:20;WA:14;CT:13;NJ:12;OH:9,medium,315
5493001B4TX233UP4J06,,,,unmatched,590,306,285,RI:285;MA:20;CT:1,low,285
5493008XQDQ2YZPQKX53,,,,unmatched,630,494,284,RI:284;CT:127;MA:63;NH:17;FL:3,medium,284
549300Q61S3IBOJITT02,,,,unmatched,1510,1079,261,MA:801;RI:261;CT:8;NH:4;FL:4;ME:1,high,261
549300KT5OWPGQKWUN86,,,,unmatched,523,415,212,RI:212;MA:99;CT:29;PA:22;TX:16;NJ:14;FL:10;NH:6;CA:1;NY:1,medium,212
549300LLQD0X2OTG0Y27,,,,unmatched,1196,581,205,RI:205;MA:77;NH:31;DE:20;LA:17;OH:16;NC:16;TX:15;SC:15;FL:14,medium,205
562V2SM4I80MJO5HYB83,,,,unmatched,312,186,165,RI:165;MA:17;CT:2;VT:1;FL:1,low,165
549300OTLWFQPOOSC346,,,,unmatched,936,717,164,MA:496;RI:164;CT:14;NH:6;NY:5;NJ:5;AZ:5;ID:4;FL:4;PA:3,high,164
549300DAUXQ2DCY4H838,,,,unmatched,1928,1386,159,MA:674;NH:317;RI:159;ME:90;NJ:68;FL:37;CT:15;VT:10;NC:8;PA:5,high,159
549300VJQJVZKJBDWS17,,,,unmatched,9038,6553,148,CT:3299;MA:1361;NH:320;ME:313;FL:201;NY:185;RI:148;MD:119;PA:117;NJ:112,high,148
254900OVHD0ZZK65EQ86,,,,unmatched,346,213,147,RI:147;NY:36;MA:19;NJ:7;DE:2;CT:2,medium,147
549300GE8KIGZVQV1223,,,,unmatched,1969,1593,137,MA:431;FL:363;MD:162;CT:157;RI:137;SC:113;NH:93;PA:61;NC:23;DE:14,high,137
549300TR6MWKSIOP3B72,,,,unmatched,1280,797,127,MA:528;RI:127;NY:73;CT:40;VT:14;NH:11;FL:2;NJ:1;GA:1,high,127
549300FK3AFCFVAPH234,,,,unmatched,7697,6274,124,MA:4926;NH:248;CT:177;RI:124;FL:114;ME:60;CA:58;TX:53;NC:51;NJ:37,high,124
WV0OVGBTLUP1XIUJE722,,,,unmatched,5566,3106,105,CT:1541;MA:616;NY:564;NJ:215;RI:105;PA:21;FL:14;NH:11;ME:9;CA:3,high,105
549300L0OVX5O63S8C68,,,,unmatched,1050,678,85,MA:464;CT:110;RI:85;NH:19,medium,85
549300ENXD6MBH06E085,,,,unmatched,651,493,84,MA:409;RI:84,medium,84
549300E0KRXI8PZWAO17,,,,unmatched,767,312,69,MA:227;RI:69;NH:14;ME:1;CT:1,medium,69
549300GPO6DWUZR4UY30,,,,unmatched,6727,5283,57,MD:3559;VA:448;NC:347;DC:280;MA:155;SC:127;PA:119;DE:74;FL:59;RI:57,high,57
549300N38Q5YKSSV1106,,,,unmatched,2035,1618,55,MA:1399;CT:99;RI:55;NH:40;ME:10;FL:10;VT:5,high,55
TKT6FH38184ZYBTPKS77,,,,unmatched,6320,3419,53,MA:3239;NH:86;RI:53;ME:22;FL:19,high,53
549300LR1ZETOWYE9Z89,,,,unmatched,1309,829,49,MA:530;CT:109;NY:84;RI:49;VT:24;NH:14;FL:9;ME:5;NJ:4;SC:1,high,49
549300OITV2T766YLP15,,,,unmatched,126,87,49,RI:49;NH:21;MA:8;ME:5;CT:4,low,49
X8V2II80XTQHRH7NCB19,,,,unmatched,6794,3969,47,MA:3620;NH:294;RI:47;CT:7;ME:1,high,47
549300GCEUZLVML1J263,,,,unmatched,2393,1885,42,MA:908;PA:474;MD:101;NC:74;NH:71;GA:66;FL:48;RI:42;TX:26;ME:23,high,42
PINLJ7T7GLTF48NFP863,,,,unmatched,1520,1173,42,MA:293;AL:200;LA:94;DE:84;CO:73;AR:64;RI:42;NY:40;NM:40;ME:36,medium,42
549300JI0UWY4QIWDV89,,,,unmatched,2399,1972,39,SC:469;MA:445;ME:343;NH:248;FL:233;CT:136;RI:39;MD:22;NC:15;GA:11,high,39
549300VWMFYNEEG33W94,,,,unmatched,323,227,34,MA:193;RI:34,medium,34
549300686RMBOL8Y1T93,,,,unmatched,218,159,33,MA:124;RI:33;CT:2,medium,33
549300TB3TMP4RV5T078,,,,unmatched,1534,1198,29,MA:652;TX:189;NH:79;OK:59;FL:45;SC:33;RI:29;DE:28;PA:24;NJ:15,high,29
549300XPRW4X0ADUZ549,,,,unmatched,37,29,29,RI:29,low,29
254900G03BZB89LOWZ28,,,,unmatched,580,353,26,MA:327;RI:26,medium,26
254900XIGAR8HM0KJZ26,,,,unmatched,213,128,26,MA:102;RI:26,medium,26
254900HJA1Y85EJCGB90,,,,unmatched,1054,762,23,CT:739;RI:23,medium,23
549300KWXO8FUM7L0E14,,,,unmatched,3885,3060,18,CT:2765;MA:269;RI:18;NH:6;FL:1;PA:1,medium,18
549300T04FOW0XMN1L26,,,,unmatched,22,22,18,RI:18;MA:4,low,18
549300H8H31LPYGJEW50,,,,unmatched,1728,1342,17,MA:1194;NH:105;ME:20;RI:17;FL:6,high,17
5493003B2LEGQHDWRN55,,,,unmatched,1477,885,14,MA:652;NH:72;VA:35;CT:17;RI:14;ME:12;MD:10;NJ:9;CA:9;FL:8,high,14
549300SIZ5KBISEZE503,,,,unmatched,694,470,13,MA:441;RI:13;CT:8;NH:4;ME:4,medium,13
549300DASRDHPPEK5V15,,,,unmatched,180,119,13,MA:106;RI:13,medium,13
5493000GQWJTTR0TEH83,,,,unmatched,611,423,12,CT:409;RI:12;VT:1;MA:1,low,12
5493000FSTFO9AWR2J40,,,,unmatched,1266,777,11,MA:761;RI:11;NH:5,high,11
549300GBZNWRGLS7CP89,,,,unmatched,352,253,11,MA:242;RI:11,medium,11
549300HRKD2IJSOPRA57,,,,unmatched,293,255,11,MA:184;CT:37;RI:11;FL:8;NH:7;ME:5;SC:2;NY:1,medium,11
549300LI67PLCC1Z3P80,,,,unmatched,512,330,10,MA:296;CT:14;RI:10;NH:8;VT:1;FL:1,medium,10
254900QY5ST0J7P6M123,,,,unmatched,333,209,10,CT:192;RI:10;FL:4;MA:2;NH:1,low,10
254900QRD0ZXHH08TX87,,,,unmatched,4054,2443,9,TX:2019;FL:138;SC:102;LA:47;CO:32;UT:27;OK:15;MA:15;RI:9;PA:5,high,9
549300XTSMAC5DOX6447,,,,unmatched,494,382,9,MA:357;RI:9;NH:7;CT:5;ME:3;VT:1,medium,9
5493005DJAOTPGS83Z81,,,,unmatched,998,679,8,MA:640;CT:22;RI:8;FL:3;ME:3;NH:2;SC:1,high,8
5493008Q2ZM3OTLTQH25,,,,unmatched,736,445,8,MA:425;NH:12;RI:8,medium,8
549300E2EE7WCBVR5I65,,,,unmatched,512,360,8,MA:352;RI:8,medium,8
549300J8Y8IPQFMMIT88,,,,unmatched,369,253,8,MA:231;RI:8;NH:7;IL:2;NC:1;ME:1;IN:1;MI:1;FL:1,medium,8
5493008PQSMR41Y70C36,,,,unmatched,502,319,8,MA:104;FL:66;MO:38;NH:28;CT:13;VT:12;CO:11;PA:9;RI:8;AZ:6,medium,8
5493005NN76XZ2NOFH19,,,,unmatched,731,533,7,MA:519;CT:7;RI:7,high,7
549300BOX0L2YKKXKO38,,,,unmatched,110,85,7,MA:77;RI:7;NH:1,medium,7
549300IYKILIU506KA05,,,,unmatched,1150,811,6,MA:571;CT:229;RI:6;ME:2;NH:1;NJ:1;PA:1,high,6
549300SZBQMYMAL3OM08,,,,unmatched,245,187,6,MA:169;NH:7;RI:6;CT:2;ME:2;FL:1,medium,6
5493005HTCBH4TWCVM82,,,,unmatched,801,523,6,CT:332;MA:152;NH:14;ME:12;RI:6;FL:5;MD:1;VT:1,medium,6
5493002AZUZUDBY8ZU75,,,,unmatched,158,101,6,MA:95;RI:6,medium,6
549300M2W1M6WRAK9S59,,,,unmatched,116,78,6,MA:71;RI:6;NH:1,medium,6
549300UG1DH7RQL41718,,,,unmatched,120,81,6,CT:59;RI:6;CA:3;MA:3;FL:2;NJ:2;NC:2;ME:1;NY:1;NH:1,low,6
5493009OLY1HC3F0SB77,,,,unmatched,1220,834,5,CT:569;MA:166;NY:67;FL:18;RI:5;NH:4;SC:3;NJ:2,medium,5
549300HQL7U3JZ4LCJ17,,,,unmatched,130,106,5,CT:90;MA:9;RI:5;FL:1;MD:1,low,5
VMDPCBOQ43W3PZTYZL93,,,,unmatched,1455,1177,4,MA:1173;RI:4,high,4
549300RS5LTZ0JDZYI59,,,,unmatched,373,311,4,MA:300;NH:4;RI:4;ME:3,medium,4
549300MYAXFDGEI4NZ65,,,,unmatched,236,175,4,MA:118;NH:49;RI:4;CT:2;SC:1;FL:1,medium,4
549300B4RK7F18UZ4X46,,,,unmatched,27,25,4,MA:21;RI:4,low,4
5493006NTCY0P06JR884,,,,unmatched,1543,979,3,MA:930;NH:37;ME:9;RI:3,high,3
5493000NZZZU3GFIYL71,,,,unmatched,860,562,3,MA:552;RI:3;NH:3;ME:1;AL:1;CT:1;FL:1,high,3
549300S5NLOTO329NX77,,,,unmatched,648,571,3,NY:409;NJ:56;VT:28;MA:22;CT:19;NH:16;ME:12;PA:5;RI:3;FL:1,medium,3
549300CHBB3GN7JFXU86,,,,unmatched,655,474,3,MA:394;FL:35;VT:33;NH:4;RI:3;ME:2;CT:1;AL:1;TX:1,medium,3
549300YOEBGKPKU43Q28,,,,unmatched,321,214,3,MA:183;CT:23;RI:3;NY:2;LA:1;VT:1;ME:1,medium,3
549300RIPPSJXAQKZ383,,,,unmatched,764,557,3,IL:272;WI:202;IN:27;NJ:14;MA:7;FL:6;AZ:5;RI:3;TN:3;CT:3,medium,3
549300SH2PPMV71O6830,,,,unmatched,50,35,3,MA:32;RI:3,low,3
254900J5OSYRB4AN2309,,,,unmatched,200,76,3,CT:71;RI:3;NC:1;FL:1,low,3
254900MSO8KVQ05D2J27,,,,unmatched,1795,1233,2,MA:1127;NH:103;RI:2;CT:1,high,2
549300MUTFJQGRZJH019,,,,unmatched,823,576,2,MA:530;CT:10;FL:10;NH:6;ME:5;SC:5;VT:3;NC:2;RI:2;NJ:1,high,2
549300L4PTYXDMX1GS50,,,,unmatched,877,646,2,MA:495;NH:140;ME:6;CT:3;RI:2,medium,2
5493008H38W2EPJ8ZQ43,,,,unmatched,740,492,2,MA:488;NH:2;RI:2,medium,2
549300JEBULFT3BSU682,,,,unmatched,5270,3701,2,ME:3199;NH:277;MA:181;FL:24;VT:8;NC:5;CT:3;RI:2;SC:2,medium,2
549300GTJL0LGX444G33,,,,unmatched,262,228,2,MA:199;NH:16;FL:6;ME:4;RI:2;CT:1,medium,2
254900MFGTAZXMCELW10,,,,unmatched,105,87,2,MA:85;RI:2,medium,2
549300T5T60SK9MMCD03,,,,unmatched,65,54,2,MA:51;RI:2;NH:1,medium,2
25490010UA3IZPDO2Q49,,,,unmatched,37,35,2,MA:33;RI:2,low,2
254900639EOJ1QZC2567,,,,unmatched,66,35,2,MA:33;RI:2,low,2
2549004PVBWPAZBFE759,,,,unmatched,38,22,2,MA:20;RI:2,low,2
254900C1CRYSCHG38F20,,,,unmatched,389,297,2,CT:293;RI:2;MA:2,low,2
54930015NKWX0FSGV150,,,,unmatched,152,71,2,CT:69;RI:2,low,2
549300FQS3UXEAID1Q88,,,,unmatched,471,355,1,MA:336;CT:18;RI:1,medium,1
5493009HFRW3TN5NRR78,,,,unmatched,468,332,1,PA:323;MD:3;FL:2;OH:2;RI:1;MT:1,medium,1
2549006A34A1F1ZGTT81,,,,unmatched,209,178,1,MA:168;NH:6;CT:2;ME:1;RI:1,medium,1
54930034MXV88NNFY879,,,,unmatched,166,147,1,MA:146;RI:1,medium,1
54930048J00QUF04FP72,,,,unmatched,224,140,1,MA:139;RI:1,medium,1
5493007Y306QGNH6J842,,,,unmatched,159,121,1,MA:117;NH:3;RI:1,medium,1
254900PRB9DTJAHMMZ45,,,,unmatched,171,134,1,MA:113;NH:11;CT:4;ME:3;NC:1;FL:1;RI:1,medium,1
549300XB72WCLQVIHN50,,,,unmatched,117,93,1,MA:90;CT:2;RI:1,medium,1
549300EQ09ZL8XSYZM84,,,,unmatched,118,100,1,MA:87;CT:11;RI:1;NY:1,medium,1
549300TXFI7UH4GDK877,,,,unmatched,79,69,1,MA:67;RI:1;NH:1,medium,1
54930067K4Z4NIZ4W068,,,,unmatched,58,55,1,MA:49;NH:3;FL:2;RI:1,medium,1
549300HYHFCULSUBAE54,,,,unmatched,2388,2050,1,CT:2009;MA:32;FL:8;RI:1,medium,1
5493003KBJMVUE7RQO90,,,,unmatched,1118,691,1,VA:672;NC:5;AL:3;TX:2;MA:2;OK:1;GA:1;RI:1;WV:1;FL:1,medium,1
549300I3PFIO81O8JD40,,,,unmatched,842,700,1,VT:533;NH:165;RI:1;ME:1,medium,1
5493002578XYSRFY2C51,,,,unmatched,85,51,1,MA:49;ME:1;RI:1,low,1
254900X2A1JXHHUB4J39,,,,unmatched,50,36,1,MA:33;NH:2;RI:1,low,1
549300DRZGISDSL1BX02,,,,unmatched,148,80,1,CT:71;MA:3;NH:2;LA:2;FL:1;RI:1,low,1
549300MKO88C3VZKD418,,,,unmatched,233,169,1,CT:166;MA:2;RI:1,low,1
5493003XFPPSO0JVIB33,,,,unmatched,211,139,1,CT:136;MA:2;RI:1,low,1
549300GBPH5PK1AIGV76,,,,unmatched,20,19,1,NH:17;ME:1;RI:1,low,1
549300HW662MN1WU8550,,,,unmatched,576697,422119,0,CA:57281;FL:49897;TX:42285;MI:22015;AZ:19328;CO:18178;GA:17047;NC:13671;IL:11397;NY:11157,high,0
549300FGXN1K3HLB1R50,,,,unmatched,609400,429332,0,CA:42202;FL:31530;TX:30579;MI:22693;GA:21182;NC:18462;OH:16656;PA:16043;VA:14489;NY:13729,high,0
549300VZVN841I2ILS84,,,,unmatched,190472,125099,0,FL:11987;OH:11011;CA:9599;PA:8399;TX:7734;NJ:7558;IL:5600;NY:5429;AZ:4945;WA:4877,high,0
B4TYDEB6GKMZO031MB27,,,,unmatched,217492,88530,0,CA:17758;FL:7938;TX:6141;NJ:5136;NC:4880;NY:3897;MA:3551;GA:3440;WA:3420;IL:2889,high,0
RVDPPPGHCGZ40J4VQ731,,,,unmatched,193807,100816,0,CA:10749;FL:9704;TX:6849;GA:5272;PA:4488;VA:4338;NC:3751;AZ:3232;NJ:3144;OH:2964,high,0
7H6GLXDRUGQFU57RNE97,,,,unmatched,152415,94243,0,CA:14032;TX:9775;NY:9163;IL:8778;FL:6131;OH:4171;NJ:3325;MI:2995;AZ:2864;IN:2857,high,0
549300AG64NHILB7ZP05,,,,unmatched,155159,91730,0,CA:9983;TX:8535;FL:7460;NJ:4334;IL:4241;GA:4168;AZ:4138;NC:3969;OH:3505;SC:2670,high,0
5493003GQDUH26DNNH17,,,,unmatched,179597,80547,0,VA:9684;FL:8416;CA:6361;NC:5249;MD:5163;GA:5118;TX:4267;SC:2487;WA:2289;PA:2141,high,0
549300GKFNPRWNS0GF29,,,,unmatched,102677,70098,0,TX:10655;WA:5796;CA:4698;FL:4388;TN:3925;PA:2626;NH:2466;MA:2329;VA:2325;NJ:2257,high,0
549300DD5QQUHO6PCH70,,,,unmatched,178189,82764,0,TX:6918;FL:5506;NC:4769;VA:4500;GA:4139;OH:3302;TN:3178;IL:2965;MO:2901;PA:2643,high,0
549300U3721PJGQZYY68,,,,unmatched,129086,70579,0,IL:10217;CA:6248;NJ:4826;MA:4507;TX:3318;FL:3204;PA:3119;OH:2795;NC:2491;CO:2143,high,0
549300FNXYY540N23N64,,,,unmatched,187594,66567,0,CA:5772;FL:5643;TX:4793;NY:3123;NC:2787;WA:2702;GA:2480;OH:2258;VA:2175;PA:2124,high,0
549300LYRWPSYPK6S325,,,,unmatched,165453,69982,0,TX:5759;FL:5374;NC:4463;GA:3946;CA:3918;VA:3646;IN:2580;OH:2477;TN:2436;SC:2168,high,0
549300DD4R4SYK5RAQ92,,,,unmatched,81084,57781,0,NC:8138;WA:5559;VA:4339;FL:4122;PA:3902;SC:2978;GA:2388;TX:2367;TN:2207;CA:1690,high,0
AD6GFRVSDT01YPT1CS68,,,,unmatched,116536,61280,0,PA:11263;OH:6725;NJ:5755;IL:3711;FL:3475;MD:2948;TX:2930;MI:2885;IN:2802;CA:2688,high,0
549300AQ3T62GXDU7D76,,,,unmatched,121724,86111,0,TX:6877;WA:5691;MO:5462;CO:4338;OR:4218;CA:4118;UT:3981;NV:3882;GA:3788;AZ:3467,high,0
549300E2UX99HKDBR481,,,,unmatched,140816,57460,0,TX:5508;CA:5105;GA:4063;FL:3881;IL:3581;MO:2619;PA:2148;MN:1842;WA:1680;NC:1619,high,0
6BYL5QZYBDK8S7L73M02,,,,unmatched,151786,74632,0,CA:16135;IL:4571;MN:4538;OH:3965;MO:3622;WA:3524;WI:2785;KY:2645;OR:2465;FL:2279,high,0
549300MGPZBLQDIL7538,,,,unmatched,103697,74450,0,TX:7468;AZ:4724;IL:4215;IN:3665;GA:3631;FL:3153;NC:2993;WI:2947;CA:2867;OH:2685,high,0
JJKC32MCHWDI71265Z06,,,,unmatched,83470,41001,0,NC:7920;VA:6374;FL:6117;GA:4837;MD:3245;SC:2178;PA:2152;TN:2014;TX:1260;KY:1026,high,0
KB1H1DSPRFMYMCUFXT09,,,,unmatched,76304,41562,0,CA:9616;NY:2733;FL:2670;TX:2647;NC:2302;NJ:1716;PA:1628;WA:1514;GA:1509;MN:1496,high,0
549300LBCBNR1OT00651,,,,unmatched,79599,52217,0,CA:4657;TX:3609;FL:3546;GA:2560;IL:1982;NC:1949;OH:1768;VA:1764;PA:1746;AZ:1744,high,0
254900DTLHVWQ7NP7R34,,,,unmatched,58895,40038,0,CA:8432;FL:4627;TX:3502;AZ:2579;UT:1917;IL:1746;CO:1646;MI:1407;WA:1253;GA:1055,high,0
03D0JEWFDFUS0SEEKG89,,,,unmatched,46634,23499,0,NJ:6695;NY:4324;FL:2722;MA:1975;PA:1803;SC:1143;CT:1002;NH:997;ME:699;NC:555,high,0
549300PIL8LFAQ04XC20,,,,unmatched,108788,32174,0,CA:6742;FL:2675;AZ:1610;TX:1571;GA:1319;NJ:1279;NC:1116;WA:1086;VA:1024;CO:963,high,0
549300MZ8VZJOVC63092,,,,unmatched,45691,29401,0,CA:6409;TX:3781;FL:2662;UT:2249;GA:1421;OR:864;PA:782;WA:727;AZ:672;TN:597,high,0
EQTWLK1G7ODGC2MGLV11,,,,unmatched,68709,30269,0,FL:5826;AL:5523;TN:5322;GA:2869;MS:1886;LA:1282;TX:1252;MO:1188;IL:1168;AR:1129,high,0
254900UL88QFG0E40516,,,,unmatched,72355,33415,0,CA:5234;FL:2872;GA:1717;OH:1553;IL:1432;AZ:1416;NC:1212;NJ:1197;VA:1180;MI:1090,high,0
254900ZFWS2106HWPH46,,,,unmatched,34318,23410,0,CA:3975;FL:3741;TX:3136;NJ:1490;AZ:1127;GA:977;CO:741;WA:701;OH:688;OR:635,high,0
549300RPOGWJRH63HS39,,,,unmatched,51423,37767,0,OH:5380;MI:4118;TX:3238;FL:2495;IN:2257;NC:2127;PA:1934;IL:1655;TN:1404;KY:1069,high,0
WWB2V0FCW3A0EE3ZJN75,,,,unmatched,40592,23443,0,NY:7073;MD:3115;PA:3099;CT:2398;MA:1690;NJ:1501;VA:901;DE:767;VT:352;FL:342,high,0
549300121SF0K2LN2804,,,,unmatched,33320,24706,0,TX:6358;SC:1561;MO:1496;NY:1278;CA:1208;OH:1134;FL:931;PA:746;WA:716;AZ:610,high,0
L9VVX1KT5TFTKS0MLF66,,,,unmatched,21831,14381,0,NC:6984;SC:3577;CA:1383;VA:664;GA:442;FL:266;MA:197;TN:106;AZ:95;TX:92,high,0
E57ODZWZ7FF32TWEFA76,,,,unmatched,33959,15812,0,CA:5786;NY:3687;IL:1251;NJ:707;FL:565;TX:506;MD:400;WA:317;VA:311;DC:281,high,0
549300J7I82PNDVU8H22,,,,unmatched,29739,16337,0,CA:7327;FL:1580;TX:1270;MD:564;IL:454;AZ:439;GA:412;NV:368;MA:335;VA:312,high,0
5493001WHVQBGRSWEU75,,,,unmatched,25005,17312,0,CA:3155;FL:2433;NY:1590;TX:1135;NJ:989;GA:669;AZ:590;VA:485;NC:461;CO:424,high,0
549300XWUSRVVOHPRY47,,,,unmatched,28287,16190,0,FL:2938;TX:2750;GA:2402;CA:1342;MN:915;NY:748;MI:631;KY:499;CO:448;TN:425,high,0
549300YIQ7S7Z8PIHE53,,,,unmatched,94427,24298,0,FL:1667;CA:1635;NC:1353;GA:1343;TX:1068;PA:997;OH:991;VA:957;NJ:888;IL:882,high,0
IUGPUX5LWRZ3B6KIZ697,,,,unmatched,18359,13184,0,GA:5627;SC:1857;FL:1846;VA:724;NC:634;CA:484;MD:455;TN:394;AL:363;IL:140,high,0
2549005SIVTHG14U2905,,,,unmatched,24436,14692,0,FL:5245;CA:1446;TX:1050;NY:948;IL:550;GA:471;AZ:471;NJ:453;PA:339;SC:296,high,0
549300KIOYNU323LVJ37,,,,unmatched,34217,24774,0,CA:3554;IL:2402;TX:1947;WA:1911;FL:1750;AZ:1562;GA:1405;OR:860;TN:854;OH:854,high,0
549300OPCWU6E72WUT29,,,,unmatched,41778,24192,0,CA:1845;FL:1510;NC:1387;OH:1270;IL:1245;TX:1178;GA:1042;AZ:855;VA:839;TN:821,high,0
549300O6Z0I6KYMESL47,,,,unmatched,19692,12091,0,CA:4633;FL:1634;TX:1476;GA:546;UT:295;NJ:281;AZ:251;VA:241;PA:236;IL:224,high,0
5493001GCBD5XGNIC815,,,,unmatched,93158,21244,0,CA:3015;FL:2383;OH:1359;IL:1213;PA:1032;NC:962;VA:824;NJ:811;AZ:786;MI:772,high,0
54930001NSTOD85LT125,,,,unmatched,24645,15934,0,CA:1539;FL:1458;PA:1342;NJ:1110;IL:970;TX:965;MA:816;MO:782;MN:709;OH:676,high,0
QFROUN1UWUYU0DVIWD51,,,,unmatched,75426,39534,0,OH:12389;MI:6106;IN:4817;IL:4111;FL:3553;KY:3150;NC:2216;TN:971;SC:863;GA:691,high,0
984500U2F9A83N391A91,,,,unmatched,18971,11067,0,FL:2262;CA:1367;TX:1262;NY:950;NJ:917;GA:409;AZ:367;PA:308;CT:294;NC:293,high,0
5493005PKOSG7MYX0B34,,,,unmatched,28926,20869,0,PA:2325;VA:2141;MN:1746;NC:1281;MD:1233;NJ:1060;GA:1024;CT:862;WI:782;AZ:775,high,0
549300JYXTZDSPJEPI44,,,,unmatched,23886,14594,0,TX:1897;FL:1239;NY:1222;CA:1056;PA:866;MN:713;MI:555;NC:515;IN:489;IL:475,high,0
549300RN01LBYR8ZVX74,,,,unmatched,29643,17905,0,TX:1752;FL:1721;OH:1641;SC:1492;IL:1191;CO:1189;NC:1047;GA:846;VA:635;MD:581,high,0
5493001GDRY0EL7VG372,,,,unmatched,20194,15382,0,TX:4151;KY:1179;CO:914;FL:795;CA:751;SC:545;TN:524;MI:399;GA:387;AZ:384,high,0
54930054ET8KM4O1D485,,,,unmatched,55546,16189,0,CA:1778;FL:1042;NC:865;TX:858;NJ:752;IL:709;GA:704;PA:668;OH:585;VA:529,high,0
549300NOCASXPA34X033,,,,unmatched,69562,16372,0,FL:1488;TX:1422;CA:1244;GA:829;AZ:635;NC:610;VA:600;CO:583;WA:518;TN:495,high,0
549300370QILXLFUWD20,,,,unmatched,20147,14357,0,TX:1648;FL:1590;CA:1176;GA:1124;NC:1090;CO:635;AZ:603;MI:599;OH:481;VA:436,high,0
549300XY701IELCE5Q08,,,,unmatched,45682,14567,0,CA:1786;TX:1143;FL:1004;GA:685;NC:664;NJ:658;CO:512;OK:493;WA:480;IL:476,high,0
5493008NWHQT1R22C024,,,,unmatched,22722,13125,0,FL:1724;CA:1554;VA:897;TX:880;NY:827;AZ:698;MI:616;GA:565;SC:484;IN:429,high,0
549300MCIFZSDHUT8X63,,,,unmatched,24275,18920,0,OH:3308;MD:2255;FL:2000;VA:1310;NC:1137;TX:1055;NJ:1051;AZ:897;WA:843;CO:659,high,0
54930021WPEXNHYZUL09,,,,unmatched,18947,14467,0,TX:1597;FL:1206;GA:1125;CA:1003;PA:597;LA:585;VA:490;NC:417;OH:417;ID:411,high,0
549300R9S3MVDV4MGF56,,,,unmatched,52143,15089,0,FL:1296;CA:1022;GA:873;TX:848;IN:732;NC:680;OH:675;NY:576;MI:570;TN:533,high,0
549300GS0W0TEUQS8571,,,,unmatched,14182,10740,0,CA:1957;FL:990;NY:947;TX:573;NJ:548;MA:449;CO:427;IL:381;WA:350;GA:322,high,0
549300VORTI31GZTJL53,,,,unmatched,18123,12305,0,TX:2136;FL:1187;IN:791;TN:697;WI:497;NC:467;GA:453;MN:448;PA:446;NY:375,high,0
5493004AS1SPBQOFDR49,,,,unmatched,14858,8804,0,CA:2752;FL:1313;TX:1230;NJ:438;CO:244;AZ:210;NC:195;MI:195;VA:193;TN:172,high,0
549300K4ZLGS7SRDTL86,,,,unmatched,28384,12086,0,FL:1337;CA:1126;TX:988;GA:737;LA:646;AZ:508;NC:500;TN:491;OH:431;PA:425,high,0
549300KTR1JGH3K6LU06,,,,unmatched,17668,7240,0,NY:4085;CA:552;FL:358;NJ:336;GA:195;NC:136;CT:119;PA:113;IL:112;WA:111,high,0
549300FX7K8PTEQUU487,,,,unmatched,26508,11278,0,VA:1455;CA:1113;TX:1055;FL:972;MD:652;GA:541;NC:517;NJ:449;PA:338;AZ:290,high,0
549300RA3E0BUFO7YZ21,,,,unmatched,14901,7540,0,FL:1457;CA:1424;TX:795;NY:714;NJ:302;GA:259;NC:179;PA:177;AZ:172;TN:151,high,0
5493002B2WMHY23GFK92,,,,unmatched,15900,11444,0,FL:1201;TX:938;NC:727;AZ:557;MO:535;TN:529;SC:473;OH:451;CA:440;GA:433,high,0
549300S5YL3OH0IVCS62,,,,unmatched,12584,8696,0,CA:2527;FL:786;TX:524;AZ:401;NY:368;WA:337;CO:303;NJ:280;NC:254;GA:195,high,0
549300VCMRO4ST680C11,,,,unmatched,32888,10858,0,TX:1052;FL:935;CA:770;GA:706;NC:705;VA:580;MO:413;SC:382;OH:351;TN:349,high,0
254900RUCO27MVGTO768,,,,unmatched,20166,9270,0,NY:1687;NJ:1215;IL:1106;OH:564;PA:540;FL:432;CT:324;GA:317;TX:281;IN:258,high,0
254900HA4DQWAE0W3342,,,,unmatched,15379,9160,0,TX:1692;GA:705;FL:619;CA:540;PA:524;IL:452;IN:431;OH:396;AL:335;TN:311,high,0
C5654JQHZUHN0772B561,,,,unmatched,26635,11693,0,TX:1101;FL:825;NC:681;GA:562;VA:488;TN:407;OH:397;PA:348;MO:340;SC:332,high,0
549300Y5Y88FQLI7VE83,,,,unmatched,14122,8066,0,FL:1549;CA:1010;TX:738;NC:355;GA:352;NJ:274;OH:265;PA:231;VA:205;IL:205,high,0
549300R0SXC1JU7ZU290,,,,unmatched,13447,10308,0,TN:2461;OH:1167;MI:696;FL:575;GA:520;VA:503;AL:495;PA:402;KY:386;IN:376,high,0
X05BVSK68TQ7YTOSNR22,,,,unmatched,68974,9711,0,CA:813;FL:771;TX:649;IL:493;NY:467;GA:466;NJ:451;OH:397;PA:392;VA:317,high,0
549300T3F9S1MKFKHC53,,,,unmatched,6908,5674,0,NY:4005;PA:479;CT:407;MA:154;NC:95;FL:72;WI:49;TN:42;SC:40;MI:39,high,0
54930049L5WINET09Q97,,,,unmatched,16126,10736,0,FL:2049;TX:1245;AZ:1032;OH:780;AR:515;MO:431;NC:399;TN:377;GA:377;NM:339,high,0
549300R77W0P105C3S50,,,,unmatched,14377,7980,0,CA:1332;FL:1325;TX:930;AZ:254;GA:254;OH:210;PA:201;NC:197;TN:196;AL:188,high,0
254900E6AIE4Z8YQM970,,,,unmatched,11513,6978,0,CA:1470;FL:1222;TX:651;NY:357;NJ:278;AZ:267;GA:252;HI:244;SC:197;NC:181,high,0
549300SK2GVCQXPD4S58,,,,unmatched,16278,8918,0,CA:1697;TX:1058;FL:658;AZ:538;GA:358;IL:304;PR:289;OH:247;NC:246;VA:245,high,0
549300KSOOZZVXCMA627,,,,unmatched,10229,6232,0,FL:1936;CA:979;TX:491;GA:268;SC:250;NC:246;VA:201;NJ:153;PA:147;AZ:137,high,0
DZC62HF6UIZYJ08V1J90,,,,unmatched,9754,6400,0,PA:3211;NJ:1233;VA:797;MD:744;DE:289;DC:70;NC:24;WV:19;FL:6;SC:4,high,0
549300KJ8PAJ7E52HG32,,,,unmatched,20196,12504,0,FL:1839;SD:1570;AZ:1203;TX:1036;UT:934;CO:484;GA:407;MN:377;NE:357;CA:304,high,0
549300GTVXJ2PGXNLM73,,,,unmatched,12024,9307,0,TX:1195;FL:869;NC:762;OH:610;SC:592;KY:592;CT:447;VA:334;IL:302;AR:278,high,0
3Y4U8VZURTYWI1W2K376,,,,unmatched,35659,16529,0,IL:3906;CA:3818;WI:2970;IN:1029;AZ:962;CO:755;MN:487;MO:324;NE:297;FL:285,high,0
SS1TRMSN6BRNMOREEV51,,,,unmatched,19117,9656,0,MI:2677;TX:943;CA:934;FL:737;IN:410;NY:367;GA:351;AZ:303;OH:300;NJ:204,high,0
254900TTZ395IC926125,,,,unmatched,10564,7434,0,CA:2290;TX:605;OR:449;KS:368;FL:341;AZ:307;MA:268;CO:267;TN:243;MD:215,high,0
549300T94GSH3C4U5M59,,,,unmatched,14981,8359,0,CA:1937;IL:777;FL:679;WA:593;AZ:482;CO:385;OR:353;GA:331;NJ:280;VA:212,high,0
5493009B17HXCVXTD608,,,,unmatched,8061,5353,0,CA:1541;FL:1292;TX:353;AZ:252;NJ:208;IL:199;UT:153;GA:129;WA:129;CO:111,high,0
254900O2K17TNH5CL873,,,,unmatched,8594,6766,0,TX:900;OH:776;NJ:692;FL:624;PA:592;IL:565;MA:433;MD:311;NC:248;MI:202,high,0
549300EKFFG3BU8DNX74,,,,unmatched,10644,5793,0,CA:1752;FL:672;TX:565;AZ:358;WA:190;GA:182;NJ:179;IL:168;PA:142;CO:119,high,0
2549001SI0EMFPT39035,,,,unmatched,10748,7401,0,FL:1568;WA:861;CA:706;OH:605;NJ:358;TX:357;GA:340;AZ:316;MI:262;AL:162,high,0
549300INFJ8TYNZ1G568,,,,unmatched,6522,6065,0,CA:1748;FL:485;TX:359;CO:314;WA:265;AZ:233;IL:200;NY:192;NJ:178;NC:172,high,0
549300EMNDEK4BA8WB53,,,,unmatched,8399,6547,0,NH:806;FL:742;PA:717;NJ:658;VT:644;MA:523;GA:375;VA:364;NC:314;MD:228,high,0
PAOOWF3GUFM46FBSP561,,,,unmatched,20501,7655,0,CA:800;TX:669;FL:485;VA:355;GA:309;AL:289;AZ:265;NC:262;TN:247;CO:244,high,0
549300NWBS6MQJX15N44,,,,unmatched,7805,5717,0,CA:1262;TX:1171;GA:488;AZ:284;FL:275;WA:270;IL:229;PA:169;CO:168;MN:127,high,0
549300BX448ALT10FI43,,,,unmatched,20909,8296,0,IL:809;NY:620;NJ:552;VA:437;NC:413;OH:408;FL:397;PA:379;GA:356;CA:265,high,0
549300DMYENRV818D594,,,,unmatched,8506,6441,0,TX:1607;GA:638;TN:631;CO:511;MN:476;VA:456;MD:424;AR:355;FL:329;PA:299,high,0
549300T9P3WXNMXX0I34,,,,unmatched,11998,8425,0,WI:1245;PA:1110;OH:1044;NC:765;FL:693;IL:563;IN:394;TN:333;VA:290;TX:224,high,0
549300CLRXFVF83ZL806,,,,unmatched,5839,3929,0,NY:2070;NJ:486;FL:463;PA:182;NC:102;MD:98;CT:83;OH:63;TX:57;GA:56,high,0
254900VELJPWWT51WN03,,,,unmatched,5625,4489,0,CA:1623;WA:364;TX:314;GA:307;MA:300;NC:289;NY:229;FL:142;NJ:123;OH:104,high,0
HUX2X73FUCYHUVH1BK78,,,,unmatched,15640,8717,0,NY:2485;OH:2071;WA:869;PA:597;IN:489;OR:470;CT:299;CO:227;ME:223;ID:180,high,0
549300MSU5WVAU4ZN645,,,,unmatched,7196,4961,0,PA:3102;OH:1229;VA:228;MD:75;SC:71;GA:59;NC:50;MN:25;FL:18;TN:13,high,0
549300PBTV7FCWLSMM53,,,,unmatched,9758,6224,0,TX:1363;GA:446;CO:423;NC:404;FL:380;OK:315;CA:260;AL:227;MS:224;NM:223,high,0
549300OPB0G5OMY0SM65,,,,unmatched,5481,3822,0,CA:2430;TX:253;GA:163;FL:151;IL:149;NV:127;MD:73;VA:71;NJ:70;PA:44,high,0
549300R7HGHP2I754087,,,,unmatched,9404,7331,0,IL:1045;TX:784;FL:695;GA:640;AL:618;MI:430;SC:350;LA:296;NC:279;CO:224,high,0
5493003V40VGM7YDFM54,,,,unmatched,13160,8831,0,UT:2983;WI:802;CA:772;NJ:570;FL:427;ID:415;PA:374;TX:278;GA:253;TN:189,high,0
549300TA4MQM8WN2XG31,,,,unmatched,9454,5106,0,FL:504;PA:494;NJ:395;CA:388;TX:381;NY:356;IL:278;OH:277;MI:227;GA:185,high,0
549300Q50XCC0473FG63,,,,unmatched,10408,5048,0,CA:1243;NY:460;FL:389;NJ:308;AZ:246;WA:207;VA:171;NC:137;TN:136;IL:123,high,0
549300RFLICNI75BG067,,,,unmatched,12136,8416,0,MN:1356;NJ:1069;FL:686;CO:543;IN:517;KY:435;DE:277;WA:265;TX:244;SC:240,high,0
549300MHH03ICJYEPE85,,,,unmatched,8187,5120,0,CA:1040;FL:396;TX:315;NY:235;AZ:220;UT:193;MA:191;TN:179;CO:166;NC:147,high,0
593C3GZG957YOJPS2Z63,,,,unmatched,5359,3375,0,CA:2576;WA:175;NY:146;TN:73;NJ:35;FL:32;NV:27;CO:25;AZ:24;TX:23,high,0
2WHM8VNJH63UN14OL754,,,,unmatched,90347,51203,0,OH:24819;MI:10932;IL:4352;IN:2547;PA:1812;MN:1707;WV:1148;KY:903;CO:675;WI:664,high,0
213800XR2TCBQJSF1X93,,,,unmatched,11823,6849,0,MO:523;TX:518;KS:430;FL:383;NC:354;WA:335;CA:313;GA:257;VA:252;IL:206,high,0
5493000EUC3MM52PJV85,,,,unmatched,4889,3122,0,CA:2354;FL:223;TX:92;AZ:81;NV:64;NJ:46;WA:28;GA:25;CO:20;VA:17,high,0
549300LROQOOQU77WS20,,,,unmatched,12661,5807,0,CA:537;TX:435;NC:318;WA:301;GA:291;FL:263;NJ:234;VA:233;CO:195;IL:189,high,0
549300ZPSJZO10ZAX556,,,,unmatched,9325,4494,0,FL:621;TX:462;CA:274;NY:256;OH:253;NC:214;GA:174;PA:172;SC:160;NJ:156,high,0
549300QKL5FUBZ8LSF50,,,,unmatched,8223,5926,0,OR:1427;CA:840;PA:570;WA:435;MA:314;FL:268;NJ:191;IL:190;TX:184;OH:183,high,0
5493005PD34O8ZT7QT17,,,,unmatched,10284,7256,0,OH:1513;PA:757;IL:469;MI:431;MO:365;NJ:321;TX:319;AL:292;GA:244;NY:241,high,0
549300JPGMCMBEJEK584,,,,unmatched,8289,3877,0,MA:1769;NH:651;GA:184;NJ:153;CA:148;FL:94;TX:89;VA:64;IL:52;PA:51,high,0
5493008VVXQIDO1EZ460,,,,unmatched,8405,5759,0,CA:951;OR:805;TX:471;TN:425;GA:378;ID:300;WA:299;MO:295;IL:264;NV:241,high,0
2549002VH9C0PKB8K153,,,,unmatched,5687,3056,0,CA:933;NY:575;FL:388;NJ:317;TX:139;CT:89;PA:69;MA:49;GA:47;IL:45,high,0
549300LLKEKXL2RM1F61,,,,unmatched,4309,2839,0,NY:1919;PA:226;FL:183;NJ:142;AL:69;TX:53;CT:49;MI:29;SC:26;NC:21,high,0
Q708HHR4LD2B7XIZNO92,,,,unmatched,7944,4687,0,FL:899;GA:410;SC:336;NC:251;TX:177;WI:176;IL:163;MO:154;VA:147;MN:131,high,0
549300YW2UBCMDRMBT48,,,,unmatched,4966,3953,0,NY:644;OH:587;NC:562;PA:364;TN:272;VA:190;GA:180;FL:177;SC:160;IN:99,high,0
54930059GZZ7G4G40O53,,,,unmatched,3918,2858,0,TN:1004;NC:922;TX:376;VA:132;SC:117;FL:69;MN:42;AL:36;GA:21;MI:13,high,0
1IE8VN30JCEQV1H4R804,,,,unmatched,4645,3065,0,CA:1526;NY:538;WA:358;NJ:144;FL:134;TX:60;CT:37;MA:25;NC:24;IL:22,high,0
5493005DKMV1IHIM8E20,,,,unmatched,5671,3884,0,PA:1700;DE:1210;NJ:555;MD:64;FL:52;CA:47;NC:28;GA:26;VA:25;SC:18,high,0
2549004FXPNKCLIN8250,,,,unmatched,11752,8115,0,OH:1310;TX:1261;CA:797;LA:765;CO:652;WA:606;ID:550;OR:532;IL:348;MT:180,high,0
984500F6E6940CCB6A60,,,,unmatched,4550,2966,0,NY:532;TX:458;CA:403;NJ:403;FL:227;IL:112;GA:76;TN:75;PA:70;MO:58,high,0
549300A5HHOL2ED18C72,,,,unmatched,6706,3194,0,CA:1372;FL:389;TX:211;LA:85;WI:71;MD:62;OH:61;NC:58;MI:55;IL:55,high,0
549300HRLROF7PLJ6735,,,,unmatched,4575,2742,0,CA:898;FL:661;TX:286;GA:157;WA:61;TN:59;AZ:57;UT:47;MD:46;NV:44,high,0
549300BLL6VL7AXWYP56,,,,unmatched,9652,6052,0,TN:627;TX:609;NE:513;MI:454;WA:351;ID:234;OR:219;OH:218;MD:194;CA:189,high,0
549300NFPC3Y4W3Y7R87,,,,unmatched,7552,4267,0,VA:747;TX:623;SC:342;NC:297;CA:292;GA:272;IN:240;NM:234;FL:225;MT:168,high,0
54930048P8RWCQHQM310,,,,unmatched,5439,3131,0,CA:504;NY:503;FL:380;TX:240;NJ:231;AZ:117;MA:110;CT:108;MD:89;CO:86,high,0
549300G4ESSS6M0MEG51,,,,unmatched,9605,5971,0,IL:1723;CA:1252;WA:895;CO:383;TX:299;NC:292;MD:261;FL:109;IN:85;WY:70,high,0
549300UXY7OP0IC38293,,,,unmatched,10377,6396,0,KY:1184;MI:572;FL:524;CO:486;MA:288;GA:219;TN:219;IN:218;UT:207;CA:205,high,0
213800QUAI2VH5YM6310,,,,unmatched,5973,4493,0,MD:856;FL:627;NJ:599;VA:582;NY:269;MA:257;AL:256;DE:215;PA:149;NH:133,high,0
549300VQUTI5IU7GXT57,,,,unmatched,9801,5896,0,UT:1700;TX:1288;AZ:548;NV:328;FL:286;GA:253;WA:156;CO:149;CA:127;HI:122,high,0
5493000349C5XXDRQX28,,,,unmatched,5151,2780,0,CA:928;FL:451;TX:246;AZ:169;NY:139;CO:101;PA:80;NJ:73;VA:64;WA:62,high,0
549300GWD9H4FQ2VR805,,,,unmatched,4480,3386,0,CA:552;FL:316;NY:308;TX:200;CO:163;NJ:139;WA:130;MA:124;NC:111;AZ:98,high,0
254900DRSIZBQXDCJ875,,,,unmatched,2409,2409,0,FL:590;CA:463;TX:382;GA:205;NC:175;TN:85;PA:70;VA:61;OH:53;MD:28,high,0
2549004Z576VEJBK3N72,,,,unmatched,4063,2542,0,FL:640;CA:361;NY:343;NJ:236;TX:128;GA:98;AZ:69;PA:63;IL:63;MA:60,high,0
549300AG10BX85DF5S49,,,,unmatched,6424,4978,0,IL:1069;CA:805;OK:712;NJ:554;WA:321;WI:169;TX:155;MA:150;DE:122;IA:90,high,0
549300PQLK8E48ILXV41,,,,unmatched,7850,4388,0,CA:533;FL:421;MI:227;TX:213;LA:192;AZ:190;MO:161;GA:156;NC:154;IL:149,high,0
549300UR5AOWTJJ7KZ64,,,,unmatched,5432,3529,0,FL:505;CA:468;TX:301;UT:146;AZ:133;GA:129;MA:119;SC:118;WA:111;IL:106,high,0
549300J6N77Q8OHYNF23,,,,unmatched,7828,5501,0,TX:419;CA:416;WA:388;NC:341;IL:291;MD:267;MO:214;NH:193;GA:188;MA:176,high,0
5493005ICQ3QGEIWV618,,,,unmatched,3357,2224,0,NY:956;NJ:297;PA:296;FL:157;TX:101;OH:52;CT:50;GA:42;SC:42;MI:24,high,0
549300VMX06UV1F7NS76,,,,unmatched,5690,4240,0,MI:955;FL:429;PA:390;GA:343;TX:255;TN:237;KY:231;OK:184;NC:159;WV:155,high,0
549300ALNLUNS3Y53T24,,,,unmatched,26611,5416,0,CO:1398;GA:491;TX:304;FL:274;OH:189;NC:168;CA:163;PA:147;IN:122;MI:111,high,0
5493002GI63WHHUTUD85,,,,unmatched,4325,3598,0,PA:1018;DE:564;CO:463;MA:193;NH:188;MD:177;NJ:166;NC:153;FL:150;VA:95,high,0
254900WEP08K7U7S3A80,,,,unmatched,8177,6568,0,WI:943;TX:709;OH:658;AZ:564;MO:385;OR:304;IN:252;NV:222;IL:210;MS:209,high,0
98450087981AP406JG03,,,,unmatched,3264,2642,0,CA:1294;WA:138;HI:134;FL:97;UT:96;TX:94;NY:70;GA:70;CO:64;TN:57,high,0
5493004UNRG4PWDF2K60,,,,unmatched,3434,1920,0,NJ:1476;NY:106;PA:60;CT:53;FL:49;NC:25;CA:19;VA:16;SC:13;MD:11,high,0
549300REENMLD2RN3W58,,,,unmatched,5575,4097,0,KY:757;GA:741;MS:426;AL:214;SC:204;IN:198;TX:153;FL:142;TN:90;CA:83,high,0
254900ACUWEGW702BR80,,,,unmatched,2748,1846,0,NY:882;NJ:526;FL:179;LA:63;CT:59;TX:51;PA:42;MD:10;AZ:8;OH:6,high,0
C398JSK21YCXWM603F55,,,,unmatched,11708,7752,0,IL:2719;WI:1224;CA:371;IA:328;FL:252;MN:237;MI:223;NY:179;TX:179;NC:174,high,0
549300PL8ER6H23P0Z91,,,,unmatched,6554,4443,0,WA:476;IL:470;CA:426;MD:368;TX:302;CO:257;VA:190;FL:180;OR:180;KY:166,high,0
549300GRGZDEH4ZGQS06,,,,unmatched,9623,7079,0,NM:2064;FL:832;OK:493;TX:430;VA:402;WI:395;AZ:386;ID:349;MO:235;MD:195,high,0
5493004F7BXDIUFVPV87,,,,unmatched,2660,1665,0,CA:1531;TX:20;WA:15;CO:13;AZ:12;NC:11;OR:10;MN:6;ID:4;OH:4,high,0
549300RYWXR8TL5LIK35,,,,unmatched,4057,2151,0,PA:518;NJ:483;NV:151;CA:116;NY:109;FL:87;OH:75;NC:66;MA:66;CO:50,high,0
CKVBED0S4DMLKJJ5XH28,,,,unmatched,5127,4497,0,MO:1522;CA:364;FL:265;IL:150;TX:142;NY:138;NC:122;NJ:119;GA:115;CO:104,high,0
5493001XKL0FTNOJ0866,,,,unmatched,8198,5554,0,AZ:794;MO:589;FL:414;TX:386;IN:359;OH:291;GA:260;IL:215;LA:188;NM:163,high,0
54930078TNN7GKZ7NU89,,,,unmatched,3985,3063,0,VA:809;GA:678;MD:395;NC:215;FL:157;SC:110;TN:86;ND:80;AL:75;NY:62,high,0
549300RD5IG88VPO6P22,,,,unmatched,4492,2872,0,TX:379;IL:307;NY:250;CA:187;MN:183;NJ:151;MI:136;OH:121;WA:119;VA:111,high,0
549300G2LV8W3C1G3762,,,,unmatched,4176,2917,0,OH:1027;PA:723;NC:439;MD:183;CT:125;SC:103;FL:98;MA:75;MI:61;VA:43,high,0
5493004RLLKTQS8K7U51,,,,unmatched,3878,2099,0,TX:639;FL:282;OK:185;NC:127;IL:104;AZ:96;NY:78;CA:78;NJ:51;MA:42,high,0
549300T5QSL6MC8M4D04,,,,unmatched,3181,1954,0,NY:927;CT:403;NJ:182;FL:112;MA:68;IL:37;PA:22;CA:19;SC:19;TX:18,high,0
54930091JQKCU3Z6IP44,,,,unmatched,25603,2519,0,GA:284;FL:276;OH:189;TX:151;NC:128;NY:123;VA:120;PA:118;TN:101;NJ:100,high,0
254900WTZC5SSKIN2M11,,,,unmatched,4245,2709,0,NC:235;IL:187;TX:181;GA:169;MD:143;FL:142;CA:124;CT:119;SC:111;MA:107,high,0
549300LI3FDGO7UKFF39,,,,unmatched,2628,1602,0,NY:808;NJ:146;SC:102;FL:97;PA:93;OH:83;CT:53;MD:28;GA:24;VA:22,high,0
254900FBWEZ3YUPOBN33,,,,unmatched,3876,2305,0,FL:269;NC:262;VA:149;SC:137;GA:131;TN:130;TX:120;OH:114;PA:108;IN:101,high,0
549300Q02LGIN9AXKP98,,,,unmatched,6401,4168,0,OR:1545;WA:857;CA:824;CO:174;AZ:110;TX:97;ID:92;FL:66;GA:63;NC:48,high,0
5493008ZTV4S0W9DCX64,,,,unmatched,4502,1893,0,CA:461;TX:305;FL:229;AZ:106;GA:85;WA:78;NC:54;NV:53;OR:40;TN:39,high,0
254900VE4XTOQUE8NZ77,,,,unmatched,4109,1447,0,NY:330;NJ:271;PA:189;FL:118;TX:105;GA:82;CT:65;NC:46;OH:39;MA:25,high,0
549300RYTR2RVL4SFJ90,,,,unmatched,3013,1893,0,TX:242;FL:241;NC:142;NJ:131;GA:121;MO:113;HI:95;PA:72;CA:65;OH:62,high,0
549300JZD4L02YZI3Z50,,,,unmatched,1621,1212,0,NJ:840;NY:180;FL:80;PA:38;GA:28;NC:9;CT:7;SC:5;WA:4;TX:4,high,0
549300AT7EB9FJAF0E61,,,,unmatched,16759,10956,0,IN:2746;IL:2207;MN:1877;MI:1211;TN:999;WI:824;KY:489;ND:135;FL:59;IA:55,high,0
254900NZOY3XB2DNSZ34,,,,unmatched,2542,1799,0,CA:437;NJ:170;FL:130;MA:120;NY:99;WA:95;IL:89;CT:63;GA:61;PA:51,high,0
549300C8GOC4OYUV0Z32,,,,unmatched,4824,2639,0,MD:270;OH:262;FL:244;TX:183;PA:140;GA:128;NC:127;MO:105;IN:98;MI:96,high,0
549300ZZME37MXI1EF14,,,,unmatched,9985,7562,0,MO:3201;OH:849;TX:571;MD:440;MI:357;IL:283;AR:269;WA:192;KY:166;ME:116,high,0
549300XCVBRR56D08F03,,,,unmatched,12867,2293,0,CA:454;FL:152;NV:108;NJ:102;GA:94;AZ:91;NC:85;OH:82;WA:74;CO:70,high,0
GDN5JXQ4P5NZE28ZRC90,,,,unmatched,1807,1198,0,FL:788;GA:292;AL:39;NY:14;NC:11;SC:9;OH:9;CO:5;TN:5;CA:5,high,0
ZXMJHJK466PBZTM5F379,,,,unmatched,2077,1712,0,FL:298;TX:142;CA:122;NC:99;NY:75;CO:74;TN:69;GA:58;SC:54;NJ:49,high,0
549300MKOZ81ZWTNKB12,,,,unmatched,4545,3094,0,VA:1374;NC:419;WV:332;MD:318;SC:220;GA:197;DC:110;PA:77;FL:16;OH:14,high,0
549300YMIOLU51FSTO86,,,,unmatched,2052,1588,0,PA:346;NJ:322;DE:136;NY:108;TX:98;OH:89;MI:69;WV:66;FL:64;GA:45,high,0
337KMNHEWWWR6B7Q7W10,,,,unmatched,3253,2416,0,OK:728;CA:535;TX:385;AZ:281;CO:152;NV:72;UT:42;NY:24;NM:18;FL:16,high,0
2549004XJQQPBYQSMT39,,,,unmatched,2114,1190,0,NY:550;NJ:112;FL:108;CA:87;TX:50;CT:31;MA:29;PA:25;GA:20;IL:17,high,0
635400IW1QMK3FNFF894,,,,unmatched,3346,2560,0,MD:838;PA:652;DE:640;NJ:226;VA:47;FL:31;NC:22;SC:11;IN:11;GA:10,high,0
549300S8SHBRCI7UU819,,,,unmatched,5563,3223,0,IL:917;MN:494;CA:229;FL:150;WI:118;NC:115;OH:89;GA:88;IN:76;TN:75,high,0
54930080168VA6Z8UX21,,,,unmatched,5952,3617,0,MD:1696;VA:681;NJ:223;PA:190;NC:101;FL:91;SC:87;DC:67;DE:61;GA:60,high,0
549300HCNXMTNGIMAR91,,,,unmatched,2158,1493,0,VA:309;NY:244;NJ:232;MA:167;MD:111;NC:67;GA:44;CA:41;DC:35;FL:34,high,0
549300H12E7AUMUHP294,,,,unmatched,1980,1256,0,NJ:374;PA:297;MD:111;FL:88;IL:79;NC:59;VA:35;NY:25;DE:24;TX:21,high,0
254900BBWJ82FQDQ6823,,,,unmatched,1820,1189,0,NJ:262;TN:132;TX:94;PA:71;SC:70;FL:69;NY:68;MA:61;NC:57;IL:40,high,0
254900V6GCDMRQZ34D96,,,,unmatched,1778,987,0,CA:302;FL:217;NY:176;NJ:67;TX:30;AZ:26;PA:22;MA:18;CO:14;CT:14,high,0
254900ZX1UPIG2E7TH11,,,,unmatched,4134,3064,0,LA:1298;AL:793;SC:288;GA:193;TX:186;FL:93;OK:42;PA:38;MS:37;MA:26,high,0
549300KX4S1573HISS22,,,,unmatched,2917,1327,0,CA:417;FL:177;AZ:126;TX:73;WA:45;GA:33;PA:32;NV:29;CO:27;NJ:26,high,0
549300RM1IZYGQDSNL85,,,,unmatched,6074,1623,0,FL:206;TX:167;TN:152;CO:123;KY:69;NC:60;OH:60;NY:56;MI:52;ID:52,high,0
549300TCY9QY8BRDQJ12,,,,unmatched,1189,793,0,NY:546;NJ:85;TN:53;CT:31;GA:16;FL:15;PA:14;NC:11;TX:6;SC:4,high,0
549300LZUXCJFE5ONM48,,,,unmatched,1795,1369,0,CA:317;TX:110;FL:98;WA:72;AZ:68;UT:60;SC:53;GA:53;CO:50;OR:46,high,0
5493003X6Y6JGJKHPA25,,,,unmatched,1162,778,0,NY:609;FL:41;CT:32;NJ:25;CA:16;PA:16;NC:8;SC:5;TN:4;IL:3,high,0
9845007CY0EC0F59W414,,,,unmatched,1228,801,0,CA:391;TX:104;GA:81;FL:62;PA:36;OK:24;VA:17;NJ:14;OH:9;MD:8,high,0
5493000IIYWBLONJVJ30,,,,unmatched,2370,1430,0,CA:173;TX:112;FL:91;NC:78;WA:59;MI:55;GA:50;IL:48;MN:48;PA:46,high,0
54930021DZJ9CEN11D61,,,,unmatched,2604,1550,0,AL:309;FL:185;GA:184;TN:124;OH:99;NV:96;KY:77;MI:58;IN:48;NJ:39,high,0
549300DNWSJUNAWUM003,,,,unmatched,2522,1388,0,NC:247;VA:226;MD:209;PA:92;SC:63;NY:60;FL:57;IL:56;KY:39;DC:34,high,0
549300QVGK8WC4HQ3C28,,,,unmatched,1289,810,0,PA:185;TN:124;GA:109;NJ:99;AL:64;FL:54;NC:31;VA:30;SC:19;IL:13,high,0
KD3XUN7C6T14HNAYLU02,,,,unmatched,1637,1015,0,CA:220;NY:91;FL:83;TX:82;IL:62;MA:49;CO:33;UT:31;WA:30;NJ:25,high,0
549300BOXNV8VLRBDT24,,,,unmatched,2879,1363,0,CA:220;TX:86;NC:59;AZ:58;FL:51;GA:45;WA:44;TN:44;IL:41;OH:40,high,0
5493003BXKRGHQHRJV38,,,,unmatched,1170,684,0,FL:375;GA:200;MD:24;VA:16;NC:14;MA:11;AZ:5;TX:5;TN:4;AL:4,high,0
9845005BP6974AE5D838,,,,unmatched,1655,741,0,CA:201;FL:130;TX:78;GA:43;TN:37;PA:32;SC:25;WA:25;NC:20;VA:14,high,0
254900DSZI6CJXJL6Z14,,,,unmatched,1590,921,0,TX:168;FL:93;GA:66;NC:60;OH:60;IL:48;PA:46;NY:32;TN:29;MI:27,high,0
549300ZCR1XCLNEEI724,,,,unmatched,2116,777,0,CA:191;FL:131;TX:73;NY:59;OH:34;NJ:31;PA:23;WA:23;IL:21;AZ:18,high,0
549300KQHWNSVCE2MY88,,,,unmatched,1746,1219,0,TX:125;TN:91;NC:65;CA:58;GA:53;IN:53;FL:49;MN:47;OH:46;VA:46,high,0
549300UF3FPC7U6RFC59,,,,unmatched,10804,7285,0,MO:4768;CO:733;OK:544;KS:353;NC:269;AR:104;FL:91;IL:68;IA:46;TX:35,high,0
5493002QRULT2T40BH09,,,,unmatched,10720,6817,0,MO:3721;KS:2521;CA:186;AR:57;KY:52;TX:51;FL:30;NV:17;MI:16;IL:14,high,0
549300W4FT4H1UWPGU95,,,,unmatched,21756,15699,0,IA:10661;IL:3954;MI:329;WI:190;NE:148;IN:78;OH:48;AZ:38;MO:33;CO:33,high,0
549300F1COXL6UBFCP55,,,,unmatched,578,519,0,NY:448;FL:21;NJ:19;TX:5;DE:4;CT:4;PA:3;IN:2;OH:2;CO:1,medium,0
2549009X2AG1P20YAJ63,,,,unmatched,2014,658,0,CA:299;NY:38;FL:34;TX:23;NJ:19;AZ:19;WA:18;NV:17;VA:14;NC:13,medium,0
549300VGMMXKSX821O69,,,,unmatched,951,539,0,NY:339;FL:72;MD:28;NJ:24;IL:14;PA:12;CT:9;SC:7;NC:7;TX:6,medium,0
5493007CLWQN2S6IZK91,,,,unmatched,2313,1339,0,VA:128;TX:115;KS:88;MO:71;NC:67;FL:61;AZ:59;GA:55;CA:48;MD:46,medium,0
2549001NJY765EZWDI06,,,,unmatched,815,508,0,NY:325;CT:41;NJ:32;PA:20;MA:19;FL:19;MD:16;TX:7;VA:6;SC:5,medium,0
984500CD6F0743B8F530,,,,unmatched,1261,998,0,GA:124;OH:116;PA:74;FL:61;IN:50;TN:49;NC:48;IL:42;VA:37;MI:32,medium,0
549300GQDT484LGI9C04,,,,unmatched,6972,609,0,CA:130;FL:89;TX:80;VA:58;NJ:52;AZ:45;NC:40;WA:31;MD:11;OH:10,medium,0
549300PEWJWBNEOSS013,,,,unmatched,1864,1297,0,OH:324;FL:163;MD:138;OR:96;NJ:71;NC:62;IN:45;VA:42;KY:40;DE:39,medium,0
549300LLESTPOVRG3X73,,,,unmatched,2569,1100,0,KS:151;CA:88;WA:78;MO:67;TX:55;FL:49;NC:47;CO:45;NY:40;IL:33,medium,0
254900P7WLDQD9IUL038,,,,unmatched,3882,2074,0,NH:1321;MA:184;ME:126;FL:43;GA:41;VT:36;NC:32;CA:29;VA:25;WA:24,medium,0
549300QIUZLVR1OLDH55,,,,unmatched,5610,3566,0,MI:2770;MN:136;CA:132;FL:99;PA:39;IL:38;GA:35;NC:34;NJ:30;OH:29,medium,0
254900YA1AQXNM8QVZ06,,,,unmatched,951,767,0,CA:85;TX:59;FL:56;IL:34;NY:34;GA:32;WI:32;WA:31;NC:29;TN:27,medium,0
984500F03B9034CQB904,,,,unmatched,4756,618,0,TX:79;FL:69;NC:60;CA:45;GA:38;OH:36;PA:35;VA:34;TN:29;IN:24,medium,0
4EP6JBYBTPTQ47LZOB67,,,,unmatched,665,527,0,CA:66;FL:59;MA:51;NY:40;GA:27;NC:22;CO:21;TX:20;SC:18;VA:15,medium,0
549300SY0ZRUCS4CSY07,,,,unmatched,1017,654,0,VA:128;MD:116;NY:86;NJ:63;CA:40;PA:33;DC:30;GA:25;CT:21;FL:21,medium,0
HIDXEG9BLUJZKBGUT764,,,,unmatched,1630,1166,0,VA:397;MD:366;DC:220;FL:24;CA:20;NC:12;MA:11;PA:10;CO:10;TX:8,medium,0
984500RF83EA742B5589,,,,unmatched,987,622,0,OK:59;MO:53;TX:49;TN:49;NJ:46;KS:42;FL:38;OH:34;CA:33;PA:28,medium,0
549300S5FVOSK5DQJN30,,,,unmatched,5987,4500,0,UT:3672;CA:224;AZ:149;ID:115;WA:84;NV:54;NC:33;CO:31;TX:24;FL:20,medium,0
549300T61O0X0RJMQ375,,,,unmatched,1117,647,0,CA:55;KS:50;MO:49;TX:47;WA:43;FL:41;NJ:39;NC:32;VA:28;IL:23,medium,0
549300HVW3AI97UKTO72,,,,unmatched,5116,3362,0,MN:2594;WI:213;FL:118;MI:65;GA:64;AZ:32;WA:29;CA:25;TN:25;NC:24,medium,0
549300OSZK2W0WJYS771,,,,unmatched,2063,1248,0,VA:766;MD:112;FL:91;NC:62;SC:32;GA:21;PA:20;WV:19;DC:14;TN:14,medium,0
54930044OSTKOJMHF287,,,,unmatched,1137,814,0,DE:225;MD:182;DC:145;VA:65;PA:37;NC:31;FL:17;SC:13;NJ:9;NY:9,medium,0
549300ASFUWYQO0RW077,,,,unmatched,547,420,0,NY:51;TX:49;FL:40;NJ:31;NC:26;PA:21;SC:19;GA:17;OH:16;CT:16,medium,0
549300J4330IBZ0BBI43,,,,unmatched,2417,1169,0,AL:855;FL:206;GA:32;MS:21;SC:9;CA:8;OH:6;TN:6;NJ:4;IL:4,medium,0
254900IRE136HFEI2562,,,,unmatched,436,285,0,NY:188;NJ:22;CT:21;CA:17;FL:14;MA:4;NC:3;VT:3;PA:3;TN:2,medium,0
549300IRXW9RSZM2B951,,,,unmatched,667,477,0,TN:173;AR:141;MA:29;MS:27;NY:22;MO:13;OK:11;TX:10;DE:9;CT:8,medium,0
549300KPHGEE40YQXO21,,,,unmatched,873,472,0,CA:148;TX:52;AZ:28;MI:21;MO:21;WA:15;NM:13;OK:12;CO:12;NV:11,medium,0
549300K6K2IS7FRS7S09,,,,unmatched,980,644,0,MO:70;VA:59;FL:46;TX:42;AK:37;CA:31;NC:31;AZ:21;GA:20;MI:20,medium,0
5493008SP1FN4D81IS17,,,,unmatched,453,359,0,TX:79;CA:49;NC:30;FL:19;WA:17;AZ:13;IL:11;VA:10;NJ:10;OH:9,medium,0
VNOO6EITDJ2YUEBMSZ83,,,,unmatched,4454,2686,0,MO:808;KS:496;CO:407;AZ:328;IL:104;TX:102;NM:97;WI:83;IA:55;CA:52,medium,0
5493008E4KBJCB6UKR64,,,,unmatched,515,321,0,CA:123;NV:27;GA:24;FL:12;TX:12;MO:11;AZ:10;IN:9;NC:7;PA:7,medium,0
254900EZRN0CBEP77K34,,,,unmatched,1167,563,0,VA:170;MD:86;DC:38;CA:31;FL:18;NC:17;TX:15;IL:15;SC:14;GA:12,medium,0
984500FAD1FB7FEGTE82,,,,unmatched,702,330,0,NC:30;TX:27;GA:25;FL:25;CA:23;IL:18;OH:13;MD:13;CO:12;TN:12,medium,0
5493007Z7FTUKQGFMZ98,,,,unmatched,436,294,0,TX:44;NY:30;GA:28;IL:17;WA:13;FL:12;NJ:11;NC:11;PA:10;CO:9,medium,0
WKN6AF1FCL7BBYGTGI83,,,,unmatched,1283,714,0,IN:316;FL:34;CA:31;GA:24;NC:22;TN:20;MO:20;IL:17;MI:16;AZ:16,medium,0
549300TULDV69V2XKY60,,,,unmatched,524,343,0,VA:70;CA:55;MD:52;DC:21;FL:21;AZ:13;NC:12;PA:11;GA:11;NJ:8,medium,0
5493004R423PBPM6A173,,,,unmatched,557,394,0,OH:46;TX:37;IL:24;GA:23;TN:20;NJ:19;IN:19;VA:18;MI:17;FL:15,medium,0
FDXQ75GPEQKRPWABYN63,,,,unmatched,750,541,0,IL:243;FL:49;WI:41;CA:36;MO:24;MI:18;TX:15;GA:11;AZ:10;MA:10,medium,0
5493005JF6BKCN6OY689,,,,unmatched,227,193,0,FL:107;AZ:24;SC:19;TX:10;GA:4;OH:3;MI:3;VA:3;NJ:2;NY:2,medium,0
549300217ZPIHWEYT887,,,,unmatched,197,184,0,MA:100;CT:36;NY:8;FL:7;NC:7;NJ:5;IL:4;ME:2;MD:2;OH:2,medium,0
549300IBT3SCF2K09D58,,,,unmatched,290,261,0,CA:34;WA:18;GA:16;MN:15;TX:15;OR:13;FL:13;AZ:12;PA:10;NC:10,medium,0
549300SQKZC6HESYGO25,,,,unmatched,736,258,0,CA:27;VA:24;FL:15;IL:15;NJ:12;NC:11;AZ:10;PA:9;NY:9;OH:8,medium,0
5493002WVA17MT4UFH84,,,,unmatched,444,191,0,TX:26;CA:19;FL:16;AZ:9;MI:8;PA:8;WI:7;GA:7;UT:7;NV:6,medium,0
54930063578UDYE3JR69,,,,unmatched,1797,1219,0,OH:744;IN:154;KY:131;WV:42;NC:32;PA:29;TN:14;MI:10;FL:9;AR:8,medium,0
549300RFPLMCMJL7BS81,,,,unmatched,268,246,0,OH:48;KY:18;NC:17;GA:15;MN:14;CA:14;MI:14;IN:12;TX:10;AL:8,medium,0
7DMUJTL9FFTVIAG9H788,,,,unmatched,7326,3789,0,MO:2488;KS:751;IL:194;CO:161;OK:45;TX:23;FL:22;AZ:13;AR:13;CA:12,medium,0
549300KUIZTYQRC0R888,,,,unmatched,376,232,0,MN:97;IA:27;TX:12;SD:10;FL:9;NY:6;AZ:6;GA:5;WI:4;PA:4,medium,0
B94HV8SXGDD3J5XESU08,,,,unmatched,1615,1172,0,IL:1046;AZ:25;NY:15;FL:13;WI:12;MI:12;IN:6;WA:4;PA:4;SC:3,medium,0
254900DTLB5WWMBJAD86,,,,unmatched,1679,1312,0,WI:1245;IL:12;FL:10;MN:7;TN:5;AZ:5;OH:4;TX:4;NC:3;CO:3,medium,0
5493007TLZJ73TKCO730,,,,unmatched,120,91,0,IN:25;NY:13;OH:6;TX:5;CA:5;IL:4;NC:4;FL:4;SC:3;MI:3,low,0
PS6WLKTYGZOKK05G5O59,,,,unmatched,233,189,0,IA:117;NC:9;TX:7;OH:6;IN:4;CO:4;GA:4;SC:3;WI:3;KY:3,low,0
