year,state,county_fips,county_name,total_applications,total_originations,denial_count,denial_rate_pct,purchase_count,refinance_count,purpose_other_count,purchase_pct_of_apps,refinance_pct_of_apps,apps_conventional,apps_fha,apps_va,apps_usda_other,apps_other_loan_type,apps_conventional_pct,apps_fha_pct,apps_va_pct,orig_conventional,orig_fha,orig_va,orig_usda_other,orig_other_loan_type,orig_conventional_pct,orig_fha_pct,orig_va_pct,priority_market
2025,OH,39049,,49692,29514,8374,16.85,20520,16899,12273,41.29,34.01,40917,6258,2511,6,0,82.34,12.59,5.05,24810,3331,1370,3,0,84.06,11.29,4.64,national
2025,OH,39035,Cuyahoga,49230,28056,9623,19.55,19255,16439,13536,39.11,33.39,41260,5781,2189,0,0,83.81,11.74,4.45,24044,2878,1134,0,0,85.7,10.26,4.04,national
2025,OH,39061,,31942,19310,5222,16.35,13266,10368,8308,41.53,32.46,26521,4007,1412,2,0,83.03,12.54,4.42,16482,2074,752,2,0,85.35,10.74,3.89,national
2025,OH,39153,,21874,13451,3570,16.32,8794,7269,5811,40.2,33.23,17999,2777,1098,0,0,82.28,12.7,5.02,11317,1558,576,0,0,84.14,11.58,4.28,national
2025,OH,39113,,21731,12884,3826,17.61,9658,6751,5322,44.44,31.07,16087,3163,2454,27,0,74.03,14.56,11.29,9640,1770,1454,20,0,74.82,13.74,11.29,national
2025,OH,39017,,15899,9669,2608,16.4,6387,5407,4105,40.17,34.01,12387,2415,1077,20,0,77.91,15.19,6.77,7765,1290,600,14,0,80.31,13.34,6.21,national
2025,OH,39151,,14810,9297,2387,16.12,5758,5256,3796,38.88,35.49,11383,2340,1059,28,0,76.86,15.8,7.15,7357,1327,594,19,0,79.13,14.27,6.39,national
2025,OH,39095,,15055,8905,2800,18.6,6384,4584,4087,42.4,30.45,12155,2061,834,5,0,80.74,13.69,5.54,7447,1029,424,5,0,83.63,11.56,4.76,national
2025,OH,39093,,14446,8820,2531,17.52,5686,4977,3783,39.36,34.45,11264,2160,1014,8,0,77.97,14.95,7.02,6973,1249,593,5,0,79.06,14.16,6.72,national
2025,OH,39165,,11920,7683,1607,13.48,4830,4075,3015,40.52,34.19,9916,1110,875,19,0,83.19,9.31,7.34,6495,672,507,9,0,84.54,8.75,6.6,national
2025,OH,39041,,11908,7607,1689,14.18,4847,3963,3098,40.7,33.28,10582,813,510,3,0,88.86,6.83,4.28,6825,479,302,1,0,89.72,6.3,3.97,national
2025,OH,39085,,10389,6378,1777,17.1,3984,3444,2961,38.35,33.15,8289,1413,669,18,0,79.79,13.6,6.44,5162,836,367,13,0,80.93,13.11,5.75,national
2025,OH,39025,,10203,6239,1703,16.69,4483,3207,2513,43.94,31.43,7930,1475,750,48,0,77.72,14.46,7.35,4981,811,419,28,0,79.84,13.0,6.72,national
2025,OH,39099,,8880,5210,1734,19.53,3256,2964,2660,36.67,33.38,6949,1341,574,16,0,78.25,15.1,6.46,4199,696,301,14,0,80.6,13.36,5.78,national
2025,OH,39089,,8530,5188,1420,16.65,3404,2947,2179,39.91,34.55,6724,1115,675,16,0,78.83,13.07,7.91,4166,621,392,9,0,80.3,11.97,7.56,national
2025,OH,39103,,8125,5173,1281,15.77,2825,2838,2462,34.77,34.93,6827,813,480,5,0,84.02,10.01,5.91,4432,454,285,2,0,85.68,8.78,5.51,national
2025,OH,39045,,7784,4728,1351,17.36,3226,2563,1995,41.44,32.93,5822,1328,621,13,0,74.79,17.06,7.98,3608,737,377,6,0,76.31,15.59,7.97,national
2025,OH,39155,,7519,4424,1481,19.7,2746,2548,2225,36.52,33.89,5617,1267,580,55,0,74.7,16.85,7.71,3394,695,293,42,0,76.72,15.71,6.62,national
2025,OH,39057,,6869,4403,965,14.05,3116,2111,1642,45.36,30.73,4978,687,1195,9,0,72.47,10.0,17.4,3255,384,757,7,0,73.93,8.72,17.19,national
2025,OH,39133,,6053,3623,1099,18.16,2236,2128,1689,36.94,35.16,4956,724,355,18,0,81.88,11.96,5.86,3041,389,182,11,0,83.94,10.74,5.02,national
2025,OH,39023,,5593,3309,1096,19.6,2437,1798,1358,43.57,32.15,3990,1003,556,44,0,71.34,17.93,9.94,2393,552,333,31,0,72.32,16.68,10.06,national
2025,OH,39173,,4661,2998,716,15.36,1939,1473,1249,41.6,31.6,3920,451,274,16,0,84.1,9.68,5.88,2574,254,161,9,0,85.86,8.47,5.37,national
2025,OH,39109,,4912,2995,866,17.63,2061,1611,1240,41.96,32.8,3719,678,497,18,0,75.71,13.8,10.12,2279,400,306,10,0,76.09,13.36,10.22,national
2025,OH,39139,,4473,2688,781,17.46,1908,1437,1128,42.66,32.13,3277,707,448,41,0,73.26,15.81,10.02,2027,391,247,23,0,75.41,14.55,9.19,national
2025,OH,39159,,4003,2549,495,12.37,2075,1119,809,51.84,27.95,3390,365,237,11,0,84.69,9.12,5.92,2153,233,159,4,0,84.46,9.14,6.24,national
2025,OH,39055,,4055,2526,764,18.84,1299,1422,1334,32.03,35.07,3628,250,169,8,0,89.47,6.17,4.17,2285,140,93,8,0,90.46,5.54,3.68,national
2025,OH,39003,,4057,2367,718,17.7,1805,1151,1101,44.49,28.37,3234,556,248,19,0,79.71,13.7,6.11,1927,300,126,14,0,81.41,12.67,5.32,national
2025,OH,39169,,3553,2303,559,15.73,1355,1238,960,38.14,34.84,2800,475,250,28,0,78.81,13.37,7.04,1853,281,145,24,0,80.46,12.2,6.3,national
2025,OH,39119,,3802,2169,705,18.54,1593,1322,887,41.9,34.77,2757,727,283,35,0,72.51,19.12,7.44,1575,407,165,22,0,72.61,18.76,7.61,national
2025,OH,39007,,3690,2097,825,22.36,1363,1307,1020,36.94,35.42,2727,585,306,72,0,73.9,15.85,8.29,1564,315,167,51,0,74.58,15.02,7.96,national
2025,OH,39029,,3383,1950,724,21.4,1195,1146,1042,35.32,33.88,2485,580,270,48,0,73.46,17.14,7.98,1452,314,152,32,0,74.46,16.1,7.79,national
2025,OH,39129,,3099,1893,491,15.84,1552,966,581,50.08,31.17,2063,691,326,19,0,66.57,22.3,10.52,1245,429,206,13,0,65.77,22.66,10.88,national
2025,OH,39063,,2726,1676,402,14.75,1319,819,588,48.39,30.04,2072,418,223,13,0,76.01,15.33,8.18,1297,233,135,11,0,77.39,13.9,8.05,national
2025,OH,39083,,2535,1619,392,15.46,1094,843,598,43.16,33.25,1954,328,215,38,0,77.08,12.94,8.48,1282,190,121,26,0,79.18,11.74,7.47,national
2025,OH,39043,,2611,1581,497,19.03,1037,882,692,39.72,33.78,2048,404,153,6,0,78.44,15.47,5.86,1267,220,90,4,0,80.14,13.92,5.69,national
2025,OH,39141,,2650,1492,532,20.08,1248,856,546,47.09,32.3,1753,582,291,24,0,66.15,21.96,10.98,988,327,159,18,0,66.22,21.92,10.66,national
2025,OH,39101,,2319,1360,440,18.97,1001,748,570,43.17,32.26,1665,457,183,14,0,71.8,19.71,7.89,974,268,107,11,0,71.62,19.71,7.87,national
2025,OH,39157,,2195,1351,407,18.54,896,793,506,40.82,36.13,1462,492,192,49,0,66.61,22.41,8.75,916,296,107,32,0,67.8,21.91,7.92,national
2025,OH,39097,,2105,1276,342,16.25,997,632,476,47.36,30.02,1524,397,145,39,0,72.4,18.86,6.89,933,228,84,31,0,73.12,17.87,6.58,national
2025,OH,39143,,1878,1262,257,13.68,779,590,509,41.48,31.42,1460,263,140,15,0,77.74,14.0,7.45,1036,140,74,12,0,82.09,11.09,5.86,national
2025,OH,39091,,2098,1186,402,19.16,910,742,446,43.37,35.37,1548,366,157,27,0,73.78,17.45,7.48,867,219,81,19,0,73.1,18.47,6.83,national
2025,OH,39015,,2072,1158,402,19.4,940,677,455,45.37,32.67,1402,429,198,43,0,67.66,20.7,9.56,787,238,101,32,0,67.96,20.55,8.72,national
2025,OH,39005,,1876,1143,346,18.44,726,635,515,38.7,33.85,1457,279,128,12,0,77.67,14.87,6.82,904,155,77,7,0,79.09,13.56,6.74,national
2025,OH,39145,,2275,1121,530,23.3,1160,639,476,50.99,28.09,1676,353,179,67,0,73.67,15.52,7.87,804,174,100,43,0,71.72,15.52,8.92,national
2025,OH,39123,,1723,1095,269,15.61,691,579,453,40.1,33.6,1456,173,88,6,0,84.5,10.04,5.11,966,85,41,3,0,88.22,7.76,3.74,national
2025,OH,39013,,1879,1064,361,19.21,765,664,450,40.71,35.34,1328,317,160,74,0,70.68,16.87,8.52,788,157,67,52,0,74.06,14.76,6.3,national
2025,OH,39081,,1849,1033,400,21.63,696,633,520,37.64,34.23,1343,303,161,42,0,72.63,16.39,8.71,759,172,72,30,0,73.48,16.65,6.97,national
2025,OH,39027,,1697,1022,290,17.09,735,556,406,43.31,32.76,1162,334,152,49,0,68.47,19.68,8.96,710,203,81,28,0,69.47,19.86,7.93,national
2025,OH,39077,,1738,1006,344,19.79,716,585,437,41.2,33.66,1238,337,142,21,0,71.23,19.39,8.17,725,195,71,15,0,72.07,19.38,7.06,national
2025,OH,39011,,1541,997,253,16.42,557,489,495,36.15,31.73,1244,178,103,16,0,80.73,11.55,6.68,825,109,53,10,0,82.75,10.93,5.32,national
2025,OH,39135,,1604,983,266,16.58,632,580,392,39.4,36.16,1120,310,111,63,0,69.83,19.33,6.92,705,163,61,54,0,71.72,16.58,6.21,national
2025,OH,39037,,1496,962,229,15.31,708,481,307,47.33,32.15,1044,266,123,63,0,69.79,17.78,8.22,709,145,66,42,0,73.7,15.07,6.86,national
2025,OH,39051,,1590,946,261,16.42,658,497,435,41.38,31.26,1306,189,87,8,0,82.14,11.89,5.47,800,94,49,3,0,84.57,9.94,5.18,national
2025,OH,39117,,1620,942,313,19.32,657,522,441,40.56,32.22,1232,225,149,14,0,76.05,13.89,9.2,725,124,83,10,0,76.96,13.16,8.81,national
2025,OH,39087,,1912,933,477,24.95,985,539,388,51.52,28.19,1384,327,164,37,0,72.38,17.1,8.58,657,175,83,18,0,70.42,18.76,8.9,national
2025,OH,39071,,1673,911,399,23.85,711,567,395,42.5,33.89,1110,348,173,42,0,66.35,20.8,10.34,599,185,100,27,0,65.75,20.31,10.98,national
2025,OH,39167,,1623,906,314,19.35,689,564,370,42.45,34.75,1104,250,222,47,0,68.02,15.4,13.68,619,146,107,34,0,68.32,16.11,11.81,national
2025,OH,39149,,1546,894,294,19.02,558,564,424,36.09,36.48,1115,272,134,25,0,72.12,17.59,8.67,685,127,70,12,0,76.62,14.21,7.83,national
2025,OH,39021,,1574,873,364,23.13,652,529,393,41.42,33.61,1201,218,128,27,0,76.3,13.85,8.13,653,115,87,18,0,74.8,13.17,9.97,national
2025,OH,39171,,1470,848,252,17.14,674,414,382,45.85,28.16,1177,166,103,24,0,80.07,11.29,7.01,677,92,62,17,0,79.83,10.85,7.31,national
2025,OH,39147,,1407,836,255,18.12,625,432,350,44.42,30.7,1020,260,102,25,0,72.49,18.48,7.25,609,148,62,17,0,72.85,17.7,7.42,national
2025,OH,39033,,1380,788,288,20.87,588,457,335,42.61,33.12,1027,215,115,23,0,74.42,15.58,8.33,598,116,55,19,0,75.89,14.72,6.98,national
2025,OH,39039,,1321,778,224,16.96,601,398,322,45.5,30.13,1044,182,82,13,0,79.03,13.78,6.21,643,78,46,11,0,82.65,10.03,5.91,national
2025,OH,39127,,1315,775,255,19.39,617,409,289,46.92,31.1,964,243,85,23,0,73.31,18.48,6.46,574,143,42,16,0,74.06,18.45,5.42,national
2025,OH,39059,,1318,767,256,19.42,571,432,315,43.32,32.78,920,227,126,45,0,69.8,17.22,9.56,529,137,66,35,0,68.97,17.86,8.6,national
2025,OH,39137,,1102,752,154,13.97,415,352,335,37.66,31.94,968,89,37,8,0,87.84,8.08,3.36,675,49,25,3,0,89.76,6.52,3.32,national
2025,OH,39031,,1143,691,226,19.77,541,369,233,47.33,32.28,804,207,84,48,0,70.34,18.11,7.35,498,113,41,39,0,72.07,16.35,5.93,national
2025,OH,39047,,1209,691,261,21.59,498,388,323,41.19,32.09,839,250,88,32,0,69.4,20.68,7.28,469,144,57,21,0,67.87,20.84,8.25,national
2025,OH,39073,,1159,629,250,21.57,488,384,287,42.11,33.13,907,166,77,9,0,78.26,14.32,6.64,515,74,35,5,0,81.88,11.76,5.56,national
2025,OH,39161,,951,581,162,17.03,406,309,236,42.69,32.49,697,158,74,22,0,73.29,16.61,7.78,444,80,41,16,0,76.42,13.77,7.06,national
2025,OH,39065,,952,579,167,17.54,465,288,199,48.84,30.25,680,191,55,26,0,71.43,20.06,5.78,429,112,23,15,0,74.09,19.34,3.97,national
2025,OH,39069,,968,574,165,17.05,421,289,258,43.49,29.86,801,111,41,15,0,82.75,11.47,4.24,482,62,22,8,0,83.97,10.8,3.83,national
2025,OH,39019,,971,569,218,22.45,305,370,296,31.41,38.11,756,145,69,1,0,77.86,14.93,7.11,450,81,37,1,0,79.09,14.24,6.5,national
2025,OH,39079,,1117,562,247,22.11,572,326,219,51.21,29.19,763,243,99,12,0,68.31,21.75,8.86,397,107,49,9,0,70.64,19.04,8.72,national
2025,OH,39001,,937,529,186,19.85,439,291,207,46.85,31.06,645,175,86,31,0,68.84,18.68,9.18,352,102,51,24,0,66.54,19.28,9.64,national
2025,OH,39009,,972,521,190,19.55,500,278,194,51.44,28.6,720,146,93,13,0,74.07,15.02,9.57,391,76,45,9,0,75.05,14.59,8.64,national
2025,OH,39107,,745,455,139,18.66,267,272,206,35.84,36.51,591,90,60,4,0,79.33,12.08,8.05,378,46,28,3,0,83.08,10.11,6.15,national
2025,OH,39053,,899,447,237,26.36,529,223,147,58.84,24.81,648,155,82,14,0,72.08,17.24,9.12,309,83,47,8,0,69.13,18.57,10.51,national
2025,OH,39131,,924,429,214,23.16,469,285,170,50.76,30.84,640,186,76,22,0,69.26,20.13,8.23,285,94,36,14,0,66.43,21.91,8.39,national
2025,OH,39125,,687,418,115,16.74,317,202,168,46.14,29.4,562,80,35,10,0,81.8,11.64,5.09,352,40,18,8,0,84.21,9.57,4.31,national
2025,OH,39175,,598,336,121,20.23,240,212,146,40.13,35.45,452,92,44,10,0,75.59,15.38,7.36,251,55,25,5,0,74.7,16.37,7.44,national
2025,OH,39075,,449,285,84,18.71,161,166,122,35.86,36.97,372,55,18,4,0,82.85,12.25,4.01,242,29,11,3,0,84.91,10.18,3.86,national
2025,OH,39105,,496,233,122,24.6,253,145,98,51.01,29.23,359,80,51,6,0,72.38,16.13,10.28,163,42,23,5,0,69.96,18.03,9.87,national
2025,OH,39115,,375,229,51,13.6,165,134,76,44.0,35.73,269,60,41,5,0,71.73,16.0,10.93,170,34,21,4,0,74.24,14.85,9.17,national
2025,OH,39163,,406,210,107,26.35,188,127,91,46.31,31.28,317,65,20,4,0,78.08,16.01,4.93,161,37,9,3,0,76.67,17.62,4.29,national
2025,OH,39067,,408,204,90,22.06,145,169,94,35.54,41.42,270,97,32,9,0,66.18,23.77,7.84,138,40,19,7,0,67.65,19.61,9.31,national
2025,OH,39121,,303,194,47,15.51,143,84,76,47.19,27.72,231,41,23,8,0,76.24,13.53,7.59,158,21,10,5,0,81.44,10.82,5.15,national
2025,OH,39111,,298,171,54,18.12,142,98,58,47.65,32.89,224,45,24,5,0,75.17,15.1,8.05,142,17,9,3,0,83.04,9.94,5.26,national
